73.501,19.66,20.25,20.11,20.44,19.86,20.15,2.8484,255.00
850.52
-1690.5
840
74.001,19.66,20.28,20.15,20.45,19.87,20.16,2.8381,21.25
850.52
-1690.5
840
74.501,19.70,20.28,20.15,20.47,19.88,20.17,2.8277,21.17
850.52
-1690.5
840
75.001,19.88,20.28,20.19,20.48,19.89,20.18,2.8172,21.03
850.52
-1690.5
840
75.501,20.06,20.28,20.19,20.49,19.89,20.19,2.8064,20.75
850.52
-1690.5
840
76.001,20.29,20.32,20.19,20.51,19.90,20.20,2.7952,20.29
850.52
-1690.5
840
76.501,20.46,20.32,20.22,20.52,19.91,20.22,2.7834,19.82
850.52
-1690.5
840
77.001,20.69,20.32,20.22,20.53,19.93,20.23,2.7714,19.49
850.52
-1690.5
840
77.501,20.91,20.32,20.22,20.54,19.94,20.24,2.7590,19.11
850.52
-1690.5
840
78.001,21.09,20.35,20.26,20.56,19.95,20.25,2.7461,18.64
850.52
-1690.5
840
78.501,21.27,20.35,20.26,20.57,19.97,20.27,2.7327,18.20
850.52
-1690.5
840
79.001,21.49,20.39,20.26,20.58,19.98,20.28,2.7190,17.73
850.52
-1690.5
840
79.501,21.63,20.39,20.29,20.59,20.00,20.30,2.7048,17.30
850.52
-1690.5
840
80.001,21.76,20.42,20.29,20.61,20.01,20.31,2.6903,16.96
850.52
-1690.5
840
80.501,21.90,20.42,20.29,20.62,20.03,20.32,2.6755,16.62
850.52
-1690.5
840
81.001,22.03,20.45,20.29,20.63,20.05,20.34,2.6604,16.27
850.52
-1690.5
840
81.501,22.12,20.49,20.29,20.65,20.07,20.36,2.6449,15.84
850.52
-1690.5
840
82.001,22.25,20.49,20.29,20.66,20.08,20.37,2.6292,15.55
850.52
-1690.5
840
82.501,22.34,20.52,20.33,20.67,20.10,20.39,2.6133,15.25
850.52
-1690.5
840
83.001,22.43,20.52,20.37,20.68,20.12,20.40,2.5972,15.00
850.52
-1690.5
840
83.501,22.52,20.55,20.37,20.70,20.14,20.42,2.5809,14.74
850.52
-1690.5
840
84.001,22.61,20.59,20.37,20.71,20.16,20.44,2.5643,14.35
850.52
-1690.5
840
84.501,22.70,20.62,20.37,20.73,20.18,20.45,2.5474,13.97
850.52
-1690.5
840
85.001,22.75,20.66,20.37,20.74,20.20,20.47,2.5303,13.63
850.52
-1690.5
840
85.501,22.84,20.72,20.40,20.76,20.22,20.49,2.5127,13.16
850.52
-1690.5
840
86.001,22.88,20.72,20.40,20.77,20.24,20.51,2.4949,12.82
850.52
-1690.5
840
86.501,22.93,20.76,20.40,20.79,20.26,20.52,2.4770,12.66
850.52
-1690.5
840
87.001,23.02,20.79,20.44,20.80,20.28,20.54,2.4589,12.32
850.52
-1690.5
840
87.501,23.02,20.82,20.44,20.82,20.30,20.56,2.4406,12.03
850.52
-1690.5
840
88.001,23.10,20.86,20.48,20.83,20.32,20.58,2.4221,11.74
850.52
-1690.5
840
88.501,23.15,20.89,20.48,20.85,20.34,20.60,2.4034,11.40
850.52
-1690.5
840
89.001,23.15,20.93,20.48,20.87,20.36,20.62,2.3846,11.15
850.52
-1690.5
840
89.501,23.19,20.96,20.51,20.88,20.38,20.63,2.3657,10.91
850.52
-1690.5
840
90.001,23.24,20.99,20.51,20.90,20.41,20.65,2.3465,10.62
850.52
-1690.5
840
90.501,23.28,21.03,20.51,20.92,20.43,20.67,2.3273,10.33
850.52
-1690.5
840
91.001,23.28,21.06,20.51,20.94,20.45,20.69,2.3079,10.09
850.52
-1690.5
840
91.501,23.33,21.09,20.51,20.95,20.47,20.71,2.2884,9.85
850.52
-1690.5
840
92.001,23.37,21.13,20.55,20.97,20.49,20.73,2.2687,9.56
850.52
-1690.5
840
92.501,23.37,21.16,20.55,20.99,20.51,20.75,2.2490,9.32
850.52
-1690.5
840
93.001,23.42,21.19,20.58,21.01,20.53,20.77,2.2291,9.08
850.52
-1690.5
840
93.501,23.42,21.23,20.62,21.03,20.55,20.79,2.2092,8.84
850.52
-1690.5
840
94.001,23.46,21.26,20.62,21.05,20.57,20.81,2.1892,8.60
850.52
-1690.5
840
94.501,23.46,21.29,20.62,21.07,20.59,20.83,2.1690,8.36
850.52
-1690.5
840
95.001,23.46,21.33,20.62,21.09,20.61,20.85,2.1489,8.17
850.52
-1690.5
840
95.501,23.46,21.33,20.69,21.11,20.63,20.87,2.1288,8.11
850.52
-1690.5
840
96.001,23.46,21.40,20.69,21.13,20.65,20.89,2.1087,7.92
850.52
-1690.5
840
96.501,23.51,21.40,20.73,21.15,20.67,20.91,2.0886,7.68
850.52
-1690.5
840
97.001,23.51,21.43,20.73,21.17,20.69,20.93,2.0685,7.58
850.52
-1690.5
840
97.501,23.51,21.50,20.73,21.19,20.71,20.95,2.0482,7.26
850.52
-1690.5
840
98.001,23.51,21.50,20.76,21.21,20.73,20.97,2.0279,7.06
850.52
-1690.5
840
98.501,23.51,21.53,20.80,21.23,20.75,20.99,2.0077,7.00
850.52
-1690.5
840
99.001,23.51,21.56,20.80,21.25,20.77,21.01,1.9875,6.82
850.52
-1690.5
840
99.501,23.51,21.60,20.84,21.27,20.79,21.03,1.9673,6.63
850.52
-1690.5
840
100.001,23.51,21.63,20.84,21.29,20.81,21.05,1.9470,6.44
850.52
-1690.5
840
100.501,23.51,21.66,20.87,21.32,20.83,21.07,1.9267,6.25
850.52
-1690.5
840
101.001,23.55,21.66,20.87,21.34,20.85,21.09,1.9065,6.15
850.52
-1690.5
840
101.501,23.55,21.70,20.91,21.36,20.87,21.11,1.8864,6.04
850.52
-1690.5
840
102.001,23.51,21.73,20.95,21.38,20.89,21.13,1.8663,5.90
850.52
-1690.5
840
102.501,23.51,21.76,20.98,21.40,20.91,21.15,1.8462,5.76
850.52
-1690.5
840
103.001,23.51,21.76,20.98,21.42,20.93,21.17,1.8263,5.70
850.52
-1690.5
840
103.501,23.51,21.80,21.02,21.44,20.94,21.19,1.8065,5.65
850.52
-1690.5
840
104.001,23.55,21.80,21.02,21.46,20.96,21.21,1.7868,5.54
850.52
-1690.5
840
104.501,23.55,21.83,21.02,21.49,20.98,21.23,1.7671,5.43
850.52
-1690.5
840
105.001,23.51,21.90,21.05,21.51,21.00,21.25,1.7473,5.16
850.52
-1690.5
840
105.501,23.51,21.90,21.09,21.53,21.02,21.27,1.7276,5.02
850.52
-1690.5
840
106.001,23.51,21.93,21.09,21.55,21.03,21.29,1.7080,4.96
850.52
-1690.5
840
106.501,23.51,21.93,21.13,21.57,21.05,21.31,1.6885,4.91
850.52
-1690.5
840
107.001,23.51,21.96,21.16,21.59,21.07,21.33,1.6691,4.85
850.52
-1690.5
840
107.501,23.51,21.96,21.16,21.61,21.09,21.35,1.6499,4.79
850.52
-1690.5
840
108.001,23.51,22.03,21.20,21.64,21.10,21.37,1.6306,4.60
850.52
-1690.5
840
108.501,23.51,22.03,21.23,21.66,21.12,21.39,1.6113,4.41
850.52
-1690.5
840
109.001,23.51,22.06,21.23,21.68,21.14,21.41,1.5922,4.35
850.52
-1690.5
840
109.501,23.46,22.06,21.27,21.70,21.15,21.43,1.5732,4.34
850.52
-1690.5
840
110.001,23.51,22.10,21.31,21.72,21.17,21.45,1.5543,4.28
850.52
-1690.5
840
110.501,23.46,22.10,21.31,21.74,21.19,21.46,1.5356,4.22
850.52
-1690.5
840
111.001,23.46,22.13,21.31,21.76,21.20,21.48,1.5170,4.20
850.52
-1690.5
840
111.501,23.46,22.13,21.34,21.78,21.22,21.50,1.4985,4.14
850.52
-1690.5
840
112.001,23.46,22.16,21.38,21.81,21.23,21.52,1.4802,4.08
850.52
-1690.5
840
112.501,23.46,22.20,21.41,21.83,21.25,21.54,1.4618,3.89
850.52
-1690.5
840
113.001,23.46,22.20,21.41,21.85,21.27,21.56,1.4436,3.83
850.52
-1690.5
840
113.501,23.46,22.23,21.45,21.87,21.28,21.57,1.4254,3.77
850.52
-1690.5
840
114.001,23.42,22.26,21.45,21.89,21.30,21.59,1.4073,3.62
850.52
-1690.5
840
114.501,23.46,22.26,21.49,21.91,21.31,21.61,1.3893,3.56
850.52
-1690.5
840
115.001,23.42,22.26,21.52,21.93,21.33,21.63,1.3715,3.63
850.52
-1690.5
840
115.501,23.42,22.30,21.52,21.95,21.34,21.65,1.3539,3.61
850.52
-1690.5
840
116.001,23.42,22.30,21.56,21.97,21.36,21.66,1.3364,3.54
850.52
-1690.5
840
116.501,23.42,22.30,21.56,21.99,21.37,21.68,1.3192,3.61
850.52
-1690.5
840
117.001,23.42,22.33,21.56,22.01,21.39,21.70,1.3021,3.54
850.52
-1690.5
840
117.501,23.42,22.33,21.59,22.03,21.40,21.71,1.2850,3.48
850.52
-1690.5
840
118.001,23.42,22.36,21.63,22.05,21.41,21.73,1.2681,3.41
850.52
-1690.5
840
118.501,23.42,22.36,21.66,22.07,21.43,21.75,1.2513,3.34
850.52
-1690.5
840
119.001,23.37,22.40,21.66,22.09,21.44,21.77,1.2346,3.32
850.52
-1690.5
840
119.501,23.37,22.40,21.70,22.11,21.46,21.78,1.2181,3.30
850.52
-1690.5
840
120.001,23.42,22.40,21.70,22.13,21.47,21.80,1.2017,3.31
850.52
-1690.5
840
120.501,23.37,22.43,21.74,22.15,21.48,21.81,1.1854,3.25
850.52
-1690.5
840
121.001,23.37,22.43,21.77,22.16,21.50,21.83,1.1693,3.22
850.52
-1690.5
840
121.501,23.37,22.46,21.77,22.18,21.51,21.85,1.1533,3.15
850.52
-1690.5
840
122.001,23.37,22.46,21.77,22.20,21.52,21.86,1.1373,3.08
850.52
-1690.5
840
122.501,23.37,22.46,21.81,22.22,21.54,21.88,1.1216,3.14
850.52
-1690.5
840
123.001,23.37,22.50,21.84,22.24,21.55,21.89,1.1060,3.07
850.52
-1690.5
840
123.501,23.37,22.50,21.84,22.26,21.56,21.91,1.0904,2.99
850.52
-1690.5
840
124.001,23.37,22.53,21.88,22.27,21.58,21.93,1.0750,2.92
850.52
-1690.5
840
124.501,23.37,22.53,21.88,22.29,21.59,21.94,1.0595,2.85
850.52
-1690.5
840
125.001,23.37,22.53,21.92,22.31,21.60,21.96,1.0444,2.90
850.52
-1690.5
840
125.501,23.37,22.56,21.95,22.33,21.61,21.97,1.0293,2.83
850.52
-1690.5
840
126.001,23.37,22.56,21.95,22.34,21.63,21.99,1.0142,2.75
850.52
-1690.5
840
126.501,23.37,22.59,21.95,22.36,21.64,22.00,0.9993,2.68
850.52
-1690.5
840
127.001,23.37,22.59,21.99,22.38,21.65,22.02,0.9844,2.60
850.52
-1690.5
840
127.501,23.37,22.59,22.02,22.40,21.66,22.03,0.9697,2.65
850.52
-1690.5
840
128.001,23.37,22.59,22.02,22.41,21.68,22.04,0.9552,2.70
850.52
-1690.5
840
128.501,23.37,22.63,22.06,22.43,21.69,22.06,0.9408,2.63
850.52
-1690.5
840
129.001,23.37,22.63,22.06,22.45,21.70,22.07,0.9265,2.55
850.52
-1690.5
840
129.501,23.37,22.63,22.09,22.46,21.71,22.09,0.9124,2.60
850.52
-1690.5
840
130.001,23.37,22.66,22.13,22.48,21.72,22.10,0.8983,2.52
850.52
-1690.5
840
130.501,23.33,22.66,22.13,22.50,21.74,22.12,0.8843,2.48
850.52
-1690.5
840
131.001,23.37,22.69,22.17,22.51,21.75,22.13,0.8704,2.40
850.52
-1690.5
840
131.501,23.33,22.69,22.17,22.53,21.76,22.14,0.8566,2.32
850.52
-1690.5
840
132.001,23.37,22.73,22.20,22.54,21.77,22.16,0.8428,2.24
850.52
-1690.5
840
132.501,23.33,22.73,22.20,22.56,21.78,22.17,0.8290,2.16
850.52
-1690.5
840
133.001,23.33,22.73,22.20,22.58,21.79,22.18,0.8156,2.25
850.52
-1690.5
840
133.501,23.37,22.73,22.24,22.59,21.80,22.20,0.8022,2.25
850.52
-1690.5
840
134.001,23.33,22.76,22.27,22.61,21.81,22.21,0.7889,2.17
850.52
-1690.5
840
134.501,23.33,22.76,22.27,22.62,21.83,22.22,0.7757,2.13
850.52
-1690.5
840
135.001,23.33,22.76,22.27,22.64,21.84,22.24,0.7627,2.18
850.52
-1690.5
840
135.501,23.33,22.76,22.31,22.65,21.85,22.25,0.7499,2.22
850.52
-1690.5
840
136.001,23.37,22.79,22.31,22.67,21.86,22.26,0.7371,2.09
850.52
-1690.5
840
136.501,23.33,22.79,22.34,22.68,21.87,22.28,0.7243,2.00
850.52
-1690.5
840
137.001,23.37,22.79,22.34,22.70,21.88,22.29,0.7117,2.05
850.52
-1690.5
840
137.501,23.33,22.83,22.34,22.71,21.89,22.30,0.6991,1.96
850.52
-1690.5
840
138.001,23.33,22.83,22.38,22.73,21.90,22.31,0.6866,1.92
850.52
-1690.5
840
138.501,23.37,22.83,22.42,22.74,21.91,22.33,0.6743,1.91
850.52
-1690.5
840
139.001,23.37,22.83,22.42,22.76,21.92,22.34,0.6621,1.91
850.52
-1690.5
840
139.501,23.37,22.86,22.45,22.77,21.93,22.35,0.6499,1.82
850.52
-1690.5
840
140.001,23.33,22.86,22.45,22.78,21.94,22.36,0.6378,1.77
850.52
-1690.5
840
140.501,23.37,22.86,22.45,22.80,21.95,22.37,0.6258,1.81
850.52
-1690.5
840
141.001,23.37,22.86,22.49,22.81,21.96,22.39,0.6140,1.81
850.52
-1690.5
840
141.501,23.33,22.89,22.49,22.83,21.97,22.40,0.6023,1.76
850.52
-1690.5
840
142.001,23.33,22.89,22.49,22.84,21.98,22.41,0.5906,1.71
850.52
-1690.5
840
142.501,23.33,22.93,22.52,22.85,21.99,22.42,0.5790,1.62
850.52
-1690.5
840
143.001,23.33,22.89,22.52,22.87,22.00,22.43,0.5675,1.66
850.52
-1690.5
840
143.501,23.33,22.93,22.52,22.88,22.01,22.44,0.5562,1.70
850.52
-1690.5
840
144.001,23.33,22.93,22.56,22.89,22.02,22.46,0.5450,1.60
850.52
-1690.5
840
144.501,23.33,22.93,22.56,22.91,22.03,22.47,0.5338,1.64
850.52
-1690.5
840
145.001,23.33,22.96,22.59,22.92,22.04,22.48,0.5227,1.54
850.52
-1690.5
840
145.501,23.33,22.93,22.59,22.93,22.05,22.49,0.5118,1.58
850.52
-1690.5
840
146.001,23.28,22.96,22.59,22.94,22.05,22.50,0.5011,1.66
850.52
-1690.5
840
146.501,23.33,22.96,22.63,22.96,22.06,22.51,0.4904,1.56
850.52
-1690.5
840
147.001,23.33,22.96,22.63,22.97,22.07,22.52,0.4797,1.55
850.52
-1690.5
840
147.501,23.28,22.96,22.66,22.98,22.08,22.53,0.4693,1.62
850.52
-1690.5
840
148.001,23.28,22.99,22.66,22.99,22.09,22.54,0.4590,1.58
850.52
-1690.5
840
148.501,23.28,22.99,22.66,23.00,22.10,22.55,0.4486,1.47
850.52
-1690.5
840
149.001,23.28,22.99,22.66,23.02,22.11,22.56,0.4384,1.51
850.52
-1690.5
840
149.501,23.28,22.99,22.70,23.03,22.12,22.57,0.4284,1.54
850.52
-1690.5
840
150.001,23.28,23.02,22.70,23.04,22.12,22.58,0.4184,1.44
850.52
-1690.5
840
150.501,23.28,23.02,22.70,23.05,22.13,22.59,0.4083,1.34
850.52
-1690.5
840
151.001,23.28,23.02,22.74,23.06,22.14,22.60,0.3984,1.37
850.52
-1690.5
840
151.501,23.28,23.02,22.74,23.07,22.15,22.61,0.3886,1.40
850.52
-1690.5
840
152.001,23.28,23.02,22.74,23.09,22.16,22.62,0.3790,1.43
850.52
-1690.5
840
152.501,23.28,23.02,22.77,23.10,22.16,22.63,0.3696,1.46
850.52
-1690.5
840
153.001,23.28,23.06,22.77,23.11,22.17,22.64,0.3601,1.35
850.52
-1690.5
840
153.501,23.28,23.06,22.77,23.12,22.18,22.65,0.3506,1.25
850.52
-1690.5
840
154.001,23.28,23.06,22.77,23.13,22.19,22.66,0.3412,1.28
850.52
-1690.5
840
154.501,23.28,23.06,22.77,23.14,22.20,22.67,0.3320,1.30
850.52
-1690.5
840
155.001,23.28,23.06,22.81,23.15,22.20,22.68,0.3229,1.33
850.52
-1690.5
840
155.501,23.28,23.06,22.81,23.16,22.21,22.69,0.3140,1.35
850.52
-1690.5
840
156.001,23.28,23.06,22.84,23.17,22.22,22.69,0.3051,1.38
850.52
-1690.5
840
156.501,23.28,23.09,22.84,23.18,22.23,22.70,0.2963,1.27
850.52
-1690.5
840
157.001,23.28,23.09,22.84,23.19,22.23,22.71,0.2874,1.17
850.52
-1690.5
840
157.501,23.28,23.09,22.88,23.20,22.24,22.72,0.2787,1.19
850.52
-1690.5
840
158.001,23.28,23.09,22.88,23.21,22.25,22.73,0.2701,1.21
850.52
-1690.5
840
158.501,23.33,23.12,22.88,23.22,22.26,22.74,0.2614,1.06
850.52
-1690.5
840
159.001,23.28,23.12,22.88,23.23,22.26,22.75,0.2527,0.95
850.52
-1690.5
840
159.501,23.28,23.12,22.91,23.24,22.27,22.76,0.2441,1.02
850.52
-1690.5
840
160.001,23.28,23.12,22.91,23.25,22.28,22.76,0.2357,1.04
850.52
-1690.5
840
160.501,23.28,23.12,22.91,23.26,22.29,22.77,0.2274,1.07
850.52
-1690.5
840
161.001,23.33,23.12,22.91,23.27,22.29,22.78,0.2192,1.04
850.52
-1690.5
840
161.501,23.28,23.16,22.91,23.28,22.30,22.79,0.2110,0.93
850.52
-1690.5
840
162.001,23.33,23.16,22.95,23.29,22.31,22.80,0.2027,0.82
850.52
-1690.5
840
162.501,23.28,23.16,22.95,23.30,22.32,22.81,0.1945,0.84
850.52
-1690.5
840
163.001,23.28,23.16,22.95,23.30,22.32,22.81,0.1865,0.91
850.52
-1690.5
840
163.501,23.28,23.16,22.98,23.31,22.33,22.82,0.1787,0.93
850.52
-1690.5
840
164.001,23.28,23.16,22.98,23.32,22.34,22.83,0.1709,0.95
850.52
-1690.5
840
164.501,23.28,23.16,22.98,23.33,22.34,22.84,0.1633,0.96
850.52
-1690.5
840
165.001,23.28,23.16,22.98,23.34,22.35,22.84,0.1557,0.98
850.52
-1690.5
840
165.501,23.28,23.19,22.98,23.35,22.36,22.85,0.1482,0.87
850.52
-1690.5
840
166.001,23.28,23.19,23.02,23.36,22.36,22.86,0.1405,0.76
850.52
-1690.5
840
166.501,23.28,23.19,23.02,23.36,22.37,22.87,0.1330,0.77
850.52
-1690.5
840
167.001,23.28,23.19,23.02,23.37,22.38,22.87,0.1256,0.79
850.52
-1690.5
840
167.501,23.28,23.19,23.02,23.38,22.38,22.88,0.1183,0.81
850.52
-1690.5
840
168.001,23.24,23.19,23.02,23.39,22.39,22.89,0.1112,0.87
850.52
-1690.5
840
168.501,23.24,23.19,23.06,23.40,22.39,22.90,0.1042,0.93
850.52
-1690.5
840
169.001,23.24,23.19,23.06,23.40,22.40,22.90,0.0973,0.95
850.52
-1690.5
840
169.501,23.24,23.19,23.06,23.41,22.41,22.91,0.0906,0.96
850.52
-1690.5
840
170.001,23.24,23.22,23.06,23.42,22.41,22.92,0.0837,0.84
850.52
-1690.5
840
170.501,23.24,23.22,23.09,23.43,22.42,22.92,0.0769,0.73
850.52
-1690.5
840
171.001,23.24,23.22,23.09,23.44,22.42,22.93,0.0701,0.74
850.52
-1690.5
840
171.501,23.24,23.22,23.09,23.44,22.43,22.94,0.0634,0.76
850.52
-1690.5
840
172.001,23.24,23.22,23.09,23.45,22.44,22.94,0.0568,0.77
850.52
-1690.5
840
172.501,23.24,23.22,23.09,23.46,22.44,22.95,0.0503,0.78
850.52
-1690.5
840
173.001,23.19,23.22,23.13,23.46,22.45,22.96,0.0440,0.84
850.52
-1690.5
840
173.501,23.24,23.26,23.13,23.47,22.45,22.96,0.0376,0.73
850.52
-1690.5
840
174.001,23.19,23.26,23.13,23.48,22.46,22.97,0.0311,0.61
850.52
-1690.5
840
174.501,23.19,23.26,23.13,23.49,22.46,22.98,0.0248,0.67
850.52
-1690.5
840
175.001,23.19,23.26,23.13,23.49,22.47,22.98,0.0186,0.68
850.52
-1690.5
840
175.501,23.19,23.26,23.13,23.50,22.47,22.99,0.0124,0.70
850.52
-1690.5
840
176.001,23.19,23.26,23.13,23.51,22.48,22.99,0.0064,0.71
850.52
-1690.5
840
176.501,23.19,23.26,23.16,23.51,22.49,23.00,0.0004,0.72
850.52
-1690.5
840
177.001,23.19,23.26,23.16,23.52,22.49,23.01,-0.0054,0.73
850.52
-1690.5
840
177.501,23.19,23.26,23.16,23.53,22.50,23.01,-0.0112,0.74
850.52
-1690.5
840
178.001,23.19,23.26,23.16,23.53,22.50,23.02,-0.0169,0.75
850.52
-1690.5
840
178.501,23.19,23.26,23.16,23.54,22.51,23.02,-0.0225,0.75
850.52
-1690.5
840
179.001,23.19,23.29,23.16,23.55,22.51,23.03,-0.0282,0.64
850.52
-1690.5
840
179.501,23.19,23.26,23.20,23.55,22.52,23.03,-0.0338,0.65
850.52
-1690.5
840
180.001,23.19,23.29,23.20,23.56,22.52,23.04,-0.0394,0.65
850.52
-1690.5
840
180.501,23.19,23.26,23.20,23.56,22.53,23.04,-0.0448,0.66
850.52
-1690.5
840
181.001,23.19,23.29,23.20,23.57,22.53,23.05,-0.0502,0.67
850.52
-1690.5
840
181.501,23.19,23.29,23.20,23.58,22.54,23.06,-0.0556,0.55
850.52
-1690.5
840
182.001,23.19,23.29,23.20,23.58,22.54,23.06,-0.0610,0.56
850.52
-1690.5
840
182.501,23.19,23.29,23.20,23.59,22.55,23.07,-0.0663,0.57
850.52
-1690.5
840
183.001,23.19,23.29,23.23,23.59,22.55,23.07,-0.0715,0.57
850.52
-1690.5
840
183.501,23.19,23.29,23.23,23.60,22.56,23.08,-0.0766,0.58
850.52
-1690.5
840
184.001,23.19,23.29,23.23,23.60,22.56,23.08,-0.0817,0.59
850.52
-1690.5
840
184.501,23.19,23.29,23.23,23.61,22.56,23.09,-0.0867,0.59
850.52
-1690.5
840
185.001,23.19,23.29,23.27,23.61,22.57,23.09,-0.0916,0.60
850.52
-1690.5
840
185.501,23.19,23.29,23.27,23.62,22.57,23.10,-0.0965,0.60
850.52
-1690.5
840
186.001,23.19,23.29,23.27,23.62,22.58,23.10,-0.1013,0.61
850.52
-1690.5
840
186.501,23.19,23.29,23.27,23.63,22.58,23.11,-0.1060,0.61
850.52
-1690.5
840
187.001,23.19,23.32,23.27,23.63,22.59,23.11,-0.1108,0.48
850.52
-1690.5
840
187.501,23.19,23.32,23.27,23.64,22.59,23.12,-0.1157,0.36
850.52
-1690.5
840
188.001,23.19,23.32,23.27,23.64,22.60,23.12,-0.1205,0.37
850.52
-1690.5
840
188.501,23.19,23.32,23.27,23.65,22.60,23.13,-0.1253,0.37
850.52
-1690.5
840
189.001,23.19,23.32,23.30,23.65,22.60,23.13,-0.1299,0.38
850.52
-1690.5
840
189.501,23.19,23.32,23.30,23.66,22.61,23.13,-0.1346,0.38
850.52
-1690.5
840
190.001,23.19,23.32,23.30,23.66,22.61,23.14,-0.1391,0.38
850.52
-1690.5
840
190.501,23.19,23.32,23.30,23.67,22.62,23.14,-0.1436,0.39
850.52
-1690.5
840
191.001,23.24,23.32,23.30,23.67,22.62,23.15,-0.1481,0.34
850.52
-1690.5
840
191.501,23.19,23.32,23.30,23.68,22.63,23.15,-0.1525,0.35
850.52
-1690.5
840
192.001,23.19,23.32,23.30,23.68,22.63,23.16,-0.1568,0.40
850.52
-1690.5
840
192.501,23.19,23.32,23.34,23.69,22.63,23.16,-0.1610,0.39
850.52
-1690.5
840
193.001,23.19,23.35,23.30,23.69,22.64,23.17,-0.1654,0.27
850.52
-1690.5
840
193.501,23.19,23.35,23.34,23.70,22.64,23.17,-0.1698,0.15
850.52
-1690.5
840
194.001,23.19,23.35,23.34,23.70,22.65,23.17,-0.1742,0.14
850.52
-1690.5
840
194.501,23.19,23.35,23.34,23.71,22.65,23.18,-0.1785,0.15
850.52
-1690.5
840
195.001,23.19,23.35,23.34,23.71,22.66,23.18,-0.1827,0.15
850.52
-1690.5
840
195.501,23.19,23.35,23.34,23.71,22.66,23.19,-0.1869,0.16
850.52
-1690.5
840
196.001,23.19,23.35,23.34,23.72,22.66,23.19,-0.1910,0.15
850.52
-1690.5
840
196.501,23.24,23.35,23.34,23.72,22.67,23.20,-0.1951,0.11
850.52
-1690.5
840
197.001,23.19,23.35,23.34,23.73,22.67,23.20,-0.1992,0.11
850.52
-1690.5
840
197.501,23.19,23.35,23.34,23.73,22.67,23.20,-0.2031,0.16
850.52
-1690.5
840
198.001,23.19,23.35,23.34,23.74,22.68,23.21,-0.2070,0.16
850.52
-1690.5
840
198.501,23.19,23.35,23.37,23.74,22.68,23.21,-0.2109,0.16
850.52
-1690.5
840
199.001,23.19,23.35,23.34,23.74,22.69,23.21,-0.2147,0.16
850.52
-1690.5
840
199.501,23.19,23.35,23.37,23.75,22.69,23.22,-0.2184,0.16
850.52
-1690.5
840
200.001,23.19,23.35,23.37,23.75,22.69,23.22,-0.2221,0.16
850.52
-1690.5
840
200.501,23.19,23.35,23.37,23.75,22.70,23.23,-0.2257,0.16
850.52
-1690.5
840
201.001,23.19,23.35,23.37,23.76,22.70,23.23,-0.2293,0.16
850.52
-1690.5
840
201.501,23.19,23.39,23.37,23.76,22.70,23.23,-0.2330,0.03
850.52
-1690.5
840
202.001,23.19,23.35,23.37,23.77,22.71,23.24,-0.2366,0.02
850.52
-1690.5
840
202.501,23.24,23.35,23.37,23.77,22.71,23.24,-0.2401,0.10
850.52
-1690.5
840
203.001,23.19,23.39,23.37,23.77,22.72,23.24,-0.2437,-0.03
850.52
-1690.5
840
203.501,23.24,23.39,23.37,23.78,22.72,23.25,-0.2474,-0.16
850.52
-1690.5
840
204.001,23.24,23.35,23.37,23.78,22.72,23.25,-0.2509,-0.07
850.52
-1690.5
840
204.501,23.24,23.39,23.41,23.78,22.73,23.25,-0.2544,-0.08
850.52
-1690.5
840
205.001,23.19,23.39,23.41,23.79,22.73,23.26,-0.2580,-0.16
850.52
-1690.5
840
205.501,23.19,23.39,23.41,23.79,22.73,23.26,-0.2614,-0.12
850.52
-1690.5
840
206.001,23.19,23.39,23.41,23.79,22.74,23.26,-0.2648,-0.12
850.52
-1690.5
840
206.501,23.19,23.39,23.41,23.80,22.74,23.27,-0.2682,-0.12
850.52
-1690.5
840
207.001,23.24,23.39,23.41,23.80,22.74,23.27,-0.2716,-0.17
850.52
-1690.5
840
207.501,23.24,23.39,23.41,23.80,22.75,23.27,-0.2749,-0.22
850.52
-1690.5
840
208.001,23.19,23.39,23.41,23.81,22.75,23.28,-0.2782,-0.18
850.52
-1690.5
840
208.501,23.24,23.39,23.41,23.81,22.75,23.28,-0.2814,-0.18
850.52
-1690.5
840
209.001,23.19,23.39,23.41,23.81,22.76,23.28,-0.2846,-0.19
850.52
-1690.5
840
209.501,23.24,23.39,23.41,23.82,22.76,23.29,-0.2878,-0.19
850.52
-1690.5
840
210.001,23.19,23.39,23.41,23.82,22.76,23.29,-0.2908,-0.19
850.52
-1690.5
840
210.501,23.19,23.39,23.41,23.82,22.77,23.29,-0.2939,-0.15
850.52
-1690.5
840
211.001,23.19,23.39,23.41,23.82,22.77,23.30,-0.2968,-0.15
850.52
-1690.5
840
211.501,23.24,23.39,23.45,23.83,22.77,23.30,-0.2998,-0.21
850.52
-1690.5
840
212.001,23.19,23.39,23.45,23.83,22.78,23.30,-0.3027,-0.21
850.52
-1690.5
840
212.501,23.24,23.42,23.45,23.83,22.78,23.31,-0.3058,-0.34
850.52
-1690.5
840
213.001,23.19,23.42,23.45,23.84,22.78,23.31,-0.3089,-0.47
850.52
-1690.5
840
213.501,23.24,23.42,23.45,23.84,22.79,23.31,-0.3121,-0.48
850.52
-1690.5
840
214.001,23.24,23.42,23.45,23.84,22.79,23.32,-0.3152,-0.53
850.52
-1690.5
840
214.501,23.19,23.42,23.45,23.84,22.79,23.32,-0.3182,-0.49
850.52
-1690.5
840
215.001,23.19,23.42,23.45,23.85,22.80,23.32,-0.3212,-0.44
850.52
-1690.5
840
215.501,23.24,23.42,23.45,23.85,22.80,23.32,-0.3241,-0.49
850.52
-1690.5
840
216.001,23.24,23.42,23.45,23.85,22.80,23.33,-0.3271,-0.54
850.52
-1690.5
840
216.501,23.24,23.42,23.45,23.86,22.80,23.33,-0.3300,-0.55
850.52
-1690.5
840
217.001,23.24,23.42,23.45,23.86,22.81,23.33,-0.3329,-0.55
850.52
-1690.5
840
217.501,23.24,23.42,23.45,23.86,22.81,23.34,-0.3357,-0.56
850.52
-1690.5
840
218.001,23.24,23.42,23.48,23.86,22.81,23.34,-0.3385,-0.56
850.52
-1690.5
840
218.501,23.24,23.42,23.48,23.87,22.82,23.34,-0.3413,-0.57
850.52
-1690.5
840
219.001,23.24,23.42,23.48,23.87,22.82,23.34,-0.3441,-0.58
850.52
-1690.5
840
219.501,23.24,23.42,23.48,23.87,22.82,23.35,-0.3468,-0.58
850.52
-1690.5
840
220.001,23.24,23.42,23.48,23.87,22.83,23.35,-0.3494,-0.59
850.52
-1690.5
840
220.501,23.24,23.42,23.48,23.88,22.83,23.35,-0.3520,-0.60
850.52
-1690.5
840
221.001,23.24,23.42,23.48,23.88,22.83,23.35,-0.3546,-0.60
850.52
-1690.5
840
221.501,23.24,23.42,23.48,23.88,22.83,23.36,-0.3572,-0.61
850.52
-1690.5
840
222.001,23.24,23.45,23.48,23.88,22.84,23.36,-0.3599,-0.74
850.52
-1690.5
840
222.501,23.24,23.45,23.48,23.89,22.84,23.36,-0.3627,-0.88
850.52
-1690.5
840
223.001,23.24,23.45,23.48,23.89,22.84,23.37,-0.3654,-0.88
850.52
-1690.5
840
223.501,23.24,23.42,23.48,23.89,22.85,23.37,-0.3680,-0.76
850.52
-1690.5
840
224.001,23.24,23.45,23.48,23.89,22.85,23.37,-0.3705,-0.77
850.52
-1690.5
840
224.501,23.28,23.45,23.48,23.90,22.85,23.37,-0.3732,-0.95
850.52
-1690.5
840
225.001,23.24,23.45,23.48,23.90,22.85,23.38,-0.3759,-0.96
850.52
-1690.5
840
225.501,23.24,23.45,23.48,23.90,22.86,23.38,-0.3785,-0.92
850.52
-1690.5
840
226.001,23.24,23.45,23.52,23.90,22.86,23.38,-0.3811,-0.92
850.52
-1690.5
840
226.501,23.24,23.45,23.52,23.91,22.86,23.38,-0.3836,-0.93
850.52
-1690.5
840
227.001,23.28,23.45,23.52,23.91,22.86,23.39,-0.3861,-0.98
850.52
-1690.5
840
227.501,23.24,23.45,23.52,23.91,22.87,23.39,-0.3886,-0.99
850.52
-1690.5
840
228.001,23.24,23.45,23.52,23.91,22.87,23.39,-0.3910,-0.95
850.52
-1690.5
840
228.501,23.28,23.49,23.52,23.91,22.87,23.39,-0.3936,-1.13
850.52
-1690.5
840
229.001,23.28,23.45,23.52,23.92,22.88,23.40,-0.3962,-1.19
850.52
-1690.5
840
229.501,23.24,23.45,23.52,23.92,22.88,23.40,-0.3986,-1.02
850.52
-1690.5
840
230.001,23.24,23.45,23.52,23.92,22.88,23.40,-0.4008,-0.98
850.52
-1690.5
840
230.501,23.24,23.45,23.52,23.92,22.88,23.40,-0.4031,-0.99
850.52
-1690.5
840
231.001,23.24,23.49,23.52,23.93,22.89,23.41,-0.4055,-1.12
850.52
-1690.5
840
231.501,23.24,23.49,23.52,23.93,22.89,23.41,-0.4080,-1.26
850.52
-1690.5
840
232.001,23.28,23.45,23.52,23.93,22.89,23.41,-0.4103,-1.18
850.52
-1690.5
840
232.501,23.24,23.49,23.52,23.93,22.89,23.41,-0.4127,-1.19
850.52
-1690.5
840
233.001,23.24,23.49,23.55,23.93,22.90,23.42,-0.4151,-1.28
850.52
-1690.5
840
233.501,23.24,23.49,23.52,23.94,22.90,23.42,-0.4174,-1.29
850.52
-1690.5
840
234.001,23.24,23.49,23.52,23.94,22.90,23.42,-0.4197,-1.29
850.52
-1690.5
840
234.501,23.24,23.49,23.55,23.94,22.90,23.42,-0.4220,-1.30
850.52
-1690.5
840
235.001,23.24,23.49,23.55,23.94,22.91,23.42,-0.4243,-1.31
850.52
-1690.5
840
235.501,23.24,23.49,23.55,23.95,22.91,23.43,-0.4266,-1.32
850.52
-1690.5
840
236.001,23.24,23.49,23.55,23.95,22.91,23.43,-0.4288,-1.32
850.52
-1690.5
840
236.501,23.19,23.49,23.55,23.95,22.91,23.43,-0.4309,-1.29
850.52
-1690.5
840
237.001,23.19,23.49,23.55,23.95,22.91,23.43,-0.4329,-1.25
850.52
-1690.5
840
237.501,23.19,23.49,23.55,23.95,22.92,23.43,-0.4349,-1.25
850.52
-1690.5
840
238.001,23.19,23.49,23.55,23.96,22.92,23.44,-0.4369,-1.26
850.52
-1690.5
840
238.501,23.19,23.49,23.55,23.96,22.92,23.44,-0.4389,-1.27
850.52
-1690.5
840
239.001,23.15,23.49,23.55,23.96,22.92,23.44,-0.4408,-1.23
850.52
-1690.5
840
239.501,23.15,23.49,23.55,23.96,22.92,23.44,-0.4426,-1.20
850.52
-1690.5
840
240.001,23.19,23.49,23.55,23.96,22.93,23.44,-0.4444,-1.25
850.52
-1690.5
840
240.501,23.19,23.49,23.55,23.96,22.93,23.45,-0.4462,-1.30
850.52
-1690.5
840
241.001,23.19,23.49,23.55,23.97,22.93,23.45,-0.4481,-1.31
850.52
-1690.5
840
241.501,23.15,23.49,23.55,23.97,22.93,23.45,-0.4498,-1.28
850.52
-1690.5
840
242.001,23.15,23.49,23.55,23.97,22.93,23.45,-0.4515,-1.24
850.52
-1690.5
840
242.501,23.15,23.49,23.55,23.97,22.93,23.45,-0.4532,-1.24
850.52
-1690.5
840
243.001,23.15,23.49,23.55,23.97,22.94,23.45,-0.4548,-1.25
850.52
-1690.5
840
243.501,23.15,23.49,23.55,23.97,22.94,23.46,-0.4564,-1.26
850.52
-1690.5
840
244.001,23.15,23.49,23.55,23.98,22.94,23.46,-0.4580,-1.27
850.52
-1690.5
840
244.501,23.15,23.49,23.55,23.98,22.94,23.46,-0.4595,-1.28
850.52
-1690.5
840
245.001,23.15,23.49,23.55,23.98,22.94,23.46,-0.4611,-1.29
850.52
-1690.5
840
245.501,23.15,23.52,23.59,23.98,22.94,23.46,-0.4628,-1.43
850.52
-1690.5
840
246.001,23.10,23.49,23.59,23.98,22.95,23.46,-0.4644,-1.39
850.52
-1690.5
840
246.501,23.10,23.49,23.59,23.98,22.95,23.47,-0.4657,-1.22
850.52
-1690.5
840
247.001,23.15,23.49,23.55,23.99,22.95,23.47,-0.4671,-1.28
850.52
-1690.5
840
247.501,23.15,23.49,23.55,23.99,22.95,23.47,-0.4686,-1.33
850.52
-1690.5
840
248.001,23.10,23.49,23.55,23.99,22.95,23.47,-0.4699,-1.30
850.52
-1690.5
840
248.501,23.10,23.49,23.59,23.99,22.95,23.47,-0.4712,-1.26
850.52
-1690.5
840
249.001,23.10,23.49,23.59,23.99,22.95,23.47,-0.4725,-1.27
850.52
-1690.5
840
249.501,23.10,23.49,23.55,23.99,22.96,23.47,-0.4738,-1.28
850.52
-1690.5
840
250.001,23.10,23.49,23.59,23.99,22.96,23.48,-0.4750,-1.29
850.52
-1690.5
840
250.501,23.10,23.49,23.55,23.99,22.96,23.48,-0.4762,-1.30
850.52
-1690.5
840
251.001,23.10,23.49,23.59,24.00,22.96,23.48,-0.4774,-1.31
850.52
-1690.5
840
251.501,23.10,23.49,23.59,24.00,22.96,23.48,-0.4786,-1.32
850.52
-1690.5
840
252.001,23.10,23.49,23.59,24.00,22.96,23.48,-0.4798,-1.33
850.52
-1690.5
840
252.501,23.10,23.49,23.59,24.00,22.96,23.48,-0.4810,-1.34
850.52
-1690.5
840
253.001,23.10,23.49,23.59,24.00,22.96,23.48,-0.4821,-1.35
850.52
-1690.5
840
253.501,23.10,23.49,23.59,24.00,22.97,23.48,-0.4832,-1.36
850.52
-1690.5
840
254.001,23.10,23.49,23.59,24.00,22.97,23.48,-0.4844,-1.37
850.52
-1690.5
840
254.501,23.10,23.49,23.59,24.00,22.97,23.49,-0.4855,-1.38
850.52
-1690.5
840
255.001,23.10,23.49,23.59,24.00,22.97,23.49,-0.4865,-1.39
850.52
-1690.5
840
255.501,23.10,23.49,23.59,24.00,22.97,23.49,-0.4876,-1.40
850.52
-1690.5
840
256.001,23.10,23.49,23.59,24.01,22.97,23.49,-0.4887,-1.41
850.52
-1690.5
840
256.501,23.10,23.49,23.59,24.01,22.97,23.49,-0.4897,-1.42
850.52
-1690.5
840
257.001,23.10,23.49,23.59,24.01,22.97,23.49,-0.4908,-1.43
850.52
-1690.5
840
257.501,23.10,23.49,23.59,24.01,22.98,23.49,-0.4918,-1.44
850.52
-1690.5
840
258.001,23.10,23.49,23.59,24.01,22.98,23.49,-0.4928,-1.45
850.52
-1690.5
840
258.501,23.10,23.45,23.59,24.01,22.98,23.49,-0.4936,-1.34
850.52
-1690.5
840
259.001,23.10,23.49,23.59,24.01,22.98,23.49,-0.4945,-1.35
850.52
-1690.5
840
259.501,23.06,23.49,23.59,24.01,22.98,23.50,-0.4954,-1.44
850.52
-1690.5
840
260.001,23.06,23.49,23.59,24.01,22.98,23.50,-0.4962,-1.41
850.52
-1690.5
840
260.501,23.06,23.49,23.59,24.01,22.98,23.50,-0.4971,-1.42
850.52
-1690.5
840
261.001,23.06,23.49,23.59,24.01,22.98,23.50,-0.4979,-1.43
850.52
-1690.5
840
261.501,23.06,23.49,23.59,24.01,22.98,23.50,-0.4987,-1.44
850.52
-1690.5
840
262.001,23.06,23.49,23.59,24.01,22.98,23.50,-0.4995,-1.45
850.52
-1690.5
840
262.501,23.06,23.45,23.59,24.02,22.99,23.50,-0.5002,-1.33
850.52
-1690.5
840
263.001,23.06,23.45,23.59,24.02,22.99,23.50,-0.5007,-1.22
850.52
-1690.5
840
263.501,23.06,23.45,23.59,24.02,22.99,23.50,-0.5011,-1.23
850.52
-1690.5
840
264.001,23.06,23.45,23.62,24.02,22.99,23.50,-0.5016,-1.24
850.52
-1690.5
840
264.501,23.06,23.45,23.59,24.02,22.99,23.50,-0.5021,-1.25
850.52
-1690.5
840
265.001,23.06,23.49,23.59,24.02,22.99,23.50,-0.5027,-1.40
850.52
-1690.5
840
265.501,23.06,23.45,23.59,24.02,22.99,23.50,-0.5033,-1.41
850.52
-1690.5
840
266.001,23.06,23.49,23.59,24.02,22.99,23.50,-0.5039,-1.42
850.52
-1690.5
840
266.501,23.06,23.45,23.59,24.02,22.99,23.50,-0.5046,-1.43
850.52
-1690.5
840
267.001,23.06,23.45,23.59,24.02,22.99,23.50,-0.5050,-1.31
850.52
-1690.5
840
267.501,23.06,23.49,23.59,24.02,22.99,23.51,-0.5056,-1.46
850.52
-1690.5
840
268.001,23.06,23.45,23.59,24.02,22.99,23.51,-0.5062,-1.47
850.52
-1690.5
840
268.501,23.06,23.45,23.59,24.02,23.00,23.51,-0.5066,-1.35
850.52
-1690.5
840
269.001,23.06,23.45,23.62,24.02,23.00,23.51,-0.5070,-1.37
850.52
-1690.5
840
269.501,23.06,23.49,23.62,24.02,23.00,23.51,-0.5076,-1.51
850.52
-1690.5
840
270.001,23.06,23.49,23.59,24.02,23.00,23.51,-0.5083,-1.65
850.52
-1690.5
840
270.501,23.06,23.45,23.59,24.02,23.00,23.51,-0.5089,-1.53
850.52
-1690.5
840
271.001,23.06,23.45,23.59,24.02,23.00,23.51,-0.5093,-1.41
850.52
-1690.5
840
271.501,23.06,23.45,23.59,24.02,23.00,23.51,-0.5096,-1.43
850.52
-1690.5
840
272.001,23.06,23.49,23.59,24.02,23.00,23.51,-0.5102,-1.57
850.52
-1690.5
840
272.501,23.06,23.49,23.59,24.02,23.00,23.51,-0.5109,-1.71
850.52
-1690.5
840
273.001,23.06,23.49,23.59,24.02,23.00,23.51,-0.5116,-1.72
850.52
-1690.5
840
273.501,23.06,23.45,23.59,24.02,23.00,23.51,-0.5121,-1.60
850.52
-1690.5
840
274.001,23.06,23.45,23.59,24.02,23.00,23.51,-0.5124,-1.49
850.52
-1690.5
840
274.501,23.06,23.45,23.59,24.02,23.00,23.51,-0.5128,-1.50
850.52
-1690.5
840
275.001,23.06,23.45,23.59,24.02,23.00,23.51,-0.5131,-1.51
850.52
-1690.5
840
275.501,23.06,23.45,23.59,24.02,23.01,23.51,-0.5135,-1.53
850.52
-1690.5
840
276.001,23.06,23.49,23.59,24.02,23.01,23.51,-0.5140,-1.67
850.52
-1690.5
840
276.501,23.06,23.45,23.59,24.02,23.01,23.51,-0.5145,-1.68
850.52
-1690.5
840
277.001,23.06,23.45,23.59,24.02,23.01,23.51,-0.5148,-1.56
850.52
-1690.5
840
277.501,23.06,23.45,23.59,24.02,23.01,23.52,-0.5152,-1.58
850.52
-1690.5
840
278.001,23.06,23.45,23.59,24.02,23.01,23.52,-0.5155,-1.59
850.52
-1690.5
840
278.501,23.06,23.45,23.59,24.02,23.01,23.52,-0.5159,-1.61
850.52
-1690.5
840
279.001,23.06,23.45,23.59,24.02,23.01,23.52,-0.5162,-1.62
850.52
-1690.5
840
279.501,23.06,23.45,23.59,24.02,23.01,23.52,-0.5165,-1.63
850.52
-1690.5
840
280.001,23.06,23.45,23.62,24.02,23.01,23.52,-0.5168,-1.65
850.52
-1690.5
840
280.501,23.06,23.45,23.59,24.02,23.01,23.52,-0.5172,-1.66
850.52
-1690.5
840
281.001,23.06,23.45,23.59,24.02,23.01,23.52,-0.5175,-1.67
850.52
-1690.5
840
281.501,23.06,23.45,23.59,24.02,23.01,23.52,-0.5178,-1.69
850.52
-1690.5
840
282.001,23.06,23.45,23.62,24.02,23.01,23.52,-0.5181,-1.70
850.52
-1690.5
840
282.501,23.06,23.45,23.62,24.02,23.02,23.52,-0.5184,-1.71
850.52
-1690.5
840
283.001,23.06,23.45,23.59,24.02,23.02,23.52,-0.5187,-1.72
850.52
-1690.5
840
283.501,23.06,23.45,23.59,24.02,23.02,23.52,-0.5191,-1.74
850.52
-1690.5
840
284.001,23.06,23.45,23.59,24.02,23.02,23.52,-0.5194,-1.75
850.52
-1690.5
840
284.501,23.06,23.45,23.59,24.02,23.02,23.52,-0.5197,-1.77
850.52
-1690.5
840
285.001,23.06,23.45,23.59,24.02,23.02,23.52,-0.5200,-1.78
850.52
-1690.5
840
285.501,23.06,23.45,23.59,24.02,23.02,23.52,-0.5203,-1.79
850.52
-1690.5
840
286.001,23.06,23.45,23.59,24.02,23.02,23.52,-0.5206,-1.80
850.52
-1690.5
840
286.501,23.06,23.45,23.59,24.02,23.02,23.52,-0.5209,-1.82
850.52
-1690.5
840
287.001,23.06,23.45,23.59,24.02,23.02,23.52,-0.5212,-1.83
850.52
-1690.5
840
287.501,23.06,23.45,23.59,24.02,23.02,23.52,-0.5215,-1.84
850.52
-1690.5
840
288.001,23.02,23.45,23.59,24.02,23.02,23.52,-0.5217,-1.81
850.52
-1690.5
840
288.501,23.06,23.45,23.59,24.02,23.02,23.52,-0.5219,-1.83
850.52
-1690.5
840
289.001,23.06,23.45,23.59,24.02,23.02,23.52,-0.5222,-1.88
850.52
-1690.5
840
289.501,23.06,23.45,23.59,24.02,23.02,23.52,-0.5225,-1.90
850.52
-1690.5
840
290.001,23.06,23.45,23.59,24.02,23.02,23.52,-0.5228,-1.91
850.52
-1690.5
840
290.501,23.06,23.45,23.59,24.02,23.02,23.52,-0.5231,-1.92
850.52
-1690.5
840
291.001,23.06,23.45,23.59,24.02,23.03,23.52,-0.5233,-1.94
850.52
-1690.5
840
291.501,23.02,23.45,23.59,24.02,23.03,23.52,-0.5236,-1.90
850.52
-1690.5
840
292.001,23.02,23.45,23.59,24.02,23.03,23.52,-0.5237,-1.87
850.52
-1690.5
840
292.501,23.06,23.45,23.59,24.02,23.03,23.52,-0.5240,-1.93
850.52
-1690.5
840
293.001,23.02,23.45,23.59,24.02,23.03,23.52,-0.5242,-1.94
850.52
-1690.5
840
293.501,23.02,23.45,23.59,24.02,23.03,23.52,-0.5243,-1.91
850.52
-1690.5
840
294.001,23.02,23.45,23.59,24.02,23.03,23.52,-0.5245,-1.92
850.52
-1690.5
840
294.501,23.02,23.45,23.59,24.02,23.03,23.52,-0.5247,-1.93
850.52
-1690.5
840
295.001,23.06,23.45,23.59,24.02,23.03,23.52,-0.5249,-1.99
850.52
-1690.5
840
295.501,23.06,23.45,23.59,24.02,23.03,23.53,-0.5251,-2.05
850.52
-1690.5
840
296.001,23.02,23.45,23.59,24.02,23.03,23.53,-0.5254,-2.02
850.52
-1690.5
840
296.501,23.02,23.45,23.59,24.02,23.03,23.53,-0.5255,-1.99
850.52
-1690.5
840
297.001,23.02,23.45,23.59,24.02,23.03,23.53,-0.5257,-2.00
850.52
-1690.5
840
297.501,23.02,23.45,23.59,24.02,23.03,23.53,-0.5258,-2.01
850.52
-1690.5
840
298.001,23.02,23.45,23.59,24.02,23.03,23.53,-0.5260,-2.02
850.52
-1690.5
840
298.501,23.02,23.45,23.59,24.02,23.03,23.53,-0.5261,-2.04
850.52
-1690.5
840
299.001,23.02,23.45,23.59,24.02,23.03,23.53,-0.5263,-2.05
850.52
-1690.5
840
299.501,23.02,23.45,23.59,24.02,23.03,23.53,-0.5264,-2.06
850.52
-1690.5
840
300.001,23.02,23.45,23.59,24.02,23.03,23.53,-0.5266,-2.07
850.52
-1690.5
840
300.501,23.02,23.45,23.59,24.02,23.03,23.53,-0.5267,-2.09
850.52
-1690.5
840
301.001,22.97,23.45,23.59,24.02,23.03,23.53,-0.5268,-2.05
850.52
-1690.5
840
301.501,22.97,23.45,23.59,24.02,23.03,23.53,-0.5268,-2.02
850.52
-1690.5
840
302.001,22.97,23.45,23.59,24.02,23.03,23.53,-0.5269,-2.03
850.52
-1690.5
840
302.501,22.97,23.45,23.62,24.02,23.03,23.53,-0.5269,-2.04
850.52
-1690.5
840
303.001,22.97,23.45,23.62,24.02,23.03,23.53,-0.5269,-2.06
850.52
-1690.5
840
303.501,22.97,23.45,23.59,24.02,23.03,23.53,-0.5270,-2.07
850.52
-1690.5
840
304.001,22.97,23.45,23.59,24.02,23.03,23.53,-0.5270,-2.08
850.52
-1690.5
840
304.501,22.97,23.45,23.59,24.02,23.03,23.53,-0.5270,-2.09
850.52
-1690.5
840
305.001,22.97,23.45,23.59,24.02,23.03,23.53,-0.5271,-2.10
850.52
-1690.5
840
305.501,22.93,23.45,23.59,24.02,23.03,23.53,-0.5271,-2.07
850.52
-1690.5
840
306.001,22.97,23.45,23.62,24.02,23.03,23.53,-0.5270,-2.08
850.52
-1690.5
840
306.501,22.93,23.45,23.59,24.02,23.03,23.53,-0.5270,-2.09
850.52
-1690.5
840
307.001,22.93,23.42,23.59,24.02,23.03,23.53,-0.5268,-1.93
850.52
-1690.5
840
307.501,22.97,23.45,23.59,24.02,23.03,23.53,-0.5266,-1.99
850.52
-1690.5
840
308.001,22.93,23.45,23.59,24.02,23.03,23.53,-0.5266,-2.13
850.52
-1690.5
840
308.501,22.93,23.45,23.59,24.02,23.03,23.53,-0.5265,-2.10
850.52
-1690.5
840
309.001,22.93,23.45,23.59,24.02,23.03,23.53,-0.5265,-2.11
850.52
-1690.5
840
309.501,22.93,23.42,23.59,24.02,23.03,23.53,-0.5263,-1.99
850.52
-1690.5
840
310.001,22.93,23.42,23.59,24.02,23.03,23.53,-0.5259,-1.88
850.52
-1690.5
840
310.501,22.93,23.45,23.62,24.02,23.03,23.53,-0.5257,-2.02
850.52
-1690.5
840
311.001,22.93,23.42,23.59,24.02,23.03,23.53,-0.5255,-2.03
850.52
-1690.5
840
311.501,22.93,23.45,23.59,24.02,23.03,23.53,-0.5253,-2.05
850.52
-1690.5
840
312.001,22.93,23.42,23.59,24.02,23.03,23.53,-0.5251,-2.06
850.52
-1690.5
840
312.501,22.93,23.42,23.59,24.02,23.03,23.52,-0.5247,-1.94
850.52
-1690.5
840
313.001,22.93,23.42,23.59,24.02,23.03,23.52,-0.5244,-1.95
850.52
-1690.5
840
313.501,22.93,23.42,23.59,24.02,23.03,23.52,-0.5241,-1.97
850.52
-1690.5
840
314.001,22.93,23.45,23.59,24.02,23.03,23.52,-0.5239,-2.11
850.52
-1690.5
840
314.501,22.93,23.42,23.59,24.02,23.03,23.52,-0.5237,-2.12
850.52
-1690.5
840
315.001,22.93,23.42,23.59,24.02,23.03,23.52,-0.5234,-2.00
850.52
-1690.5
840
315.501,22.93,23.42,23.59,24.02,23.03,23.52,-0.5231,-2.02
850.52
-1690.5
840
316.001,22.93,23.42,23.59,24.02,23.03,23.52,-0.5228,-2.03
850.52
-1690.5
840
316.501,22.93,23.42,23.59,24.01,23.03,23.52,-0.5225,-2.05
850.52
-1690.5
840
317.001,22.88,23.42,23.59,24.01,23.03,23.52,-0.5221,-2.01
850.52
-1690.5
840
317.501,22.88,23.42,23.59,24.01,23.03,23.52,-0.5217,-1.98
850.52
-1690.5
840
318.001,22.88,23.42,23.59,24.01,23.03,23.52,-0.5213,-1.99
850.52
-1690.5
840
318.501,22.88,23.42,23.59,24.01,23.03,23.52,-0.5209,-2.01
850.52
-1690.5
840
319.001,22.88,23.42,23.59,24.01,23.03,23.52,-0.5205,-2.02
850.52
-1690.5
840
319.501,22.88,23.42,23.59,24.01,23.03,23.52,-0.5201,-2.03
850.52
-1690.5
840
320.001,22.88,23.42,23.59,24.01,23.03,23.52,-0.5198,-2.04
850.52
-1690.5
840
320.501,22.88,23.42,23.59,24.01,23.03,23.52,-0.5194,-2.06
850.52
-1690.5
840
321.001,22.88,23.42,23.55,24.01,23.03,23.52,-0.5190,-2.07
850.52
-1690.5
840
321.501,22.88,23.42,23.59,24.01,23.03,23.52,-0.5187,-2.08
850.52
-1690.5
840
322.001,22.88,23.42,23.55,24.01,23.03,23.52,-0.5183,-2.09
850.52
-1690.5
840
322.501,22.88,23.42,23.59,24.01,23.03,23.52,-0.5180,-2.10
850.52
-1690.5
840
323.001,22.88,23.42,23.59,24.01,23.03,23.52,-0.5176,-2.12
850.52
-1690.5
840
323.501,22.88,23.39,23.59,24.01,23.03,23.52,-0.5171,-2.00
850.52
-1690.5
840
324.001,22.88,23.42,23.59,24.01,23.03,23.52,-0.5167,-2.01
850.52
-1690.5
840
324.501,22.88,23.39,23.59,24.01,23.03,23.52,-0.5162,-2.03
850.52
-1690.5
840
325.001,22.84,23.42,23.59,24.01,23.02,23.52,-0.5157,-2.00
850.52
-1690.5
840
325.501,22.84,23.39,23.55,24.01,23.02,23.52,-0.5151,-1.96
850.52
-1690.5
840
326.001,22.84,23.39,23.55,24.00,23.02,23.51,-0.5144,-1.85
850.52
-1690.5
840
326.501,22.84,23.39,23.59,24.00,23.02,23.51,-0.5137,-1.86
850.52
-1690.5
840
327.001,22.84,23.39,23.55,24.00,23.02,23.51,-0.5130,-1.87
850.52
-1690.5
840
327.501,22.84,23.39,23.59,24.00,23.02,23.51,-0.5123,-1.89
850.52
-1690.5
840
328.001,22.84,23.39,23.59,24.00,23.02,23.51,-0.5116,-1.90
850.52
-1690.5
840
328.501,22.84,23.39,23.59,24.00,23.02,23.51,-0.5110,-1.92
850.52
-1690.5
840
329.001,22.84,23.39,23.55,24.00,23.02,23.51,-0.5103,-1.93
850.52
-1690.5
840
329.501,22.88,23.39,23.55,24.00,23.02,23.51,-0.5098,-1.99
850.52
-1690.5
840
330.001,22.88,23.39,23.59,24.00,23.02,23.51,-0.5092,-2.05
850.52
-1690.5
840
330.501,22.88,23.39,23.55,24.00,23.02,23.51,-0.5087,-2.06
850.52
-1690.5
840
331.001,22.88,23.39,23.59,24.00,23.02,23.51,-0.5082,-2.07
850.52
-1690.5
840
331.501,22.88,23.39,23.59,24.00,23.02,23.51,-0.5077,-2.09
850.52
-1690.5
840
332.001,22.88,23.39,23.55,24.00,23.02,23.51,-0.5072,-2.10
850.52
-1690.5
840
332.501,22.88,23.39,23.55,23.99,23.02,23.51,-0.5068,-2.11
850.52
-1690.5
840
333.001,22.88,23.39,23.55,23.99,23.02,23.51,-0.5063,-2.13
850.52
-1690.5
840
333.501,22.88,23.39,23.59,23.99,23.02,23.51,-0.5058,-2.14
850.52
-1690.5
840
334.001,22.88,23.39,23.55,23.99,23.02,23.51,-0.5054,-2.15
850.52
-1690.5
840
334.501,22.88,23.39,23.55,23.99,23.02,23.50,-0.5049,-2.17
850.52
-1690.5
840
335.001,22.88,23.39,23.55,23.99,23.02,23.50,-0.5045,-2.18
850.52
-1690.5
840
335.501,22.88,23.39,23.55,23.99,23.02,23.50,-0.5041,-2.19
850.52
-1690.5
840
336.001,22.84,23.39,23.55,23.99,23.02,23.50,-0.5036,-2.16
850.52
-1690.5
840
336.501,22.84,23.39,23.55,23.99,23.02,23.50,-0.5031,-2.13
850.52
-1690.5
840
337.001,22.84,23.39,23.55,23.99,23.02,23.50,-0.5025,-2.14
850.52
-1690.5
840
337.501,22.84,23.39,23.55,23.99,23.02,23.50,-0.5020,-2.15
850.52
-1690.5
840
338.001,22.84,23.35,23.55,23.99,23.02,23.50,-0.5014,-2.03
850.52
-1690.5
840
338.501,22.84,23.35,23.55,23.99,23.01,23.50,-0.5006,-1.92
850.52
-1690.5
840
339.001,22.84,23.35,23.55,23.99,23.01,23.50,-0.4998,-1.93
850.52
-1690.5
840
339.501,22.84,23.39,23.55,23.98,23.01,23.50,-0.4992,-2.08
850.52
-1690.5
840
340.001,22.79,23.39,23.55,23.98,23.01,23.50,-0.4987,-2.17
850.52
-1690.5
840
340.501,22.84,23.35,23.55,23.98,23.01,23.50,-0.4980,-2.05
850.52
-1690.5
840
341.001,22.84,23.39,23.55,23.98,23.01,23.50,-0.4974,-2.11
850.52
-1690.5
840
341.501,22.84,23.39,23.55,23.98,23.01,23.50,-0.4970,-2.26
850.52
-1690.5
840
342.001,22.79,23.35,23.55,23.98,23.01,23.50,-0.4963,-2.09
850.52
-1690.5
840
342.501,22.84,23.35,23.55,23.98,23.01,23.50,-0.4956,-1.98
850.52
-1690.5
840
343.001,22.84,23.35,23.55,23.98,23.01,23.49,-0.4949,-2.04
850.52
-1690.5
840
343.501,22.84,23.35,23.55,23.98,23.01,23.49,-0.4942,-2.05
850.52
-1690.5
840
344.001,22.84,23.35,23.55,23.98,23.01,23.49,-0.4935,-2.06
850.52
-1690.5
840
344.501,22.84,23.35,23.55,23.98,23.01,23.49,-0.4928,-2.08
850.52
-1690.5
840
345.001,22.79,23.35,23.55,23.98,23.01,23.49,-0.4921,-2.04
850.52
-1690.5
840
345.501,22.79,23.39,23.55,23.97,23.01,23.49,-0.4915,-2.14
850.52
-1690.5
840
346.001,22.79,23.35,23.55,23.97,23.01,23.49,-0.4909,-2.15
850.52
-1690.5
840
346.501,22.79,23.35,23.55,23.97,23.01,23.49,-0.4901,-2.03
850.52
-1690.5
840
347.001,22.84,23.35,23.55,23.97,23.01,23.49,-0.4895,-2.09
850.52
-1690.5
840
347.501,22.79,23.35,23.52,23.97,23.01,23.49,-0.4888,-2.11
850.52
-1690.5
840
348.001,22.79,23.35,23.55,23.97,23.01,23.49,-0.4881,-2.07
850.52
-1690.5
840
348.501,22.79,23.35,23.52,23.97,23.00,23.49,-0.4874,-2.09
850.52
-1690.5
840
349.001,22.79,23.35,23.52,23.97,23.00,23.49,-0.4867,-2.10
850.52
-1690.5
840
349.501,22.79,23.35,23.55,23.97,23.00,23.49,-0.4860,-2.11
850.52
-1690.5
840
350.001,22.79,23.35,23.52,23.97,23.00,23.49,-0.4853,-2.12
850.52
-1690.5
840
350.501,22.79,23.35,23.52,23.97,23.00,23.48,-0.4847,-2.13
850.52
-1690.5
840
351.001,22.79,23.35,23.52,23.97,23.00,23.48,-0.4840,-2.15
850.52
-1690.5
840
351.501,22.79,23.35,23.52,23.97,23.00,23.48,-0.4834,-2.16
850.52
-1690.5
840
352.001,22.79,23.32,23.52,23.96,23.00,23.48,-0.4826,-2.05
850.52
-1690.5
840
352.501,22.79,23.35,23.52,23.96,23.00,23.48,-0.4818,-2.06
850.52
-1690.5
840
353.001,22.79,23.35,23.52,23.96,23.00,23.48,-0.4812,-2.20
850.52
-1690.5
840
353.501,22.79,23.35,23.52,23.96,23.00,23.48,-0.4806,-2.21
850.52
-1690.5
840
354.001,22.75,23.35,23.52,23.96,23.00,23.48,-0.4800,-2.17
850.52
-1690.5
840
354.501,22.75,23.35,23.52,23.96,23.00,23.48,-0.4793,-2.14
850.52
-1690.5
840
355.001,22.79,23.32,23.52,23.96,23.00,23.48,-0.4785,-2.07
850.52
-1690.5
840
355.501,22.75,23.32,23.52,23.96,23.00,23.48,-0.4776,-1.95
850.52
-1690.5
840
356.001,22.75,23.32,23.52,23.96,23.00,23.48,-0.4766,-1.92
850.52
-1690.5
840
356.501,22.75,23.32,23.52,23.96,22.99,23.48,-0.4757,-1.93
850.52
-1690.5
840
357.001,22.75,23.32,23.52,23.96,22.99,23.47,-0.4748,-1.95
850.52
-1690.5
840
357.501,22.75,23.32,23.52,23.95,22.99,23.47,-0.4738,-1.96
850.52
-1690.5
840
358.001,22.75,23.32,23.52,23.95,22.99,23.47,-0.4729,-1.97
850.52
-1690.5
840
358.501,22.79,23.32,23.52,23.95,22.99,23.47,-0.4721,-2.03
850.52
-1690.5
840
359.001,22.75,23.32,23.52,23.95,22.99,23.47,-0.4713,-2.05
850.52
-1690.5
840
359.501,22.79,23.32,23.52,23.95,22.99,23.47,-0.4705,-2.06
850.52
-1690.5
840
360.001,22.75,23.32,23.52,23.95,22.99,23.47,-0.4697,-2.07
850.52
-1690.5
840
360.501,22.75,23.32,23.52,23.95,22.99,23.47,-0.4688,-2.04
850.52
-1690.5
840
361.001,22.75,23.32,23.52,23.95,22.99,23.47,-0.4680,-2.05
850.52
-1690.5
840
361.501,22.79,23.32,23.52,23.95,22.99,23.47,-0.4673,-2.11
850.52
-1690.5
840
362.001,22.75,23.32,23.52,23.95,22.99,23.47,-0.4665,-2.12
850.52
-1690.5
840
362.501,22.79,23.32,23.52,23.94,22.99,23.47,-0.4658,-2.13
850.52
-1690.5
840
363.001,22.75,23.32,23.48,23.94,22.99,23.47,-0.4650,-2.15
850.52
-1690.5
840
363.501,22.75,23.32,23.48,23.94,22.99,23.46,-0.4643,-2.11
850.52
-1690.5
840
364.001,22.75,23.32,23.48,23.94,22.99,23.46,-0.4635,-2.12
850.52
-1690.5
840
364.501,22.75,23.32,23.52,23.94,22.98,23.46,-0.4628,-2.14
850.52
-1690.5
840
365.001,22.75,23.32,23.48,23.94,22.98,23.46,-0.4620,-2.15
850.52
-1690.5
840
365.501,22.75,23.32,23.48,23.94,22.98,23.46,-0.4613,-2.16
850.52
-1690.5
840
366.001,22.75,23.32,23.48,23.94,22.98,23.46,-0.4606,-2.17
850.52
-1690.5
840
366.501,22.75,23.32,23.48,23.94,22.98,23.46,-0.4599,-2.18
850.52
-1690.5
840
367.001,22.75,23.32,23.48,23.94,22.98,23.46,-0.4592,-2.20
850.52
-1690.5
840
367.501,22.75,23.29,23.48,23.94,22.98,23.46,-0.4584,-2.08
850.52
-1690.5
840
368.001,22.75,23.32,23.48,23.94,22.98,23.46,-0.4575,-2.09
850.52
-1690.5
840
368.501,22.75,23.32,23.48,23.93,22.98,23.46,-0.4569,-2.23
850.52
-1690.5
840
369.001,22.75,23.32,23.48,23.93,22.98,23.46,-0.4562,-2.24
850.52
-1690.5
840
369.501,22.75,23.29,23.48,23.93,22.98,23.46,-0.4554,-2.12
850.52
-1690.5
840
370.001,22.70,23.29,23.48,23.93,22.98,23.45,-0.4545,-1.96
850.52
-1690.5
840
370.501,22.70,23.29,23.48,23.93,22.98,23.45,-0.4534,-1.93
850.52
-1690.5
840
371.001,22.70,23.29,23.48,23.93,22.98,23.45,-0.4524,-1.94
850.52
-1690.5
840
371.501,22.75,23.32,23.48,23.93,22.98,23.45,-0.4516,-2.13
850.52
-1690.5
840
372.001,22.75,23.29,23.48,23.93,22.97,23.45,-0.4509,-2.19
850.52
-1690.5
840
372.501,22.75,23.29,23.48,23.93,22.97,23.45,-0.4500,-2.07
850.52
-1690.5
840
373.001,22.75,23.29,23.48,23.92,22.97,23.45,-0.4492,-2.08
850.52
-1690.5
840
373.501,22.75,23.29,23.45,23.92,22.97,23.45,-0.4484,-2.10
850.52
-1690.5
840
374.001,22.75,23.29,23.48,23.92,22.97,23.45,-0.4475,-2.11
850.52
-1690.5
840
374.501,22.75,23.29,23.48,23.92,22.97,23.45,-0.4467,-2.12
850.52
-1690.5
840
375.001,22.75,23.29,23.48,23.92,22.97,23.45,-0.4459,-2.13
850.52
-1690.5
840
375.501,22.75,23.29,23.48,23.92,22.97,23.45,-0.4451,-2.15
850.52
-1690.5
840
376.001,22.75,23.29,23.48,23.92,22.97,23.44,-0.4444,-2.16
850.52
-1690.5
840
376.501,22.70,23.29,23.48,23.92,22.97,23.44,-0.4436,-2.12
850.52
-1690.5
840
377.001,22.70,23.29,23.45,23.92,22.97,23.44,-0.4427,-2.09
850.52
-1690.5
840
377.501,22.70,23.29,23.48,23.92,22.97,23.44,-0.4419,-2.10
850.52
-1690.5
840
378.001,22.70,23.29,23.48,23.91,22.97,23.44,-0.4410,-2.11
850.52
-1690.5
840
378.501,22.70,23.29,23.48,23.91,22.97,23.44,-0.4402,-2.13
850.52
-1690.5
840
379.001,22.70,23.29,23.45,23.91,22.97,23.44,-0.4394,-2.14
850.52
-1690.5
840
379.501,22.70,23.29,23.45,23.91,22.96,23.44,-0.4386,-2.15
850.52
-1690.5
840
380.001,22.70,23.29,23.45,23.91,22.96,23.44,-0.4378,-2.16
850.52
-1690.5
840
380.501,22.70,23.29,23.45,23.91,22.96,23.44,-0.4370,-2.17
850.52
-1690.5
840
381.001,22.70,23.29,23.48,23.91,22.96,23.44,-0.4363,-2.18
850.52
-1690.5
840
381.501,22.70,23.29,23.45,23.91,22.96,23.44,-0.4355,-2.19
850.52
-1690.5
840
382.001,22.70,23.26,23.48,23.91,22.96,23.43,-0.4346,-2.07
850.52
-1690.5
840
382.501,22.70,23.29,23.45,23.91,22.96,23.43,-0.4337,-2.09
850.52
-1690.5
840
383.001,22.70,23.29,23.45,23.91,22.96,23.43,-0.4330,-2.23
850.52
-1690.5
840
383.501,22.70,23.29,23.48,23.91,22.96,23.43,-0.4323,-2.24
850.52
-1690.5
840
384.001,22.70,23.26,23.45,23.90,22.96,23.43,-0.4315,-2.12
850.52
-1690.5
840
384.501,22.70,23.26,23.45,23.90,22.96,23.43,-0.4305,-2.01
850.52
-1690.5
840
385.001,22.70,23.26,23.45,23.90,22.96,23.43,-0.4295,-2.02
850.52
-1690.5
840
385.501,22.70,23.26,23.45,23.90,22.96,23.43,-0.4286,-2.03
850.52
-1690.5
840
386.001,22.70,23.26,23.45,23.90,22.96,23.43,-0.4276,-2.04
850.52
-1690.5
840
386.501,22.70,23.26,23.45,23.90,22.96,23.43,-0.4267,-2.05
850.52
-1690.5
840
387.001,22.70,23.26,23.45,23.90,22.95,23.43,-0.4258,-2.07
850.52
-1690.5
840
387.501,22.70,23.26,23.45,23.90,22.95,23.42,-0.4249,-2.08
850.52
-1690.5
840
388.001,22.66,23.26,23.45,23.89,22.95,23.42,-0.4239,-2.04
850.52
-1690.5
840
388.501,22.70,23.26,23.45,23.89,22.95,23.42,-0.4230,-2.06
850.52
-1690.5
840
389.001,22.66,23.26,23.45,23.89,22.95,23.42,-0.4221,-2.07
850.52
-1690.5
840
389.501,22.70,23.26,23.45,23.89,22.95,23.42,-0.4212,-2.08
850.52
-1690.5
840
390.001,22.70,23.26,23.45,23.89,22.95,23.42,-0.4204,-2.14
850.52
-1690.5
840
390.501,22.70,23.26,23.45,23.89,22.95,23.42,-0.4196,-2.15
850.52
-1690.5
840
391.001,22.70,23.26,23.45,23.89,22.95,23.42,-0.4188,-2.16
850.52
-1690.5
840
391.501,22.70,23.26,23.45,23.89,22.95,23.42,-0.4180,-2.17
850.52
-1690.5
840
392.001,22.66,23.26,23.45,23.89,22.95,23.42,-0.4171,-2.14
850.52
-1690.5
840
392.501,22.66,23.26,23.45,23.89,22.95,23.42,-0.4163,-2.10
850.52
-1690.5
840
393.001,22.66,23.26,23.45,23.88,22.95,23.42,-0.4154,-2.11
850.52
-1690.5
840
393.501,22.70,23.26,23.45,23.88,22.95,23.41,-0.4146,-2.17
850.52
-1690.5
840
394.001,22.66,23.26,23.45,23.88,22.94,23.41,-0.4138,-2.18
850.52
-1690.5
840
394.501,22.66,23.26,23.45,23.88,22.94,23.41,-0.4130,-2.14
850.52
-1690.5
840
395.001,22.66,23.26,23.45,23.88,22.94,23.41,-0.4122,-2.15
850.52
-1690.5
840
395.501,22.66,23.26,23.41,23.88,22.94,23.41,-0.4114,-2.17
850.52
-1690.5
840
396.001,22.66,23.26,23.45,23.88,22.94,23.41,-0.4106,-2.18
850.52
-1690.5
840
396.501,22.66,23.26,23.45,23.88,22.94,23.41,-0.4098,-2.19
850.52
-1690.5
840
397.001,22.66,23.26,23.45,23.88,22.94,23.41,-0.4090,-2.20
850.52
-1690.5
840
397.501,22.66,23.26,23.45,23.88,22.94,23.41,-0.4082,-2.21
850.52
-1690.5
840
398.001,22.66,23.26,23.45,23.88,22.94,23.41,-0.4075,-2.22
850.52
-1690.5
840
398.501,22.66,23.26,23.41,23.88,22.94,23.41,-0.4067,-2.23
850.52
-1690.5
840
399.001,22.66,23.26,23.45,23.88,22.94,23.41,-0.4060,-2.24
850.52
-1690.5
840
399.501,22.66,23.26,23.45,23.87,22.94,23.41,-0.4053,-2.25
850.52
-1690.5
840
400.001,22.66,23.26,23.41,23.87,22.94,23.40,-0.4046,-2.26
850.52
-1690.5
840
400.501,22.66,23.22,23.41,23.87,22.93,23.40,-0.4037,-2.14
850.52
-1690.5
840
401.001,22.66,23.22,23.41,23.87,22.93,23.40,-0.4027,-2.02
850.52
-1690.5
840
401.501,22.66,23.26,23.41,23.87,22.93,23.40,-0.4019,-2.16
850.52
-1690.5
840
402.001,22.66,23.22,23.45,23.87,22.93,23.40,-0.4011,-2.17
850.52
-1690.5
840
402.501,22.66,23.22,23.45,23.87,22.93,23.40,-0.4001,-2.05
850.52
-1690.5
840
403.001,22.66,23.22,23.45,23.87,22.93,23.40,-0.3992,-2.06
850.52
-1690.5
840
403.501,22.66,23.22,23.45,23.87,22.93,23.40,-0.3983,-2.08
850.52
-1690.5
840
404.001,22.66,23.22,23.41,23.86,22.93,23.40,-0.3974,-2.09
850.52
-1690.5
840
404.501,22.66,23.22,23.41,23.86,22.93,23.40,-0.3965,-2.10
850.52
-1690.5
840
405.001,22.66,23.22,23.41,23.86,22.93,23.40,-0.3956,-2.11
850.52
-1690.5
840
405.501,22.61,23.26,23.41,23.86,22.93,23.39,-0.3948,-2.20
850.52
-1690.5
840
406.001,22.66,23.22,23.41,23.86,22.93,23.39,-0.3941,-2.21
850.52
-1690.5
840
406.501,22.66,23.22,23.41,23.86,22.93,23.39,-0.3932,-2.14
850.52
-1690.5
840
407.001,22.66,23.22,23.41,23.86,22.93,23.39,-0.3924,-2.15
850.52
-1690.5
840
407.501,22.66,23.22,23.41,23.86,22.92,23.39,-0.3915,-2.16
850.52
-1690.5
840
408.001,22.66,23.22,23.41,23.86,22.92,23.39,-0.3907,-2.17
850.52
-1690.5
840
408.501,22.61,23.22,23.41,23.86,22.92,23.39,-0.3899,-2.14
850.52
-1690.5
840
409.001,22.66,23.22,23.41,23.86,22.92,23.39,-0.3890,-2.15
850.52
-1690.5
840
409.501,22.66,23.22,23.41,23.85,22.92,23.39,-0.3883,-2.20
850.52
-1690.5
840
410.001,22.66,23.22,23.41,23.85,22.92,23.39,-0.3875,-2.22
850.52
-1690.5
840
410.501,22.66,23.22,23.41,23.85,22.92,23.39,-0.3868,-2.23
850.52
-1690.5
840
411.001,22.66,23.22,23.41,23.85,22.92,23.39,-0.3860,-2.24
850.52
-1690.5
840
411.501,22.66,23.22,23.41,23.85,22.92,23.39,-0.3853,-2.25
850.52
-1690.5
840
412.001,22.61,23.22,23.41,23.85,22.92,23.38,-0.3845,-2.21
850.52
-1690.5
840
412.501,22.61,23.22,23.41,23.85,22.92,23.38,-0.3837,-2.17
850.52
-1690.5
840
413.001,22.66,23.22,23.41,23.85,22.92,23.38,-0.3829,-2.23
850.52
-1690.5
840
413.501,22.66,23.22,23.41,23.85,22.92,23.38,-0.3823,-2.29
850.52
-1690.5
840
414.001,22.61,23.22,23.41,23.85,22.92,23.38,-0.3815,-2.25
850.52
-1690.5
840
414.501,22.61,23.22,23.41,23.85,22.92,23.38,-0.3808,-2.21
850.52
-1690.5
840
415.001,22.61,23.22,23.41,23.85,22.91,23.38,-0.3800,-2.22
850.52
-1690.5
840
415.501,22.61,23.22,23.41,23.84,22.91,23.38,-0.3792,-2.23
850.52
-1690.5
840
416.001,22.66,23.19,23.41,23.84,22.91,23.38,-0.3784,-2.16
850.52
-1690.5
840
416.501,22.66,23.22,23.41,23.84,22.91,23.38,-0.3776,-2.22
850.52
-1690.5
840
417.001,22.61,23.22,23.41,23.84,22.91,23.38,-0.3770,-2.31
850.52
-1690.5
840
417.501,22.61,23.19,23.41,23.84,22.91,23.38,-0.3761,-2.14
850.52
-1690.5
840
418.001,22.61,23.22,23.41,23.84,22.91,23.38,-0.3752,-2.15
850.52
-1690.5
840
418.501,22.61,23.19,23.41,23.84,22.91,23.37,-0.3744,-2.16
850.52
-1690.5
840
419.001,22.61,23.19,23.41,23.84,22.91,23.37,-0.3734,-2.05
850.52
-1690.5
840
419.501,22.61,23.22,23.41,23.84,22.91,23.37,-0.3726,-2.18
850.52
-1690.5
840
420.001,22.66,23.19,23.41,23.84,22.91,23.37,-0.3719,-2.24
850.52
-1690.5
840
420.501,22.61,23.19,23.37,23.84,22.91,23.37,-0.3710,-2.12
850.52
-1690.5
840
421.001,22.61,23.19,23.37,23.83,22.91,23.37,-0.3701,-2.09
850.52
-1690.5
840
421.501,22.61,23.19,23.37,23.83,22.91,23.37,-0.3692,-2.10
850.52
-1690.5
840
422.001,22.61,23.19,23.41,23.83,22.90,23.37,-0.3683,-2.11
850.52
-1690.5
840
422.501,22.61,23.19,23.37,23.83,22.90,23.37,-0.3674,-2.12
850.52
-1690.5
840
423.001,22.61,23.19,23.37,23.83,22.90,23.37,-0.3665,-2.13
850.52
-1690.5
840
423.501,22.61,23.19,23.37,23.83,22.90,23.37,-0.3657,-2.14
850.52
-1690.5
840
424.001,22.61,23.19,23.37,23.83,22.90,23.36,-0.3648,-2.15
850.52
-1690.5
840
424.501,22.61,23.19,23.37,23.83,22.90,23.36,-0.3640,-2.16
850.52
-1690.5
840
425.001,22.61,23.19,23.37,23.83,22.90,23.36,-0.3632,-2.17
850.52
-1690.5
840
425.501,22.61,23.19,23.37,23.83,22.90,23.36,-0.3623,-2.18
850.52
-1690.5
840
426.001,22.61,23.19,23.37,23.82,22.90,23.36,-0.3615,-2.19
850.52
-1690.5
840
426.501,22.61,23.19,23.37,23.82,22.90,23.36,-0.3608,-2.20
850.52
-1690.5
840
427.001,22.61,23.19,23.37,23.82,22.90,23.36,-0.3600,-2.21
850.52
-1690.5
840
427.501,22.61,23.19,23.37,23.82,22.90,23.36,-0.3592,-2.22
850.52
-1690.5
840
428.001,22.61,23.19,23.37,23.82,22.90,23.36,-0.3585,-2.23
850.52
-1690.5
840
428.501,22.61,23.19,23.37,23.82,22.90,23.36,-0.3577,-2.24
850.52
-1690.5
840
429.001,22.61,23.19,23.37,23.82,22.89,23.36,-0.3570,-2.25
850.52
-1690.5
840
429.501,22.61,23.19,23.37,23.82,22.89,23.36,-0.3563,-2.25
850.52
-1690.5
840
430.001,22.61,23.19,23.37,23.82,22.89,23.36,-0.3556,-2.27
850.52
-1690.5
840
430.501,22.61,23.19,23.37,23.82,22.89,23.35,-0.3549,-2.27
850.52
-1690.5
840
431.001,22.61,23.19,23.37,23.82,22.89,23.35,-0.3542,-2.28
850.52
-1690.5
840
431.501,22.61,23.19,23.37,23.82,22.89,23.35,-0.3535,-2.29
850.52
-1690.5
840
432.001,22.61,23.19,23.37,23.81,22.89,23.35,-0.3528,-2.30
850.52
-1690.5
840
432.501,22.61,23.19,23.37,23.81,22.89,23.35,-0.3522,-2.31
850.52
-1690.5
840
433.001,22.61,23.19,23.37,23.81,22.89,23.35,-0.3515,-2.32
850.52
-1690.5
840
433.501,22.61,23.19,23.37,23.81,22.89,23.35,-0.3509,-2.33
850.52
-1690.5
840
434.001,22.61,23.19,23.37,23.81,22.89,23.35,-0.3503,-2.34
850.52
-1690.5
840
434.501,22.61,23.16,23.37,23.81,22.89,23.35,-0.3495,-2.22
850.52
-1690.5
840
435.001,22.61,23.19,23.37,23.81,22.89,23.35,-0.3487,-2.23
850.52
-1690.5
840
435.501,22.61,23.19,23.37,23.81,22.89,23.35,-0.3481,-2.37
850.52
-1690.5
840
436.001,22.61,23.19,23.34,23.81,22.89,23.35,-0.3475,-2.37
850.52
-1690.5
840
436.501,22.61,23.19,23.37,23.81,22.89,23.35,-0.3469,-2.38
850.52
-1690.5
840
437.001,22.61,23.19,23.37,23.81,22.89,23.35,-0.3464,-2.39
850.52
-1690.5
840
437.501,22.61,23.16,23.34,23.81,22.88,23.35,-0.3456,-2.27
850.52
-1690.5
840
438.001,22.61,23.19,23.34,23.81,22.88,23.34,-0.3449,-2.28
850.52
-1690.5
840
438.501,22.61,23.19,23.34,23.81,22.88,23.34,-0.3444,-2.42
850.52
-1690.5
840
439.001,22.61,23.19,23.34,23.80,22.88,23.34,-0.3439,-2.43
850.52
-1690.5
840
439.501,22.61,23.16,23.34,23.80,22.88,23.34,-0.3432,-2.31
850.52
-1690.5
840
440.001,22.61,23.16,23.37,23.80,22.88,23.34,-0.3423,-2.19
850.52
-1690.5
840
440.501,22.61,23.16,23.34,23.80,22.88,23.34,-0.3415,-2.20
850.52
-1690.5
840
441.001,22.57,23.16,23.34,23.80,22.88,23.34,-0.3407,-2.16
850.52
-1690.5
840
441.501,22.61,23.16,23.34,23.80,22.88,23.34,-0.3398,-2.17
850.52
-1690.5
840
442.001,22.57,23.16,23.34,23.80,22.88,23.34,-0.3390,-2.18
850.52
-1690.5
840
442.501,22.57,23.16,23.34,23.80,22.88,23.34,-0.3381,-2.15
850.52
-1690.5
840
443.001,22.61,23.16,23.34,23.80,22.88,23.34,-0.3373,-2.20
850.52
-1690.5
840
443.501,22.57,23.16,23.34,23.80,22.88,23.34,-0.3366,-2.21
850.52
-1690.5
840
444.001,22.57,23.16,23.34,23.79,22.88,23.34,-0.3357,-2.17
850.52
-1690.5
840
444.501,22.57,23.16,23.34,23.79,22.88,23.33,-0.3349,-2.18
850.52
-1690.5
840
445.001,22.57,23.16,23.34,23.79,22.88,23.33,-0.3341,-2.19
850.52
-1690.5
840
445.501,22.57,23.16,23.34,23.79,22.87,23.33,-0.3333,-2.20
850.52
-1690.5
840
446.001,22.57,23.16,23.34,23.79,22.87,23.33,-0.3325,-2.21
850.52
-1690.5
840
446.501,22.57,23.16,23.34,23.79,22.87,23.33,-0.3317,-2.22
850.52
-1690.5
840
447.001,22.57,23.16,23.34,23.79,22.87,23.33,-0.3310,-2.23
850.52
-1690.5
840
447.501,22.57,23.16,23.34,23.79,22.87,23.33,-0.3302,-2.24
850.52
-1690.5
840
448.001,22.57,23.16,23.34,23.79,22.87,23.33,-0.3295,-2.24
850.52
-1690.5
840
448.501,22.57,23.16,23.34,23.79,22.87,23.33,-0.3287,-2.25
850.52
-1690.5
840
449.001,22.57,23.16,23.34,23.79,22.87,23.33,-0.3280,-2.26
850.52
-1690.5
840
449.501,22.57,23.16,23.34,23.79,22.87,23.33,-0.3273,-2.27
850.52
-1690.5
840
450.001,22.57,23.16,23.34,23.79,22.87,23.33,-0.3266,-2.28
850.52
-1690.5
840
450.501,22.57,23.16,23.34,23.78,22.87,23.33,-0.3259,-2.29
850.52
-1690.5
840
451.001,22.57,23.16,23.34,23.78,22.87,23.33,-0.3252,-2.30
850.52
-1690.5
840
451.501,22.57,23.16,23.34,23.78,22.87,23.32,-0.3246,-2.30
850.52
-1690.5
840
452.001,22.57,23.16,23.34,23.78,22.87,23.32,-0.3239,-2.31
850.52
-1690.5
840
452.501,22.57,23.16,23.34,23.78,22.86,23.32,-0.3233,-2.32
850.52
-1690.5
840
453.001,22.57,23.16,23.34,23.78,22.86,23.32,-0.3226,-2.33
850.52
-1690.5
840
453.501,22.57,23.16,23.34,23.78,22.86,23.32,-0.3220,-2.34
850.52
-1690.5
840
454.001,22.57,23.12,23.34,23.78,22.86,23.32,-0.3212,-2.22
850.52
-1690.5
840
454.501,22.57,23.16,23.34,23.78,22.86,23.32,-0.3204,-2.22
850.52
-1690.5
840
455.001,22.57,23.16,23.34,23.78,22.86,23.32,-0.3198,-2.36
850.52
-1690.5
840
455.501,22.57,23.16,23.34,23.78,22.86,23.32,-0.3192,-2.37
850.52
-1690.5
840
456.001,22.57,23.16,23.34,23.78,22.86,23.32,-0.3186,-2.38
850.52
-1690.5
840
456.501,22.57,23.16,23.34,23.78,22.86,23.32,-0.3181,-2.39
850.52
-1690.5
840
457.001,22.57,23.16,23.34,23.78,22.86,23.32,-0.3175,-2.39
850.52
-1690.5
840
457.501,22.57,23.16,23.34,23.78,22.86,23.32,-0.3169,-2.40
850.52
-1690.5
840
458.001,22.57,23.16,23.34,23.77,22.86,23.32,-0.3164,-2.41
850.52
-1690.5
840
458.501,22.57,23.16,23.34,23.77,22.86,23.32,-0.3158,-2.42
850.52
-1690.5
840
459.001,22.57,23.12,23.30,23.77,22.86,23.32,-0.3151,-2.30
850.52
-1690.5
840
459.501,22.57,23.16,23.34,23.77,22.86,23.31,-0.3144,-2.30
850.52
-1690.5
840
460.001,22.57,23.16,23.34,23.77,22.86,23.31,-0.3139,-2.44
850.52
-1690.5
840
460.501,22.57,23.12,23.34,23.77,22.86,23.31,-0.3133,-2.32
850.52
-1690.5
840
461.001,22.57,23.16,23.30,23.77,22.85,23.31,-0.3126,-2.33
850.52
-1690.5
840
461.501,22.57,23.16,23.34,23.77,22.85,23.31,-0.3121,-2.47
850.52
-1690.5
840
462.001,22.57,23.12,23.30,23.77,22.85,23.31,-0.3115,-2.34
850.52
-1690.5
840
462.501,22.57,23.12,23.34,23.77,22.85,23.31,-0.3107,-2.22
850.52
-1690.5
840
463.001,22.57,23.16,23.30,23.77,22.85,23.31,-0.3101,-2.36
850.52
-1690.5
840
463.501,22.57,23.16,23.30,23.77,22.85,23.31,-0.3096,-2.50
850.52
-1690.5
840
464.001,22.57,23.12,23.34,23.77,22.85,23.31,-0.3090,-2.38
850.52
-1690.5
840
464.501,22.57,23.12,23.34,23.77,22.85,23.31,-0.3082,-2.25
850.52
-1690.5
840
465.001,22.57,23.12,23.30,23.76,22.85,23.31,-0.3075,-2.27
850.52
-1690.5
840
465.501,22.57,23.12,23.34,23.76,22.85,23.31,-0.3068,-2.27
850.52
-1690.5
840
466.001,22.57,23.12,23.30,23.76,22.85,23.31,-0.3061,-2.28
850.52
-1690.5
840
466.501,22.57,23.12,23.30,23.76,22.85,23.31,-0.3054,-2.29
850.52
-1690.5
840
467.001,22.57,23.12,23.30,23.76,22.85,23.30,-0.3047,-2.30
850.52
-1690.5
840
467.501,22.57,23.12,23.30,23.76,22.85,23.30,-0.3040,-2.31
850.52
-1690.5
840
468.001,22.57,23.12,23.30,23.76,22.85,23.30,-0.3033,-2.32
850.52
-1690.5
840
468.501,22.57,23.12,23.30,23.76,22.85,23.30,-0.3027,-2.33
850.52
-1690.5
840
469.001,22.57,23.12,23.30,23.76,22.85,23.30,-0.3020,-2.34
850.52
-1690.5
840
469.501,22.57,23.12,23.30,23.76,22.85,23.30,-0.3014,-2.34
850.52
-1690.5
840
470.001,22.57,23.12,23.30,23.76,22.85,23.30,-0.3007,-2.35
850.52
-1690.5
840
470.501,22.57,23.12,23.30,23.76,22.84,23.30,-0.3001,-2.36
850.52
-1690.5
840
471.001,22.57,23.12,23.30,23.75,22.84,23.30,-0.2995,-2.37
850.52
-1690.5
840
471.501,22.57,23.12,23.30,23.75,22.84,23.30,-0.2989,-2.38
850.52
-1690.5
840
472.001,22.57,23.12,23.30,23.75,22.84,23.30,-0.2983,-2.38
850.52
-1690.5
840
472.501,22.57,23.12,23.30,23.75,22.84,23.30,-0.2977,-2.39
850.52
-1690.5
840
473.001,22.57,23.12,23.30,23.75,22.84,23.30,-0.2971,-2.40
850.52
-1690.5
840
473.501,22.57,23.12,23.30,23.75,22.84,23.30,-0.2966,-2.41
850.52
-1690.5
840
474.001,22.57,23.12,23.30,23.75,22.84,23.30,-0.2960,-2.42
850.52
-1690.5
840
474.501,22.57,23.12,23.30,23.75,22.84,23.30,-0.2955,-2.42
850.52
-1690.5
840
475.001,22.57,23.12,23.30,23.75,22.84,23.29,-0.2949,-2.43
850.52
-1690.5
840
475.501,22.57,23.12,23.30,23.75,22.84,23.29,-0.2944,-2.44
850.52
-1690.5
840
476.001,22.52,23.12,23.30,23.75,22.84,23.29,-0.2938,-2.40
850.52
-1690.5
840
476.501,22.57,23.12,23.30,23.75,22.84,23.29,-0.2932,-2.41
850.52
-1690.5
840
477.001,22.52,23.12,23.30,23.75,22.84,23.29,-0.2927,-2.42
850.52
-1690.5
840
477.501,22.52,23.12,23.30,23.75,22.84,23.29,-0.2921,-2.38
850.52
-1690.5
840
478.001,22.57,23.12,23.30,23.75,22.84,23.29,-0.2915,-2.43
850.52
-1690.5
840
478.501,22.52,23.12,23.30,23.75,22.84,23.29,-0.2910,-2.44
850.52
-1690.5
840
479.001,22.52,23.12,23.30,23.74,22.84,23.29,-0.2904,-2.40
850.52
-1690.5
840
479.501,22.52,23.12,23.30,23.74,22.84,23.29,-0.2898,-2.41
850.52
-1690.5
840
480.001,22.52,23.12,23.30,23.74,22.83,23.29,-0.2892,-2.41
850.52
-1690.5
840
480.501,22.52,23.12,23.30,23.74,22.83,23.29,-0.2887,-2.42
850.52
-1690.5
840
481.001,22.57,23.12,23.30,23.74,22.83,23.29,-0.2881,-2.47
850.52
-1690.5
840
481.501,22.57,23.12,23.30,23.74,22.83,23.29,-0.2877,-2.53
850.52
-1690.5
840
482.001,22.52,23.12,23.30,23.74,22.83,23.29,-0.2872,-2.49
850.52
-1690.5
840
482.501,22.52,23.12,23.30,23.74,22.83,23.29,-0.2867,-2.45
850.52
-1690.5
840
483.001,22.52,23.12,23.30,23.74,22.83,23.29,-0.2861,-2.46
850.52
-1690.5
840
483.501,22.52,23.12,23.30,23.74,22.83,23.29,-0.2856,-2.46
850.52
-1690.5
840
484.001,22.52,23.12,23.30,23.74,22.83,23.29,-0.2851,-2.47
850.52
-1690.5
840
484.501,22.52,23.12,23.30,23.74,22.83,23.28,-0.2846,-2.48
850.52
-1690.5
840
485.001,22.52,23.12,23.30,23.74,22.83,23.28,-0.2841,-2.48
850.52
-1690.5
840
485.501,22.52,23.12,23.30,23.74,22.83,23.28,-0.2836,-2.49
850.52
-1690.5
840
486.001,22.52,23.12,23.30,23.74,22.83,23.28,-0.2831,-2.50
850.52
-1690.5
840
486.501,22.52,23.12,23.30,23.74,22.83,23.28,-0.2826,-2.50
850.52
-1690.5
840
487.001,22.52,23.12,23.30,23.74,22.83,23.28,-0.2821,-2.51
850.52
-1690.5
840
487.501,22.52,23.12,23.30,23.74,22.83,23.28,-0.2816,-2.51
850.52
-1690.5
840
488.001,22.52,23.12,23.30,23.74,22.83,23.28,-0.2812,-2.52
850.52
-1690.5
840
488.501,22.52,23.12,23.30,23.74,22.82,23.28,-0.2807,-2.53
850.52
-1690.5
840
489.001,22.52,23.12,23.27,23.74,22.82,23.28,-0.2802,-2.53
850.52
-1690.5
840
489.501,22.52,23.12,23.27,23.74,22.82,23.28,-0.2798,-2.54
850.52
-1690.5
840
490.001,22.52,23.12,23.30,23.74,22.82,23.28,-0.2793,-2.54
850.52
-1690.5
840
490.501,22.52,23.12,23.30,23.74,22.82,23.28,-0.2789,-2.55
850.52
-1690.5
840
491.001,22.52,23.09,23.30,23.73,22.82,23.28,-0.2783,-2.43
850.52
-1690.5
840
491.501,22.57,23.12,23.30,23.73,22.82,23.28,-0.2778,-2.48
850.52
-1690.5
840
492.001,22.57,23.12,23.30,23.73,22.82,23.28,-0.2775,-2.67
850.52
-1690.5
840
492.501,22.52,23.12,23.30,23.73,22.82,23.28,-0.2771,-2.63
850.52
-1690.5
840
493.001,22.52,23.09,23.30,23.73,22.82,23.28,-0.2766,-2.46
850.52
-1690.5
840
493.501,22.52,23.09,23.30,23.73,22.82,23.28,-0.2759,-2.34
850.52
-1690.5
840
494.001,22.52,23.12,23.30,23.73,22.82,23.28,-0.2753,-2.47
850.52
-1690.5
840
494.501,22.52,23.12,23.27,23.73,22.82,23.27,-0.2749,-2.61
850.52
-1690.5
840
495.001,22.52,23.12,23.30,23.73,22.82,23.27,-0.2745,-2.62
850.52
-1690.5
840
495.501,22.52,23.09,23.30,23.73,22.82,23.27,-0.2740,-2.49
850.52
-1690.5
840
496.001,22.52,23.09,23.30,23.73,22.82,23.27,-0.2733,-2.37
850.52
-1690.5
840
496.501,22.52,23.09,23.27,23.73,22.82,23.27,-0.2727,-2.38
850.52
-1690.5
840
497.001,22.52,23.09,23.30,23.73,22.82,23.27,-0.2720,-2.39
850.52
-1690.5
840
497.501,22.52,23.09,23.27,23.73,22.82,23.27,-0.2714,-2.39
850.52
-1690.5
840
498.001,22.52,23.12,23.30,23.73,22.82,23.27,-0.2709,-2.53
850.52
-1690.5
840
498.501,22.52,23.09,23.27,23.73,22.81,23.27,-0.2704,-2.54
850.52
-1690.5
840
499.001,22.52,23.09,23.27,23.73,22.81,23.27,-0.2698,-2.41
850.52
-1690.5
840
499.501,22.52,23.09,23.27,23.72,22.81,23.27,-0.2692,-2.42
850.52
-1690.5
840
500.001,22.52,23.09,23.27,23.72,22.81,23.27,-0.2686,-2.43
850.52
-1690.5
840
500.501,22.48,23.12,23.27,23.72,22.81,23.27,-0.2681,-2.52
850.52
-1690.5
840
501.001,22.52,23.12,23.27,23.72,22.81,23.27,-0.2678,-2.65
850.52
-1690.5
840
501.501,22.52,23.09,23.27,23.72,22.81,23.27,-0.2673,-2.58
850.52
-1690.5
840
502.001,22.52,23.09,23.27,23.72,22.81,23.27,-0.2668,-2.46
850.52
-1690.5
840
502.501,22.52,23.09,23.27,23.72,22.81,23.27,-0.2662,-2.46
850.52
-1690.5
840
503.001,22.52,23.09,23.27,23.72,22.81,23.27,-0.2656,-2.47
850.52
-1690.5
840
503.501,22.52,23.09,23.27,23.72,22.81,23.27,-0.2651,-2.48
850.52
-1690.5
840
504.001,22.52,23.09,23.27,23.72,22.81,23.26,-0.2646,-2.48
850.52
-1690.5
840
504.501,22.52,23.09,23.27,23.72,22.81,23.26,-0.2640,-2.49
850.52
-1690.5
840
505.001,22.52,23.09,23.27,23.72,22.81,23.26,-0.2635,-2.50
850.52
-1690.5
840
505.501,22.52,23.09,23.27,23.72,22.81,23.26,-0.2630,-2.51
850.52
-1690.5
840
506.001,22.52,23.09,23.27,23.72,22.81,23.26,-0.2625,-2.51
850.52
-1690.5
840
506.501,22.52,23.09,23.27,23.72,22.81,23.26,-0.2620,-2.52
850.52
-1690.5
840
507.001,22.52,23.09,23.27,23.72,22.81,23.26,-0.2615,-2.53
850.52
-1690.5
840
507.501,22.52,23.09,23.27,23.72,22.81,23.26,-0.2610,-2.53
850.52
-1690.5
840
508.001,22.52,23.09,23.27,23.72,22.81,23.26,-0.2605,-2.54
850.52
-1690.5
840
508.501,22.52,23.09,23.27,23.71,22.81,23.26,-0.2600,-2.55
850.52
-1690.5
840
509.001,22.52,23.09,23.27,23.71,22.80,23.26,-0.2595,-2.55
850.52
-1690.5
840
509.501,22.52,23.09,23.27,23.71,22.80,23.26,-0.2591,-2.56
850.52
-1690.5
840
510.001,22.52,23.09,23.27,23.71,22.80,23.26,-0.2586,-2.57
850.52
-1690.5
840
510.501,22.52,23.12,23.27,23.71,22.80,23.26,-0.2583,-2.70
850.52
-1690.5
840
511.001,22.52,23.09,23.27,23.71,22.80,23.26,-0.2580,-2.71
850.52
-1690.5
840
511.501,22.52,23.09,23.27,23.71,22.80,23.26,-0.2576,-2.58
850.52
-1690.5
840
512.001,22.52,23.09,23.27,23.71,22.80,23.26,-0.2572,-2.59
850.52
-1690.5
840
512.501,22.52,23.09,23.27,23.71,22.80,23.26,-0.2567,-2.60
850.52
-1690.5
840
513.001,22.52,23.09,23.27,23.71,22.80,23.26,-0.2563,-2.60
850.52
-1690.5
840
513.501,22.52,23.09,23.27,23.71,22.80,23.26,-0.2559,-2.61
850.52
-1690.5
840
514.001,22.52,23.09,23.27,23.71,22.80,23.26,-0.2555,-2.62
850.52
-1690.5
840
514.501,22.52,23.09,23.27,23.71,22.80,23.26,-0.2551,-2.63
850.52
-1690.5
840
515.001,22.52,23.09,23.27,23.71,22.80,23.25,-0.2547,-2.63
850.52
-1690.5
840
515.501,22.52,23.09,23.27,23.71,22.80,23.25,-0.2543,-2.64
850.52
-1690.5
840
516.001,22.52,23.09,23.27,23.71,22.80,23.25,-0.2539,-2.64
850.52
-1690.5
840
516.501,22.52,23.09,23.27,23.71,22.80,23.25,-0.2535,-2.65
850.52
-1690.5
840
517.001,22.52,23.09,23.27,23.71,22.80,23.25,-0.2531,-2.66
850.52
-1690.5
840
517.501,22.52,23.09,23.27,23.71,22.80,23.25,-0.2528,-2.66
850.52
-1690.5
840
518.001,22.52,23.09,23.27,23.71,22.80,23.25,-0.2524,-2.67
850.52
-1690.5
840
518.501,22.52,23.09,23.27,23.71,22.80,23.25,-0.2520,-2.67
850.52
-1690.5
840
519.001,22.52,23.09,23.27,23.71,22.80,23.25,-0.2517,-2.68
850.52
-1690.5
840
519.501,22.52,23.09,23.27,23.71,22.80,23.25,-0.2513,-2.69
850.52
-1690.5
840
520.001,22.52,23.09,23.27,23.71,22.80,23.25,-0.2510,-2.69
850.52
-1690.5
840
520.501,22.52,23.09,23.27,23.71,22.80,23.25,-0.2506,-2.70
850.52
-1690.5
840
521.001,22.52,23.09,23.27,23.70,22.80,23.25,-0.2503,-2.71
850.52
-1690.5
840
521.501,22.52,23.09,23.27,23.70,22.80,23.25,-0.2500,-2.71
850.52
-1690.5
840
522.001,22.52,23.09,23.27,23.70,22.80,23.25,-0.2496,-2.72
850.52
-1690.5
840
522.501,22.52,23.09,23.27,23.70,22.79,23.25,-0.2493,-2.72
850.52
-1690.5
840
523.001,22.52,23.09,23.27,23.70,22.79,23.25,-0.2490,-2.73
850.52
-1690.5
840
523.501,22.52,23.09,23.27,23.70,22.79,23.25,-0.2487,-2.73
850.52
-1690.5
840
524.001,22.52,23.09,23.27,23.70,22.79,23.25,-0.2483,-2.74
850.52
-1690.5
840
524.501,22.52,23.09,23.27,23.70,22.79,23.25,-0.2480,-2.75
850.52
-1690.5
840
525.001,22.52,23.09,23.27,23.70,22.79,23.25,-0.2477,-2.75
850.52
-1690.5
840
525.501,22.52,23.09,23.27,23.70,22.79,23.25,-0.2474,-2.76
850.52
-1690.5
840
526.001,22.52,23.09,23.27,23.70,22.79,23.25,-0.2471,-2.76
850.52
-1690.5
840
526.501,22.52,23.09,23.27,23.70,22.79,23.25,-0.2468,-2.77
850.52
-1690.5
840
527.001,22.52,23.09,23.27,23.70,22.79,23.25,-0.2466,-2.77
850.52
-1690.5
840
527.501,22.52,23.09,23.27,23.70,22.79,23.25,-0.2463,-2.78
850.52
-1690.5
840
528.001,22.52,23.09,23.27,23.70,22.79,23.25,-0.2460,-2.79
850.52
-1690.5
840
528.501,22.52,23.09,23.27,23.70,22.79,23.25,-0.2457,-2.79
850.52
-1690.5
840
529.001,22.52,23.06,23.27,23.70,22.79,23.25,-0.2453,-2.67
850.52
-1690.5
840
529.501,22.52,23.09,23.27,23.70,22.79,23.24,-0.2449,-2.68
850.52
-1690.5
840
530.001,22.52,23.09,23.27,23.70,22.79,23.24,-0.2446,-2.81
850.52
-1690.5
840
530.501,22.52,23.09,23.27,23.70,22.79,23.24,-0.2444,-2.82
850.52
-1690.5
840
531.001,22.52,23.09,23.27,23.70,22.79,23.24,-0.2441,-2.82
850.52
-1690.5
840
531.501,22.52,23.09,23.27,23.70,22.79,23.24,-0.2438,-2.83
850.52
-1690.5
840
532.001,22.52,23.09,23.27,23.70,22.79,23.24,-0.2436,-2.83
850.52
-1690.5
840
532.501,22.48,23.09,23.27,23.70,22.79,23.24,-0.2433,-2.79
850.52
-1690.5
840
533.001,22.52,23.09,23.27,23.70,22.79,23.24,-0.2430,-2.80
850.52
-1690.5
840
533.501,22.52,23.09,23.27,23.70,22.79,23.24,-0.2428,-2.85
850.52
-1690.5
840
534.001,22.52,23.09,23.27,23.70,22.79,23.24,-0.2425,-2.86
850.52
-1690.5
840
534.501,22.52,23.09,23.27,23.70,22.79,23.24,-0.2423,-2.86
850.52
-1690.5
840
535.001,22.52,23.09,23.27,23.70,22.79,23.24,-0.2421,-2.87
850.52
-1690.5
840
535.501,22.52,23.09,23.27,23.70,22.79,23.24,-0.2418,-2.87
850.52
-1690.5
840
536.001,22.52,23.09,23.27,23.70,22.79,23.24,-0.2416,-2.88
850.52
-1690.5
840
536.501,22.52,23.09,23.27,23.70,22.79,23.24,-0.2414,-2.88
850.52
-1690.5
840
537.001,22.52,23.09,23.27,23.70,22.79,23.24,-0.2412,-2.89
850.52
-1690.5
840
537.501,22.48,23.09,23.27,23.70,22.79,23.24,-0.2409,-2.85
850.52
-1690.5
840
538.001,22.52,23.09,23.27,23.70,22.78,23.24,-0.2406,-2.85
850.52
-1690.5
840
538.501,22.52,23.09,23.27,23.70,22.78,23.24,-0.2404,-2.91
850.52
-1690.5
840
539.001,22.52,23.06,23.27,23.70,22.78,23.24,-0.2401,-2.78
850.52
-1690.5
840
539.501,22.52,23.09,23.27,23.70,22.78,23.24,-0.2397,-2.79
850.52
-1690.5
840
540.001,22.52,23.06,23.27,23.69,22.78,23.24,-0.2394,-2.79
850.52
-1690.5
840
540.501,22.52,23.09,23.27,23.69,22.78,23.24,-0.2390,-2.80
850.52
-1690.5
840
541.001,22.48,23.09,23.27,23.69,22.78,23.24,-0.2388,-2.89
850.52
-1690.5
840
541.501,22.52,23.09,23.27,23.69,22.78,23.24,-0.2385,-2.89
850.52
-1690.5
840
542.001,22.52,23.06,23.27,23.69,22.78,23.24,-0.2382,-2.82
850.52
-1690.5
840
542.501,22.52,23.06,23.27,23.69,22.78,23.24,-0.2377,-2.70
850.52
-1690.5
840
543.001,22.52,23.09,23.27,23.69,22.78,23.24,-0.2374,-2.83
850.52
-1690.5
840
543.501,22.48,23.09,23.27,23.69,22.78,23.24,-0.2372,-2.92
850.52
-1690.5
840
544.001,22.48,23.06,23.27,23.69,22.78,23.24,-0.2368,-2.75
850.52
-1690.5
840
544.501,22.48,23.09,23.27,23.69,22.78,23.24,-0.2364,-2.75
850.52
-1690.5
840
545.001,22.48,23.06,23.27,23.69,22.78,23.24,-0.2360,-2.76
850.52
-1690.5
840
545.501,22.52,23.06,23.27,23.69,22.78,23.24,-0.2355,-2.69
850.52
-1690.5
840
546.001,22.52,23.06,23.27,23.69,22.78,23.24,-0.2350,-2.74
850.52
-1690.5
840
546.501,22.48,23.06,23.27,23.69,22.78,23.23,-0.2345,-2.70
850.52
-1690.5
840
547.001,22.48,23.06,23.27,23.69,22.78,23.23,-0.2340,-2.66
850.52
-1690.5
840
547.501,22.48,23.06,23.23,23.69,22.78,23.23,-0.2335,-2.67
850.52
-1690.5
840
548.001,22.48,23.06,23.23,23.69,22.78,23.23,-0.2330,-2.67
850.52
-1690.5
840
548.501,22.48,23.06,23.23,23.69,22.78,23.23,-0.2324,-2.68
850.52
-1690.5
840
549.001,22.48,23.06,23.23,23.69,22.78,23.23,-0.2319,-2.68
850.52
-1690.5
840
549.501,22.48,23.06,23.23,23.69,22.78,23.23,-0.2314,-2.69
850.52
-1690.5
840
550.001,22.48,23.06,23.27,23.69,22.78,23.23,-0.2310,-2.70
850.52
-1690.5
840
550.501,22.48,23.06,23.23,23.68,22.78,23.23,-0.2305,-2.70
850.52
-1690.5
840
551.001,22.48,23.06,23.23,23.68,22.78,23.23,-0.2300,-2.71
850.52
-1690.5
840
551.501,22.48,23.06,23.23,23.68,22.78,23.23,-0.2295,-2.71
850.52
-1690.5
840
552.001,22.48,23.06,23.23,23.68,22.77,23.23,-0.2291,-2.72
850.52
-1690.5
840
552.501,22.48,23.06,23.23,23.68,22.77,23.23,-0.2286,-2.73
850.52
-1690.5
840
553.001,22.48,23.06,23.27,23.68,22.77,23.23,-0.2282,-2.73
850.52
-1690.5
840
553.501,22.48,23.06,23.23,23.68,22.77,23.23,-0.2277,-2.74
850.52
-1690.5
840
554.001,22.48,23.06,23.23,23.68,22.77,23.23,-0.2273,-2.74
850.52
-1690.5
840
554.501,22.52,23.06,23.23,23.68,22.77,23.23,-0.2269,-2.80
850.52
-1690.5
840
555.001,22.48,23.06,23.23,23.68,22.77,23.23,-0.2266,-2.80
850.52
-1690.5
840
555.501,22.48,23.06,23.23,23.68,22.77,23.23,-0.2261,-2.76
850.52
-1690.5
840
556.001,22.48,23.06,23.23,23.68,22.77,23.23,-0.2257,-2.77
850.52
-1690.5
840
556.501,22.48,23.06,23.23,23.68,22.77,23.23,-0.2253,-2.77
850.52
-1690.5
840
557.001,22.52,23.06,23.23,23.68,22.77,23.22,-0.2250,-2.82
850.52
-1690.5
840
557.501,22.48,23.06,23.23,23.68,22.77,23.22,-0.2246,-2.83
850.52
-1690.5
840
558.001,22.48,23.06,23.23,23.68,22.77,23.22,-0.2242,-2.79
850.52
-1690.5
840
558.501,22.52,23.06,23.27,23.68,22.77,23.22,-0.2239,-2.84
850.52
-1690.5
840
559.001,22.48,23.06,23.23,23.68,22.77,23.22,-0.2236,-2.85
850.52
-1690.5
840
559.501,22.48,23.06,23.23,23.68,22.77,23.22,-0.2232,-2.81
850.52
-1690.5
840
560.001,22.48,23.06,23.23,23.68,22.77,23.22,-0.2228,-2.81
850.52
-1690.5
840
560.501,22.48,23.09,23.23,23.68,22.77,23.22,-0.2226,-2.95
850.52
-1690.5
840
561.001,22.48,23.06,23.23,23.68,22.77,23.22,-0.2224,-2.95
850.52
-1690.5
840
561.501,22.52,23.06,23.23,23.68,22.77,23.22,-0.2221,-2.88
850.52
-1690.5
840
562.001,22.48,23.06,23.23,23.68,22.77,23.22,-0.2218,-2.88
850.52
-1690.5
840
562.501,22.48,23.06,23.23,23.68,22.77,23.22,-0.2215,-2.84
850.52
-1690.5
840
563.001,22.48,23.09,23.23,23.68,22.77,23.22,-0.2213,-2.97
850.52
-1690.5
840
563.501,22.48,23.06,23.23,23.68,22.77,23.22,-0.2211,-2.98
850.52
-1690.5
840
564.001,22.48,23.06,23.23,23.67,22.77,23.22,-0.2207,-2.85
850.52
-1690.5
840
564.501,22.48,23.06,23.23,23.67,22.77,23.22,-0.2204,-2.86
850.52
-1690.5
840
565.001,22.48,23.06,23.23,23.67,22.77,23.22,-0.2201,-2.86
850.52
-1690.5
840
565.501,22.48,23.06,23.23,23.67,22.77,23.22,-0.2197,-2.87
850.52
-1690.5
840
566.001,22.48,23.06,23.23,23.67,22.77,23.22,-0.2194,-2.87
850.52
-1690.5
840
566.501,22.48,23.06,23.23,23.67,22.76,23.22,-0.2191,-2.88
850.52
-1690.5
840
567.001,22.48,23.06,23.23,23.67,22.76,23.22,-0.2188,-2.89
850.52
-1690.5
840
567.501,22.48,23.06,23.23,23.67,22.76,23.22,-0.2185,-2.89
850.52
-1690.5
840
568.001,22.48,23.06,23.23,23.67,22.76,23.22,-0.2181,-2.90
850.52
-1690.5
840
568.501,22.48,23.06,23.23,23.67,22.76,23.22,-0.2178,-2.90
850.52
-1690.5
840
569.001,22.48,23.06,23.23,23.67,22.76,23.22,-0.2175,-2.91
850.52
-1690.5
840
569.501,22.48,23.06,23.23,23.67,22.76,23.22,-0.2172,-2.91
850.52
-1690.5
840
570.001,22.48,23.06,23.23,23.67,22.76,23.22,-0.2170,-2.92
850.52
-1690.5
840
570.501,22.48,23.06,23.23,23.67,22.76,23.22,-0.2167,-2.92
850.52
-1690.5
840
571.001,22.48,23.06,23.23,23.67,22.76,23.22,-0.2164,-2.93
850.52
-1690.5
840
571.501,22.48,23.06,23.23,23.67,22.76,23.22,-0.2161,-2.93
850.52
-1690.5
840
572.001,22.48,23.06,23.23,23.67,22.76,23.22,-0.2158,-2.94
850.52
-1690.5
840
572.501,22.48,23.06,23.23,23.67,22.76,23.22,-0.2155,-2.94
850.52
-1690.5
840
573.001,22.48,23.06,23.23,23.67,22.76,23.22,-0.2153,-2.95
850.52
-1690.5
840
573.501,22.48,23.02,23.23,23.67,22.76,23.21,-0.2149,-2.83
850.52
-1690.5
840
574.001,22.48,23.06,23.23,23.67,22.76,23.21,-0.2144,-2.83
850.52
-1690.5
840
574.501,22.48,23.06,23.23,23.67,22.76,23.21,-0.2142,-2.96
850.52
-1690.5
840
575.001,22.48,23.06,23.23,23.67,22.76,23.21,-0.2139,-2.97
850.52
-1690.5
840
575.501,22.48,23.06,23.23,23.67,22.76,23.21,-0.2137,-2.97
850.52
-1690.5
840
576.001,22.48,23.06,23.23,23.67,22.76,23.21,-0.2134,-2.98
850.52
-1690.5
840
576.501,22.48,23.06,23.23,23.67,22.76,23.21,-0.2132,-2.98
850.52
-1690.5
840
577.001,22.48,23.06,23.23,23.67,22.76,23.21,-0.2130,-2.99
850.52
-1690.5
840
577.501,22.48,23.06,23.23,23.67,22.76,23.21,-0.2127,-2.99
850.52
-1690.5
840
578.001,22.48,23.06,23.23,23.67,22.76,23.21,-0.2125,-3.00
850.52
-1690.5
840
578.501,22.48,23.06,23.23,23.67,22.76,23.21,-0.2123,-3.00
850.52
-1690.5
840
579.001,22.48,23.02,23.20,23.67,22.76,23.21,-0.2119,-2.88
850.52
-1690.5
840
579.501,22.48,23.06,23.23,23.67,22.76,23.21,-0.2115,-2.89
850.52
-1690.5
840
580.001,22.48,23.06,23.23,23.67,22.76,23.21,-0.2113,-3.02
850.52
-1690.5
840
580.501,22.48,23.06,23.23,23.67,22.76,23.21,-0.2111,-3.02
850.52
-1690.5
840
581.001,22.48,23.06,23.23,23.67,22.76,23.21,-0.2109,-3.03
850.52
-1690.5
840
581.501,22.48,23.06,23.23,23.67,22.76,23.21,-0.2107,-3.03
850.52
-1690.5
840
582.001,22.48,23.06,23.20,23.67,22.76,23.21,-0.2105,-3.04
850.52
-1690.5
840
582.501,22.43,23.06,23.23,23.67,22.76,23.21,-0.2102,-3.00
850.52
-1690.5
840
583.001,22.48,23.06,23.23,23.67,22.75,23.21,-0.2100,-3.00
850.52
-1690.5
840
583.501,22.48,23.06,23.23,23.67,22.75,23.21,-0.2098,-3.05
850.52
-1690.5
840
584.001,22.43,23.06,23.23,23.66,22.75,23.21,-0.2095,-3.01
850.52
-1690.5
840
584.501,22.43,23.06,23.20,23.66,22.75,23.21,-0.2092,-2.97
850.52
-1690.5
840
585.001,22.43,23.06,23.20,23.66,22.75,23.21,-0.2089,-2.97
850.52
-1690.5
840
585.501,22.43,23.02,23.20,23.66,22.75,23.21,-0.2085,-2.85
850.52
-1690.5
840
586.001,22.43,23.02,23.20,23.66,22.75,23.21,-0.2079,-2.73
850.52
-1690.5
840
586.501,22.43,23.06,23.20,23.66,22.75,23.21,-0.2074,-2.86
850.52
-1690.5
840
587.001,22.43,23.06,23.23,23.66,22.75,23.21,-0.2072,-2.99
850.52
-1690.5
840
587.501,22.43,23.02,23.20,23.66,22.75,23.21,-0.2067,-2.87
850.52
-1690.5
840
588.001,22.39,23.02,23.20,23.66,22.75,23.21,-0.2061,-2.70
850.52
-1690.5
840
588.501,22.43,23.02,23.20,23.66,22.75,23.21,-0.2055,-2.71
850.52
-1690.5
840
589.001,22.43,23.02,23.20,23.66,22.75,23.20,-0.2050,-2.76
850.52
-1690.5
840
589.501,22.43,23.02,23.20,23.66,22.75,23.20,-0.2044,-2.76
850.52
-1690.5
840
590.001,22.43,23.02,23.20,23.66,22.75,23.20,-0.2039,-2.77
850.52
-1690.5
840
590.501,22.43,23.02,23.20,23.66,22.75,23.20,-0.2033,-2.77
850.52
-1690.5
840
591.001,22.43,23.06,23.20,23.66,22.75,23.20,-0.2030,-2.91
850.52
-1690.5
840
591.501,22.43,23.02,23.20,23.66,22.75,23.20,-0.2026,-2.91
850.52
-1690.5
840
592.001,22.43,23.02,23.20,23.66,22.75,23.20,-0.2021,-2.79
850.52
-1690.5
840
592.501,22.43,23.02,23.20,23.66,22.75,23.20,-0.2016,-2.79
850.52
-1690.5
840
593.001,22.43,23.02,23.20,23.66,22.75,23.20,-0.2011,-2.80
850.52
-1690.5
840
593.501,22.43,23.02,23.20,23.66,22.75,23.20,-0.2006,-2.81
850.52
-1690.5
840
594.001,22.43,23.02,23.20,23.66,22.75,23.20,-0.2001,-2.81
850.52
-1690.5
840
594.501,22.43,23.02,23.20,23.65,22.74,23.20,-0.1997,-2.82
850.52
-1690.5
840
595.001,22.43,23.02,23.20,23.65,22.74,23.20,-0.1992,-2.82
850.52
-1690.5
840
595.501,22.43,23.02,23.20,23.65,22.74,23.20,-0.1987,-2.83
850.52
-1690.5
840
596.001,22.43,23.02,23.20,23.65,22.74,23.20,-0.1983,-2.83
850.52
-1690.5
840
596.501,22.43,23.02,23.20,23.65,22.74,23.20,-0.1978,-2.84
850.52
-1690.5
840
597.001,22.43,23.02,23.20,23.65,22.74,23.20,-0.1974,-2.84
850.52
-1690.5
840
597.501,22.43,23.02,23.20,23.65,22.74,23.20,-0.1970,-2.85
850.52
-1690.5
840
598.001,22.43,23.02,23.20,23.65,22.74,23.20,-0.1965,-2.86
850.52
-1690.5
840
598.501,22.43,22.99,23.20,23.65,22.74,23.20,-0.1960,-2.73
850.52
-1690.5
840
599.001,22.43,23.02,23.20,23.65,22.74,23.20,-0.1954,-2.74
850.52
-1690.5
840
599.501,22.43,23.02,23.20,23.65,22.74,23.19,-0.1950,-2.87
850.52
-1690.5
840
600.001,22.43,23.02,23.20,23.65,22.74,23.19,-0.1946,-2.88
850.52
-1690.5
840
600.501,22.43,23.02,23.16,23.65,22.74,23.19,-0.1942,-2.88
850.52
-1690.5
840
601.001,22.43,23.02,23.20,23.65,22.74,23.19,-0.1938,-2.89
850.52
-1690.5
840
601.501,22.43,22.99,23.20,23.65,22.74,23.19,-0.1933,-2.77
850.52
-1690.5
840
602.001,22.43,22.99,23.20,23.65,22.74,23.19,-0.1926,-2.64
850.52
-1690.5
840
602.501,22.43,23.02,23.16,23.65,22.74,23.19,-0.1921,-2.77
850.52
-1690.5
840
603.001,22.43,23.02,23.20,23.65,22.74,23.19,-0.1917,-2.91
850.52
-1690.5
840
603.501,22.43,23.02,23.16,23.65,22.74,23.19,-0.1914,-2.92
850.52
-1690.5
840
604.001,22.43,22.99,23.16,23.64,22.74,23.19,-0.1909,-2.79
850.52
-1690.5
840
604.501,22.43,23.02,23.20,23.64,22.74,23.19,-0.1904,-2.80
850.52
-1690.5
840
605.001,22.43,23.02,23.20,23.64,22.74,23.19,-0.1901,-2.93
850.52
-1690.5
840
605.501,22.43,22.99,23.20,23.64,22.74,23.19,-0.1896,-2.81
850.52
-1690.5
840
606.001,22.43,22.99,23.20,23.64,22.74,23.19,-0.1890,-2.69
850.52
-1690.5
840
606.501,22.43,22.99,23.20,23.64,22.74,23.19,-0.1884,-2.69
850.52
-1690.5
840
607.001,22.43,22.99,23.16,23.64,22.74,23.19,-0.1878,-2.70
850.52
-1690.5
840
607.501,22.43,23.02,23.16,23.64,22.74,23.19,-0.1873,-2.83
850.52
-1690.5
840
608.001,22.43,22.99,23.16,23.64,22.73,23.19,-0.1869,-2.84
850.52
-1690.5
840
608.501,22.43,22.99,23.16,23.64,22.73,23.19,-0.1863,-2.71
850.52
-1690.5
840
609.001,22.43,22.99,23.20,23.64,22.73,23.19,-0.1858,-2.72
850.52
-1690.5
840
609.501,22.43,23.02,23.20,23.64,22.73,23.19,-0.1854,-2.86
850.52
-1690.5
840
610.001,22.43,23.02,23.16,23.64,22.73,23.19,-0.1851,-2.99
850.52
-1690.5
840
610.501,22.43,22.99,23.16,23.64,22.73,23.18,-0.1847,-2.87
850.52
-1690.5
840
611.001,22.43,22.99,23.20,23.64,22.73,23.18,-0.1842,-2.74
850.52
-1690.5
840
611.501,22.43,22.99,23.20,23.63,22.73,23.18,-0.1836,-2.75
850.52
-1690.5
840
612.001,22.43,22.99,23.20,23.63,22.73,23.18,-0.1831,-2.75
850.52
-1690.5
840
612.501,22.43,22.99,23.16,23.63,22.73,23.18,-0.1826,-2.76
850.52
-1690.5
840
613.001,22.43,23.02,23.16,23.63,22.73,23.18,-0.1822,-2.89
850.52
-1690.5
840
613.501,22.43,22.99,23.20,23.63,22.73,23.18,-0.1819,-2.90
850.52
-1690.5
840
614.001,22.43,22.99,23.20,23.63,22.73,23.18,-0.1814,-2.77
850.52
-1690.5
840
614.501,22.43,22.99,23.20,23.63,22.73,23.18,-0.1809,-2.78
850.52
-1690.5
840
615.001,22.43,22.99,23.20,23.63,22.73,23.18,-0.1804,-2.79
850.52
-1690.5
840
615.501,22.43,23.02,23.20,23.63,22.73,23.18,-0.1801,-2.92
850.52
-1690.5
840
616.001,22.43,22.99,23.20,23.63,22.73,23.18,-0.1798,-2.92
850.52
-1690.5
840
616.501,22.43,22.99,23.16,23.63,22.73,23.18,-0.1793,-2.80
850.52
-1690.5
840
617.001,22.43,22.99,23.16,23.63,22.73,23.18,-0.1789,-2.81
850.52
-1690.5
840
617.501,22.43,22.99,23.16,23.63,22.73,23.18,-0.1784,-2.81
850.52
-1690.5
840
618.001,22.43,22.99,23.16,23.63,22.73,23.18,-0.1780,-2.82
850.52
-1690.5
840
618.501,22.43,23.02,23.16,23.63,22.73,23.18,-0.1777,-2.95
850.52
-1690.5
840
619.001,22.43,22.99,23.20,23.63,22.73,23.18,-0.1774,-2.96
850.52
-1690.5
840
619.501,22.43,22.99,23.20,23.63,22.73,23.18,-0.1770,-2.83
850.52
-1690.5
840
620.001,22.43,22.99,23.16,23.63,22.73,23.18,-0.1765,-2.84
850.52
-1690.5
840
620.501,22.43,22.99,23.20,23.63,22.73,23.18,-0.1761,-2.84
850.52
-1690.5
840
621.001,22.43,23.02,23.16,23.62,22.73,23.18,-0.1759,-2.98
850.52
-1690.5
840
621.501,22.43,23.02,23.16,23.62,22.73,23.18,-0.1758,-3.11
850.52
-1690.5
840
622.001,22.43,22.99,23.16,23.62,22.73,23.18,-0.1755,-2.98
850.52
-1690.5
840
622.501,22.43,22.99,23.20,23.62,22.73,23.18,-0.1751,-2.86
850.52
-1690.5
840
623.001,22.43,22.99,23.20,23.62,22.73,23.17,-0.1747,-2.87
850.52
-1690.5
840
623.501,22.43,22.99,23.20,23.62,22.73,23.17,-0.1743,-2.87
850.52
-1690.5
840
624.001,22.43,22.99,23.16,23.62,22.73,23.17,-0.1740,-2.88
850.52
-1690.5
840
624.501,22.43,23.02,23.16,23.62,22.72,23.17,-0.1737,-3.01
850.52
-1690.5
840
625.001,22.43,22.99,23.16,23.62,22.72,23.17,-0.1735,-3.01
850.52
-1690.5
840
625.501,22.43,22.99,23.16,23.62,22.72,23.17,-0.1731,-2.89
850.52
-1690.5
840
626.001,22.43,22.99,23.16,23.62,22.72,23.17,-0.1728,-2.89
850.52
-1690.5
840
626.501,22.43,23.02,23.16,23.62,22.72,23.17,-0.1726,-3.03
850.52
-1690.5
840
627.001,22.43,22.99,23.16,23.62,22.72,23.17,-0.1723,-3.03
850.52
-1690.5
840
627.501,22.39,22.99,23.16,23.62,22.72,23.17,-0.1719,-2.86
850.52
-1690.5
840
628.001,22.39,22.99,23.16,23.62,22.72,23.17,-0.1715,-2.82
850.52
-1690.5
840
628.501,22.43,22.99,23.16,23.62,22.72,23.17,-0.1711,-2.87
850.52
-1690.5
840
629.001,22.39,22.99,23.16,23.62,22.72,23.17,-0.1707,-2.87
850.52
-1690.5
840
629.501,22.39,22.99,23.16,23.62,22.72,23.17,-0.1703,-2.83
850.52
-1690.5
840
630.001,22.39,22.99,23.16,23.62,22.72,23.17,-0.1698,-2.84
850.52
-1690.5
840
630.501,22.39,22.99,23.16,23.62,22.72,23.17,-0.1694,-2.84
850.52
-1690.5
840
631.001,22.39,22.99,23.16,23.62,22.72,23.17,-0.1690,-2.84
850.52
-1690.5
840
631.501,22.39,22.99,23.16,23.62,22.72,23.17,-0.1686,-2.85
850.52
-1690.5
840
632.001,22.39,22.99,23.16,23.62,22.72,23.17,-0.1681,-2.85
850.52
-1690.5
840
632.501,22.39,22.99,23.16,23.62,22.72,23.17,-0.1677,-2.86
850.52
-1690.5
840
633.001,22.39,22.99,23.16,23.62,22.72,23.17,-0.1673,-2.86
850.52
-1690.5
840
633.501,22.39,22.99,23.16,23.62,22.72,23.17,-0.1669,-2.86
850.52
-1690.5
840
634.001,22.39,22.99,23.16,23.62,22.72,23.17,-0.1666,-2.87
850.52
-1690.5
840
634.501,22.39,22.99,23.16,23.61,22.72,23.17,-0.1662,-2.87
850.52
-1690.5
840
635.001,22.39,22.99,23.16,23.61,22.72,23.17,-0.1658,-2.88
850.52
-1690.5
840
635.501,22.39,22.99,23.16,23.61,22.72,23.17,-0.1654,-2.88
850.52
-1690.5
840
636.001,22.39,22.99,23.16,23.61,22.72,23.17,-0.1650,-2.88
850.52
-1690.5
840
636.501,22.39,22.99,23.20,23.61,22.72,23.16,-0.1647,-2.89
850.52
-1690.5
840
637.001,22.39,22.99,23.16,23.61,22.72,23.16,-0.1643,-2.89
850.52
-1690.5
840
637.501,22.39,22.99,23.16,23.61,22.71,23.16,-0.1640,-2.90
850.52
-1690.5
840
638.001,22.39,22.99,23.16,23.61,22.71,23.16,-0.1636,-2.90
850.52
-1690.5
840
638.501,22.39,22.99,23.16,23.61,22.71,23.16,-0.1633,-2.90
850.52
-1690.5
840
639.001,22.39,22.99,23.16,23.61,22.71,23.16,-0.1629,-2.91
850.52
-1690.5
840
639.501,22.39,22.99,23.16,23.61,22.71,23.16,-0.1626,-2.91
850.52
-1690.5
840
640.001,22.39,22.99,23.16,23.61,22.71,23.16,-0.1623,-2.92
850.52
-1690.5
840
640.501,22.39,22.99,23.16,23.61,22.71,23.16,-0.1619,-2.92
850.52
-1690.5
840
641.001,22.39,22.99,23.16,23.61,22.71,23.16,-0.1616,-2.92
850.52
-1690.5
840
641.501,22.39,22.99,23.16,23.61,22.71,23.16,-0.1613,-2.93
850.52
-1690.5
840
642.001,22.39,22.99,23.16,23.61,22.71,23.16,-0.1610,-2.93
850.52
-1690.5
840
642.501,22.39,22.96,23.16,23.61,22.71,23.16,-0.1605,-2.81
850.52
-1690.5
840
643.001,22.39,22.99,23.16,23.61,22.71,23.16,-0.1600,-2.81
850.52
-1690.5
840
643.501,22.39,22.99,23.16,23.61,22.71,23.16,-0.1597,-2.94
850.52
-1690.5
840
644.001,22.39,22.99,23.16,23.61,22.71,23.16,-0.1594,-2.95
850.52
-1690.5
840
644.501,22.39,22.99,23.16,23.61,22.71,23.16,-0.1591,-2.95
850.52
-1690.5
840
645.001,22.43,22.96,23.16,23.61,22.71,23.16,-0.1588,-2.87
850.52
-1690.5
840
645.501,22.39,22.99,23.16,23.61,22.71,23.16,-0.1584,-2.87
850.52
-1690.5
840
646.001,22.39,22.96,23.16,23.61,22.71,23.16,-0.1580,-2.84
850.52
-1690.5
840
646.501,22.39,22.99,23.16,23.61,22.71,23.16,-0.1575,-2.84
850.52
-1690.5
840
647.001,22.39,22.99,23.16,23.61,22.71,23.16,-0.1573,-2.97
850.52
-1690.5
840
647.501,22.39,22.96,23.16,23.61,22.71,23.16,-0.1569,-2.85
850.52
-1690.5
840
648.001,22.39,22.99,23.16,23.61,22.71,23.16,-0.1565,-2.85
850.52
-1690.5
840
648.501,22.39,22.99,23.16,23.61,22.71,23.16,-0.1562,-2.98
850.52
-1690.5
840
649.001,22.39,22.96,23.13,23.61,22.71,23.16,-0.1558,-2.86
850.52
-1690.5
840
649.501,22.39,22.99,23.16,23.60,22.71,23.16,-0.1554,-2.86
850.52
-1690.5
840
650.001,22.43,22.96,23.13,23.60,22.71,23.16,-0.1551,-2.91
850.52
-1690.5
840
650.501,22.39,22.99,23.16,23.60,22.71,23.15,-0.1548,-2.92
850.52
-1690.5
840
651.001,22.43,22.96,23.16,23.60,22.71,23.15,-0.1544,-2.92
850.52
-1690.5
840
651.501,22.39,22.99,23.13,23.60,22.71,23.15,-0.1541,-2.93
850.52
-1690.5
840
652.001,22.39,22.99,23.13,23.60,22.70,23.15,-0.1539,-3.01
850.52
-1690.5
840
652.501,22.43,22.96,23.16,23.60,22.70,23.15,-0.1536,-2.93
850.52
-1690.5
840
653.001,22.43,22.96,23.13,23.60,22.70,23.15,-0.1532,-2.86
850.52
-1690.5
840
653.501,22.39,22.99,23.16,23.60,22.70,23.15,-0.1529,-2.94
850.52
-1690.5
840
654.001,22.39,22.99,23.16,23.60,22.70,23.15,-0.1527,-3.03
850.52
-1690.5
840
654.501,22.39,22.99,23.13,23.60,22.70,23.15,-0.1525,-3.03
850.52
-1690.5
840
655.001,22.39,22.96,23.13,23.60,22.70,23.15,-0.1522,-2.91
850.52
-1690.5
840
655.501,22.39,22.96,23.13,23.60,22.70,23.15,-0.1517,-2.79
850.52
-1690.5
840
656.001,22.39,22.96,23.16,23.60,22.70,23.15,-0.1512,-2.79
850.52
-1690.5
840
656.501,22.39,22.96,23.13,23.60,22.70,23.15,-0.1507,-2.79
850.52
-1690.5
840
657.001,22.39,22.96,23.16,23.60,22.70,23.15,-0.1502,-2.80
850.52
-1690.5
840
657.501,22.39,22.96,23.13,23.60,22.70,23.15,-0.1498,-2.80
850.52
-1690.5
840
658.001,22.34,22.96,23.13,23.60,22.70,23.15,-0.1493,-2.76
850.52
-1690.5
840
658.501,22.39,22.96,23.13,23.60,22.70,23.15,-0.1488,-2.77
850.52
-1690.5
840
659.001,22.34,22.96,23.16,23.60,22.70,23.15,-0.1483,-2.77
850.52
-1690.5
840
659.501,22.39,22.96,23.13,23.60,22.70,23.15,-0.1478,-2.78
850.52
-1690.5
840
660.001,22.39,22.99,23.13,23.60,22.70,23.15,-0.1475,-2.96
850.52
-1690.5
840
660.501,22.34,22.96,23.13,23.59,22.70,23.15,-0.1472,-2.91
850.52
-1690.5
840
661.001,22.39,22.96,23.13,23.59,22.70,23.15,-0.1467,-2.79
850.52
-1690.5
840
661.501,22.39,22.96,23.13,23.59,22.70,23.15,-0.1463,-2.84
850.52
-1690.5
840
662.001,22.39,22.96,23.13,23.59,22.70,23.15,-0.1459,-2.84
850.52
-1690.5
840
662.501,22.39,22.99,23.13,23.59,22.70,23.15,-0.1457,-2.97
850.52
-1690.5
840
663.001,22.39,22.96,23.13,23.59,22.70,23.15,-0.1454,-2.98
850.52
-1690.5
840
663.501,22.39,22.96,23.13,23.59,22.70,23.15,-0.1451,-2.85
850.52
-1690.5
840
664.001,22.39,22.96,23.13,23.59,22.70,23.14,-0.1447,-2.86
850.52
-1690.5
840
664.501,22.39,22.96,23.13,23.59,22.70,23.14,-0.1443,-2.86
850.52
-1690.5
840
665.001,22.39,22.96,23.13,23.59,22.70,23.14,-0.1439,-2.86
850.52
-1690.5
840
665.501,22.39,22.96,23.13,23.59,22.70,23.14,-0.1436,-2.87
850.52
-1690.5
840
666.001,22.39,22.96,23.13,23.59,22.70,23.14,-0.1432,-2.87
850.52
-1690.5
840
666.501,22.39,22.96,23.13,23.59,22.70,23.14,-0.1428,-2.88
850.52
-1690.5
840
667.001,22.39,22.96,23.13,23.59,22.70,23.14,-0.1425,-2.88
850.52
-1690.5
840
667.501,22.39,22.96,23.13,23.59,22.70,23.14,-0.1422,-2.89
850.52
-1690.5
840
668.001,22.39,22.96,23.13,23.59,22.70,23.14,-0.1418,-2.89
850.52
-1690.5
840
668.501,22.39,22.96,23.13,23.59,22.70,23.14,-0.1415,-2.89
850.52
-1690.5
840
669.001,22.39,22.96,23.13,23.59,22.69,23.14,-0.1411,-2.90
850.52
-1690.5
840
669.501,22.39,22.96,23.13,23.59,22.69,23.14,-0.1408,-2.90
850.52
-1690.5
840
670.001,22.39,22.96,23.13,23.59,22.69,23.14,-0.1405,-2.91
850.52
-1690.5
840
670.501,22.39,22.96,23.13,23.59,22.69,23.14,-0.1402,-2.91
850.52
-1690.5
840
671.001,22.39,22.96,23.13,23.59,22.69,23.14,-0.1399,-2.91
850.52
-1690.5
840
671.501,22.39,22.96,23.13,23.59,22.69,23.14,-0.1396,-2.92
850.52
-1690.5
840
672.001,22.39,22.96,23.13,23.59,22.69,23.14,-0.1393,-2.92
850.52
-1690.5
840
672.501,22.39,22.96,23.13,23.58,22.69,23.14,-0.1390,-2.93
850.52
-1690.5
840
673.001,22.39,22.96,23.13,23.58,22.69,23.14,-0.1387,-2.93
850.52
-1690.5
840
673.501,22.39,22.96,23.13,23.58,22.69,23.14,-0.1384,-2.93
850.52
-1690.5
840
674.001,22.39,22.96,23.13,23.58,22.69,23.14,-0.1381,-2.94
850.52
-1690.5
840
674.501,22.39,22.96,23.13,23.58,22.69,23.14,-0.1378,-2.94
850.52
-1690.5
840
675.001,22.39,22.96,23.13,23.58,22.69,23.14,-0.1376,-2.94
850.52
-1690.5
840
675.501,22.39,22.96,23.13,23.58,22.69,23.14,-0.1373,-2.95
850.52
-1690.5
840
676.001,22.39,22.96,23.13,23.58,22.69,23.14,-0.1370,-2.95
850.52
-1690.5
840
676.501,22.39,22.96,23.13,23.58,22.69,23.14,-0.1368,-2.96
850.52
-1690.5
840
677.001,22.39,22.96,23.13,23.58,22.69,23.14,-0.1365,-2.96
850.52
-1690.5
840
677.501,22.39,22.96,23.13,23.58,22.69,23.14,-0.1363,-2.96
850.52
-1690.5
840
678.001,22.39,22.96,23.13,23.58,22.69,23.14,-0.1360,-2.97
850.52
-1690.5
840
678.501,22.39,22.96,23.13,23.58,22.69,23.14,-0.1358,-2.97
850.52
-1690.5
840
679.001,22.39,22.96,23.13,23.58,22.69,23.14,-0.1355,-2.97
850.52
-1690.5
840
679.501,22.39,22.96,23.13,23.58,22.69,23.14,-0.1353,-2.98
850.52
-1690.5
840
680.001,22.39,22.96,23.13,23.58,22.69,23.14,-0.1350,-2.98
850.52
-1690.5
840
680.501,22.39,22.96,23.13,23.58,22.69,23.13,-0.1348,-2.98
850.52
-1690.5
840
681.001,22.39,22.96,23.13,23.58,22.69,23.13,-0.1346,-2.99
850.52
-1690.5
840
681.501,22.39,22.96,23.13,23.58,22.69,23.13,-0.1343,-2.99
850.52
-1690.5
840
682.001,22.39,22.96,23.13,23.58,22.69,23.13,-0.1341,-2.99
850.52
-1690.5
840
682.501,22.39,22.96,23.13,23.58,22.69,23.13,-0.1339,-3.00
850.52
-1690.5
840
683.001,22.39,22.96,23.13,23.58,22.69,23.13,-0.1337,-3.00
850.52
-1690.5
840
683.501,22.39,22.96,23.13,23.58,22.69,23.13,-0.1335,-3.01
850.52
-1690.5
840
684.001,22.34,22.96,23.13,23.58,22.69,23.13,-0.1332,-2.96
850.52
-1690.5
840
684.501,22.39,22.96,23.13,23.58,22.69,23.13,-0.1329,-2.96
850.52
-1690.5
840
685.001,22.39,22.96,23.13,23.58,22.69,23.13,-0.1327,-3.01
850.52
-1690.5
840
685.501,22.39,22.96,23.13,23.58,22.69,23.13,-0.1325,-3.02
850.52
-1690.5
840
686.001,22.39,22.96,23.13,23.58,22.69,23.13,-0.1323,-3.02
850.52
-1690.5
840
686.501,22.39,22.96,23.13,23.58,22.69,23.13,-0.1321,-3.02
850.52
-1690.5
840
687.001,22.34,22.96,23.13,23.58,22.69,23.13,-0.1319,-2.98
850.52
-1690.5
840
687.501,22.39,22.96,23.13,23.58,22.69,23.13,-0.1316,-2.98
850.52
-1690.5
840
688.001,22.34,22.96,23.13,23.58,22.69,23.13,-0.1314,-2.99
850.52
-1690.5
840
688.501,22.34,22.96,23.13,23.58,22.69,23.13,-0.1311,-2.94
850.52
-1690.5
840
689.001,22.34,22.96,23.13,23.58,22.69,23.13,-0.1308,-2.94
850.52
-1690.5
840
689.501,22.34,22.96,23.13,23.58,22.68,23.13,-0.1305,-2.95
850.52
-1690.5
840
690.001,22.34,22.96,23.13,23.58,22.68,23.13,-0.1302,-2.95
850.52
-1690.5
840
690.501,22.34,22.96,23.13,23.58,22.68,23.13,-0.1300,-2.95
850.52
-1690.5
840
691.001,22.34,22.96,23.13,23.58,22.68,23.13,-0.1297,-2.96
850.52
-1690.5
840
691.501,22.34,22.93,23.13,23.58,22.68,23.13,-0.1293,-2.83
850.52
-1690.5
840
692.001,22.34,22.96,23.13,23.57,22.68,23.13,-0.1288,-2.83
850.52
-1690.5
840
692.501,22.34,22.96,23.13,23.57,22.68,23.13,-0.1286,-2.97
850.52
-1690.5
840
693.001,22.34,22.96,23.13,23.57,22.68,23.13,-0.1283,-2.97
850.52
-1690.5
840
693.501,22.39,22.96,23.13,23.57,22.68,23.13,-0.1281,-3.02
850.52
-1690.5
840
694.001,22.34,22.96,23.13,23.57,22.68,23.13,-0.1279,-3.02
850.52
-1690.5
840
694.501,22.34,22.96,23.13,23.57,22.68,23.13,-0.1277,-2.98
850.52
-1690.5
840
695.001,22.34,22.96,23.13,23.57,22.68,23.13,-0.1274,-2.98
850.52
-1690.5
840
695.501,22.34,22.96,23.13,23.57,22.68,23.13,-0.1272,-2.98
850.52
-1690.5
840
696.001,22.34,22.93,23.09,23.57,22.68,23.13,-0.1268,-2.86
850.52
-1690.5
840
696.501,22.34,22.96,23.13,23.57,22.68,23.13,-0.1264,-2.86
850.52
-1690.5
840
697.001,22.34,22.93,23.13,23.57,22.68,23.13,-0.1260,-2.87
850.52
-1690.5
840
697.501,22.34,22.96,23.13,23.57,22.68,23.13,-0.1256,-2.86
850.52
-1690.5
840
698.001,22.34,22.96,23.13,23.57,22.68,23.13,-0.1254,-3.00
850.52
-1690.5
840
698.501,22.34,22.96,23.13,23.57,22.68,23.13,-0.1252,-3.00
850.52
-1690.5
840
699.001,22.34,22.96,23.13,23.57,22.68,23.12,-0.1250,-3.00
850.52
-1690.5
840
699.501,22.34,22.93,23.13,23.57,22.68,23.12,-0.1246,-2.88
850.52
-1690.5
840
700.001,22.34,22.96,23.13,23.57,22.68,23.12,-0.1242,-2.88
850.52
-1690.5
840
700.501,22.34,22.96,23.13,23.57,22.68,23.12,-0.1240,-3.01
850.52
-1690.5
840
701.001,22.34,22.93,23.13,23.57,22.68,23.12,-0.1237,-2.89
850.52
-1690.5
840
701.501,22.34,22.96,23.13,23.57,22.68,23.12,-0.1233,-2.89
850.52
-1690.5
840
702.001,22.34,22.93,23.13,23.57,22.68,23.12,-0.1230,-2.89
850.52
-1690.5
840
702.501,22.34,22.93,23.13,23.57,22.68,23.12,-0.1225,-2.77
850.52
-1690.5
840
703.001,22.34,22.96,23.13,23.57,22.68,23.12,-0.1221,-2.90
850.52
-1690.5
840
703.501,22.34,22.93,23.13,23.57,22.67,23.12,-0.1218,-2.90
850.52
-1690.5
840
704.001,22.34,22.93,23.09,23.57,22.67,23.12,-0.1213,-2.78
850.52
-1690.5
840
704.501,22.34,22.96,23.09,23.57,22.67,23.12,-0.1210,-2.91
850.52
-1690.5
840
705.001,22.34,22.93,23.13,23.57,22.67,23.12,-0.1207,-2.91
850.52
-1690.5
840
705.501,22.34,22.93,23.13,23.57,22.67,23.12,-0.1203,-2.79
850.52
-1690.5
840
706.001,22.34,22.93,23.09,23.57,22.67,23.12,-0.1198,-2.79
850.52
-1690.5
840
706.501,22.34,22.96,23.13,23.57,22.67,23.12,-0.1195,-2.92
850.52
-1690.5
840
707.001,22.34,22.93,23.13,23.57,22.67,23.12,-0.1192,-2.93
850.52
-1690.5
840
707.501,22.34,22.93,23.13,23.57,22.67,23.12,-0.1188,-2.80
850.52
-1690.5
840
708.001,22.34,22.93,23.09,23.56,22.67,23.12,-0.1184,-2.81
850.52
-1690.5
840
708.501,22.34,22.93,23.09,23.56,22.67,23.12,-0.1179,-2.81
850.52
-1690.5
840
709.001,22.34,22.93,23.09,23.56,22.67,23.12,-0.1175,-2.81
850.52
-1690.5
840
709.501,22.34,22.93,23.13,23.56,22.67,23.12,-0.1171,-2.82
850.52
-1690.5
840
710.001,22.34,22.93,23.09,23.56,22.67,23.12,-0.1167,-2.82
850.52
-1690.5
840
710.501,22.34,22.93,23.09,23.56,22.67,23.12,-0.1163,-2.83
850.52
-1690.5
840
711.001,22.34,22.93,23.09,23.56,22.67,23.12,-0.1159,-2.83
850.52
-1690.5
840
711.501,22.34,22.93,23.09,23.56,22.67,23.12,-0.1155,-2.83
850.52
-1690.5
840
712.001,22.34,22.93,23.09,23.56,22.67,23.12,-0.1152,-2.84
850.52
-1690.5
840
712.501,22.34,22.93,23.09,23.56,22.67,23.11,-0.1148,-2.84
850.52
-1690.5
840
713.001,22.34,22.93,23.09,23.56,22.67,23.11,-0.1144,-2.84
850.52
-1690.5
840
713.501,22.34,22.93,23.09,23.56,22.67,23.11,-0.1140,-2.85
850.52
-1690.5
840
714.001,22.34,22.93,23.09,23.56,22.67,23.11,-0.1137,-2.85
850.52
-1690.5
840
714.501,22.34,22.93,23.09,23.56,22.67,23.11,-0.1133,-2.85
850.52
-1690.5
840
715.001,22.34,22.93,23.09,23.56,22.67,23.11,-0.1130,-2.86
850.52
-1690.5
840
715.501,22.34,22.96,23.09,23.56,22.67,23.11,-0.1128,-2.99
850.52
-1690.5
840
716.001,22.34,22.93,23.09,23.56,22.67,23.11,-0.1126,-2.99
850.52
-1690.5
840
716.501,22.34,22.93,23.09,23.56,22.67,23.11,-0.1123,-2.86
850.52
-1690.5
840
717.001,22.34,22.93,23.09,23.56,22.67,23.11,-0.1119,-2.87
850.52
-1690.5
840
717.501,22.34,22.93,23.09,23.56,22.67,23.11,-0.1116,-2.87
850.52
-1690.5
840
718.001,22.34,22.93,23.09,23.56,22.67,23.11,-0.1113,-2.88
850.52
-1690.5
840
718.501,22.34,22.93,23.09,23.56,22.67,23.11,-0.1110,-2.88
850.52
-1690.5
840
719.001,22.34,22.93,23.09,23.56,22.67,23.11,-0.1107,-2.88
850.52
-1690.5
840
719.501,22.34,22.93,23.09,23.56,22.67,23.11,-0.1104,-2.88
850.52
-1690.5
840
720.001,22.34,22.93,23.09,23.55,22.67,23.11,-0.1101,-2.89
850.52
-1690.5
840
720.501,22.34,22.93,23.09,23.55,22.67,23.11,-0.1098,-2.89
850.52
-1690.5
840
721.001,22.34,22.93,23.09,23.55,22.66,23.11,-0.1095,-2.89
850.52
-1690.5
840
721.501,22.34,22.93,23.09,23.55,22.66,23.11,-0.1092,-2.90
850.52
-1690.5
840
722.001,22.34,22.93,23.09,23.55,22.66,23.11,-0.1089,-2.90
850.52
-1690.5
840
722.501,22.34,22.93,23.09,23.55,22.66,23.11,-0.1086,-2.90
850.52
-1690.5
840
723.001,22.34,22.93,23.09,23.55,22.66,23.11,-0.1083,-2.91
850.52
-1690.5
840
723.501,22.34,22.93,23.09,23.55,22.66,23.11,-0.1080,-2.91
850.52
-1690.5
840
724.001,22.34,22.93,23.09,23.55,22.66,23.11,-0.1078,-2.91
850.52
-1690.5
840
724.501,22.34,22.93,23.09,23.55,22.66,23.11,-0.1075,-2.92
850.52
-1690.5
840
725.001,22.34,22.93,23.09,23.55,22.66,23.11,-0.1073,-2.92
850.52
-1690.5
840
725.501,22.34,22.93,23.09,23.55,22.66,23.11,-0.1070,-2.92
850.52
-1690.5
840
726.001,22.34,22.93,23.09,23.55,22.66,23.11,-0.1067,-2.92
850.52
-1690.5
840
726.501,22.34,22.93,23.09,23.55,22.66,23.11,-0.1065,-2.93
850.52
-1690.5
840
727.001,22.34,22.93,23.09,23.55,22.66,23.11,-0.1062,-2.93
850.52
-1690.5
840
727.501,22.34,22.93,23.09,23.55,22.66,23.11,-0.1060,-2.93
850.52
-1690.5
840
728.001,22.34,22.93,23.09,23.55,22.66,23.11,-0.1058,-2.93
850.52
-1690.5
840
728.501,22.34,22.93,23.09,23.55,22.66,23.11,-0.1055,-2.94
850.52
-1690.5
840
729.001,22.34,22.93,23.09,23.55,22.66,23.11,-0.1053,-2.94
850.52
-1690.5
840
729.501,22.34,22.93,23.09,23.55,22.66,23.11,-0.1051,-2.94
850.52
-1690.5
840
730.001,22.34,22.93,23.09,23.55,22.66,23.10,-0.1048,-2.95
850.52
-1690.5
840
730.501,22.34,22.93,23.09,23.55,22.66,23.10,-0.1046,-2.95
850.52
-1690.5
840
731.001,22.34,22.93,23.09,23.55,22.66,23.10,-0.1044,-2.95
850.52
-1690.5
840
731.501,22.34,22.93,23.09,23.55,22.66,23.10,-0.1042,-2.95
850.52
-1690.5
840
732.001,22.39,22.93,23.09,23.55,22.66,23.10,-0.1040,-3.00
850.52
-1690.5
840
732.501,22.34,22.93,23.09,23.55,22.66,23.10,-0.1038,-3.00
850.52
-1690.5
840
733.001,22.34,22.93,23.09,23.55,22.66,23.10,-0.1036,-2.96
850.52
-1690.5
840
733.501,22.34,22.93,23.06,23.55,22.66,23.10,-0.1034,-2.97
850.52
-1690.5
840
734.001,22.34,22.93,23.09,23.55,22.66,23.10,-0.1032,-2.97
850.52
-1690.5
840
734.501,22.34,22.93,23.09,23.55,22.66,23.10,-0.1030,-2.97
850.52
-1690.5
840
735.001,22.34,22.93,23.09,23.55,22.66,23.10,-0.1028,-2.97
850.52
-1690.5
840
735.501,22.34,22.93,23.09,23.55,22.66,23.10,-0.1026,-2.97
850.52
-1690.5
840
736.001,22.34,22.93,23.09,23.55,22.66,23.10,-0.1024,-2.98
850.52
-1690.5
840
736.501,22.34,22.93,23.09,23.55,22.66,23.10,-0.1022,-2.98
850.52
-1690.5
840
737.001,22.34,22.93,23.09,23.55,22.66,23.10,-0.1021,-2.98
850.52
-1690.5
840
737.501,22.34,22.93,23.09,23.55,22.66,23.10,-0.1019,-2.98
850.52
-1690.5
840
738.001,22.34,22.93,23.09,23.55,22.66,23.10,-0.1017,-2.99
850.52
-1690.5
840
738.501,22.34,22.93,23.09,23.55,22.66,23.10,-0.1015,-2.99
850.52
-1690.5
840
739.001,22.34,22.93,23.09,23.55,22.66,23.10,-0.1013,-2.99
850.52
-1690.5
840
739.501,22.34,22.93,23.09,23.55,22.66,23.10,-0.1011,-3.00
850.52
-1690.5
840
740.001,22.34,22.93,23.09,23.55,22.66,23.10,-0.1010,-3.00
850.52
-1690.5
840
740.501,22.34,22.93,23.09,23.55,22.66,23.10,-0.1008,-3.00
850.52
-1690.5
840
741.001,22.34,22.93,23.09,23.54,22.66,23.10,-0.1006,-3.00
850.52
-1690.5
840
741.501,22.34,22.93,23.09,23.54,22.66,23.10,-0.1005,-3.00
850.52
-1690.5
840
742.001,22.34,22.93,23.09,23.54,22.66,23.10,-0.1003,-3.01
850.52
-1690.5
840
742.501,22.34,22.93,23.09,23.54,22.66,23.10,-0.1001,-3.01
850.52
-1690.5
840
743.001,22.34,22.93,23.09,23.54,22.66,23.10,-0.1000,-3.01
850.52
-1690.5
840
743.501,22.34,22.93,23.09,23.54,22.66,23.10,-0.0998,-3.01
850.52
-1690.5
840
744.001,22.34,22.93,23.09,23.54,22.66,23.10,-0.0997,-3.01
850.52
-1690.5
840
744.501,22.34,22.93,23.09,23.54,22.66,23.10,-0.0995,-3.02
850.52
-1690.5
840
745.001,22.34,22.93,23.09,23.54,22.65,23.10,-0.0994,-3.02
850.52
-1690.5
840
745.501,22.30,22.93,23.09,23.54,22.65,23.10,-0.0991,-2.98
850.52
-1690.5
840
746.001,22.30,22.93,23.09,23.54,22.65,23.10,-0.0989,-2.93
850.52
-1690.5
840
746.501,22.30,22.93,23.06,23.54,22.65,23.10,-0.0986,-2.94
850.52
-1690.5
840
747.001,22.30,22.93,23.09,23.54,22.65,23.10,-0.0984,-2.93
850.52
-1690.5
840
747.501,22.30,22.93,23.09,23.54,22.65,23.10,-0.0981,-2.94
850.52
-1690.5
840
748.001,22.30,22.93,23.09,23.54,22.65,23.10,-0.0979,-2.94
850.52
-1690.5
840
748.501,22.30,22.93,23.09,23.54,22.65,23.10,-0.0976,-2.94
850.52
-1690.5
840
749.001,22.30,22.93,23.09,23.54,22.65,23.10,-0.0974,-2.94
850.52
-1690.5
840
749.501,22.30,22.93,23.06,23.54,22.65,23.10,-0.0972,-2.94
850.52
-1690.5
840
750.001,22.30,22.93,23.06,23.54,22.65,23.10,-0.0969,-2.95
850.52
-1690.5
840
750.501,22.30,22.93,23.09,23.54,22.65,23.10,-0.0967,-2.95
850.52
-1690.5
840
751.001,22.30,22.93,23.09,23.54,22.65,23.10,-0.0965,-2.95
850.52
-1690.5
840
751.501,22.30,22.93,23.09,23.54,22.65,23.10,-0.0962,-2.95
850.52
-1690.5
840
752.001,22.30,22.93,23.09,23.54,22.65,23.10,-0.0960,-2.95
850.52
-1690.5
840
752.501,22.30,22.93,23.09,23.54,22.65,23.10,-0.0958,-2.96
850.52
-1690.5
840
753.001,22.30,22.93,23.06,23.54,22.65,23.10,-0.0956,-2.96
850.52
-1690.5
840
753.501,22.30,22.93,23.09,23.54,22.65,23.10,-0.0953,-2.96
850.52
-1690.5
840
754.001,22.30,22.89,23.09,23.54,22.65,23.09,-0.0950,-2.83
850.52
-1690.5
840
754.501,22.30,22.89,23.09,23.54,22.65,23.09,-0.0944,-2.71
850.52
-1690.5
840
755.001,22.30,22.89,23.09,23.54,22.65,23.09,-0.0939,-2.71
850.52
-1690.5
840
755.501,22.30,22.93,23.09,23.54,22.65,23.09,-0.0936,-2.84
850.52
-1690.5
840
756.001,22.30,22.89,23.06,23.54,22.65,23.09,-0.0932,-2.84
850.52
-1690.5
840
756.501,22.34,22.89,23.09,23.54,22.65,23.09,-0.0928,-2.76
850.52
-1690.5
840
757.001,22.34,22.89,23.09,23.54,22.65,23.09,-0.0924,-2.81
850.52
-1690.5
840
757.501,22.30,22.93,23.09,23.54,22.65,23.09,-0.0922,-2.90
850.52
-1690.5
840
758.001,22.34,22.93,23.09,23.54,22.65,23.09,-0.0920,-3.03
850.52
-1690.5
840
758.501,22.34,22.89,23.09,23.54,22.65,23.09,-0.0918,-2.95
850.52
-1690.5
840
759.001,22.34,22.89,23.09,23.54,22.65,23.09,-0.0915,-2.83
850.52
-1690.5
840
759.501,22.34,22.93,23.06,23.54,22.65,23.09,-0.0913,-2.96
850.52
-1690.5
840
760.001,22.34,22.93,23.09,23.54,22.65,23.09,-0.0912,-3.09
850.52
-1690.5
840
760.501,22.34,22.89,23.09,23.54,22.65,23.09,-0.0910,-2.96
850.52
-1690.5
840
761.001,22.34,22.89,23.09,23.54,22.65,23.09,-0.0907,-2.84
850.52
-1690.5
840
761.501,22.30,22.93,23.09,23.54,22.65,23.09,-0.0904,-2.92
850.52
-1690.5
840
762.001,22.30,22.89,23.09,23.54,22.65,23.09,-0.0902,-2.88
850.52
-1690.5
840
762.501,22.34,22.93,23.09,23.54,22.64,23.09,-0.0899,-2.93
850.52
-1690.5
840
763.001,22.34,22.93,23.09,23.54,22.64,23.09,-0.0899,-3.10
850.52
-1690.5
840
763.501,22.30,22.93,23.09,23.54,22.64,23.09,-0.0898,-3.06
850.52
-1690.5
840
764.001,22.30,22.93,23.09,23.54,22.64,23.09,-0.0897,-3.02
850.52
-1690.5
840
764.501,22.30,22.93,23.09,23.54,22.64,23.09,-0.0895,-3.02
850.52
-1690.5
840
765.001,22.30,22.89,23.09,23.53,22.64,23.09,-0.0893,-2.89
850.52
-1690.5
840
765.501,22.34,22.93,23.09,23.53,22.64,23.09,-0.0890,-2.94
850.52
-1690.5
840
766.001,22.30,22.89,23.09,23.53,22.64,23.09,-0.0888,-2.94
850.52
-1690.5
840
766.501,22.30,22.93,23.09,23.53,22.64,23.09,-0.0885,-2.90
850.52
-1690.5
840
767.001,22.30,22.93,23.09,23.53,22.64,23.09,-0.0884,-3.03
850.52
-1690.5
840
767.501,22.30,22.89,23.09,23.53,22.64,23.09,-0.0881,-2.90
850.52
-1690.5
840
768.001,22.30,22.93,23.09,23.53,22.64,23.09,-0.0879,-2.90
850.52
-1690.5
840
768.501,22.30,22.89,23.09,23.53,22.64,23.09,-0.0876,-2.90
850.52
-1690.5
840
769.001,22.30,22.93,23.09,23.53,22.64,23.09,-0.0874,-2.91
850.52
-1690.5
840
769.501,22.30,22.93,23.09,23.53,22.64,23.09,-0.0872,-3.04
850.52
-1690.5
840
770.001,22.30,22.93,23.09,23.53,22.64,23.09,-0.0871,-3.04
850.52
-1690.5
840
770.501,22.30,22.89,23.09,23.53,22.64,23.09,-0.0869,-2.91
850.52
-1690.5
840
771.001,22.30,22.93,23.06,23.53,22.64,23.09,-0.0866,-2.91
850.52
-1690.5
840
771.501,22.30,22.93,23.09,23.53,22.64,23.09,-0.0865,-3.04
850.52
-1690.5
840
772.001,22.30,22.89,23.09,23.53,22.64,23.09,-0.0863,-2.92
850.52
-1690.5
840
772.501,22.30,22.93,23.09,23.53,22.64,23.09,-0.0860,-2.92
850.52
-1690.5
840
773.001,22.30,22.93,23.09,23.53,22.64,23.09,-0.0859,-3.05
850.52
-1690.5
840
773.501,22.30,22.89,23.09,23.53,22.64,23.09,-0.0857,-2.92
850.52
-1690.5
840
774.001,22.30,22.93,23.09,23.53,22.64,23.09,-0.0855,-2.92
850.52
-1690.5
840
774.501,22.30,22.93,23.09,23.53,22.64,23.09,-0.0854,-3.06
850.52
-1690.5
840
775.001,22.30,22.89,23.09,23.53,22.64,23.09,-0.0851,-2.93
850.52
-1690.5
840
775.501,22.30,22.89,23.09,23.53,22.64,23.08,-0.0848,-2.80
850.52
-1690.5
840
776.001,22.30,22.93,23.09,23.53,22.64,23.08,-0.0845,-2.93
850.52
-1690.5
840
776.501,22.30,22.89,23.09,23.53,22.64,23.08,-0.0843,-2.93
850.52
-1690.5
840
777.001,22.30,22.93,23.09,23.53,22.64,23.08,-0.0841,-2.94
850.52
-1690.5
840
777.501,22.30,22.89,23.09,23.53,22.64,23.08,-0.0839,-2.94
850.52
-1690.5
840
778.001,22.30,22.93,23.09,23.53,22.64,23.08,-0.0836,-2.94
850.52
-1690.5
840
778.501,22.30,22.93,23.09,23.53,22.64,23.08,-0.0836,-3.07
850.52
-1690.5
840
779.001,22.30,22.89,23.09,23.53,22.64,23.08,-0.0834,-2.94
850.52
-1690.5
840
779.501,22.30,22.89,23.09,23.53,22.64,23.08,-0.0830,-2.81
850.52
-1690.5
840
780.001,22.30,22.93,23.09,23.53,22.64,23.08,-0.0828,-2.95
850.52
-1690.5
840
780.501,22.30,22.93,23.06,23.53,22.64,23.08,-0.0828,-3.08
850.52
-1690.5
840
781.001,22.30,22.89,23.09,23.53,22.63,23.08,-0.0825,-2.95
850.52
-1690.5
840
781.501,22.30,22.89,23.09,23.53,22.63,23.08,-0.0822,-2.82
850.52
-1690.5
840
782.001,22.30,22.93,23.09,23.53,22.63,23.08,-0.0820,-2.95
850.52
-1690.5
840
782.501,22.30,22.89,23.06,23.53,22.63,23.08,-0.0818,-2.96
850.52
-1690.5
840
783.001,22.30,22.89,23.06,23.53,22.63,23.08,-0.0815,-2.83
850.52
-1690.5
840
783.501,22.30,22.93,23.09,23.53,22.63,23.08,-0.0813,-2.96
850.52
-1690.5
840
784.001,22.30,22.89,23.09,23.53,22.63,23.08,-0.0811,-2.96
850.52
-1690.5
840
784.501,22.30,22.89,23.09,23.53,22.63,23.08,-0.0808,-2.84
850.52
-1690.5
840
785.001,22.30,22.93,23.09,23.53,22.63,23.08,-0.0806,-2.97
850.52
-1690.5
840
785.501,22.30,22.93,23.09,23.53,22.63,23.08,-0.0806,-3.10
850.52
-1690.5
840
786.001,22.30,22.86,23.09,23.53,22.63,23.08,-0.0802,-2.84
850.52
-1690.5
840
786.501,22.30,22.89,23.09,23.53,22.63,23.08,-0.0798,-2.71
850.52
-1690.5
840
787.001,22.30,22.89,23.09,23.53,22.63,23.08,-0.0794,-2.85
850.52
-1690.5
840
787.501,22.30,22.89,23.06,23.53,22.63,23.08,-0.0791,-2.85
850.52
-1690.5
840
788.001,22.34,22.89,23.09,23.53,22.63,23.08,-0.0789,-2.90
850.52
-1690.5
840
788.501,22.34,22.89,23.09,23.53,22.63,23.08,-0.0787,-2.95
850.52
-1690.5
840
789.001,22.30,22.89,23.09,23.53,22.63,23.08,-0.0785,-2.90
850.52
-1690.5
840
789.501,22.30,22.89,23.06,23.52,22.63,23.08,-0.0782,-2.86
850.52
-1690.5
840
790.001,22.30,22.93,23.09,23.52,22.63,23.08,-0.0780,-2.99
850.52
-1690.5
840
790.501,22.30,22.93,23.06,23.53,22.63,23.08,-0.0780,-3.12
850.52
-1690.5
840
791.001,22.30,22.89,23.06,23.53,22.63,23.08,-0.0779,-2.99
850.52
-1690.5
840
791.501,22.30,22.89,23.09,23.52,22.63,23.08,-0.0776,-2.87
850.52
-1690.5
840
792.001,22.34,22.89,23.09,23.52,22.63,23.08,-0.0774,-2.92
850.52
-1690.5
840
792.501,22.30,22.89,23.06,23.52,22.63,23.08,-0.0772,-2.92
850.52
-1690.5
840
793.001,22.30,22.89,23.06,23.52,22.63,23.08,-0.0769,-2.87
850.52
-1690.5
840
793.501,22.30,22.89,23.06,23.52,22.63,23.08,-0.0766,-2.88
850.52
-1690.5
840
794.001,22.30,22.89,23.06,23.52,22.63,23.08,-0.0764,-2.88
850.52
-1690.5
840
794.501,22.34,22.89,23.06,23.52,22.63,23.08,-0.0762,-2.93
850.52
-1690.5
840
795.001,22.34,22.89,23.06,23.52,22.63,23.08,-0.0760,-2.98
850.52
-1690.5
840
795.501,22.30,22.89,23.06,23.52,22.63,23.08,-0.0758,-2.93
850.52
-1690.5
840
796.001,22.30,22.89,23.06,23.52,22.63,23.08,-0.0756,-2.89
850.52
-1690.5
840
796.501,22.30,22.93,23.06,23.52,22.63,23.08,-0.0755,-3.02
850.52
-1690.5
840
797.001,22.30,22.89,23.06,23.52,22.63,23.08,-0.0754,-3.02
850.52
-1690.5
840
797.501,22.30,22.89,23.06,23.52,22.63,23.08,-0.0751,-2.89
850.52
-1690.5
840
798.001,22.30,22.89,23.09,23.52,22.63,23.07,-0.0749,-2.90
850.52
-1690.5
840
798.501,22.34,22.89,23.06,23.52,22.63,23.07,-0.0747,-2.94
850.52
-1690.5
840
799.001,22.30,22.89,23.06,23.52,22.63,23.07,-0.0745,-2.95
850.52
-1690.5
840
799.501,22.34,22.89,23.06,23.52,22.63,23.07,-0.0743,-2.95
850.52
-1690.5
840
800.001,22.30,22.89,23.09,23.52,22.63,23.07,-0.0741,-2.95
850.52
-1690.5
840
800.501,22.30,22.89,23.09,23.52,22.63,23.07,-0.0739,-2.91
850.52
-1690.5
840
801.001,22.30,22.89,23.06,23.52,22.63,23.07,-0.0737,-2.91
850.52
-1690.5
840
801.501,22.30,22.89,23.06,23.52,22.63,23.07,-0.0735,-2.91
850.52
-1690.5
840
802.001,22.30,22.89,23.06,23.52,22.63,23.07,-0.0733,-2.91
850.52
-1690.5
840
802.501,22.30,22.89,23.06,23.52,22.63,23.07,-0.0730,-2.92
850.52
-1690.5
840
803.001,22.30,22.89,23.06,23.52,22.63,23.07,-0.0728,-2.92
850.52
-1690.5
840
803.501,22.30,22.89,23.06,23.52,22.63,23.07,-0.0726,-2.92
850.52
-1690.5
840
804.001,22.30,22.89,23.06,23.52,22.63,23.07,-0.0724,-2.92
850.52
-1690.5
840
804.501,22.34,22.89,23.06,23.52,22.63,23.07,-0.0723,-2.97
850.52
-1690.5
840
805.001,22.30,22.89,23.06,23.52,22.63,23.07,-0.0721,-2.97
850.52
-1690.5
840
805.501,22.30,22.89,23.06,23.52,22.63,23.07,-0.0719,-2.93
850.52
-1690.5
840
806.001,22.34,22.89,23.09,23.52,22.63,23.07,-0.0718,-2.98
850.52
-1690.5
840
806.501,22.34,22.89,23.06,23.52,22.63,23.07,-0.0717,-3.03
850.52
-1690.5
840
807.001,22.34,22.89,23.06,23.52,22.63,23.07,-0.0716,-3.03
850.52
-1690.5
840
807.501,22.34,22.89,23.06,23.52,22.63,23.07,-0.0715,-3.03
850.52
-1690.5
840
808.001,22.34,22.89,23.06,23.52,22.63,23.07,-0.0715,-3.03
850.52
-1690.5
840
808.501,22.34,22.89,23.06,23.52,22.63,23.07,-0.0714,-3.04
850.52
-1690.5
840
809.001,22.30,22.89,23.06,23.52,22.63,23.07,-0.0713,-2.99
850.52
-1690.5
840
809.501,22.30,22.89,23.06,23.52,22.63,23.07,-0.0711,-2.95
850.52
-1690.5
840
810.001,22.30,22.89,23.06,23.52,22.63,23.07,-0.0709,-2.95
850.52
-1690.5
840
810.501,22.30,22.89,23.06,23.52,22.63,23.07,-0.0707,-2.95
850.52
-1690.5
840
811.001,22.30,22.89,23.06,23.52,22.63,23.07,-0.0705,-2.95
850.52
-1690.5
840
811.501,22.30,22.89,23.06,23.52,22.63,23.07,-0.0704,-2.95
850.52
-1690.5
840
812.001,22.30,22.89,23.06,23.52,22.63,23.07,-0.0702,-2.96
850.52
-1690.5
840
812.501,22.30,22.89,23.06,23.52,22.63,23.07,-0.0700,-2.96
850.52
-1690.5
840
813.001,22.30,22.89,23.06,23.51,22.62,23.07,-0.0699,-2.96
850.52
-1690.5
840
813.501,22.30,22.89,23.06,23.51,22.62,23.07,-0.0697,-2.96
850.52
-1690.5
840
814.001,22.25,22.93,23.06,23.51,22.62,23.07,-0.0697,-3.05
850.52
-1690.5
840
814.501,22.30,22.89,23.06,23.52,22.62,23.07,-0.0696,-3.05
850.52
-1690.5
840
815.001,22.30,22.89,23.06,23.51,22.62,23.07,-0.0694,-2.97
850.52
-1690.5
840
815.501,22.30,22.89,23.06,23.51,22.62,23.07,-0.0693,-2.96
850.52
-1690.5
840
816.001,22.30,22.89,23.06,23.51,22.62,23.07,-0.0691,-2.97
850.52
-1690.5
840
816.501,22.30,22.89,23.06,23.51,22.62,23.07,-0.0690,-2.97
850.52
-1690.5
840
817.001,22.30,22.89,23.06,23.51,22.62,23.07,-0.0688,-2.97
850.52
-1690.5
840
817.501,22.30,22.89,23.06,23.51,22.62,23.07,-0.0687,-2.97
850.52
-1690.5
840
818.001,22.30,22.89,23.06,23.51,22.62,23.07,-0.0685,-2.97
850.52
-1690.5
840
818.501,22.30,22.89,23.06,23.51,22.62,23.07,-0.0684,-2.97
850.52
-1690.5
840
819.001,22.30,22.89,23.06,23.51,22.62,23.07,-0.0682,-2.98
850.52
-1690.5
840
819.501,22.30,22.86,23.06,23.51,22.62,23.07,-0.0679,-2.85
850.52
-1690.5
840
820.001,22.30,22.89,23.06,23.51,22.62,23.07,-0.0676,-2.85
850.52
-1690.5
840
820.501,22.30,22.89,23.06,23.51,22.62,23.07,-0.0675,-2.98
850.52
-1690.5
840
821.001,22.30,22.89,23.06,23.51,22.62,23.07,-0.0674,-2.99
850.52
-1690.5
840
821.501,22.30,22.89,23.06,23.51,22.62,23.07,-0.0672,-2.99
850.52
-1690.5
840
822.001,22.30,22.89,23.06,23.51,22.62,23.07,-0.0671,-2.99
850.52
-1690.5
840
822.501,22.30,22.89,23.06,23.51,22.62,23.07,-0.0670,-2.99
850.52
-1690.5
840
823.001,22.30,22.89,23.06,23.51,22.62,23.07,-0.0669,-2.99
850.52
-1690.5
840
823.501,22.30,22.89,23.06,23.51,22.62,23.07,-0.0667,-2.99
850.52
-1690.5
840
824.001,22.30,22.89,23.06,23.51,22.62,23.07,-0.0666,-3.00
850.52
-1690.5
840
824.501,22.30,22.89,23.06,23.51,22.62,23.07,-0.0665,-3.00
850.52
-1690.5
840
825.001,22.30,22.89,23.06,23.51,22.62,23.07,-0.0664,-3.00
850.52
-1690.5
840
825.501,22.30,22.89,23.06,23.51,22.62,23.07,-0.0663,-3.00
850.52
-1690.5
840
826.001,22.30,22.89,23.06,23.51,22.62,23.07,-0.0661,-3.00
850.52
-1690.5
840
826.501,22.30,22.89,23.06,23.51,22.62,23.07,-0.0660,-3.00
850.52
-1690.5
840
827.001,22.30,22.89,23.06,23.51,22.62,23.07,-0.0659,-3.00
850.52
-1690.5
840
827.501,22.30,22.89,23.06,23.51,22.62,23.07,-0.0658,-3.01
850.52
-1690.5
840
828.001,22.30,22.89,23.06,23.51,22.62,23.07,-0.0657,-3.01
850.52
-1690.5
840
828.501,22.30,22.89,23.06,23.51,22.62,23.07,-0.0656,-3.01
850.52
-1690.5
840
829.001,22.34,22.89,23.06,23.51,22.62,23.07,-0.0655,-3.06
850.52
-1690.5
840
829.501,22.30,22.89,23.06,23.51,22.62,23.07,-0.0655,-3.06
850.52
-1690.5
840
830.001,22.30,22.89,23.06,23.51,22.62,23.07,-0.0654,-3.01
850.52
-1690.5
840
830.501,22.30,22.89,23.06,23.51,22.62,23.07,-0.0653,-3.01
850.52
-1690.5
840
831.001,22.30,22.89,23.06,23.51,22.62,23.07,-0.0652,-3.02
850.52
-1690.5
840
831.501,22.30,22.89,23.06,23.51,22.62,23.07,-0.0651,-3.02
850.52
-1690.5
840
832.001,22.30,22.89,23.06,23.51,22.62,23.06,-0.0650,-3.02
850.52
-1690.5
840
832.501,22.30,22.89,23.06,23.51,22.62,23.06,-0.0649,-3.02
850.52
-1690.5
840
833.001,22.25,22.89,23.06,23.51,22.62,23.06,-0.0647,-2.98
850.52
-1690.5
840
833.501,22.25,22.89,23.06,23.51,22.62,23.06,-0.0645,-2.93
850.52
-1690.5
840
834.001,22.25,22.89,23.06,23.51,22.62,23.06,-0.0643,-2.93
850.52
-1690.5
840
834.501,22.25,22.89,23.06,23.51,22.62,23.06,-0.0641,-2.93
850.52
-1690.5
840
835.001,22.25,22.89,23.06,23.51,22.62,23.06,-0.0639,-2.93
850.52
-1690.5
840
835.501,22.25,22.89,23.06,23.51,22.62,23.06,-0.0637,-2.93
850.52
-1690.5
840
836.001,22.25,22.89,23.06,23.51,22.62,23.06,-0.0635,-2.94
850.52
-1690.5
840
836.501,22.25,22.89,23.06,23.51,22.62,23.06,-0.0633,-2.94
850.52
-1690.5
840
837.001,22.25,22.89,23.06,23.51,22.62,23.06,-0.0631,-2.94
850.52
-1690.5
840
837.501,22.25,22.89,23.06,23.51,22.62,23.06,-0.0629,-2.94
850.52
-1690.5
840
838.001,22.25,22.89,23.06,23.51,22.62,23.06,-0.0627,-2.94
850.52
-1690.5
840
838.501,22.25,22.89,23.06,23.51,22.62,23.06,-0.0625,-2.94
850.52
-1690.5
840
839.001,22.30,22.89,23.06,23.51,22.62,23.06,-0.0624,-2.99
850.52
-1690.5
840
839.501,22.30,22.89,23.09,23.51,22.61,23.06,-0.0623,-3.04
850.52
-1690.5
840
840.001,22.30,22.89,23.06,23.51,22.61,23.06,-0.0623,-3.04
850.52
-1690.5
840
840.501,22.30,22.89,23.06,23.51,22.61,23.06,-0.0622,-3.04
850.52
-1690.5
840
841.001,22.30,22.89,23.06,23.51,22.61,23.06,-0.0621,-3.04
850.52
-1690.5
840
841.501,22.30,22.89,23.09,23.51,22.61,23.06,-0.0620,-3.04
850.52
-1690.5
840
842.001,22.30,22.89,23.06,23.51,22.61,23.06,-0.0620,-3.04
850.52
-1690.5
840
842.501,22.30,22.93,23.09,23.51,22.61,23.06,-0.0621,-3.17
850.52
-1690.5
840
843.001,22.30,22.89,23.09,23.51,22.61,23.06,-0.0621,-3.17
850.52
-1690.5
840
843.501,22.30,22.93,23.09,23.51,22.61,23.06,-0.0622,-3.17
850.52
-1690.5
840
844.001,22.30,22.93,23.09,23.51,22.61,23.06,-0.0624,-3.30
850.52
-1690.5
840
844.501,22.30,22.89,23.06,23.51,22.61,23.06,-0.0625,-3.17
850.52
-1690.5
840
845.001,22.25,22.93,23.09,23.51,22.61,23.06,-0.0625,-3.13
850.52
-1690.5
840
845.501,22.30,22.93,23.06,23.51,22.61,23.06,-0.0627,-3.26
850.52
-1690.5
840
846.001,22.25,22.93,23.09,23.51,22.61,23.06,-0.0628,-3.26
850.52
-1690.5
840
846.501,22.30,22.93,23.09,23.51,22.61,23.06,-0.0630,-3.26
850.52
-1690.5
840
847.001,22.25,22.93,23.09,23.51,22.61,23.06,-0.0631,-3.25
850.52
-1690.5
840
847.501,22.25,22.93,23.06,23.51,22.61,23.06,-0.0632,-3.21
850.52
-1690.5
840
848.001,22.25,22.93,23.06,23.51,22.61,23.06,-0.0633,-3.21
850.52
-1690.5
840
848.501,22.25,22.93,23.09,23.51,22.61,23.06,-0.0634,-3.21
850.52
-1690.5
840
849.001,22.25,22.93,23.09,23.52,22.61,23.06,-0.0635,-3.21
850.52
-1690.5
840
849.501,22.25,22.93,23.09,23.52,22.61,23.06,-0.0636,-3.21
850.52
-1690.5
840
850.001,22.25,22.93,23.09,23.52,22.61,23.06,-0.0636,-3.21
850.52
-1690.5
840
850.501,22.25,22.93,23.06,23.52,22.61,23.06,-0.0637,-3.20
850.52
-1690.5
840
851.001,22.25,22.93,23.09,23.52,22.61,23.06,-0.0638,-3.20
850.52
-1690.5
840
851.501,22.25,22.93,23.09,23.52,22.61,23.06,-0.0638,-3.20
850.52
-1690.5
840
852.001,22.25,22.93,23.09,23.52,22.61,23.06,-0.0639,-3.20
850.52
-1690.5
840
852.501,22.25,22.93,23.09,23.52,22.61,23.06,-0.0640,-3.20
850.52
-1690.5
840
853.001,22.25,22.93,23.09,23.52,22.61,23.06,-0.0640,-3.20
850.52
-1690.5
840
853.501,22.25,22.93,23.09,23.52,22.61,23.06,-0.0641,-3.20
850.52
-1690.5
840
854.001,22.25,22.93,23.09,23.52,22.61,23.06,-0.0641,-3.20
850.52
-1690.5
840
854.501,22.25,22.93,23.09,23.52,22.61,23.06,-0.0642,-3.20
850.52
-1690.5
840
855.001,22.25,22.93,23.09,23.52,22.61,23.06,-0.0642,-3.20
850.52
-1690.5
840
855.501,22.25,22.93,23.09,23.52,22.61,23.06,-0.0643,-3.20
850.52
-1690.5
840
856.001,22.25,22.93,23.09,23.52,22.61,23.06,-0.0643,-3.20
850.52
-1690.5
840
856.501,22.25,22.93,23.09,23.52,22.61,23.06,-0.0643,-3.20
850.52
-1690.5
840
857.001,22.25,22.93,23.09,23.52,22.61,23.06,-0.0644,-3.20
850.52
-1690.5
840
857.501,22.25,22.93,23.09,23.52,22.61,23.06,-0.0644,-3.20
850.52
-1690.5
840
858.001,22.25,22.93,23.09,23.52,22.61,23.06,-0.0644,-3.20
850.52
-1690.5
840
858.501,22.25,22.93,23.09,23.52,22.61,23.06,-0.0644,-3.20
850.52
-1690.5
840
859.001,22.25,22.93,23.09,23.52,22.61,23.06,-0.0645,-3.20
850.52
-1690.5
840
859.501,22.25,22.93,23.09,23.52,22.61,23.06,-0.0645,-3.20
850.52
-1690.5
840
860.001,22.25,22.93,23.09,23.52,22.61,23.06,-0.0645,-3.20
850.52
-1690.5
840
860.501,22.25,22.93,23.13,23.52,22.61,23.06,-0.0645,-3.20
850.52
-1690.5
840
861.001,22.25,22.93,23.09,23.52,22.61,23.06,-0.0646,-3.20
850.52
-1690.5
840
861.501,22.25,22.93,23.09,23.52,22.61,23.06,-0.0646,-3.20
850.52
-1690.5
840
862.001,22.25,22.93,23.09,23.52,22.60,23.06,-0.0646,-3.20
850.52
-1690.5
840
862.501,22.25,22.93,23.09,23.52,22.60,23.06,-0.0646,-3.20
850.52
-1690.5
840
863.001,22.25,22.93,23.09,23.52,22.60,23.06,-0.0646,-3.20
850.52
-1690.5
840
863.501,22.25,22.93,23.09,23.53,22.60,23.06,-0.0646,-3.20
850.52
-1690.5
840
864.001,22.25,22.93,23.09,23.53,22.60,23.06,-0.0646,-3.20
850.52
-1690.5
840
864.501,22.25,22.93,23.09,23.53,22.60,23.06,-0.0646,-3.20
850.52
-1690.5
840
865.001,22.30,22.93,23.09,23.53,22.60,23.06,-0.0647,-3.25
850.52
-1690.5
840
865.501,22.25,22.93,23.09,23.53,22.60,23.06,-0.0647,-3.25
850.52
-1690.5
840
866.001,22.25,22.93,23.13,23.53,22.60,23.06,-0.0647,-3.20
850.52
-1690.5
840
866.501,22.25,22.93,23.09,23.53,22.60,23.06,-0.0647,-3.20
850.52
-1690.5
840
867.001,22.25,22.93,23.09,23.53,22.60,23.06,-0.0647,-3.20
850.52
-1690.5
Exception in Tkinter callback
840
867.501,22.25,22.93,23.09,23.53,22.60,23.06,-0.0647,-3.20
850.52
-1690.5
840
868.001,22.25,22.93,23.09,23.53,22.60,23.06,-0.0647,-3.20
850.52
-1690.5
840
868.501,22.25,22.93,23.09,23.53,22.60,23.06,-0.0647,-3.20
850.52
-1690.5
840
869.001,22.25,22.93,23.13,23.53,22.60,23.06,-0.0647,-3.20
850.52
-1690.5
840
869.501,22.25,22.93,23.09,23.53,22.60,23.06,-0.0647,-3.20
850.52
-1690.5
840
870.001,22.25,22.93,23.13,23.53,22.60,23.06,-0.0647,-3.20
850.52
-1690.5
840
870.501,22.30,22.93,23.09,23.53,22.60,23.06,-0.0647,-3.25
850.52
-1690.5
840
871.001,22.25,22.93,23.09,23.53,22.60,23.06,-0.0648,-3.25
850.52
-1690.5
840
871.501,22.25,22.93,23.09,23.53,22.60,23.06,-0.0648,-3.20
850.52
-1690.5
840
872.001,22.30,22.93,23.13,23.53,22.60,23.06,-0.0648,-3.25
850.52
-1690.5
840
872.501,22.25,22.93,23.13,23.53,22.60,23.06,-0.0648,-3.25
850.52
-1690.5
840
873.001,22.25,22.93,23.09,23.53,22.60,23.06,-0.0648,-3.21
850.52
-1690.5
840
873.501,22.25,22.93,23.13,23.53,22.60,23.06,-0.0648,-3.21
850.52
-1690.5
840
874.001,22.25,22.93,23.09,23.53,22.60,23.06,-0.0648,-3.21
850.52
-1690.5
840
874.501,22.25,22.93,23.13,23.53,22.60,23.06,-0.0647,-3.21
850.52
-1690.5
840
875.001,22.25,22.93,23.13,23.53,22.60,23.06,-0.0647,-3.21
850.52
-1690.5
840
875.501,22.25,22.93,23.13,23.53,22.60,23.06,-0.0647,-3.21
850.52
-1690.5
840
876.001,22.25,22.93,23.13,23.53,22.60,23.06,-0.0647,-3.21
850.52
-1690.5
840
876.501,22.25,22.93,23.13,23.53,22.60,23.06,-0.0647,-3.21
850.52
-1690.5
840
877.001,22.25,22.93,23.09,23.53,22.60,23.06,-0.0646,-3.21
850.52
-1690.5
840
877.501,22.25,22.93,23.09,23.53,22.60,23.06,-0.0646,-3.21
850.52
-1690.5
840
878.001,22.25,22.93,23.09,23.53,22.60,23.06,-0.0646,-3.21
850.52
-1690.5
840
878.501,22.25,22.93,23.13,23.53,22.60,23.06,-0.0645,-3.21
850.52
-1690.5
840
879.001,22.21,22.93,23.13,23.53,22.60,23.06,-0.0645,-3.17
850.52
-1690.5
840
879.501,22.25,22.93,23.09,23.53,22.60,23.06,-0.0644,-3.17
850.52
-1690.5
840
880.001,22.25,22.93,23.13,23.53,22.60,23.06,-0.0644,-3.22
850.52
-1690.5
840
880.501,22.25,22.93,23.09,23.53,22.60,23.06,-0.0643,-3.21
850.52
-1690.5
840
881.001,22.25,22.93,23.13,23.53,22.60,23.06,-0.0643,-3.21
850.52
-1690.5
840
881.501,22.25,22.93,23.09,23.53,22.60,23.06,-0.0643,-3.22
850.52
-1690.5
840
882.001,22.21,22.93,23.09,23.53,22.60,23.06,-0.0642,-3.17
850.52
-1690.5
840
882.501,22.25,22.93,23.13,23.53,22.60,23.06,-0.0641,-3.17
850.52
-1690.5
840
883.001,22.25,22.93,23.13,23.53,22.60,23.06,-0.0641,-3.22
850.52
-1690.5
840
883.501,22.25,22.93,23.09,23.53,22.60,23.06,-0.0640,-3.22
850.52
-1690.5
840
884.001,22.25,22.93,23.09,23.53,22.60,23.06,-0.0640,-3.22
850.52
-1690.5
840
884.501,22.21,22.93,23.09,23.53,22.60,23.06,-0.0639,-3.17
850.52
-1690.5
840
885.001,22.21,22.93,23.13,23.53,22.60,23.06,-0.0638,-3.13
850.52
-1690.5
840
885.501,22.25,22.93,23.13,23.53,22.59,23.06,-0.0637,-3.17
850.52
-1690.5
840
886.001,22.21,22.93,23.09,23.53,22.59,23.06,-0.0636,-3.17
850.52
-1690.5
840
886.501,22.21,22.93,23.09,23.53,22.59,23.06,-0.0634,-3.13
850.52
-1690.5
840
887.001,22.21,22.89,23.13,23.53,22.59,23.06,-0.0632,-3.00
850.52
-1690.5
840
887.501,22.25,22.93,23.13,23.53,22.59,23.06,-0.0629,-3.05
850.52
-1690.5
840
888.001,22.21,22.93,23.09,23.53,22.59,23.06,-0.0628,-3.18
850.52
-1690.5
840
888.501,22.21,22.93,23.09,23.53,22.59,23.06,-0.0627,-3.13
850.52
-1690.5
840
889.001,22.21,22.93,23.09,23.53,22.59,23.06,-0.0626,-3.13
850.52
-1690.5
840
889.501,22.21,22.93,23.09,23.53,22.59,23.06,-0.0624,-3.13
850.52
-1690.5
840
890.001,22.25,22.93,23.09,23.53,22.59,23.06,-0.0624,-3.18
850.52
-1690.5
840
890.501,22.21,22.93,23.13,23.53,22.59,23.06,-0.0623,-3.18
850.52
-1690.5
840
891.001,22.21,22.93,23.09,23.53,22.59,23.06,-0.0621,-3.13
850.52
-1690.5
840
891.501,22.21,22.89,23.09,23.53,22.59,23.06,-0.0619,-3.01
850.52
-1690.5
840
892.001,22.21,22.89,23.09,23.53,22.59,23.06,-0.0614,-2.88
850.52
-1690.5
840
892.501,22.21,22.89,23.09,23.53,22.59,23.06,-0.0610,-2.88
850.52
-1690.5
840
893.001,22.21,22.93,23.09,23.53,22.59,23.06,-0.0607,-3.01
850.52
-1690.5
840
893.501,22.21,22.89,23.09,23.53,22.59,23.06,-0.0605,-3.01
850.52
-1690.5
840
894.001,22.21,22.89,23.09,23.53,22.59,23.06,-0.0600,-2.89
850.52
-1690.5
840
894.501,22.21,22.93,23.09,23.53,22.59,23.06,-0.0598,-3.02
850.52
-1690.5
840
895.001,22.21,22.89,23.09,23.53,22.59,23.06,-0.0595,-3.02
850.52
-1690.5
840
895.501,22.21,22.89,23.09,23.53,22.59,23.06,-0.0591,-2.89
850.52
-1690.5
840
896.001,22.21,22.89,23.09,23.53,22.59,23.06,-0.0587,-2.89
850.52
-1690.5
840
896.501,22.21,22.93,23.09,23.53,22.59,23.06,-0.0585,-3.02
850.52
-1690.5
840
897.001,22.21,22.89,23.09,23.53,22.59,23.06,-0.0583,-3.02
850.52
-1690.5
840
897.501,22.21,22.89,23.09,23.53,22.59,23.06,-0.0579,-2.90
850.52
-1690.5
840
898.001,22.21,22.89,23.09,23.53,22.59,23.06,-0.0575,-2.90
850.52
-1690.5
840
898.501,22.21,22.89,23.09,23.53,22.59,23.06,-0.0571,-2.90
850.52
-1690.5
840
899.001,22.21,22.89,23.09,23.53,22.59,23.06,-0.0568,-2.90
850.52
-1690.5
840
899.501,22.21,22.89,23.09,23.53,22.59,23.06,-0.0564,-2.91
850.52
-1690.5
840
900.001,22.25,22.89,23.09,23.53,22.59,23.06,-0.0561,-2.95
850.52
-1690.5
840
900.501,22.21,22.89,23.09,23.53,22.59,23.06,-0.0558,-2.95
850.52
-1690.5
840
901.001,22.21,22.89,23.09,23.53,22.58,23.06,-0.0554,-2.91
850.52
-1690.5
840
901.501,22.21,22.89,23.09,23.53,22.58,23.06,-0.0551,-2.91
850.52
-1690.5
840
902.001,22.25,22.89,23.09,23.53,22.58,23.05,-0.0548,-2.96
850.52
-1690.5
840
902.501,22.25,22.89,23.09,23.52,22.58,23.05,-0.0546,-3.01
850.52
-1690.5
840
903.001,22.25,22.89,23.09,23.52,22.58,23.05,-0.0544,-3.01
850.52
-1690.5
840
903.501,22.25,22.86,23.09,23.52,22.58,23.05,-0.0540,-2.88
850.52
-1690.5
840
904.001,22.25,22.86,23.09,23.52,22.58,23.05,-0.0535,-2.76
850.52
-1690.5
840
904.501,22.21,22.89,23.09,23.52,22.58,23.05,-0.0531,-2.84
850.52
-1690.5
840
905.001,22.25,22.89,23.06,23.52,22.58,23.05,-0.0528,-2.98
850.52
-1690.5
840
905.501,22.25,22.89,23.09,23.52,22.58,23.05,-0.0526,-3.02
850.52
-1690.5
840
906.001,22.25,22.86,23.09,23.52,22.58,23.05,-0.0523,-2.90
850.52
-1690.5
840
906.501,22.25,22.86,23.09,23.52,22.58,23.05,-0.0518,-2.77
850.52
-1690.5
840
907.001,22.25,22.89,23.06,23.52,22.58,23.05,-0.0515,-2.91
850.52
-1690.5
840
907.501,22.25,22.89,23.09,23.52,22.58,23.05,-0.0513,-3.04
850.52
-1690.5
840
908.001,22.25,22.89,23.09,23.52,22.58,23.05,-0.0512,-3.04
850.52
-1690.5
840
908.501,22.25,22.89,23.09,23.52,22.58,23.05,-0.0510,-3.04
850.52
-1690.5
840
909.001,22.25,22.89,23.06,23.52,22.58,23.05,-0.0509,-3.04
850.52
-1690.5
840
909.501,22.25,22.89,23.06,23.52,22.58,23.05,-0.0507,-3.05
850.52
-1690.5
840
910.001,22.25,22.89,23.06,23.52,22.58,23.05,-0.0506,-3.05
850.52
-1690.5
840
910.501,22.25,22.86,23.06,23.52,22.58,23.05,-0.0503,-2.92
850.52
-1690.5
840
911.001,22.25,22.89,23.06,23.52,22.58,23.05,-0.0500,-2.92
850.52
-1690.5
840
911.501,22.25,22.89,23.06,23.52,22.58,23.05,-0.0498,-3.05
850.52
-1690.5
840
912.001,22.25,22.89,23.06,23.52,22.58,23.05,-0.0497,-3.06
850.52
-1690.5
840
912.501,22.25,22.89,23.06,23.52,22.58,23.05,-0.0495,-3.06
850.52
-1690.5
840
913.001,22.25,22.89,23.06,23.52,22.58,23.05,-0.0494,-3.06
850.52
-1690.5
840
913.501,22.25,22.89,23.09,23.52,22.58,23.05,-0.0493,-3.06
850.52
-1690.5
840
914.001,22.25,22.89,23.06,23.52,22.58,23.05,-0.0492,-3.06
850.52
-1690.5
840
914.501,22.25,22.89,23.09,23.52,22.58,23.05,-0.0490,-3.06
850.52
-1690.5
840
915.001,22.25,22.89,23.06,23.52,22.58,23.05,-0.0489,-3.06
850.52
-1690.5
840
915.501,22.21,22.89,23.06,23.52,22.58,23.05,-0.0487,-3.02
850.52
-1690.5
840
916.001,22.25,22.89,23.06,23.52,22.58,23.05,-0.0486,-3.02
850.52
-1690.5
840
916.501,22.25,22.86,23.06,23.51,22.58,23.05,-0.0483,-2.94
850.52
-1690.5
840
917.001,22.21,22.89,23.09,23.51,22.58,23.05,-0.0480,-2.89
850.52
-1690.5
840
917.501,22.25,22.89,23.06,23.51,22.58,23.05,-0.0478,-3.03
850.52
-1690.5
840
918.001,22.21,22.89,23.06,23.51,22.58,23.05,-0.0477,-3.03
850.52
-1690.5
840
918.501,22.21,22.89,23.06,23.51,22.58,23.05,-0.0474,-2.98
850.52
-1690.5
840
919.001,22.21,22.86,23.09,23.51,22.58,23.05,-0.0471,-2.86
850.52
-1690.5
840
919.501,22.21,22.89,23.06,23.51,22.58,23.05,-0.0467,-2.86
850.52
-1690.5
840
920.001,22.25,22.89,23.06,23.51,22.58,23.05,-0.0466,-3.03
850.52
-1690.5
840
920.501,22.25,22.89,23.06,23.51,22.58,23.05,-0.0465,-3.08
850.52
-1690.5
840
921.001,22.21,22.86,23.09,23.51,22.58,23.05,-0.0462,-2.91
850.52
-1690.5
840
921.501,22.21,22.89,23.06,23.51,22.58,23.05,-0.0459,-2.86
850.52
-1690.5
840
922.001,22.25,22.89,23.06,23.51,22.58,23.05,-0.0457,-3.04
850.52
-1690.5
840
922.501,22.25,22.89,23.06,23.51,22.58,23.05,-0.0457,-3.09
850.52
-1690.5
840
923.001,22.25,22.89,23.06,23.51,22.58,23.05,-0.0456,-3.09
850.52
-1690.5
840
923.501,22.25,22.89,23.06,23.51,22.58,23.05,-0.0455,-3.09
850.52
-1690.5
840
924.001,22.25,22.89,23.06,23.51,22.58,23.05,-0.0454,-3.09
850.52
-1690.5
840
924.501,22.25,22.89,23.09,23.51,22.58,23.05,-0.0454,-3.09
850.52
-1690.5
840
925.001,22.25,22.86,23.09,23.51,22.58,23.05,-0.0452,-2.97
850.52
-1690.5
840
925.501,22.25,22.89,23.09,23.51,22.58,23.04,-0.0449,-2.97
850.52
-1690.5
840
926.001,22.25,22.89,23.06,23.51,22.58,23.04,-0.0449,-3.10
850.52
-1690.5
840
926.501,22.25,22.89,23.06,23.51,22.58,23.04,-0.0448,-3.10
850.52
-1690.5
840
927.001,22.25,22.89,23.06,23.51,22.58,23.04,-0.0448,-3.10
850.52
-1690.5
840
927.501,22.25,22.89,23.06,23.51,22.58,23.04,-0.0447,-3.10
850.52
-1690.5
840
928.001,22.25,22.89,23.09,23.51,22.58,23.04,-0.0446,-3.10
850.52
-1690.5
840
928.501,22.21,22.89,23.09,23.51,22.58,23.04,-0.0445,-3.06
850.52
-1690.5
840
929.001,22.21,22.89,23.09,23.51,22.58,23.04,-0.0444,-3.01
850.52
-1690.5
840
929.501,22.21,22.89,23.06,23.51,22.58,23.04,-0.0442,-3.01
850.52
-1690.5
840
930.001,22.25,22.89,23.09,23.51,22.58,23.04,-0.0441,-3.06
850.52
-1690.5
840
930.501,22.25,22.89,23.06,23.51,22.58,23.04,-0.0440,-3.11
850.52
-1690.5
840
931.001,22.21,22.89,23.09,23.51,22.58,23.04,-0.0439,-3.06
850.52
-1690.5
840
931.501,22.21,22.89,23.09,23.51,22.58,23.04,-0.0438,-3.02
850.52
-1690.5
840
932.001,22.21,22.89,23.09,23.51,22.58,23.04,-0.0436,-3.02
850.52
-1690.5
840
932.501,22.21,22.86,23.09,23.51,22.58,23.04,-0.0433,-2.89
850.52
-1690.5
840
933.001,22.21,22.86,23.06,23.51,22.58,23.04,-0.0429,-2.76
850.52
-1690.5
840
933.501,22.21,22.89,23.06,23.51,22.58,23.04,-0.0426,-2.89
850.52
-1690.5
840
934.001,22.21,22.89,23.06,23.51,22.58,23.04,-0.0424,-3.02
850.52
-1690.5
840
934.501,22.21,22.89,23.06,23.51,22.58,23.04,-0.0423,-3.02
850.52
-1690.5
840
935.001,22.21,22.86,23.06,23.51,22.58,23.04,-0.0420,-2.89
850.52
-1690.5
840
935.501,22.21,22.89,23.09,23.51,22.58,23.04,-0.0417,-2.90
850.52
-1690.5
840
936.001,22.21,22.89,23.06,23.51,22.58,23.04,-0.0416,-3.03
850.52
-1690.5
840
936.501,22.21,22.89,23.09,23.51,22.58,23.04,-0.0415,-3.03
850.52
-1690.5
840
937.001,22.21,22.86,23.09,23.51,22.57,23.04,-0.0412,-2.90
850.52
-1690.5
840
937.501,22.21,22.89,23.06,23.51,22.57,23.04,-0.0409,-2.90
850.52
-1690.5
840
938.001,22.21,22.86,23.06,23.51,22.57,23.04,-0.0407,-2.90
850.52
-1690.5
840
938.501,22.21,22.89,23.06,23.51,22.57,23.04,-0.0404,-2.90
850.52
-1690.5
840
939.001,22.21,22.89,23.06,23.51,22.57,23.04,-0.0403,-3.03
850.52
-1690.5
840
939.501,22.21,22.89,23.06,23.51,22.57,23.04,-0.0402,-3.04
850.52
-1690.5
840
940.001,22.25,22.86,23.06,23.51,22.57,23.04,-0.0400,-2.95
850.52
-1690.5
840
940.501,22.21,22.89,23.06,23.51,22.57,23.04,-0.0398,-2.95
850.52
-1690.5
840
941.001,22.21,22.86,23.06,23.51,22.57,23.04,-0.0395,-2.91
850.52
-1690.5
840
941.501,22.21,22.89,23.06,23.51,22.57,23.04,-0.0393,-2.91