Temps (s),Consigne (°C),Erreur (°C),Thermistance 1 - T1 (°C),Thermistance 2 - T2 (°C),Thermistance 3 - T3 (°C),T4',Thermistance 3 estimée - T3_moy (°C),Commande (PWM),Voltage T1 (V),Voltage T2 (V),Voltage T3 (V)
1.3066601753234863,30,0.0,24.63,23.39,23.52,,23.52,-10.0,1.82,1.55,1.6
1.6652579307556152,30,0.0,24.54,23.42,23.52,,23.52,-10.0,1.81,1.55,1.6
2.0418953895568848,30,0.0,24.49,23.42,23.52,,23.52,-10.0,1.81,1.55,1.6
2.537945032119751,30,0.0,24.45,23.45,23.48,,23.48,-10.0,1.8,1.55,1.59
3.035306215286255,30,0.0,24.36,23.49,23.48,,23.48,-10.0,1.79,1.55,1.59
3.537742853164673,30,0.0,24.27,23.49,23.48,,23.48,-10.0,1.78,1.56,1.59
4.033912658691406,30,0.0,24.18,23.52,23.48,,23.48,-10.0,1.77,1.56,1.59
4.5325775146484375,30,0.0,24.04,23.52,23.45,,23.45,-10.0,1.76,1.56,1.59
5.045241355895996,30,0.0,23.95,23.52,23.45,,23.45,-10.0,1.75,1.56,1.59
5.543516397476196,30,0.0,23.87,23.55,23.45,,23.45,-10.0,1.74,1.57,1.59
6.040133237838745,30,0.0,23.78,23.55,23.45,,23.45,-10.0,1.73,1.57,1.59
6.542123794555664,30,0.0,23.69,23.55,23.45,,23.45,-10.0,1.72,1.57,1.59
7.041142702102661,30,0.0,23.6,23.55,23.45,,23.45,-10.0,1.71,1.57,1.59
7.553035020828247,30,0.0,23.51,23.59,23.45,,23.45,-10.0,1.7,1.57,1.59
8.044349431991577,30,0.0,23.42,23.59,23.45,,23.45,-10.0,1.69,1.57,1.58
8.552564144134521,30,0.0,23.33,23.59,23.45,,23.45,-10.0,1.68,1.57,1.59
9.045668125152588,30,0.0,23.24,23.59,23.45,,23.45,-10.0,1.67,1.57,1.58
9.54912781715393,30,0.0,23.19,23.59,23.45,,23.45,-10.0,1.67,1.57,1.59
10.050607442855835,30,0.0,23.1,23.59,23.45,,23.45,-10.0,1.66,1.57,1.59
10.553476810455322,30,0.0,23.06,23.59,23.45,,23.45,-10.0,1.65,1.57,1.59
11.055941104888916,30,0.0,22.97,23.59,23.45,,23.45,-10.0,1.64,1.57,1.59
11.555844068527222,30,0.0,22.93,23.59,23.45,,23.45,-10.0,1.64,1.57,1.59
12.057360410690308,30,0.0,22.88,23.59,23.45,,23.45,-10.0,1.63,1.57,1.59
12.569182634353638,30,0.0,22.84,23.59,23.45,,23.45,-10.0,1.62,1.57,1.59
13.057799100875854,30,0.0,22.75,23.59,23.45,,23.45,-10.0,1.62,1.57,1.59
13.568705797195435,30,0.0,22.7,23.55,23.45,,23.45,-10.0,1.61,1.57,1.59
14.068853378295898,30,0.0,22.66,23.55,23.45,,23.45,-10.0,1.61,1.57,1.59
14.570215225219727,30,0.0,22.61,23.55,23.45,,23.45,-10.0,1.6,1.57,1.59
15.06711459159851,30,0.0,22.52,23.55,23.45,,23.45,-10.0,1.6,1.57,1.59
15.563523530960083,30,0.0,22.48,23.52,23.48,,23.48,-10.0,1.59,1.56,1.59
16.07679772377014,30,0.0,22.43,23.52,23.48,,23.48,-10.0,1.59,1.56,1.59
16.574785709381104,30,0.0,22.39,23.52,23.48,,23.48,-10.0,1.58,1.56,1.59
17.07378363609314,30,0.0,22.34,23.52,23.48,,23.48,-10.0,1.57,1.56,1.59
17.574479818344116,30,0.0,22.34,23.52,23.48,,23.48,-10.0,1.57,1.56,1.59
18.070920705795288,30,0.0,22.3,23.49,23.48,,23.48,-10.0,1.57,1.56,1.59
18.57206630706787,30,0.0,22.25,23.49,23.48,,23.48,-10.0,1.56,1.56,1.59
19.08455491065979,30,0.0,22.21,23.45,23.48,,23.48,-10.0,1.56,1.55,1.59
19.582420825958252,30,0.0,22.16,23.45,23.48,,23.48,-10.0,1.55,1.55,1.59
20.081002473831177,30,0.0,22.12,23.45,23.48,,23.48,-10.0,1.55,1.55,1.59
20.578406810760498,30,0.0,22.08,23.42,23.48,,23.48,-10.0,1.55,1.55,1.59
21.080062866210938,30,0.0,22.08,23.42,23.48,,23.48,-10.0,1.54,1.55,1.59
21.581077814102173,30,0.0,22.03,23.39,23.48,,23.48,-10.0,1.54,1.55,1.59
22.08139157295227,30,0.0,21.99,23.39,23.48,,23.48,-10.0,1.53,1.54,1.59
22.591851472854614,30,0.0,21.94,23.39,23.48,,23.48,-10.0,1.53,1.54,1.59
23.09106469154358,30,0.0,21.94,23.35,23.48,,23.48,-10.0,1.53,1.54,1.59
23.590071439743042,30,0.0,21.9,23.35,23.48,,23.48,-10.0,1.52,1.54,1.59
24.089357614517212,30,0.0,21.85,23.32,23.48,,23.48,-10.0,1.52,1.54,1.59
24.602940559387207,30,0.0,21.85,23.32,23.48,,23.48,-10.0,1.52,1.53,1.59
25.102698802947998,30,0.0,21.81,23.32,23.48,,23.48,-10.0,1.52,1.53,1.59
25.600613355636597,30,0.0,21.76,23.29,23.48,,23.48,-10.0,1.51,1.53,1.59
26.095776796340942,30,0.0,21.76,23.29,23.48,,23.48,-10.0,1.51,1.53,1.59
26.59375762939453,30,0.0,21.72,23.29,23.48,,23.48,-10.0,1.51,1.52,1.59
27.108497619628906,30,0.0,21.72,23.26,23.48,,23.48,-10.0,1.51,1.52,1.59
27.60434103012085,30,0.0,21.67,23.26,23.48,,23.48,-10.0,1.5,1.52,1.59
28.1025333404541,30,0.0,21.63,23.22,23.48,,23.48,-10.0,1.5,1.52,1.59
28.601157665252686,30,0.0,21.63,23.22,23.48,,23.48,-10.0,1.5,1.52,1.59
29.099132299423218,30,0.0,21.58,23.22,23.48,,23.48,-10.0,1.49,1.52,1.59
29.615458488464355,30,0.0,21.58,23.19,23.48,,23.48,-10.0,1.49,1.52,1.59
30.111939907073975,30,0.0,21.54,23.19,23.48,,23.48,-10.0,1.49,1.52,1.59
30.60821294784546,30,0.0,21.54,23.16,23.48,,23.48,-10.0,1.49,1.51,1.59
31.109422206878662,30,0.0,21.49,23.16,23.48,,23.48,-10.0,1.48,1.51,1.59
31.609671115875244,30,0.0,21.49,23.12,23.48,,23.48,-10.0,1.48,1.51,1.59
32.10905838012695,30,0.0,21.45,23.12,23.48,,23.48,-10.0,1.48,1.51,1.59
32.60929727554321,30,0.0,21.45,23.12,23.45,,23.45,-10.0,1.48,1.51,1.59
33.12540936470032,30,0.0,21.4,23.09,23.45,,23.45,-10.0,1.47,1.5,1.59
33.625330209732056,30,0.0,21.4,23.09,23.45,,23.45,-10.0,1.47,1.5,1.59
34.123862504959106,30,0.0,21.36,23.06,23.45,,23.45,-10.0,1.47,1.5,1.59
34.614279985427856,30,0.0,21.36,23.06,23.45,,23.45,-10.0,1.47,1.5,1.59
35.123130321502686,30,0.0,21.31,23.02,23.45,,23.45,-10.0,1.46,1.49,1.59
35.62625765800476,30,0.0,21.31,23.02,23.45,,23.45,-10.0,1.46,1.49,1.59
36.12876105308533,30,0.0,21.27,23.02,23.41,,23.41,-10.0,1.46,1.49,1.58
36.62929654121399,30,0.0,21.27,22.99,23.41,,23.41,-10.0,1.46,1.49,1.58
37.12669610977173,30,0.0,21.27,22.99,23.41,,23.41,-10.0,1.45,1.49,1.58
37.62648582458496,30,0.0,21.22,22.99,23.41,,23.41,-10.0,1.45,1.49,1.58
38.12373661994934,30,0.0,21.22,22.96,23.41,,23.41,-10.0,1.45,1.48,1.58
38.63880515098572,30,0.0,21.18,22.96,23.41,,23.41,-10.0,1.45,1.48,1.58
39.137207984924316,30,0.0,21.18,22.93,23.37,,23.37,-10.0,1.45,1.48,1.58
39.63491725921631,30,0.0,21.14,22.93,23.37,,23.37,-10.0,1.45,1.48,1.58
40.13240313529968,30,0.0,21.14,22.93,23.37,,23.37,-10.0,1.44,1.48,1.58
40.64466667175293,30,0.0,21.14,22.89,23.37,,23.37,-10.0,1.44,1.47,1.58
41.144211530685425,30,0.0,21.09,22.89,23.37,,23.37,-10.0,1.44,1.47,1.58
41.643680572509766,30,0.0,21.09,22.89,23.37,,23.37,-10.0,1.44,1.47,1.57
42.14233732223511,30,0.0,21.09,22.86,23.34,,23.34,-10.0,1.43,1.47,1.57
42.641724586486816,30,0.0,21.05,22.86,23.34,,23.34,-10.0,1.43,1.47,1.57
43.142168045043945,30,0.0,21.05,22.83,23.34,,23.34,-10.0,1.43,1.46,1.57
43.64374041557312,30,0.0,21.0,22.83,23.34,,23.34,-10.0,1.43,1.46,1.57
44.141059160232544,30,0.0,21.0,22.83,23.34,,23.34,-10.0,1.43,1.46,1.57
44.640990018844604,30,0.0,21.0,22.79,23.3,,23.3,-10.0,1.43,1.46,1.57
45.15456414222717,30,0.0,21.0,22.79,23.3,,23.3,-10.0,1.42,1.46,1.57
45.65171718597412,30,0.0,20.96,22.79,23.3,,23.3,-10.0,1.42,1.46,1.57
46.15396070480347,30,0.0,20.96,22.76,23.3,,23.3,-10.0,1.42,1.45,1.56
46.65127158164978,30,0.0,20.91,22.76,23.3,,23.3,-10.0,1.42,1.45,1.56
47.150551319122314,30,0.0,20.91,22.76,23.27,,23.27,-10.0,1.42,1.45,1.56
47.6496160030365,30,0.0,20.91,22.73,23.27,,23.27,-10.0,1.42,1.45,1.56
48.16280460357666,30,0.0,20.87,22.73,23.27,,23.27,-10.0,1.42,1.45,1.56
48.660309076309204,30,0.0,20.87,22.73,23.23,,23.23,-10.0,1.41,1.45,1.56
49.15874886512756,30,0.0,20.87,22.69,23.23,,23.23,-10.0,1.41,1.44,1.56
49.65803408622742,30,0.0,20.87,22.69,23.23,,23.23,-10.0,1.41,1.44,1.56
50.156519651412964,30,0.0,20.82,22.66,23.23,,23.23,-10.0,1.41,1.44,1.56
50.65778732299805,30,0.0,20.82,22.66,23.2,,23.2,-10.0,1.41,1.44,1.56
51.174296140670776,30,0.0,20.82,22.66,23.2,,23.2,-10.0,1.41,1.44,1.55
51.67135500907898,30,0.0,20.82,22.63,23.2,,23.2,-10.0,1.41,1.44,1.55
52.17160987854004,30,0.0,20.78,22.63,23.2,,23.2,-10.0,1.4,1.43,1.55
52.66671323776245,30,0.0,20.78,22.63,23.16,,23.16,-10.0,1.4,1.43,1.55
53.168965339660645,30,0.0,20.78,22.63,23.16,,23.16,-10.0,1.4,1.43,1.55
53.66713571548462,30,0.0,20.73,22.59,23.16,,23.16,-10.0,1.4,1.43,1.55
54.16632270812988,30,0.0,20.73,22.59,23.16,,23.16,-10.0,1.4,1.43,1.55
54.67688798904419,30,0.0,20.73,22.56,23.13,,23.13,-10.0,1.4,1.42,1.54
55.17934513092041,30,0.0,20.69,22.56,23.13,,23.13,-10.0,1.39,1.42,1.54
55.678428649902344,30,0.0,20.69,22.56,23.13,,23.13,-10.0,1.39,1.42,1.54
56.18665313720703,30,0.0,20.69,22.53,23.13,,23.13,-10.0,1.39,1.42,1.54
56.67481064796448,30,0.0,20.69,22.53,23.09,,23.09,-10.0,1.39,1.42,1.54
57.17614507675171,30,0.0,20.64,22.53,23.09,,23.09,-10.0,1.39,1.42,1.54
57.67719388008118,30,0.0,20.64,22.5,23.09,,23.09,-10.0,1.39,1.41,1.54
58.1776237487793,30,0.0,20.64,22.5,23.09,,23.09,-10.0,1.39,1.41,1.54
58.69118022918701,30,0.0,20.64,22.5,23.06,,23.06,-10.0,1.39,1.41,1.53
59.19113206863403,30,0.0,20.64,22.46,23.06,,23.06,-10.0,1.39,1.41,1.53
59.69303750991821,30,0.0,20.6,22.46,23.06,,23.06,-10.0,1.38,1.41,1.53
60.192304372787476,30,0.0,20.6,22.46,23.06,,23.06,-10.0,1.38,1.41,1.53
60.69381785392761,30,0.0,20.6,22.46,23.02,,23.02,-10.0,1.38,1.41,1.53
61.19081473350525,30,0.0,20.6,22.43,23.02,,23.02,-10.0,1.38,1.4,1.53
61.69254970550537,30,0.0,20.55,22.43,23.02,,23.02,-10.0,1.38,1.4,1.53
62.19539499282837,30,0.0,20.55,22.43,23.02,,23.02,-10.0,1.38,1.4,1.53
62.69791769981384,30,0.0,20.55,22.4,22.98,,22.98,-10.0,1.38,1.4,1.52
63.197508811950684,30,0.0,20.55,22.4,22.98,,22.98,-10.0,1.38,1.4,1.52
63.700010776519775,30,0.0,20.51,22.4,22.98,,22.98,-10.0,1.37,1.4,1.52
64.19478702545166,30,0.0,20.51,22.36,22.95,,22.95,-10.0,1.37,1.39,1.52
64.69557595252991,30,0.0,20.51,22.36,22.95,,22.95,-10.0,1.37,1.39,1.52
65.20665121078491,30,0.0,20.51,22.36,22.95,,22.95,-10.0,1.37,1.39,1.52
65.70330595970154,30,0.0,20.46,22.33,22.95,,22.95,-10.0,1.37,1.39,1.52
66.20637583732605,30,0.0,20.46,22.33,22.91,,22.91,-10.0,1.37,1.39,1.52
66.70733737945557,30,0.0,20.46,22.33,22.91,,22.91,-10.0,1.37,1.39,1.52
67.21481347084045,30,0.0,20.46,22.3,22.91,,22.91,-10.0,1.37,1.38,1.52
67.71059513092041,30,0.0,20.46,22.3,22.91,,22.91,-10.0,1.37,1.38,1.52
68.21017694473267,30,0.0,20.42,22.3,22.88,,22.88,-10.0,1.37,1.38,1.51
68.70781111717224,30,0.0,20.42,22.3,22.88,,22.88,-10.0,1.36,1.38,1.51
69.20621109008789,30,0.0,20.42,22.26,22.88,,22.88,-10.0,1.36,1.38,1.51
69.7199854850769,30,0.0,20.42,22.26,22.84,,22.84,-10.0,1.36,1.38,1.51
70.21715497970581,30,0.0,20.37,22.23,22.84,,22.84,-10.0,1.36,1.37,1.51
70.7141842842102,30,0.0,20.37,22.23,22.84,,22.84,-10.0,1.36,1.37,1.51
71.21224880218506,30,0.0,20.37,22.23,22.84,,22.84,-10.0,1.36,1.37,1.5
71.7283182144165,30,0.0,20.37,22.2,22.81,,22.81,-10.0,1.36,1.37,1.5
72.22464179992676,30,0.0,20.37,22.2,22.81,,22.81,-10.0,1.36,1.37,1.5
72.7247748374939,30,0.0,20.33,22.2,22.81,,22.81,-10.0,1.35,1.37,1.5
73.2247531414032,30,0.0,20.33,22.2,22.77,,22.77,-10.0,1.35,1.37,1.5
73.7201497554779,30,0.0,20.33,22.16,22.77,,22.77,-10.0,1.35,1.36,1.5
74.23361396789551,30,0.0,20.33,22.16,22.77,,22.77,-10.0,1.35,1.36,1.5
74.73304986953735,30,0.0,20.33,22.16,22.77,,22.77,-10.0,1.35,1.36,1.5
75.23093008995056,30,0.0,20.29,22.16,22.74,,22.74,-10.0,1.35,1.36,1.49
75.72969126701355,30,0.0,20.29,22.13,22.74,,22.74,-10.0,1.35,1.36,1.49
76.22853779792786,30,0.0,20.29,22.13,22.74,,22.74,-10.0,1.35,1.36,1.49
76.72775959968567,30,0.0,20.29,22.13,22.7,,22.7,-10.0,1.35,1.36,1.49
77.24014639854431,30,0.0,20.29,22.1,22.7,,22.7,-10.0,1.35,1.35,1.49
77.73969554901123,30,0.0,20.29,22.1,22.7,,22.7,-10.0,1.35,1.35,1.49
78.24170637130737,30,0.0,20.24,22.1,22.7,,22.7,-10.0,1.34,1.35,1.49
78.74630522727966,30,0.0,20.24,22.1,22.7,,22.7,-10.0,1.34,1.35,1.48
79.24607992172241,30,0.0,20.24,22.06,22.66,,22.66,-10.0,1.34,1.35,1.48
79.74272465705872,30,0.0,20.24,22.06,22.66,,22.66,-10.0,1.34,1.35,1.48
80.23887991905212,30,0.0,20.24,22.06,22.66,,22.66,-10.0,1.34,1.35,1.48
80.75076484680176,30,0.0,20.2,22.03,22.63,,22.63,-10.0,1.34,1.34,1.48
81.24948835372925,30,0.0,20.2,22.03,22.63,,22.63,-10.0,1.34,1.34,1.48
81.74561882019043,30,0.0,20.2,22.03,22.63,,22.63,-10.0,1.34,1.34,1.48
82.2486002445221,30,0.0,20.2,22.0,22.63,,22.63,-10.0,1.34,1.34,1.48
82.75442743301392,30,0.0,20.2,22.0,22.59,,22.59,-10.0,1.34,1.34,1.47
83.2495346069336,30,0.0,20.15,22.0,22.59,,22.59,-10.0,1.34,1.34,1.47
83.74640893936157,30,0.0,20.15,22.0,22.59,,22.59,-10.0,1.33,1.33,1.47
84.24571251869202,30,0.0,20.15,21.96,22.56,,22.56,-10.0,1.33,1.33,1.47
84.7573709487915,30,0.0,20.15,21.96,22.56,,22.56,-10.0,1.33,1.33,1.47
85.25481963157654,30,0.0,20.15,21.96,22.56,,22.56,-10.0,1.33,1.33,1.47
85.75241899490356,30,0.0,20.15,21.96,22.56,,22.56,-10.0,1.33,1.33,1.47
86.26147842407227,30,0.0,20.11,21.93,22.56,,22.56,-10.0,1.33,1.33,1.46
86.75877928733826,30,0.0,20.11,21.93,22.52,,22.52,-10.0,1.33,1.33,1.46
87.25530529022217,30,0.0,20.11,21.93,22.52,,22.52,-10.0,1.33,1.33,1.46
87.75452256202698,30,0.0,20.11,21.93,22.52,,22.52,-10.0,1.33,1.33,1.46
88.26381468772888,30,0.0,20.11,21.93,22.49,,22.49,-10.0,1.33,1.32,1.46
88.77080035209656,30,0.0,20.11,21.9,22.49,,22.49,-10.0,1.33,1.32,1.46
89.26400780677795,30,0.0,20.11,21.9,22.49,,22.49,-10.0,1.33,1.32,1.46
89.76335215568542,30,0.0,20.06,21.9,22.49,,22.49,-10.0,1.33,1.32,1.46
90.27570962905884,30,0.0,20.06,21.9,22.45,,22.45,-10.0,1.32,1.32,1.45
90.77247595787048,30,0.0,20.06,21.86,22.45,,22.45,-10.0,1.32,1.32,1.45
91.26889705657959,30,0.0,20.06,21.86,22.45,,22.45,-10.0,1.32,1.32,1.45
91.77891898155212,30,0.0,20.06,21.86,22.45,,22.45,-10.0,1.32,1.32,1.45
92.27765941619873,30,0.0,20.02,21.86,22.42,,22.42,-10.0,1.32,1.31,1.45
92.77566242218018,30,0.0,20.02,21.83,22.42,,22.42,-10.0,1.32,1.31,1.45
93.27700686454773,30,0.0,20.02,21.83,22.42,,22.42,-10.0,1.32,1.31,1.45
93.77333068847656,30,0.0,20.02,21.83,22.42,,22.42,-10.0,1.32,1.31,1.45
94.27323293685913,30,0.0,20.02,21.83,22.42,,22.42,-10.0,1.32,1.31,1.45
94.7876124382019,30,0.0,20.02,21.8,22.38,,22.38,-10.0,1.32,1.31,1.44
95.2912244796753,30,0.0,20.02,21.8,22.38,,22.38,-10.0,1.32,1.31,1.44
95.7920515537262,30,0.0,19.97,21.8,22.38,,22.38,-10.0,1.31,1.31,1.44
96.29107356071472,30,0.0,19.97,21.8,22.38,,22.38,-10.0,1.31,1.31,1.44
96.79281783103943,30,0.0,19.97,21.76,22.34,,22.34,-10.0,1.31,1.31,1.44
97.29256224632263,30,0.0,19.97,21.76,22.34,,22.34,-10.0,1.31,1.3,1.44
97.79055309295654,30,0.0,19.97,21.76,22.34,,22.34,-10.0,1.31,1.3,1.44
98.28728127479553,30,0.0,19.97,21.76,22.34,,22.34,-10.0,1.31,1.3,1.44
98.78726005554199,30,0.0,19.93,21.73,22.31,,22.31,-10.0,1.31,1.3,1.43
99.28750729560852,30,0.0,19.93,21.73,22.31,,22.31,-10.0,1.31,1.3,1.43
99.7883882522583,30,0.0,19.93,21.73,22.31,,22.31,-10.0,1.31,1.3,1.43
100.29842495918274,30,0.0,19.93,21.73,22.31,,22.31,-10.0,1.31,1.3,1.43
100.79671549797058,30,0.0,19.93,21.7,22.31,,22.31,-10.0,1.31,1.3,1.43
101.295325756073,30,0.0,19.93,21.7,22.27,,22.27,-10.0,1.31,1.3,1.43
101.80616879463196,30,0.0,19.88,21.7,22.27,,22.27,-10.0,1.3,1.3,1.43
102.30121040344238,30,0.0,19.88,21.7,22.27,,22.27,-10.0,1.3,1.3,1.43
102.79958748817444,30,0.0,19.88,21.7,22.27,,22.27,-10.0,1.3,1.3,1.42
103.29877042770386,30,0.0,19.88,21.66,22.24,,22.24,-10.0,1.3,1.29,1.42
103.80799436569214,30,0.0,19.88,21.66,22.24,,22.24,-10.0,1.3,1.29,1.42
104.306401014328,30,0.0,19.88,21.66,22.24,,22.24,-10.0,1.3,1.29,1.42
104.8063452243805,30,0.0,19.84,21.66,22.24,,22.24,-10.0,1.3,1.29,1.42
105.30345034599304,30,0.0,19.84,21.66,22.2,,22.2,-10.0,1.3,1.29,1.42
105.81492471694946,30,0.0,19.84,21.63,22.2,,22.2,-10.0,1.3,1.29,1.42
106.31120371818542,30,0.0,19.84,21.63,22.2,,22.2,-10.0,1.3,1.29,1.42
106.80921816825867,30,0.0,19.84,21.63,22.2,,22.2,-10.0,1.3,1.29,1.41
107.30909657478333,30,0.0,19.84,21.6,22.17,,22.17,-10.0,1.3,1.28,1.41
107.83378148078918,30,0.0,19.84,21.6,22.17,,22.17,-10.0,1.3,1.28,1.41
108.35180878639221,30,0.0,19.79,21.6,22.17,,22.17,-10.0,1.3,1.28,1.41
108.81835269927979,30,0.0,19.79,21.6,22.17,,22.17,-10.0,1.3,1.28,1.41
109.31792831420898,30,0.0,19.79,21.6,22.13,,22.13,-10.0,1.3,1.28,1.41
109.81558847427368,30,0.0,19.79,21.6,22.13,,22.13,-10.0,1.3,1.28,1.41
110.32851934432983,30,0.0,19.79,21.56,22.13,,22.13,-10.0,1.3,1.28,1.41
110.82570099830627,30,0.0,19.79,21.56,22.13,,22.13,-10.0,1.3,1.28,1.41
111.32233500480652,30,0.0,19.79,21.56,22.13,,22.13,-10.0,1.3,1.28,1.41
111.82497811317444,30,0.0,19.75,21.56,22.09,,22.09,-10.0,1.29,1.27,1.4
112.3224127292633,30,0.0,19.75,21.56,22.09,,22.09,-10.0,1.29,1.27,1.4
112.8215651512146,30,0.0,19.75,21.56,22.09,,22.09,-10.0,1.29,1.27,1.4
113.33655452728271,30,0.0,19.75,21.53,22.09,,22.09,-10.0,1.29,1.27,1.4
113.83588910102844,30,0.0,19.75,21.53,22.09,,22.09,-10.0,1.29,1.27,1.4
114.33399534225464,30,0.0,19.75,21.53,22.06,,22.06,-10.0,1.29,1.27,1.4
114.82999086380005,30,0.0,19.75,21.5,22.06,,22.06,-10.0,1.29,1.27,1.4
115.329585313797,30,0.0,19.75,21.5,22.06,,22.06,-10.0,1.29,1.27,1.4
115.8436918258667,30,0.0,19.7,21.5,22.06,,22.06,-10.0,1.29,1.27,1.4
116.34244894981384,30,0.0,19.7,21.5,22.06,,22.06,-10.0,1.29,1.27,1.39
116.84162855148315,30,0.0,19.7,21.5,22.02,,22.02,-10.0,1.29,1.26,1.39
117.33700299263,30,0.0,19.7,21.46,22.02,,22.02,-10.0,1.29,1.26,1.39
117.83654880523682,30,0.0,19.7,21.46,22.02,,22.02,-10.0,1.29,1.26,1.39
118.3469398021698,30,0.0,19.7,21.46,22.02,,22.02,-10.0,1.29,1.26,1.39
118.84617757797241,30,0.0,19.7,21.46,21.99,,21.99,-10.0,1.29,1.26,1.39
119.34306192398071,30,0.0,19.7,21.46,21.99,,21.99,-10.0,1.29,1.26,1.39
119.8549280166626,30,0.0,19.66,21.43,21.99,,21.99,-10.0,1.29,1.26,1.39
120.35269618034363,30,0.0,19.66,21.43,21.99,,21.99,-10.0,1.28,1.26,1.39
120.85051703453064,30,0.0,19.66,21.43,21.95,,21.95,-10.0,1.28,1.26,1.38
121.34616732597351,30,0.0,19.66,21.43,21.95,,21.95,-10.0,1.28,1.26,1.38
121.85659408569336,30,0.0,19.66,21.43,21.95,,21.95,-10.0,1.28,1.25,1.38
122.3520188331604,30,0.0,19.66,21.4,21.95,,21.95,-10.0,1.28,1.25,1.38
122.84995532035828,30,0.0,19.66,21.4,21.95,,21.95,-10.0,1.28,1.25,1.38
123.34968447685242,30,0.0,19.66,21.4,21.95,,21.95,-10.0,1.28,1.25,1.38
123.8620719909668,30,0.0,19.66,21.4,21.92,,21.92,-10.0,1.28,1.25,1.38
124.35877299308777,30,0.0,19.61,21.4,21.92,,21.92,-10.0,1.28,1.25,1.38
124.85779690742493,30,0.0,19.61,21.4,21.92,,21.92,-10.0,1.28,1.25,1.38
125.35714221000671,30,0.0,19.61,21.4,21.92,,21.92,-10.0,1.28,1.25,1.38
125.85631394386292,30,0.0,19.61,21.36,21.92,,21.92,-10.0,1.28,1.25,1.38
126.36864161491394,30,0.0,19.61,21.36,21.88,,21.88,-10.0,1.28,1.24,1.37
126.8664882183075,30,0.0,19.61,21.36,21.88,,21.88,-10.0,1.28,1.24,1.37
127.36658930778503,30,0.0,19.61,21.33,21.88,,21.88,-10.0,1.28,1.24,1.37
127.86378574371338,30,0.0,19.61,21.33,21.88,,21.88,-10.0,1.27,1.24,1.37
128.3633370399475,30,0.0,19.57,21.33,21.88,,21.88,-10.0,1.27,1.24,1.37
128.87811088562012,30,0.0,19.57,21.29,21.84,,21.84,-10.0,1.27,1.24,1.37
129.37413883209229,30,0.0,19.57,21.29,21.84,,21.84,-10.0,1.27,1.24,1.37
129.87279629707336,30,0.0,19.57,21.29,21.84,,21.84,-10.0,1.27,1.24,1.37
130.37111067771912,30,0.0,19.57,21.29,21.84,,21.84,-10.0,1.27,1.24,1.37
130.88123178482056,30,0.0,19.57,21.29,21.84,,21.84,-10.0,1.27,1.24,1.37
131.37566900253296,30,0.0,19.57,21.29,21.81,,21.81,-10.0,1.27,1.24,1.36
131.8734335899353,30,0.0,19.57,21.26,21.81,,21.81,-10.0,1.27,1.23,1.36
132.38751339912415,30,0.0,19.57,21.26,21.81,,21.81,-10.0,1.27,1.23,1.36
132.88480305671692,30,0.0,19.52,21.26,21.81,,21.81,-10.0,1.27,1.23,1.36
133.38605380058289,30,0.0,19.52,21.26,21.81,,21.81,-10.0,1.27,1.23,1.36
133.88452768325806,30,0.0,19.52,21.26,21.77,,21.77,-10.0,1.27,1.23,1.36
134.38245177268982,30,0.0,19.52,21.26,21.77,,21.77,-10.0,1.27,1.23,1.36
134.89278388023376,30,0.0,19.52,21.23,21.77,,21.77,-10.0,1.27,1.23,1.36
135.39091062545776,30,0.0,19.52,21.23,21.77,,21.77,-10.0,1.27,1.23,1.36
135.88874530792236,30,0.0,19.52,21.23,21.77,,21.77,-10.0,1.27,1.23,1.36
136.38900685310364,30,0.0,19.52,21.23,21.74,,21.74,-10.0,1.27,1.23,1.35
136.88681316375732,30,0.0,19.52,21.23,21.74,,21.74,-10.0,1.27,1.23,1.35
137.39875483512878,30,0.0,19.52,21.19,21.74,,21.74,-10.0,1.27,1.23,1.35
137.89425539970398,30,0.0,19.48,21.23,21.74,,21.74,-10.0,1.26,1.23,1.35
138.3916516304016,30,0.0,19.48,21.19,21.74,,21.74,-10.0,1.26,1.22,1.35
138.90335536003113,30,0.0,19.48,21.19,21.74,,21.74,-10.0,1.26,1.22,1.35
139.40055346488953,30,0.0,19.48,21.19,21.7,,21.7,-10.0,1.26,1.22,1.35
139.89878129959106,30,0.0,19.48,21.19,21.7,,21.7,-10.0,1.26,1.22,1.35
140.398099899292,30,0.0,19.48,21.16,21.7,,21.7,-10.0,1.26,1.22,1.35
140.91058897972107,30,0.0,19.48,21.16,21.7,,21.7,-10.0,1.26,1.22,1.35
141.40892052650452,30,0.0,19.48,21.16,21.66,,21.66,-10.0,1.26,1.22,1.35
141.90672302246094,30,0.0,19.43,21.16,21.66,,21.66,-10.0,1.26,1.22,1.34
142.40375518798828,30,0.0,19.48,21.16,21.66,,21.66,-10.0,1.26,1.22,1.34
142.90318894386292,30,0.0,19.43,21.16,21.66,,21.66,-10.0,1.26,1.22,1.34
143.41549587249756,30,0.0,19.43,21.13,21.66,,21.66,-10.0,1.26,1.21,1.34
143.91234278678894,30,0.0,19.43,21.13,21.63,,21.63,-10.0,1.26,1.21,1.34
144.41215586662292,30,0.0,19.43,21.13,21.63,,21.63,-10.0,1.26,1.21,1.34
144.91008400917053,30,0.0,19.43,21.13,21.63,,21.63,-10.0,1.26,1.21,1.34
145.4106261730194,30,0.0,19.43,21.13,21.63,,21.63,-10.0,1.26,1.21,1.34
145.91085267066956,30,0.0,19.43,21.13,21.63,,21.63,-10.0,1.26,1.21,1.34
146.4230043888092,30,0.0,19.43,21.09,21.59,,21.59,-10.0,1.26,1.21,1.34
146.92166805267334,30,0.0,19.39,21.09,21.59,,21.59,-10.0,1.26,1.21,1.33
147.42075848579407,30,0.0,19.39,21.09,21.59,,21.59,-10.0,1.26,1.21,1.33
147.9230625629425,30,0.0,19.39,21.09,21.59,,21.59,-10.0,1.25,1.21,1.33
148.41966724395752,30,0.0,19.39,21.09,21.59,,21.59,-10.0,1.25,1.21,1.33
148.92808318138123,30,0.0,19.39,21.09,21.59,,21.59,-10.0,1.25,1.21,1.33
149.4276785850525,30,0.0,19.39,21.09,21.59,,21.59,-10.0,1.25,1.2,1.33
149.925048828125,30,0.0,19.39,21.06,21.59,,21.59,-10.0,1.25,1.2,1.33
150.4241635799408,30,0.0,19.39,21.06,21.56,,21.56,-10.0,1.25,1.2,1.33
150.92826104164124,30,0.0,19.39,21.06,21.56,,21.56,-10.0,1.25,1.2,1.33
151.43921089172363,30,0.0,19.39,21.06,21.56,,21.56,-10.0,1.25,1.2,1.33
151.93581080436707,30,0.0,19.39,21.06,21.56,,21.56,-10.0,1.25,1.2,1.33
152.43263792991638,30,0.0,19.39,21.06,21.56,,21.56,-10.0,1.25,1.2,1.33
152.9302840232849,30,0.0,19.39,21.03,21.56,,21.56,-10.0,1.25,1.2,1.32
153.44306302070618,30,0.0,19.39,21.03,21.52,,21.52,-10.0,1.25,1.2,1.32
153.93889498710632,30,0.0,19.39,21.03,21.52,,21.52,-10.0,1.25,1.2,1.32
154.43509984016418,30,0.0,19.39,21.03,21.52,,21.52,-10.0,1.25,1.2,1.32
154.9394781589508,30,0.0,19.39,21.03,21.52,,21.52,-10.0,1.25,1.2,1.32
155.43484663963318,30,0.0,19.35,21.03,21.52,,21.52,-10.0,1.25,1.2,1.32
155.94840264320374,30,0.0,19.35,21.03,21.49,,21.49,-10.0,1.25,1.2,1.32
156.44432950019836,30,0.0,19.35,21.03,21.49,,21.49,-10.0,1.25,1.19,1.32
156.93878030776978,30,0.0,19.35,20.99,21.49,,21.49,-10.0,1.25,1.19,1.32
157.45474982261658,30,0.0,19.35,20.99,21.49,,21.49,-10.0,1.25,1.19,1.32
157.94837713241577,30,0.0,19.35,20.99,21.49,,21.49,-10.0,1.25,1.19,1.32
158.44535040855408,30,0.0,19.35,20.99,21.45,,21.45,-10.0,1.25,1.19,1.31
158.95832204818726,30,0.0,19.35,20.99,21.45,,21.45,-10.0,1.24,1.19,1.31
159.50624537467957,30,0.0,19.35,20.99,21.45,,21.45,-10.0,1.24,1.19,1.31
159.95547461509705,30,0.0,19.3,20.99,21.45,,21.45,-10.0,1.24,1.19,1.31
160.45231676101685,30,0.0,19.3,20.96,21.45,,21.45,-10.0,1.24,1.19,1.31
160.95091032981873,30,0.0,19.3,20.96,21.45,,21.45,-10.0,1.24,1.19,1.31
161.47409963607788,30,0.0,19.3,20.96,21.41,,21.41,-10.0,1.24,1.19,1.31
161.96651887893677,30,0.0,19.3,20.96,21.41,,21.41,-10.0,1.24,1.19,1.31
162.46444296836853,30,0.0,19.3,20.96,21.41,,21.41,-10.0,1.24,1.19,1.31
162.96392488479614,30,0.0,19.3,20.96,21.41,,21.41,-10.0,1.24,1.18,1.31
163.46387124061584,30,0.0,19.26,20.96,21.41,,21.41,-10.0,1.24,1.19,1.31
163.96296310424805,30,0.0,19.26,20.93,21.41,,21.41,-10.0,1.24,1.18,1.31
164.45941519737244,30,0.0,19.26,20.93,21.41,,21.41,-10.0,1.24,1.18,1.31
164.97167897224426,30,0.0,19.26,20.93,21.41,,21.41,-10.0,1.24,1.18,1.31
165.46881747245789,30,0.0,19.26,20.93,21.38,,21.38,-10.0,1.24,1.18,1.3
165.96837377548218,30,0.0,19.26,20.93,21.38,,21.38,-10.0,1.24,1.18,1.3
166.46951246261597,30,0.0,19.26,20.93,21.38,,21.38,-10.0,1.24,1.18,1.3
166.9681293964386,30,0.0,19.26,20.89,21.38,,21.38,-10.0,1.24,1.18,1.3
167.467134475708,30,0.0,19.26,20.89,21.38,,21.38,-10.0,1.24,1.18,1.3
167.97840404510498,30,0.0,19.26,20.89,21.38,,21.38,-10.0,1.24,1.18,1.3
168.4752516746521,30,0.0,19.26,20.89,21.38,,21.38,-10.0,1.24,1.18,1.3
168.9864592552185,30,0.0,19.26,20.89,21.34,,21.34,-10.0,1.24,1.18,1.3
169.48285055160522,30,0.0,19.21,20.89,21.34,,21.34,-10.0,1.24,1.18,1.3
169.98130917549133,30,0.0,19.21,20.89,21.34,,21.34,-10.0,1.23,1.18,1.3
170.47900438308716,30,0.0,19.21,20.86,21.34,,21.34,-10.0,1.23,1.17,1.3
170.97677159309387,30,0.0,19.21,20.86,21.34,,21.34,-10.0,1.23,1.17,1.3
171.49158668518066,30,0.0,19.21,20.86,21.34,,21.34,-10.0,1.23,1.17,1.3
171.98859214782715,30,0.0,19.21,20.86,21.34,,21.34,-10.0,1.23,1.17,1.3
172.48472809791565,30,0.0,19.21,20.86,21.31,,21.31,-10.0,1.23,1.17,1.3
172.9841911792755,30,0.0,19.21,20.82,21.31,,21.31,-10.0,1.23,1.17,1.3
173.49666619300842,30,0.0,19.21,20.86,21.31,,21.31,-10.0,1.23,1.17,1.3
173.99648547172546,30,0.0,19.21,20.82,21.31,,21.31,-10.0,1.23,1.17,1.3
174.4933841228485,30,0.0,19.17,20.82,21.31,,21.31,-10.0,1.23,1.17,1.3
174.99387288093567,30,0.0,19.17,20.82,21.31,,21.31,-10.0,1.23,1.17,1.3
175.48954391479492,30,0.0,19.17,20.82,21.31,,21.31,-10.0,1.23,1.17,1.29
175.99813103675842,30,0.0,19.17,20.82,21.27,,21.27,-10.0,1.23,1.17,1.29
176.50767993927002,30,0.0,19.17,20.82,21.27,,21.27,-10.0,1.23,1.16,1.29
177.00489830970764,30,0.0,19.17,20.82,21.27,,21.27,-10.0,1.23,1.17,1.29
177.50233602523804,30,0.0,19.17,20.82,21.27,,21.27,-10.0,1.23,1.17,1.29
178.00175952911377,30,0.0,19.17,20.79,21.27,,21.27,-10.0,1.23,1.16,1.29
178.4990336894989,30,0.0,19.17,20.79,21.27,,21.27,-10.0,1.23,1.16,1.29
178.99929809570312,30,0.0,19.17,20.79,21.27,,21.27,-10.0,1.23,1.16,1.29
179.51251912117004,30,0.0,19.12,20.79,21.27,,21.27,-10.0,1.22,1.16,1.29
180.01263093948364,30,0.0,19.12,20.79,21.27,,21.27,-10.0,1.22,1.16,1.29
180.5090615749359,30,0.0,19.12,20.79,21.23,,21.23,-10.0,1.22,1.16,1.29
181.00616598129272,30,0.0,19.12,20.79,21.23,,21.23,-10.0,1.22,1.16,1.29
181.50534224510193,30,0.0,19.12,20.79,21.23,,21.23,-10.0,1.22,1.16,1.29
182.01811528205872,30,0.0,19.12,20.79,21.23,,21.23,-10.0,1.22,1.16,1.29
182.51745414733887,30,0.0,19.12,20.76,21.23,,21.23,-10.0,1.22,1.16,1.29
183.0127716064453,30,0.0,19.12,20.76,21.23,,21.23,-10.0,1.22,1.16,1.29
183.51162815093994,30,0.0,19.12,20.76,21.23,,21.23,-10.0,1.22,1.16,1.29
184.02308416366577,30,0.0,19.12,20.76,21.23,,21.23,-10.0,1.22,1.16,1.28
184.52116060256958,30,0.0,19.12,20.76,21.2,,21.2,-10.0,1.22,1.16,1.28
185.01903557777405,30,0.0,19.12,20.76,21.2,,21.2,-10.0,1.22,1.16,1.28
185.51597952842712,30,0.0,19.12,20.76,21.2,,21.2,-10.0,1.22,1.16,1.28
186.03001189231873,30,0.0,19.12,20.76,21.2,,21.2,-10.0,1.22,1.16,1.28
186.5208351612091,30,0.0,19.12,20.76,21.2,,21.2,-10.0,1.22,1.16,1.28
187.02044248580933,30,0.0,19.12,20.76,21.2,,21.2,-10.0,1.22,1.16,1.28
187.52604937553406,30,0.0,19.12,20.72,21.2,,21.2,-10.0,1.22,1.15,1.28
188.03170251846313,30,0.0,19.08,20.72,21.2,,21.2,-10.0,1.22,1.15,1.28
188.5300464630127,30,0.0,19.12,20.72,21.16,,21.16,-10.0,1.22,1.15,1.28
189.02634286880493,30,0.0,19.12,20.72,21.16,,21.16,-10.0,1.22,1.15,1.28
189.5298252105713,30,0.0,19.08,20.72,21.16,,21.16,-10.0,1.22,1.15,1.28
190.02851247787476,30,0.0,19.08,20.72,21.16,,21.16,-10.0,1.22,1.15,1.28
190.54256057739258,30,0.0,19.08,20.72,21.16,,21.16,-10.0,1.22,1.15,1.28
191.040030002594,30,0.0,19.08,20.72,21.16,,21.16,-10.0,1.22,1.15,1.28
191.53958892822266,30,0.0,19.08,20.72,21.16,,21.16,-10.0,1.22,1.15,1.28
192.0347397327423,30,0.0,19.08,20.72,21.16,,21.16,-10.0,1.22,1.15,1.28
192.54596948623657,30,0.0,19.08,20.72,21.16,,21.16,-10.0,1.22,1.15,1.28
193.04836893081665,30,0.0,19.08,20.72,21.16,,21.16,-10.0,1.22,1.15,1.28
193.54375171661377,30,0.0,19.08,20.69,21.16,,21.16,-10.0,1.22,1.15,1.28
194.0410189628601,30,0.0,19.08,20.69,21.16,,21.16,-10.0,1.22,1.15,1.28
194.55296659469604,30,0.0,19.08,20.69,21.16,,21.16,-10.0,1.22,1.15,1.28
195.05169558525085,30,0.0,19.08,20.69,21.13,,21.13,-10.0,1.21,1.15,1.27
195.5499448776245,30,0.0,19.03,20.69,21.13,,21.13,-10.0,1.21,1.15,1.27
196.04419493675232,30,0.0,19.03,20.69,21.13,,21.13,-10.0,1.21,1.15,1.27
196.55578517913818,30,0.0,19.03,20.69,21.13,,21.13,-10.0,1.21,1.15,1.27
197.05043959617615,30,0.0,19.03,20.69,21.13,,21.13,-10.0,1.21,1.15,1.27
197.54790878295898,30,0.0,19.03,20.69,21.13,,21.13,-10.0,1.21,1.14,1.27
198.06108021736145,30,0.0,19.03,20.66,21.13,,21.13,-10.0,1.21,1.14,1.27
198.55954360961914,30,0.0,19.03,20.66,21.13,,21.13,-10.0,1.21,1.14,1.27
199.0596799850464,30,0.0,19.03,20.66,21.13,,21.13,-10.0,1.21,1.14,1.27
199.55550074577332,30,0.0,19.03,20.66,21.13,,21.13,-10.0,1.21,1.14,1.27
200.056387424469,30,0.0,19.03,20.66,21.09,,21.09,-10.0,1.21,1.14,1.27
200.5678699016571,30,0.0,19.03,20.66,21.09,,21.09,-10.0,1.21,1.14,1.27
201.06456542015076,30,0.0,19.03,20.66,21.09,,21.09,-10.0,1.21,1.14,1.27
201.5621371269226,30,0.0,19.03,20.66,21.09,,21.09,-10.0,1.21,1.14,1.27
202.06034779548645,30,0.0,19.03,20.62,21.09,,21.09,-10.0,1.21,1.14,1.27
202.57031655311584,30,0.0,19.03,20.62,21.09,,21.09,-10.0,1.21,1.14,1.27
203.06915283203125,30,0.0,19.03,20.62,21.09,,21.09,-10.0,1.21,1.14,1.26
203.56799507141113,30,0.0,19.03,20.62,21.05,,21.05,-10.0,1.21,1.14,1.26
204.06732606887817,30,0.0,19.03,20.62,21.05,,21.05,-10.0,1.21,1.14,1.26
204.58110570907593,30,0.0,18.99,20.62,21.05,,21.05,-10.0,1.21,1.14,1.26
205.0685384273529,30,0.0,18.99,20.62,21.05,,21.05,-10.0,1.21,1.14,1.26
205.57145428657532,30,0.0,18.99,20.62,21.05,,21.05,-10.0,1.21,1.14,1.26
206.07028937339783,30,0.0,18.99,20.62,21.05,,21.05,-10.0,1.21,1.14,1.26
206.5795226097107,30,0.0,18.99,20.62,21.05,,21.05,-10.0,1.21,1.14,1.26
207.07888984680176,30,0.0,18.99,20.62,21.05,,21.05,-10.0,1.21,1.14,1.26
207.5765187740326,30,0.0,18.99,20.62,21.05,,21.05,-10.0,1.21,1.14,1.26
208.0883936882019,30,0.0,18.99,20.59,21.05,,21.05,-10.0,1.21,1.14,1.26
208.58482384681702,30,0.0,18.99,20.59,21.05,,21.05,-10.0,1.21,1.14,1.26
209.08231782913208,30,0.0,18.99,20.59,21.05,,21.05,-10.0,1.21,1.13,1.26
209.57844376564026,30,0.0,18.99,20.59,21.02,,21.02,-10.0,1.21,1.13,1.26
210.0922544002533,30,0.0,18.99,20.59,21.02,,21.02,-10.0,1.21,1.13,1.26
210.59269618988037,30,0.0,18.99,20.59,21.02,,21.02,-10.0,1.21,1.13,1.26
211.09397435188293,30,0.0,18.99,20.59,21.02,,21.02,-10.0,1.2,1.13,1.26
211.59643006324768,30,0.0,18.94,20.59,21.02,,21.02,-10.0,1.2,1.13,1.26
212.09021377563477,30,0.0,18.94,20.59,21.02,,21.02,-10.0,1.21,1.13,1.26
212.58854341506958,30,0.0,18.94,20.59,21.02,,21.02,-10.0,1.2,1.13,1.26
213.08799266815186,30,0.0,18.94,20.59,21.02,,21.02,-10.0,1.2,1.13,1.26
213.5987343788147,30,0.0,18.94,20.59,21.02,,21.02,-10.0,1.2,1.13,1.26
214.0941343307495,30,0.0,18.94,20.59,21.02,,21.02,-10.0,1.2,1.13,1.25
214.60638117790222,30,0.0,18.94,20.59,20.98,,20.98,-10.0,1.2,1.13,1.25
215.1055567264557,30,0.0,18.94,20.59,20.98,,20.98,-10.0,1.2,1.13,1.25
215.60404658317566,30,0.0,18.94,20.59,20.98,,20.98,-10.0,1.2,1.13,1.25
216.09854578971863,30,0.0,18.94,20.59,20.98,,20.98,-10.0,1.2,1.13,1.25
216.6125931739807,30,0.0,18.94,20.55,20.98,,20.98,-10.0,1.2,1.13,1.25
217.10704636573792,30,0.0,18.94,20.55,20.98,,20.98,-10.0,1.2,1.13,1.25
217.6005733013153,30,0.0,18.94,20.55,20.98,,20.98,-10.0,1.2,1.13,1.25
218.10139083862305,30,0.0,18.94,20.55,20.98,,20.98,-10.0,1.2,1.13,1.25
218.6166594028473,30,0.0,18.94,20.55,20.98,,20.98,-10.0,1.2,1.13,1.25
219.1133451461792,30,0.0,18.94,20.55,20.98,,20.98,-10.0,1.2,1.12,1.25
219.6092140674591,30,0.0,18.9,20.55,20.98,,20.98,-10.0,1.2,1.12,1.25
220.10790276527405,30,0.0,18.9,20.52,20.98,,20.98,-10.0,1.2,1.12,1.25
220.6199963092804,30,0.0,18.9,20.52,20.98,,20.98,-10.0,1.2,1.12,1.25
221.11751747131348,30,0.0,18.9,20.52,20.98,,20.98,-10.0,1.2,1.12,1.25
221.61371994018555,30,0.0,18.9,20.52,20.98,,20.98,-10.0,1.2,1.12,1.25
222.11160564422607,30,0.0,18.9,20.52,20.95,,20.95,-10.0,1.2,1.12,1.25
222.62552738189697,30,0.0,18.9,20.52,20.95,,20.95,-10.0,1.2,1.12,1.25
223.12678813934326,30,0.0,18.9,20.52,20.95,,20.95,-10.0,1.2,1.12,1.25
223.62333488464355,30,0.0,18.9,20.52,20.95,,20.95,-10.0,1.2,1.12,1.25
224.12197375297546,30,0.0,18.9,20.52,20.91,,20.91,-10.0,1.2,1.12,1.24
224.62004947662354,30,0.0,18.9,20.49,20.91,,20.91,-10.0,1.2,1.12,1.24
225.13331818580627,30,0.0,18.9,20.49,20.91,,20.91,-10.0,1.2,1.12,1.24
225.6312599182129,30,0.0,18.9,20.49,20.91,,20.91,-10.0,1.2,1.12,1.24
226.12862849235535,30,0.0,18.9,20.49,20.91,,20.91,-10.0,1.2,1.12,1.24
226.6280653476715,30,0.0,18.9,20.49,20.91,,20.91,-10.0,1.2,1.12,1.24
227.1252281665802,30,0.0,18.9,20.49,20.87,,20.87,-10.0,1.2,1.12,1.24
227.64102029800415,30,0.0,18.9,20.49,20.91,,20.91,-10.0,1.2,1.12,1.24
228.14034843444824,30,0.0,18.85,20.49,20.87,,20.87,-10.0,1.2,1.12,1.24
228.6380274295807,30,0.0,18.85,20.45,20.87,,20.87,-10.0,1.2,1.12,1.24
229.13442730903625,30,0.0,18.9,20.49,20.87,,20.87,-10.0,1.19,1.12,1.24
229.6448459625244,30,0.0,18.85,20.49,20.87,,20.87,-10.0,1.2,1.11,1.24
230.1420660018921,30,0.0,18.9,20.49,20.87,,20.87,-10.0,1.2,1.11,1.24
230.641375541687,30,0.0,18.85,20.49,20.87,,20.87,-10.0,1.2,1.11,1.24
231.13856673240662,30,0.0,18.85,20.45,20.87,,20.87,-10.0,1.19,1.11,1.24
231.65144777297974,30,0.0,18.85,20.45,20.87,,20.87,-10.0,1.19,1.11,1.24
232.1500380039215,30,0.0,18.85,20.45,20.87,,20.87,-10.0,1.19,1.11,1.24
232.64536571502686,30,0.0,18.85,20.45,20.87,,20.87,-10.0,1.19,1.11,1.23
233.14367961883545,30,0.0,18.85,20.45,20.87,,20.87,-10.0,1.19,1.11,1.23
233.64340019226074,30,0.0,18.85,20.45,20.84,,20.84,-10.0,1.19,1.11,1.23
234.15610361099243,30,0.0,18.85,20.45,20.84,,20.84,-10.0,1.19,1.11,1.23
234.65323686599731,30,0.0,18.85,20.45,20.84,,20.84,-10.0,1.19,1.11,1.23
235.15446162223816,30,0.0,18.85,20.45,20.84,,20.84,-10.0,1.19,1.11,1.23
235.6544647216797,30,0.0,18.85,20.45,20.84,,20.84,-10.0,1.19,1.11,1.23
236.15267610549927,30,0.0,18.85,20.45,20.84,,20.84,-10.0,1.19,1.11,1.23
236.66376781463623,30,0.0,18.85,20.45,20.84,,20.84,-10.0,1.19,1.11,1.23
237.16047143936157,30,0.0,18.85,20.45,20.84,,20.84,-10.0,1.19,1.11,1.23
237.66014790534973,30,0.0,18.85,20.45,20.84,,20.84,-10.0,1.19,1.11,1.23
238.1594808101654,30,0.0,18.81,20.45,20.84,,20.84,-10.0,1.19,1.11,1.23
238.66054153442383,30,0.0,18.81,20.42,20.84,,20.84,-10.0,1.19,1.11,1.23
239.15786862373352,30,0.0,18.81,20.45,20.84,,20.84,-10.0,1.19,1.11,1.23
239.671635389328,30,0.0,18.81,20.42,20.8,,20.8,-10.0,1.19,1.11,1.23
240.16864228248596,30,0.0,18.81,20.42,20.8,,20.8,-10.0,1.19,1.11,1.23
240.66489434242249,30,0.0,18.81,20.42,20.8,,20.8,-10.0,1.19,1.11,1.23
241.16631984710693,30,0.0,18.81,20.42,20.8,,20.8,-10.0,1.19,1.11,1.23
241.66394424438477,30,0.0,18.81,20.42,20.8,,20.8,-10.0,1.19,1.11,1.23
242.17935061454773,30,0.0,18.81,20.42,20.8,,20.8,-10.0,1.19,1.11,1.23
242.67565035820007,30,0.0,18.81,20.42,20.8,,20.8,-10.0,1.19,1.11,1.23
243.17303323745728,30,0.0,18.81,20.39,20.8,,20.8,-10.0,1.19,1.11,1.23
243.6704545021057,30,0.0,18.81,20.39,20.8,,20.8,-10.0,1.19,1.11,1.23
244.1720609664917,30,0.0,18.81,20.39,20.8,,20.8,-10.0,1.19,1.11,1.23
244.6857931613922,30,0.0,18.81,20.39,20.8,,20.8,-10.0,1.19,1.1,1.23
245.18642616271973,30,0.0,18.81,20.39,20.8,,20.8,-10.0,1.19,1.1,1.23
245.6820194721222,30,0.0,18.81,20.39,20.8,,20.8,-10.0,1.19,1.1,1.23
246.17671847343445,30,0.0,18.81,20.39,20.8,,20.8,-10.0,1.19,1.1,1.23
246.67786478996277,30,0.0,18.76,20.39,20.8,,20.8,-10.0,1.18,1.1,1.23
247.18700075149536,30,0.0,18.81,20.39,20.8,,20.8,-10.0,1.18,1.1,1.22
247.68230390548706,30,0.0,18.81,20.39,20.76,,20.76,-10.0,1.18,1.1,1.22
248.18303847312927,30,0.0,18.81,20.39,20.76,,20.76,-10.0,1.19,1.1,1.22
248.69606971740723,30,0.0,18.76,20.39,20.76,,20.76,-10.0,1.18,1.1,1.22
249.18885231018066,30,0.0,18.76,20.39,20.76,,20.76,-10.0,1.18,1.1,1.22
249.69934272766113,30,0.0,18.76,20.39,20.76,,20.76,-10.0,1.18,1.1,1.22
250.19604539871216,30,0.0,18.76,20.39,20.76,,20.76,-10.0,1.18,1.1,1.22
250.69467067718506,30,0.0,18.76,20.39,20.76,,20.76,-10.0,1.18,1.1,1.22
251.19174933433533,30,0.0,18.76,20.39,20.76,,20.76,-10.0,1.18,1.1,1.22
251.7048373222351,30,0.0,18.76,20.39,20.76,,20.76,-10.0,1.18,1.1,1.22
252.20257759094238,30,0.0,18.76,20.35,20.76,,20.76,-10.0,1.18,1.1,1.22
252.70322346687317,30,0.0,18.76,20.35,20.76,,20.76,-10.0,1.18,1.1,1.22
253.19934606552124,30,0.0,18.76,20.35,20.76,,20.76,-10.0,1.18,1.1,1.22
253.69634985923767,30,0.0,18.76,20.35,20.76,,20.76,-10.0,1.18,1.1,1.22
254.20790362358093,30,0.0,18.76,20.35,20.76,,20.76,-10.0,1.18,1.1,1.22
254.70940828323364,30,0.0,18.76,20.35,20.76,,20.76,-10.0,1.18,1.1,1.22
255.20755672454834,30,0.0,18.76,20.35,20.73,,20.73,-10.0,1.18,1.1,1.22
255.70508193969727,30,0.0,18.76,20.35,20.73,,20.73,-10.0,1.18,1.1,1.22
256.2026250362396,30,0.0,18.76,20.35,20.73,,20.73,-10.0,1.18,1.1,1.22
256.704341173172,30,0.0,18.76,20.35,20.73,,20.73,-10.0,1.18,1.1,1.22
257.218346118927,30,0.0,18.76,20.32,20.73,,20.73,-10.0,1.18,1.1,1.22
257.71330761909485,30,0.0,18.76,20.35,20.73,,20.73,-10.0,1.18,1.09,1.22
258.21044754981995,30,0.0,18.76,20.32,20.73,,20.73,-10.0,1.18,1.1,1.22
258.7105350494385,30,0.0,18.76,20.32,20.73,,20.73,-10.0,1.18,1.1,1.22
259.22353625297546,30,0.0,18.72,20.32,20.73,,20.73,-10.0,1.18,1.09,1.22
259.7224016189575,30,0.0,18.76,20.32,20.73,,20.73,-10.0,1.18,1.09,1.22
260.22218656539917,30,0.0,18.72,20.32,20.69,,20.69,-10.0,1.18,1.09,1.21
260.718829870224,30,0.0,18.72,20.32,20.69,,20.69,-10.0,1.18,1.09,1.21
261.220520734787,30,0.0,18.72,20.32,20.69,,20.69,-10.0,1.18,1.09,1.21
261.7193877696991,30,0.0,18.72,20.32,20.69,,20.69,-10.0,1.18,1.09,1.21
262.2312309741974,30,0.0,18.72,20.32,20.69,,20.69,-10.0,1.18,1.09,1.21
262.7301800251007,30,0.0,18.72,20.32,20.69,,20.69,-10.0,1.18,1.09,1.21
263.2270953655243,30,0.0,18.72,20.32,20.69,,20.69,-10.0,1.18,1.09,1.21
263.7249858379364,30,0.0,18.72,20.32,20.69,,20.69,-10.0,1.18,1.09,1.21
264.22447443008423,30,0.0,18.72,20.32,20.69,,20.69,-10.0,1.18,1.09,1.21
264.73874163627625,30,0.0,18.72,20.28,20.69,,20.69,-10.0,1.18,1.09,1.21
265.2377576828003,30,0.0,18.72,20.28,20.69,,20.69,-10.0,1.18,1.09,1.21
265.73653292655945,30,0.0,18.72,20.28,20.69,,20.69,-10.0,1.18,1.09,1.21
266.23786878585815,30,0.0,18.72,20.28,20.69,,20.69,-10.0,1.18,1.09,1.21
266.73601055145264,30,0.0,18.72,20.28,20.69,,20.69,-10.0,1.18,1.09,1.21
267.23355865478516,30,0.0,18.72,20.28,20.66,,20.66,-10.0,1.18,1.09,1.21
267.7343258857727,30,0.0,18.72,20.28,20.66,,20.66,-10.0,1.18,1.09,1.21
268.24586176872253,30,0.0,18.72,20.28,20.66,,20.66,-10.0,1.18,1.09,1.21
268.74532651901245,30,0.0,18.72,20.28,20.66,,20.66,-10.0,1.18,1.09,1.21
269.2413547039032,30,0.0,18.72,20.28,20.66,,20.66,-10.0,1.18,1.09,1.21
269.73849177360535,30,0.0,18.72,20.28,20.66,,20.66,-10.0,1.18,1.09,1.21
270.25064492225647,30,0.0,18.72,20.28,20.66,,20.66,-10.0,1.18,1.09,1.21
270.7477877140045,30,0.0,18.72,20.28,20.66,,20.66,-10.0,1.18,1.09,1.21
271.24509716033936,30,0.0,18.72,20.28,20.66,,20.66,-10.0,1.18,1.09,1.21
271.74361538887024,30,0.0,18.72,20.28,20.66,,20.66,-10.0,1.18,1.09,1.21
272.2566542625427,30,0.0,18.72,20.25,20.66,,20.66,-10.0,1.18,1.09,1.21
272.75542068481445,30,0.0,18.72,20.25,20.66,,20.66,-10.0,1.18,1.09,1.21
273.2534918785095,30,0.0,18.72,20.25,20.66,,20.66,-10.0,1.18,1.09,1.2
273.75302290916443,30,0.0,18.72,20.25,20.62,,20.62,-10.0,1.18,1.09,1.2
274.26513409614563,30,0.0,18.72,20.25,20.62,,20.62,-10.0,1.18,1.09,1.2
274.76459217071533,30,0.0,18.67,20.25,20.62,,20.62,-10.0,1.18,1.09,1.2
275.2607624530792,30,0.0,18.67,20.25,20.62,,20.62,-10.0,1.18,1.09,1.2
275.75618267059326,30,0.0,18.67,20.25,20.62,,20.62,-10.0,1.17,1.09,1.2
276.26915431022644,30,0.0,18.67,20.25,20.62,,20.62,-10.0,1.17,1.09,1.2
276.7710039615631,30,0.0,18.67,20.25,20.62,,20.62,-10.0,1.17,1.09,1.2
277.27013516426086,30,0.0,18.67,20.22,20.62,,20.62,-10.0,1.17,1.09,1.2
277.7690603733063,30,0.0,18.67,20.22,20.62,,20.62,-10.0,1.17,1.09,1.2
278.2647376060486,30,0.0,18.67,20.22,20.62,,20.62,-10.0,1.17,1.09,1.2
278.76265573501587,30,0.0,18.67,20.25,20.62,,20.62,-10.0,1.17,1.08,1.2
279.27672481536865,30,0.0,18.67,20.22,20.62,,20.62,-10.0,1.17,1.08,1.2
279.7737011909485,30,0.0,18.67,20.22,20.62,,20.62,-10.0,1.17,1.08,1.2
280.27080273628235,30,0.0,18.67,20.22,20.62,,20.62,-10.0,1.17,1.08,1.2
280.76892614364624,30,0.0,18.67,20.22,20.62,,20.62,-10.0,1.17,1.08,1.2
281.28122329711914,30,0.0,18.67,20.22,20.58,,20.58,-10.0,1.17,1.08,1.2
281.77860021591187,30,0.0,18.67,20.22,20.58,,20.58,-10.0,1.17,1.08,1.2
282.2788333892822,30,0.0,18.67,20.22,20.58,,20.58,-10.0,1.17,1.08,1.2
282.7770848274231,30,0.0,18.67,20.22,20.58,,20.58,-10.0,1.17,1.08,1.2
283.27632689476013,30,0.0,18.67,20.22,20.58,,20.58,-10.0,1.17,1.08,1.2
283.7876183986664,30,0.0,18.67,20.22,20.58,,20.58,-10.0,1.17,1.08,1.2
284.2877492904663,30,0.0,18.67,20.22,20.58,,20.58,-10.0,1.17,1.08,1.2
284.78532552719116,30,0.0,18.67,20.22,20.58,,20.58,-10.0,1.17,1.08,1.2
285.2800295352936,30,0.0,18.67,20.22,20.58,,20.58,-10.0,1.17,1.08,1.2
285.7909007072449,30,0.0,18.67,20.22,20.58,,20.58,-10.0,1.17,1.08,1.2
286.28882932662964,30,0.0,18.67,20.22,20.58,,20.58,-10.0,1.17,1.08,1.2
286.7878108024597,30,0.0,18.63,20.22,20.58,,20.58,-10.0,1.17,1.08,1.2
287.28710889816284,30,0.0,18.63,20.22,20.58,,20.58,-10.0,1.17,1.08,1.2
287.7980637550354,30,0.0,18.67,20.22,20.55,,20.55,-10.0,1.17,1.08,1.19
288.29501390457153,30,0.0,18.63,20.22,20.55,,20.55,-10.0,1.17,1.08,1.19
288.79333996772766,30,0.0,18.63,20.18,20.55,,20.55,-10.0,1.17,1.08,1.19
289.29160237312317,30,0.0,18.63,20.22,20.55,,20.55,-10.0,1.17,1.08,1.19
289.79376435279846,30,0.0,18.63,20.22,20.55,,20.55,-10.0,1.17,1.08,1.19
290.3068768978119,30,0.0,18.63,20.18,20.55,,20.55,-10.0,1.17,1.08,1.19
290.80457758903503,30,0.0,18.63,20.18,20.55,,20.55,-10.0,1.17,1.08,1.19
291.3016803264618,30,0.0,18.63,20.18,20.55,,20.55,-10.0,1.17,1.08,1.19
291.79804515838623,30,0.0,18.63,20.18,20.55,,20.55,-10.0,1.17,1.08,1.19
292.3113169670105,30,0.0,18.63,20.18,20.55,,20.55,-10.0,1.17,1.08,1.19
292.80789256095886,30,0.0,18.63,20.18,20.55,,20.55,-10.0,1.17,1.08,1.19
293.30764150619507,30,0.0,18.63,20.18,20.55,,20.55,-10.0,1.17,1.08,1.19
293.80366110801697,30,0.0,18.63,20.18,20.55,,20.55,-10.0,1.17,1.08,1.19
294.3169662952423,30,0.0,18.63,20.18,20.55,,20.55,-10.0,1.17,1.08,1.19
294.81249237060547,30,0.0,18.63,20.18,20.55,,20.55,-10.0,1.17,1.08,1.19
295.3112246990204,30,0.0,18.63,20.18,20.55,,20.55,-10.0,1.17,1.08,1.19
295.8209853172302,30,0.0,18.63,20.18,20.55,,20.55,-10.0,1.17,1.07,1.19
296.3193030357361,30,0.0,18.63,20.18,20.55,,20.55,-10.0,1.17,1.08,1.19
296.81700134277344,30,0.0,18.63,20.18,20.55,,20.55,-10.0,1.17,1.08,1.19
297.3131663799286,30,0.0,18.63,20.18,20.55,,20.55,-10.0,1.17,1.08,1.19
297.82592391967773,30,0.0,18.63,20.15,20.55,,20.55,-10.0,1.17,1.07,1.19
298.3245677947998,30,0.0,18.63,20.15,20.55,,20.55,-10.0,1.17,1.08,1.19
298.82402753829956,30,0.0,18.63,20.18,20.51,,20.51,-10.0,1.17,1.07,1.19
299.32304406166077,30,0.0,18.58,20.15,20.55,,20.55,-10.0,1.16,1.08,1.19
299.83217787742615,30,0.0,18.58,20.15,20.51,,20.51,-10.0,1.17,1.07,1.19
300.3316583633423,30,0.0,18.58,20.15,20.55,,20.55,-10.0,1.17,1.07,1.19
300.83012533187866,30,0.0,18.58,20.15,20.51,,20.51,-10.0,1.16,1.07,1.19
301.32751536369324,30,0.0,18.58,20.15,20.51,,20.51,-10.0,1.16,1.07,1.19
301.82517409324646,30,0.0,18.58,20.15,20.51,,20.51,-10.0,1.16,1.07,1.19
302.3391344547272,30,0.0,18.58,20.15,20.51,,20.51,-10.0,1.16,1.07,1.19
302.83620953559875,30,0.0,18.58,20.15,20.51,,20.51,-10.0,1.16,1.07,1.19
303.3321282863617,30,0.0,18.58,20.15,20.51,,20.51,-10.0,1.16,1.07,1.19
303.8295159339905,30,0.0,18.58,20.15,20.51,,20.51,-10.0,1.16,1.07,1.19
304.343111038208,30,0.0,18.58,20.15,20.51,,20.51,-10.0,1.17,1.07,1.19
304.8418433666229,30,0.0,18.58,20.15,20.51,,20.51,-10.0,1.16,1.07,1.19
305.3402638435364,30,0.0,18.58,20.15,20.51,,20.51,-10.0,1.16,1.07,1.19
305.83707880973816,30,0.0,18.58,20.15,20.51,,20.51,-10.0,1.16,1.07,1.19
306.3511049747467,30,0.0,18.58,20.15,20.51,,20.51,-10.0,1.16,1.07,1.19
306.84668040275574,30,0.0,18.58,20.15,20.51,,20.51,-10.0,1.16,1.07,1.19
307.3412432670593,30,0.0,18.58,20.11,20.51,,20.51,-10.0,1.16,1.07,1.18
307.8402361869812,30,0.0,18.58,20.11,20.51,,20.51,-10.0,1.16,1.07,1.19
308.35358357429504,30,0.0,18.58,20.11,20.51,,20.51,-10.0,1.16,1.07,1.18
308.84975361824036,30,0.0,18.58,20.11,20.48,,20.48,-10.0,1.16,1.07,1.18
309.34809494018555,30,0.0,18.58,20.11,20.48,,20.48,-10.0,1.16,1.07,1.18
309.8464410305023,30,0.0,18.58,20.11,20.48,,20.48,-10.0,1.16,1.07,1.18
310.36069345474243,30,0.0,18.58,20.11,20.48,,20.48,-10.0,1.16,1.07,1.18
310.8598737716675,30,0.0,18.58,20.11,20.48,,20.48,-10.0,1.16,1.07,1.18
311.35750913619995,30,0.0,18.58,20.11,20.48,,20.48,-10.0,1.16,1.07,1.18
311.8555393218994,30,0.0,18.58,20.11,20.48,,20.48,-10.0,1.16,1.07,1.18
312.3533341884613,30,0.0,18.58,20.11,20.48,,20.48,-10.0,1.16,1.07,1.18
312.86454939842224,30,0.0,18.54,20.11,20.48,,20.48,-10.0,1.16,1.07,1.18
313.3623068332672,30,0.0,18.58,20.11,20.48,,20.48,-10.0,1.16,1.07,1.18
313.85851287841797,30,0.0,18.54,20.11,20.48,,20.48,-10.0,1.16,1.07,1.18
314.3704631328583,30,0.0,18.54,20.11,20.48,,20.48,-10.0,1.16,1.07,1.18
314.87093472480774,30,0.0,18.54,20.11,20.48,,20.48,-10.0,1.16,1.07,1.18
315.3653163909912,30,0.0,18.54,20.11,20.48,,20.48,-10.0,1.16,1.07,1.18
315.86580061912537,30,0.0,18.54,20.11,20.48,,20.48,-10.0,1.16,1.07,1.18
316.36495995521545,30,0.0,18.54,20.11,20.48,,20.48,-10.0,1.16,1.07,1.18
316.8793954849243,30,0.0,18.54,20.11,20.48,,20.48,-10.0,1.16,1.07,1.18
317.37467646598816,30,0.0,18.54,20.11,20.48,,20.48,-10.0,1.16,1.07,1.18
317.871506690979,30,0.0,18.54,20.11,20.48,,20.48,-10.0,1.16,1.07,1.18
318.36885046958923,30,0.0,18.54,20.08,20.48,,20.48,-10.0,1.16,1.06,1.18
318.88015246391296,30,0.0,18.54,20.11,20.48,,20.48,-10.0,1.16,1.06,1.18
319.37330293655396,30,0.0,18.54,20.11,20.48,,20.48,-10.0,1.16,1.06,1.18
319.87161803245544,30,0.0,18.54,20.08,20.48,,20.48,-10.0,1.16,1.06,1.18
320.3855068683624,30,0.0,18.54,20.08,20.48,,20.48,-10.0,1.16,1.06,1.18
320.87951612472534,30,0.0,18.54,20.08,20.48,,20.48,-10.0,1.16,1.06,1.18
321.3797013759613,30,0.0,18.54,20.08,20.48,,20.48,-10.0,1.16,1.06,1.18
321.87665271759033,30,0.0,18.54,20.08,20.48,,20.48,-10.0,1.16,1.06,1.18
322.38854217529297,30,0.0,18.54,20.08,20.48,,20.48,-10.0,1.16,1.06,1.18
322.8881604671478,30,0.0,18.54,20.08,20.48,,20.48,-10.0,1.16,1.06,1.18
323.38659167289734,30,0.0,18.54,20.08,20.44,,20.44,-10.0,1.16,1.06,1.18
323.884330034256,30,0.0,18.54,20.08,20.44,,20.44,-10.0,1.16,1.06,1.18
324.39773201942444,30,0.0,18.54,20.08,20.44,,20.44,-10.0,1.16,1.06,1.18
324.894003868103,30,0.0,18.54,20.08,20.44,,20.44,-10.0,1.16,1.06,1.18
325.3893208503723,30,0.0,18.54,20.08,20.44,,20.44,-10.0,1.16,1.06,1.18
325.88988995552063,30,0.0,18.54,20.08,20.44,,20.44,-10.0,1.16,1.06,1.18
326.42754554748535,30,0.0,18.54,20.08,20.44,,20.44,-10.0,1.16,1.06,1.18
326.9004843235016,30,0.0,18.54,20.08,20.44,,20.44,-10.0,1.16,1.06,1.18
327.4030764102936,30,0.0,18.54,20.08,20.44,,20.44,-10.0,1.16,1.06,1.18
327.8988690376282,30,0.0,18.54,20.05,20.44,,20.44,-10.0,1.16,1.06,1.18
328.397323846817,30,0.0,18.54,20.08,20.44,,20.44,-10.0,1.16,1.06,1.18
328.9090657234192,30,0.0,18.54,20.08,20.44,,20.44,-10.0,1.16,1.06,1.18
329.4063844680786,30,0.0,18.54,20.08,20.44,,20.44,-10.0,1.16,1.06,1.18
329.9050018787384,30,0.0,18.54,20.08,20.44,,20.44,-10.0,1.16,1.06,1.18
330.40505599975586,30,0.0,18.54,20.08,20.44,,20.44,-10.0,1.16,1.06,1.18
330.90261006355286,30,0.0,18.54,20.08,20.44,,20.44,-10.0,1.16,1.06,1.18
331.4150764942169,30,0.0,18.54,20.08,20.44,,20.44,-10.0,1.16,1.06,1.18
331.91227173805237,30,0.0,18.54,20.08,20.44,,20.44,-10.0,1.16,1.06,1.18
332.40977025032043,30,0.0,18.54,20.08,20.44,,20.44,-10.0,1.16,1.06,1.18
332.90696716308594,30,0.0,18.54,20.08,20.44,,20.44,-10.0,1.16,1.06,1.18
333.4169511795044,30,0.0,18.54,20.08,20.44,,20.44,-10.0,1.16,1.06,1.18
333.91533493995667,30,0.0,18.54,20.08,20.44,,20.44,-10.0,1.16,1.06,1.18
334.4110679626465,30,0.0,18.54,20.08,20.44,,20.44,-10.0,1.16,1.06,1.18
334.92261505126953,30,0.0,18.54,20.08,20.44,,20.44,-10.0,1.16,1.06,1.18
335.4186291694641,30,0.0,18.54,20.08,20.44,,20.44,-10.0,1.16,1.06,1.18
335.915239572525,30,0.0,18.58,20.08,20.44,,20.44,-10.0,1.16,1.06,1.18
336.416663646698,30,0.0,18.54,20.08,20.44,,20.44,-10.0,1.16,1.06,1.18
336.9308428764343,30,0.0,18.54,20.08,20.44,,20.44,-10.0,1.16,1.06,1.17
337.42774534225464,30,0.0,18.54,20.08,20.44,,20.44,-10.0,1.16,1.06,1.17
337.9235875606537,30,0.0,18.54,20.08,20.44,,20.44,-10.0,1.16,1.06,1.17
338.42340326309204,30,0.0,18.54,20.08,20.4,,20.4,-10.0,1.16,1.06,1.17
338.93708896636963,30,0.0,18.54,20.05,20.4,,20.4,-10.0,1.16,1.06,1.17
339.4348793029785,30,0.0,18.54,20.05,20.4,,20.4,-10.0,1.16,1.06,1.17
339.9319944381714,30,0.0,18.54,20.05,20.4,,20.4,-10.0,1.16,1.06,1.17
340.4267752170563,30,0.0,18.54,20.05,20.4,,20.4,-10.0,1.16,1.06,1.17
340.93892788887024,30,0.0,18.54,20.05,20.4,,20.4,-10.0,1.16,1.06,1.17
341.4877452850342,30,0.0,18.54,20.05,20.4,,20.4,-10.0,1.16,1.06,1.17
341.9399583339691,30,0.0,18.54,20.05,20.4,,20.4,-10.0,1.16,1.06,1.17
342.4392580986023,30,0.0,18.54,20.05,20.4,,20.4,-10.0,1.16,1.06,1.17
342.9335401058197,30,0.0,18.54,20.05,20.4,,20.4,-10.0,1.16,1.06,1.17
343.44201135635376,30,0.0,18.54,20.05,20.4,,20.4,-10.0,1.16,1.06,1.17
343.9401366710663,30,0.0,18.54,20.05,20.4,,20.4,-10.0,1.16,1.06,1.17
344.4376542568207,30,0.0,18.54,20.05,20.4,,20.4,-10.0,1.16,1.06,1.17
344.9518246650696,30,0.0,18.5,20.05,20.4,,20.4,-10.0,1.16,1.06,1.17
345.45359539985657,30,0.0,18.5,20.05,20.4,,20.4,-10.0,1.16,1.06,1.17
345.9494471549988,30,0.0,18.54,20.05,20.4,,20.4,-10.0,1.16,1.06,1.17
346.4457907676697,30,0.0,18.54,20.05,20.4,,20.4,-10.0,1.16,1.06,1.17
346.9433071613312,30,0.0,18.5,20.05,20.4,,20.4,-10.0,1.15,1.06,1.17
347.45525765419006,30,0.0,18.54,20.05,20.4,,20.4,-10.0,1.16,1.06,1.17
347.9542541503906,30,0.0,18.5,20.05,20.4,,20.4,-10.0,1.15,1.06,1.17
348.4520857334137,30,0.0,18.54,20.05,20.37,,20.37,-10.0,1.16,1.05,1.17
348.94957208633423,30,0.0,18.5,20.05,20.37,,20.37,-10.0,1.15,1.06,1.17
349.46423149108887,30,0.0,18.5,20.01,20.37,,20.37,-10.0,1.15,1.06,1.17
349.9643933773041,30,0.0,18.5,20.01,20.37,,20.37,-10.0,1.15,1.06,1.17
350.4627161026001,30,0.0,18.5,20.05,20.37,,20.37,-10.0,1.15,1.06,1.17
350.9623384475708,30,0.0,18.5,20.05,20.37,,20.37,-10.0,1.15,1.06,1.17
351.46121096611023,30,0.0,18.5,20.05,20.37,,20.37,-10.0,1.15,1.06,1.17
351.9569888114929,30,0.0,18.5,20.05,20.37,,20.37,-10.0,1.15,1.06,1.17
352.46775794029236,30,0.0,18.5,20.05,20.37,,20.37,-10.0,1.15,1.06,1.17
352.9663062095642,30,0.0,18.5,20.05,20.37,,20.37,-10.0,1.15,1.06,1.17
353.46395206451416,30,0.0,18.5,20.05,20.37,,20.37,-10.0,1.15,1.06,1.17
353.97446608543396,30,0.0,18.5,20.05,20.37,,20.37,-10.0,1.15,1.06,1.17
354.4730501174927,30,0.0,18.5,20.01,20.37,,20.37,-10.0,1.15,1.05,1.17
354.97332096099854,30,0.0,18.5,20.01,20.37,,20.37,-10.0,1.15,1.05,1.17
355.4700696468353,30,0.0,18.5,20.01,20.37,,20.37,-10.0,1.15,1.05,1.17
355.9689607620239,30,0.0,18.5,20.01,20.37,,20.37,-10.0,1.15,1.05,1.17
356.4828622341156,30,0.0,18.5,20.01,20.37,,20.37,-10.0,1.15,1.05,1.17
356.98111963272095,30,0.0,18.5,20.01,20.37,,20.37,-10.0,1.15,1.05,1.17
357.47869896888733,30,0.0,18.5,20.01,20.37,,20.37,-10.0,1.15,1.05,1.17
357.97387194633484,30,0.0,18.5,20.01,20.37,,20.37,-10.0,1.15,1.05,1.17
358.4863529205322,30,0.0,18.5,20.01,20.37,,20.37,-10.0,1.15,1.05,1.17
358.9844467639923,30,0.0,18.5,20.01,20.37,,20.37,-10.0,1.15,1.05,1.16
359.48219108581543,30,0.0,18.5,20.01,20.37,,20.37,-10.0,1.15,1.05,1.17
359.98063683509827,30,0.0,18.5,20.01,20.33,,20.33,-10.0,1.15,1.05,1.17
360.4789385795593,30,0.0,18.5,20.01,20.33,,20.33,-10.0,1.15,1.05,1.17
360.99117064476013,30,0.0,18.5,20.01,20.33,,20.33,-10.0,1.15,1.05,1.16
361.4905743598938,30,0.0,18.5,20.01,20.33,,20.33,-10.0,1.15,1.05,1.16
361.98618149757385,30,0.0,18.5,19.98,20.33,,20.33,-10.0,1.15,1.05,1.16
362.4875373840332,30,0.0,18.5,20.01,20.33,,20.33,-10.0,1.15,1.05,1.16
362.9973750114441,30,0.0,18.5,20.01,20.33,,20.33,-10.0,1.15,1.05,1.16
363.49489641189575,30,0.0,18.5,20.01,20.33,,20.33,-10.0,1.15,1.05,1.16
363.9892694950104,30,0.0,18.45,19.98,20.33,,20.33,-10.0,1.15,1.05,1.16
364.5024664402008,30,0.0,18.5,19.98,20.33,,20.33,-10.0,1.15,1.05,1.16
365.0010938644409,30,0.0,18.5,19.98,20.33,,20.33,-10.0,1.15,1.05,1.16
365.49864745140076,30,0.0,18.5,19.98,20.33,,20.33,-10.0,1.15,1.05,1.16
365.9971616268158,30,0.0,18.5,19.98,20.33,,20.33,-10.0,1.15,1.05,1.16
366.50852036476135,30,0.0,18.45,19.98,20.33,,20.33,-10.0,1.15,1.05,1.16
367.00667238235474,30,0.0,18.45,19.98,20.33,,20.33,-10.0,1.15,1.05,1.16
367.5018229484558,30,0.0,18.45,19.98,20.33,,20.33,-10.0,1.15,1.05,1.16
368.011691570282,30,0.0,18.45,19.98,20.33,,20.33,-10.0,1.15,1.05,1.16
368.51180052757263,30,0.0,18.45,19.98,20.33,,20.33,-10.0,1.15,1.05,1.16
369.01013922691345,30,0.0,18.45,19.98,20.33,,20.33,-10.0,1.15,1.05,1.16
369.5048315525055,30,0.0,18.45,19.98,20.33,,20.33,-10.0,1.15,1.05,1.16
370.01571249961853,30,0.0,18.45,19.98,20.33,,20.33,-10.0,1.15,1.05,1.16
370.5136456489563,30,0.0,18.45,19.98,20.33,,20.33,-10.0,1.15,1.05,1.16
371.0129647254944,30,0.0,18.45,19.98,20.33,,20.33,-10.0,1.15,1.05,1.16
371.5111870765686,30,0.0,18.45,19.98,20.33,,20.33,-10.0,1.15,1.05,1.16
372.0107457637787,30,0.0,18.45,19.98,20.29,,20.29,-10.0,1.15,1.05,1.16
372.5233142375946,30,0.0,18.45,19.98,20.33,,20.33,-10.0,1.15,1.05,1.16
373.0183436870575,30,0.0,18.45,19.98,20.33,,20.33,-10.0,1.15,1.05,1.16
373.51602578163147,30,0.0,18.45,19.98,20.33,,20.33,-10.0,1.15,1.05,1.16
374.02775049209595,30,0.0,18.45,19.98,20.33,,20.33,-10.0,1.15,1.05,1.16
374.5253119468689,30,0.0,18.45,19.98,20.29,,20.29,-10.0,1.15,1.05,1.16
375.02155208587646,30,0.0,18.45,19.98,20.29,,20.29,-10.0,1.15,1.05,1.16
375.5196852684021,30,0.0,18.45,19.98,20.33,,20.33,-10.0,1.15,1.05,1.16
376.03326201438904,30,0.0,18.45,19.98,20.33,,20.33,-10.0,1.15,1.05,1.16
376.5308449268341,30,0.0,18.45,19.98,20.29,,20.29,-10.0,1.15,1.05,1.16
377.02565026283264,30,0.0,18.45,19.98,20.33,,20.33,-10.0,1.15,1.05,1.16
377.52454566955566,30,0.0,18.45,19.98,20.29,,20.29,-10.0,1.15,1.05,1.16
378.0365798473358,30,0.0,18.45,19.98,20.29,,20.29,-10.0,1.15,1.05,1.16
378.53376364707947,30,0.0,18.45,19.98,20.29,,20.29,-10.0,1.15,1.05,1.16
379.02841901779175,30,0.0,18.45,19.98,20.29,,20.29,-10.0,1.15,1.05,1.16
379.5449209213257,30,0.0,18.41,19.98,20.29,,20.29,-10.0,1.14,1.05,1.16
380.0426490306854,30,0.0,18.45,19.98,20.29,,20.29,-10.0,1.15,1.05,1.16
380.54047751426697,30,0.0,18.45,19.98,20.29,,20.29,-10.0,1.15,1.05,1.16
381.0371525287628,30,0.0,18.41,19.98,20.29,,20.29,-10.0,1.14,1.05,1.16
381.5357527732849,30,0.0,18.41,19.94,20.29,,20.29,-10.0,1.14,1.05,1.16
382.0503771305084,30,0.0,18.41,19.98,20.29,,20.29,-10.0,1.14,1.05,1.16
382.54638743400574,30,0.0,18.41,19.98,20.29,,20.29,-10.0,1.15,1.05,1.16
383.0453178882599,30,0.0,18.45,19.98,20.29,,20.29,-10.0,1.14,1.05,1.16
383.54222536087036,30,0.0,18.41,19.98,20.29,,20.29,-10.0,1.15,1.04,1.16
384.05546712875366,30,0.0,18.45,19.94,20.29,,20.29,-10.0,1.15,1.05,1.16
384.55183148384094,30,0.0,18.41,19.94,20.29,,20.29,-10.0,1.14,1.05,1.16
385.04977583885193,30,0.0,18.41,19.98,20.29,,20.29,-10.0,1.14,1.05,1.16
385.54750895500183,30,0.0,18.45,19.98,20.33,,20.33,-10.0,1.14,1.05,1.16
386.06035113334656,30,0.0,18.41,19.94,20.33,,20.33,-10.0,1.14,1.04,1.16
386.5586655139923,30,0.0,18.45,19.98,20.29,,20.29,-10.0,1.15,1.04,1.16
387.0556845664978,30,0.0,18.41,19.94,20.29,,20.29,-10.0,1.14,1.04,1.16
387.5566062927246,30,0.0,18.45,19.94,20.29,,20.29,-10.0,1.15,1.04,1.16
388.05323338508606,30,0.0,18.41,19.94,20.29,,20.29,-10.0,1.14,1.04,1.16
388.5688946247101,30,0.0,18.45,19.94,20.29,,20.29,-10.0,1.14,1.04,1.16
389.0653109550476,30,0.0,18.45,19.94,20.29,,20.29,-10.0,1.14,1.04,1.16
389.5603575706482,30,0.0,18.45,19.94,20.29,,20.29,-10.0,1.14,1.04,1.16
390.0585458278656,30,0.0,18.41,19.94,20.29,,20.29,-10.0,1.15,1.04,1.16
390.5712823867798,30,0.0,18.41,19.94,20.29,,20.29,-10.0,1.15,1.04,1.16
391.0690143108368,30,0.0,18.41,19.94,20.29,,20.29,-10.0,1.15,1.04,1.16
391.56726336479187,30,0.0,18.45,19.94,20.29,,20.29,-10.0,1.15,1.04,1.16
392.0678038597107,30,0.0,18.45,19.94,20.29,,20.29,-10.0,1.15,1.04,1.16
392.5674455165863,30,0.0,18.45,19.94,20.29,,20.29,-10.0,1.15,1.04,1.16
393.0779824256897,30,0.0,18.41,19.94,20.29,,20.29,-10.0,1.15,1.04,1.16
393.5753765106201,30,0.0,18.45,19.94,20.29,,20.29,-10.0,1.15,1.04,1.16
394.07385659217834,30,0.0,18.45,19.94,20.29,,20.29,-10.0,1.15,1.04,1.16
394.5700993537903,30,0.0,18.45,19.94,20.29,,20.29,-10.0,1.15,1.04,1.15
395.0805311203003,30,0.0,18.45,19.94,20.26,,20.26,-10.0,1.15,1.04,1.16
395.5796492099762,30,0.0,18.45,19.94,20.29,,20.29,-10.0,1.15,1.04,1.15
396.08032178878784,30,0.0,18.45,19.94,20.26,,20.26,-10.0,1.15,1.04,1.15
396.57886958122253,30,0.0,18.41,19.94,20.26,,20.26,-10.0,1.15,1.04,1.15
397.0764572620392,30,0.0,18.45,19.94,20.26,,20.26,-10.0,1.15,1.04,1.15
397.59115052223206,30,0.0,18.45,19.94,20.26,,20.26,-10.0,1.15,1.04,1.15
398.0910859107971,30,0.0,18.45,19.94,20.26,,20.26,-10.0,1.15,1.04,1.15
398.59084033966064,30,0.0,18.45,19.94,20.26,,20.26,-10.0,1.15,1.04,1.15
399.08651876449585,30,0.0,18.45,19.94,20.26,,20.26,-10.0,1.15,1.04,1.15
399.5980770587921,30,0.0,18.41,19.94,20.26,,20.26,-10.0,1.15,1.04,1.15
400.0948781967163,30,0.0,18.45,19.94,20.26,,20.26,-10.0,1.14,1.04,1.15
400.59336590766907,30,0.0,18.45,19.94,20.29,,20.29,-10.0,1.14,1.04,1.15
401.09328627586365,30,0.0,18.41,19.94,20.26,,20.26,-10.0,1.14,1.04,1.15
401.5879900455475,30,0.0,18.41,19.94,20.26,,20.26,-10.0,1.14,1.04,1.15
402.1023163795471,30,0.0,18.41,19.94,20.26,,20.26,-10.0,1.14,1.04,1.15
402.59960317611694,30,0.0,18.41,19.94,20.26,,20.26,-10.0,1.14,1.04,1.15
403.0960931777954,30,0.0,18.41,19.94,20.26,,20.26,-10.0,1.14,1.04,1.15
403.5938358306885,30,0.0,18.41,19.94,20.26,,20.26,-10.0,1.14,1.04,1.15
404.1062014102936,30,0.0,18.41,19.94,20.26,,20.26,-10.0,1.14,1.04,1.15
404.60371375083923,30,0.0,18.41,19.94,20.26,,20.26,-10.0,1.14,1.04,1.15
405.10178780555725,30,0.0,18.41,19.94,20.26,,20.26,-10.0,1.14,1.04,1.15
405.59955644607544,30,0.0,18.41,19.94,20.26,,20.26,-10.0,1.14,1.04,1.15
406.1143820285797,30,0.0,18.41,19.91,20.26,,20.26,-10.0,1.14,1.04,1.15
406.6093862056732,30,0.0,18.41,19.94,20.26,,20.26,-10.0,1.14,1.04,1.15
407.1233899593353,30,0.0,18.41,19.94,20.26,,20.26,-10.0,1.14,1.04,1.15
407.604531288147,30,0.0,18.41,19.94,20.26,,20.26,-10.0,1.14,1.04,1.15
408.10678815841675,30,0.0,18.41,19.91,20.26,,20.26,-10.0,1.14,1.04,1.15
408.617746591568,30,0.0,18.41,19.91,20.26,,20.26,-10.0,1.14,1.04,1.15
409.1169617176056,30,0.0,18.41,19.91,20.26,,20.26,-10.0,1.14,1.04,1.15
409.6153333187103,30,0.0,18.41,19.91,20.26,,20.26,-10.0,1.14,1.04,1.15
410.11360144615173,30,0.0,18.41,19.91,20.26,,20.26,-10.0,1.14,1.04,1.15
410.6120512485504,30,0.0,18.41,19.91,20.26,,20.26,-10.0,1.14,1.04,1.15
411.1254208087921,30,0.0,18.36,19.91,20.26,,20.26,-10.0,1.14,1.04,1.15
411.6213183403015,30,0.0,18.41,19.91,20.26,,20.26,-10.0,1.14,1.04,1.15
412.1200587749481,30,0.0,18.41,19.91,20.26,,20.26,-10.0,1.14,1.04,1.15
412.6201310157776,30,0.0,18.41,19.91,20.26,,20.26,-10.0,1.14,1.04,1.15
413.1302716732025,30,0.0,18.41,19.91,20.26,,20.26,-10.0,1.14,1.04,1.15
413.6313831806183,30,0.0,18.36,19.91,20.26,,20.26,-10.0,1.14,1.04,1.15
414.1278486251831,30,0.0,18.41,19.91,20.26,,20.26,-10.0,1.14,1.04,1.15
414.62596464157104,30,0.0,18.36,19.91,20.26,,20.26,-10.0,1.14,1.04,1.15
415.13437247276306,30,0.0,18.36,19.91,20.26,,20.26,-10.0,1.14,1.04,1.15
415.6290216445923,30,0.0,18.36,19.91,20.26,,20.26,-10.0,1.14,1.04,1.15
416.1398591995239,30,0.0,18.36,19.91,20.26,,20.26,-10.0,1.14,1.04,1.15
416.6375427246094,30,0.0,18.36,19.91,20.26,,20.26,-10.0,1.14,1.04,1.15
417.13667583465576,30,0.0,18.36,19.91,20.26,,20.26,-10.0,1.14,1.04,1.15
417.6352038383484,30,0.0,18.36,19.91,20.26,,20.26,-10.0,1.14,1.04,1.15
418.1329679489136,30,0.0,18.36,19.91,20.26,,20.26,-10.0,1.14,1.04,1.15
418.64351630210876,30,0.0,18.36,19.91,20.26,,20.26,-10.0,1.14,1.04,1.15
419.14221239089966,30,0.0,18.36,19.91,20.26,,20.26,-10.0,1.14,1.04,1.15
419.6397044658661,30,0.0,18.36,19.91,20.26,,20.26,-10.0,1.14,1.04,1.15
420.1377453804016,30,0.0,18.36,19.91,20.26,,20.26,-10.0,1.14,1.04,1.15
420.64939618110657,30,0.0,18.36,19.91,20.26,,20.26,-10.0,1.14,1.04,1.15
421.14754152297974,30,0.0,18.36,19.91,20.26,,20.26,-10.0,1.14,1.04,1.15
421.6412522792816,30,0.0,18.41,19.91,20.26,,20.26,-10.0,1.14,1.04,1.15
422.15593671798706,30,0.0,18.36,19.91,20.26,,20.26,-10.0,1.14,1.03,1.15
422.6535909175873,30,0.0,18.36,19.91,20.26,,20.26,-10.0,1.14,1.04,1.15
423.14988231658936,30,0.0,18.41,19.91,20.26,,20.26,-10.0,1.14,1.04,1.15
423.66061305999756,30,0.0,18.36,19.88,20.26,,20.26,-10.0,1.14,1.04,1.15
424.1596281528473,30,0.0,18.41,19.91,20.22,,20.22,-10.0,1.14,1.04,1.15
424.6595153808594,30,0.0,18.41,19.91,20.22,,20.22,-10.0,1.14,1.04,1.15
425.1580572128296,30,0.0,18.41,19.91,20.22,,20.22,-10.0,1.14,1.04,1.15
425.6564087867737,30,0.0,18.36,19.91,20.22,,20.22,-10.0,1.14,1.04,1.15
426.1657178401947,30,0.0,18.36,19.91,20.22,,20.22,-10.0,1.14,1.04,1.15
426.661826133728,30,0.0,18.36,19.91,20.22,,20.22,-10.0,1.14,1.04,1.15
427.1606843471527,30,0.0,18.36,19.91,20.22,,20.22,-10.0,1.14,1.03,1.15
427.67157006263733,30,0.0,18.36,19.91,20.22,,20.22,-10.0,1.14,1.03,1.15
428.17960596084595,30,0.0,18.36,19.91,20.22,,20.22,-10.0,1.14,1.04,1.15
428.6681432723999,30,0.0,18.36,19.88,20.22,,20.22,-10.0,1.14,1.03,1.15
429.16670417785645,30,0.0,18.36,19.88,20.22,,20.22,-10.0,1.14,1.04,1.15
429.6636142730713,30,0.0,18.36,19.88,20.22,,20.22,-10.0,1.14,1.03,1.15
430.16554856300354,30,0.0,18.36,19.91,20.22,,20.22,-10.0,1.14,1.03,1.15
430.67688727378845,30,0.0,18.41,19.88,20.22,,20.22,-10.0,1.14,1.03,1.15
431.1753327846527,30,0.0,18.36,19.88,20.22,,20.22,-10.0,1.14,1.03,1.15
431.67252945899963,30,0.0,18.36,19.88,20.22,,20.22,-10.0,1.14,1.03,1.15
432.17100644111633,30,0.0,18.36,19.88,20.22,,20.22,-10.0,1.14,1.03,1.15
432.68391847610474,30,0.0,18.36,19.88,20.22,,20.22,-10.0,1.14,1.03,1.15
433.1806969642639,30,0.0,18.36,19.88,20.22,,20.22,-10.0,1.14,1.03,1.15
433.6787087917328,30,0.0,18.36,19.88,20.22,,20.22,-10.0,1.14,1.03,1.15
434.1794183254242,30,0.0,18.36,19.88,20.22,,20.22,-10.0,1.14,1.03,1.15
434.69102597236633,30,0.0,18.36,19.88,20.22,,20.22,-10.0,1.14,1.03,1.15
435.1867961883545,30,0.0,18.36,19.88,20.22,,20.22,-10.0,1.14,1.03,1.15
435.68784737586975,30,0.0,18.36,19.88,20.22,,20.22,-10.0,1.14,1.03,1.15
436.1828284263611,30,0.0,18.36,19.88,20.22,,20.22,-10.0,1.14,1.03,1.15
436.69632720947266,30,0.0,18.36,19.88,20.22,,20.22,-10.0,1.14,1.03,1.15
437.1944041252136,30,0.0,18.36,19.88,20.22,,20.22,-10.0,1.14,1.03,1.15
437.69077372550964,30,0.0,18.36,19.88,20.22,,20.22,-10.0,1.14,1.03,1.15
438.18976306915283,30,0.0,18.36,19.88,20.22,,20.22,-10.0,1.14,1.03,1.15
438.7006952762604,30,0.0,18.36,19.88,20.22,,20.22,-10.0,1.14,1.03,1.15
439.1984484195709,30,0.0,18.36,19.88,20.22,,20.22,-10.0,1.14,1.03,1.15
439.6950161457062,30,0.0,18.36,19.88,20.22,,20.22,-10.0,1.14,1.03,1.15
440.20538115501404,30,0.0,18.36,19.88,20.22,,20.22,-10.0,1.14,1.03,1.15
440.7043037414551,30,0.0,18.36,19.88,20.22,,20.22,-10.0,1.14,1.03,1.15
441.20011806488037,30,0.0,18.36,19.88,20.22,,20.22,-10.0,1.14,1.03,1.15
441.7002663612366,30,0.0,18.36,19.88,20.22,,20.22,-10.0,1.14,1.03,1.15
442.20936274528503,30,0.0,18.36,19.88,20.22,,20.22,-10.0,1.14,1.03,1.15
442.7031888961792,30,0.0,18.36,19.88,20.22,,20.22,-10.0,1.14,1.03,1.15
443.20186495780945,30,0.0,18.36,19.88,20.22,,20.22,-10.0,1.14,1.03,1.15
443.71443367004395,30,0.0,18.36,19.88,20.22,,20.22,-10.0,1.14,1.03,1.15
444.2116689682007,30,0.0,18.36,19.88,20.22,,20.22,-10.0,1.14,1.03,1.15
444.7064256668091,30,0.0,18.36,19.88,20.22,,20.22,-10.0,1.14,1.03,1.15
445.204612493515,30,0.0,18.36,19.88,20.22,,20.22,-10.0,1.14,1.03,1.15
445.7176716327667,30,0.0,18.36,19.88,20.22,,20.22,-10.0,1.14,1.03,1.15
446.22193598747253,30,0.0,18.36,19.88,20.22,,20.22,-10.0,1.14,1.03,1.15
446.7148633003235,30,0.0,18.36,19.88,20.22,,20.22,-10.0,1.14,1.03,1.15
447.2243745326996,30,0.0,18.36,19.88,20.22,,20.22,-10.0,1.14,1.03,1.15
447.7225487232208,30,0.0,18.36,19.88,20.22,,20.22,-10.0,1.14,1.03,1.15
448.21933484077454,30,0.0,18.36,19.88,20.22,,20.22,-10.0,1.14,1.03,1.15
448.7186779975891,30,0.0,18.36,19.88,20.22,,20.22,-10.0,1.14,1.03,1.15
449.2157769203186,30,0.0,18.36,19.88,20.22,,20.22,-10.0,1.14,1.03,1.15
449.72957730293274,30,0.0,18.36,19.88,20.22,,20.22,-10.0,1.14,1.03,1.15
450.2246506214142,30,0.0,18.36,19.88,20.22,,20.22,-10.0,1.14,1.03,1.15
450.72167325019836,30,0.0,18.36,19.88,20.22,,20.22,-10.0,1.14,1.03,1.15
451.2234239578247,30,0.0,18.36,19.88,20.22,,20.22,-10.0,1.14,1.03,1.15
451.7348253726959,30,0.0,18.36,19.88,20.22,,20.22,-10.0,1.14,1.03,1.15
452.23348450660706,30,0.0,18.36,19.88,20.22,,20.22,-10.0,1.14,1.03,1.15
452.7303190231323,30,0.0,18.36,19.88,20.22,,20.22,-10.0,1.14,1.03,1.15
453.2406322956085,30,0.0,18.36,19.88,20.22,,20.22,-10.0,1.14,1.03,1.15
453.73827600479126,30,0.0,18.36,19.88,20.22,,20.22,-10.0,1.14,1.03,1.15
454.229487657547,30,0.0,18.36,19.88,20.22,,20.22,-10.0,1.14,1.03,1.15
454.737202167511,30,0.0,18.36,19.88,20.22,,20.22,-10.0,1.14,1.03,1.15
455.23660039901733,30,0.0,18.36,19.88,20.22,,20.22,-10.0,1.14,1.03,1.15
455.736510515213,30,0.0,18.36,19.88,20.22,,20.22,-10.0,1.14,1.03,1.15
456.2439134120941,30,0.0,18.36,19.88,20.22,,20.22,-10.0,1.14,1.03,1.15
456.7350068092346,30,0.0,18.36,19.88,20.22,,20.22,-10.0,1.14,1.03,1.15
457.2542746067047,30,0.0,18.36,19.88,20.22,,20.22,-10.0,1.14,1.03,1.15
457.75327491760254,30,0.0,18.36,19.88,20.22,,20.22,-10.0,1.14,1.03,1.15
458.2412621974945,30,0.0,18.36,19.88,20.22,,20.22,-10.0,1.14,1.03,1.15
458.7412097454071,30,0.0,18.36,19.88,20.22,,20.22,-10.0,1.14,1.03,1.15
459.24257946014404,30,0.0,18.32,19.88,20.22,,20.22,-10.0,1.14,1.03,1.15
459.75744915008545,30,0.0,18.36,19.88,20.22,,20.22,-10.0,1.14,1.03,1.15
460.2556736469269,30,0.0,18.36,19.88,20.22,,20.22,-10.0,1.14,1.03,1.15
460.75496077537537,30,0.0,18.32,19.88,20.22,,20.22,-10.0,1.13,1.03,1.15
461.2539806365967,30,0.0,18.36,19.88,20.22,,20.22,-10.0,1.14,1.03,1.15
461.7571556568146,30,0.0,18.36,19.88,20.22,,20.22,-10.0,1.14,1.03,1.15
462.2575135231018,30,0.0,18.36,19.88,20.22,,20.22,-10.0,1.14,1.03,1.15
462.75807762145996,30,0.0,18.36,19.88,20.22,,20.22,-10.0,1.14,1.03,1.15
463.25440096855164,30,0.0,18.36,19.88,20.22,,20.22,-10.0,1.14,1.03,1.15
463.7684819698334,30,0.0,18.36,19.88,20.22,,20.22,-10.0,1.14,1.03,1.15
464.2670090198517,30,0.0,18.36,19.88,20.22,,20.22,-10.0,1.14,1.03,1.15
464.76531505584717,30,0.0,18.36,19.88,20.22,,20.22,-10.0,1.14,1.03,1.15
465.2646255493164,30,0.0,18.36,19.88,20.22,,20.22,-10.0,1.14,1.03,1.15
465.76258730888367,30,0.0,18.36,19.88,20.22,,20.22,-10.0,1.14,1.03,1.15
466.26013255119324,30,0.0,18.36,19.88,20.22,,20.22,-10.0,1.14,1.03,1.15
466.77531695365906,30,0.0,18.36,19.88,20.22,,20.22,-10.0,1.14,1.03,1.15
467.2744212150574,30,0.0,18.36,19.88,20.22,,20.22,-10.0,1.14,1.03,1.15
467.77332973480225,30,0.0,18.36,19.88,20.22,,20.22,-10.0,1.14,1.03,1.15
468.2708342075348,30,0.0,18.36,19.88,20.22,,20.22,-10.0,1.14,1.03,1.15
468.7736885547638,30,0.0,18.36,19.88,20.22,,20.22,-10.0,1.14,1.03,1.15
469.2717158794403,30,0.0,18.36,19.88,20.22,,20.22,-10.0,1.14,1.03,1.15
469.77133870124817,30,0.0,18.36,19.88,20.22,,20.22,-10.0,1.14,1.03,1.15
470.28550124168396,30,0.0,18.36,19.88,20.22,,20.22,-10.0,1.14,1.03,1.15
470.787761926651,30,0.0,18.36,19.88,20.22,,20.22,-10.0,1.14,1.03,1.15
471.2832155227661,30,0.0,18.36,19.88,20.22,,20.22,-10.0,1.14,1.03,1.15
471.78065609931946,30,0.0,18.36,19.88,20.22,,20.22,-10.0,1.14,1.03,1.15
472.2792708873749,30,0.0,18.36,19.88,20.22,,20.22,-10.0,1.14,1.03,1.15
472.79267382621765,30,0.0,18.36,19.88,20.22,,20.22,-10.0,1.14,1.03,1.15
473.2926037311554,30,0.0,18.36,19.88,20.22,,20.22,-10.0,1.14,1.03,1.15
473.78851413726807,30,0.0,18.36,19.88,20.22,,20.22,-10.0,1.14,1.03,1.15
474.2909438610077,30,0.0,18.36,19.88,20.22,,20.22,-10.0,1.14,1.03,1.15
474.79139041900635,30,0.0,18.36,19.88,20.22,,20.22,-10.0,1.14,1.03,1.15
475.2900004386902,30,0.0,18.36,19.88,20.22,,20.22,-10.0,1.14,1.03,1.15
475.791868686676,30,0.0,18.36,19.88,20.22,,20.22,-10.0,1.14,1.03,1.15
476.28917598724365,30,0.0,18.32,19.84,20.22,,20.22,-10.0,1.13,1.03,1.15
476.79059076309204,30,0.0,18.32,19.88,20.22,,20.22,-10.0,1.14,1.03,1.15
477.29081678390503,30,0.0,18.32,19.88,20.22,,20.22,-10.0,1.13,1.03,1.15
477.80303144454956,30,0.0,18.32,19.88,20.22,,20.22,-10.0,1.13,1.03,1.15
478.3009045124054,30,0.0,18.32,19.88,20.22,,20.22,-10.0,1.13,1.03,1.15
478.801287651062,30,0.0,18.32,19.88,20.22,,20.22,-10.0,1.14,1.03,1.15
479.2985751628876,30,0.0,18.32,19.88,20.22,,20.22,-10.0,1.14,1.03,1.15
479.79595494270325,30,0.0,18.32,19.84,20.22,,20.22,-10.0,1.13,1.03,1.15
480.3105800151825,30,0.0,18.32,19.88,20.22,,20.22,-10.0,1.14,1.03,1.15
480.8118693828583,30,0.0,18.36,19.88,20.22,,20.22,-10.0,1.14,1.03,1.15
481.318794965744,30,0.0,18.32,19.88,20.22,,20.22,-10.0,1.14,1.03,1.15
481.813508272171,30,0.0,18.32,19.88,20.22,,20.22,-10.0,1.13,1.03,1.15
482.3143744468689,30,0.0,18.32,19.88,20.22,,20.22,-10.0,1.13,1.03,1.15
482.8123459815979,30,0.0,18.32,19.88,20.22,,20.22,-10.0,1.13,1.03,1.15
483.31184935569763,30,0.0,18.36,19.88,20.22,,20.22,-10.0,1.13,1.03,1.15
483.8143775463104,30,0.0,18.36,19.84,20.22,,20.22,-10.0,1.13,1.03,1.15
484.3215341567993,30,0.0,18.32,19.84,20.22,,20.22,-10.0,1.13,1.03,1.15
484.8148124217987,30,0.0,18.32,19.84,20.22,,20.22,-10.0,1.13,1.03,1.14
485.31275629997253,30,0.0,18.32,19.88,20.22,,20.22,-10.0,1.13,1.03,1.14
485.8145833015442,30,0.0,18.32,19.84,20.19,,20.19,-10.0,1.13,1.03,1.14
486.3161516189575,30,0.0,18.32,19.84,20.19,,20.19,-10.0,1.13,1.03,1.14
486.82693886756897,30,0.0,18.32,19.84,20.22,,20.22,-10.0,1.13,1.03,1.14
487.32316279411316,30,0.0,18.32,19.84,20.19,,20.19,-10.0,1.13,1.03,1.14
487.8223145008087,30,0.0,18.32,19.84,20.22,,20.22,-10.0,1.13,1.03,1.14
488.32284235954285,30,0.0,18.32,19.84,20.22,,20.22,-10.0,1.13,1.03,1.14
488.82142186164856,30,0.0,18.32,19.84,20.22,,20.22,-10.0,1.13,1.03,1.14
489.3228588104248,30,0.0,18.32,19.84,20.22,,20.22,-10.0,1.13,1.03,1.14
489.8240294456482,30,0.0,18.32,19.84,20.19,,20.19,-10.0,1.13,1.03,1.14
490.32447028160095,30,0.0,18.32,19.84,20.19,,20.19,-10.0,1.13,1.03,1.14
490.8380904197693,30,0.0,18.32,19.84,20.19,,20.19,-10.0,1.13,1.03,1.14
491.3400115966797,30,0.0,18.32,19.84,20.22,,20.22,-10.0,1.13,1.03,1.14
491.8384795188904,30,0.0,18.32,19.84,20.19,,20.19,-10.0,1.13,1.03,1.15
492.3390202522278,30,0.0,18.32,19.84,20.19,,20.19,-10.0,1.13,1.03,1.15
492.84086298942566,30,0.0,18.32,19.84,20.19,,20.19,-10.0,1.13,1.03,1.15
493.34327459335327,30,0.0,18.32,19.84,20.19,,20.19,-10.0,1.13,1.03,1.14
493.8378267288208,30,0.0,18.32,19.84,20.19,,20.19,-10.0,1.13,1.03,1.14
494.33735847473145,30,0.0,18.32,19.84,20.19,,20.19,-10.0,1.13,1.03,1.14
494.83692598342896,30,0.0,18.32,19.84,20.19,,20.19,-10.0,1.13,1.03,1.14
495.3519010543823,30,0.0,18.32,19.84,20.19,,20.19,-10.0,1.14,1.03,1.14
495.8506646156311,30,0.0,18.32,19.84,20.19,,20.19,-10.0,1.14,1.03,1.14
496.35266184806824,30,0.0,18.32,19.84,20.19,,20.19,-10.0,1.14,1.03,1.14
496.8516113758087,30,0.0,18.32,19.84,20.19,,20.19,-10.0,1.13,1.03,1.14
497.3481376171112,30,0.0,18.32,19.84,20.19,,20.19,-10.0,1.13,1.03,1.14
497.8459391593933,30,0.0,18.32,19.84,20.19,,20.19,-10.0,1.13,1.03,1.14
498.35828161239624,30,0.0,18.32,19.84,20.19,,20.19,-10.0,1.13,1.03,1.14
498.8572633266449,30,0.0,18.32,19.84,20.19,,20.19,-10.0,1.13,1.03,1.14
499.35770416259766,30,0.0,18.32,19.84,20.19,,20.19,-10.0,1.13,1.03,1.14
499.8554859161377,30,0.0,18.32,19.84,20.19,,20.19,-10.0,1.13,1.02,1.14
500.3574495315552,30,0.0,18.32,19.84,20.19,,20.19,-10.0,1.13,1.03,1.14
500.8557527065277,30,0.0,18.32,19.84,20.19,,20.19,-10.0,1.13,1.03,1.14
501.3589403629303,30,0.0,18.32,19.84,20.19,,20.19,-10.0,1.13,1.02,1.14
501.8550317287445,30,0.0,18.32,19.84,20.19,,20.19,-10.0,1.13,1.02,1.14
502.3703680038452,30,0.0,18.32,19.84,20.19,,20.19,-10.0,1.13,1.03,1.14
502.86581158638,30,0.0,18.32,19.84,20.19,,20.19,-10.0,1.13,1.03,1.14
503.365647315979,30,0.0,18.32,19.84,20.19,,20.19,-10.0,1.13,1.03,1.14
503.86308431625366,30,0.0,18.32,19.84,20.15,,20.15,-10.0,1.13,1.02,1.14
504.36250734329224,30,0.0,18.32,19.84,20.19,,20.19,-10.0,1.13,1.02,1.14
504.8630030155182,30,0.0,18.32,19.84,20.15,,20.15,-10.0,1.13,1.02,1.14
505.37833404541016,30,0.0,18.32,19.81,20.15,,20.15,-10.0,1.13,1.02,1.14
505.8754868507385,30,0.0,18.32,19.84,20.15,,20.15,-10.0,1.13,1.03,1.14
506.37575030326843,30,0.0,18.32,19.81,20.15,,20.15,-10.0,1.13,1.02,1.14
506.87679409980774,30,0.0,18.32,19.81,20.15,,20.15,-10.0,1.13,1.02,1.14
507.3754777908325,30,0.0,18.32,19.81,20.15,,20.15,-10.0,1.13,1.02,1.14
507.87475872039795,30,0.0,18.32,19.81,20.15,,20.15,-10.0,1.13,1.02,1.14
508.3856463432312,30,0.0,18.32,19.81,20.15,,20.15,-10.0,1.13,1.02,1.14
508.88534021377563,30,0.0,18.32,19.81,20.15,,20.15,-10.0,1.13,1.02,1.14
509.3821587562561,30,0.0,18.32,19.81,20.15,,20.15,-10.0,1.13,1.02,1.14
509.8833739757538,30,0.0,18.32,19.81,20.15,,20.15,-10.0,1.13,1.02,1.14
510.38063859939575,30,0.0,18.32,19.81,20.15,,20.15,-10.0,1.13,1.02,1.14
510.8810522556305,30,0.0,18.32,19.81,20.15,,20.15,-10.0,1.13,1.02,1.14
511.3840534687042,30,0.0,18.32,19.81,20.15,,20.15,-10.0,1.13,1.02,1.14
511.89543080329895,30,0.0,18.32,19.81,20.15,,20.15,-10.0,1.13,1.02,1.14
512.3956561088562,30,0.0,18.32,19.81,20.15,,20.15,-10.0,1.13,1.02,1.14
512.8960256576538,30,0.0,18.32,19.81,20.15,,20.15,-10.0,1.13,1.02,1.14
513.3915114402771,30,0.0,18.32,19.81,20.15,,20.15,-10.0,1.13,1.02,1.14
513.8935582637787,30,0.0,18.32,19.81,20.15,,20.15,-10.0,1.13,1.02,1.14
514.3902041912079,30,0.0,18.32,19.81,20.15,,20.15,-10.0,1.13,1.02,1.14
514.8915495872498,30,0.0,18.32,19.81,20.15,,20.15,-10.0,1.13,1.02,1.14
515.3918871879578,30,0.0,18.32,19.81,20.15,,20.15,-10.0,1.13,1.02,1.14
515.8937664031982,30,0.0,18.32,19.81,20.15,,20.15,-10.0,1.13,1.02,1.14
516.40753698349,30,0.0,18.32,19.81,20.15,,20.15,-10.0,1.13,1.02,1.14
516.9085569381714,30,0.0,18.32,19.81,20.15,,20.15,-10.0,1.13,1.02,1.14
517.4065361022949,30,0.0,18.32,19.81,20.15,,20.15,-10.0,1.13,1.02,1.14
517.9037103652954,30,0.0,18.32,19.81,20.15,,20.15,-10.0,1.13,1.02,1.14
518.4057264328003,30,0.0,18.32,19.81,20.15,,20.15,-10.0,1.13,1.02,1.14
518.9003665447235,30,0.0,18.32,19.81,20.15,,20.15,-10.0,1.13,1.02,1.14
519.4144721031189,30,0.0,18.32,19.81,20.15,,20.15,-10.0,1.13,1.02,1.14
519.9172070026398,30,0.0,18.32,19.81,20.15,,20.15,-10.0,1.13,1.02,1.14
520.4109766483307,30,0.0,18.32,19.81,20.15,,20.15,-10.0,1.13,1.02,1.14
520.9063010215759,30,0.0,18.32,19.81,20.15,,20.15,-10.0,1.13,1.02,1.14
521.4110174179077,30,0.0,18.32,19.81,20.15,,20.15,-10.0,1.13,1.02,1.14
521.9098267555237,30,0.0,18.32,19.81,20.15,,20.15,-10.0,1.13,1.02,1.14
522.4109272956848,30,0.0,18.32,19.81,20.15,,20.15,-10.0,1.13,1.02,1.14
522.9228599071503,30,0.0,18.32,19.81,20.15,,20.15,-10.0,1.13,1.02,1.14
523.4201793670654,30,0.0,18.32,19.81,20.15,,20.15,-10.0,1.13,1.02,1.14
523.9199435710907,30,0.0,18.32,19.81,20.15,,20.15,-10.0,1.13,1.02,1.14
524.4178268909454,30,0.0,18.32,19.81,20.15,,20.15,-10.0,1.13,1.02,1.14
524.9215579032898,30,0.0,18.32,19.81,20.15,,20.15,-10.0,1.13,1.02,1.14
525.4192621707916,30,0.0,18.32,19.81,20.15,,20.15,-10.0,1.13,1.02,1.14
525.932531118393,30,0.0,18.32,19.81,20.15,,20.15,-10.0,1.13,1.02,1.14
526.4222314357758,30,0.0,18.32,19.81,20.15,,20.15,-10.0,1.13,1.02,1.14
526.9286766052246,30,0.0,18.32,19.81,20.15,,20.15,-10.0,1.13,1.02,1.14
527.430097579956,30,0.0,18.32,19.81,20.11,,20.11,-10.0,1.13,1.02,1.13
527.9315829277039,30,0.0,18.32,19.81,20.11,,20.11,-10.0,1.13,1.02,1.13
528.4298586845398,30,0.0,18.32,19.81,20.11,,20.11,-10.0,1.13,1.02,1.13
528.9313311576843,30,0.0,18.27,19.81,20.11,,20.11,-10.0,1.13,1.02,1.13
529.4315881729126,30,0.0,18.27,19.81,20.15,,20.15,-10.0,1.13,1.02,1.13
529.931015253067,30,0.0,18.32,19.81,20.11,,20.11,-10.0,1.13,1.02,1.13
530.4417960643768,30,0.0,18.32,19.81,20.11,,20.11,-10.0,1.13,1.02,1.13
530.9433064460754,30,0.0,18.32,19.81,20.11,,20.11,-10.0,1.13,1.02,1.13
531.4410150051117,30,0.0,18.32,19.81,20.11,,20.11,-10.0,1.13,1.02,1.13
531.9425919055939,30,0.0,18.32,19.81,20.11,,20.11,-10.0,1.13,1.02,1.13
532.4417879581451,30,0.0,18.32,19.81,20.15,,20.15,-10.0,1.13,1.02,1.13
532.9375162124634,30,0.0,18.32,19.81,20.15,,20.15,-10.0,1.13,1.02,1.13
533.4527349472046,30,0.0,18.32,19.81,20.11,,20.11,-10.0,1.13,1.02,1.14
533.9538581371307,30,0.0,18.32,19.81,20.11,,20.11,-10.0,1.13,1.02,1.13
534.4563317298889,30,0.0,18.32,19.81,20.11,,20.11,-10.0,1.13,1.02,1.13
534.9575591087341,30,0.0,18.32,19.81,20.11,,20.11,-10.0,1.13,1.02,1.13
535.454776763916,30,0.0,18.32,19.77,20.11,,20.11,-10.0,1.13,1.02,1.13
535.9559459686279,30,0.0,18.32,19.81,20.11,,20.11,-10.0,1.13,1.02,1.13
536.4511740207672,30,0.0,18.32,19.81,20.11,,20.11,-10.0,1.13,1.02,1.13
536.9490163326263,30,0.0,18.32,19.81,20.11,,20.11,-10.0,1.13,1.02,1.13
537.4494936466217,30,0.0,18.27,19.81,20.11,,20.11,-10.0,1.13,1.02,1.13
537.9623322486877,30,0.0,18.32,19.81,20.11,,20.11,-10.0,1.13,1.02,1.13
538.4522242546082,30,0.0,18.27,19.77,20.11,,20.11,-10.0,1.13,1.02,1.13
538.9591076374054,30,0.0,18.32,19.77,20.11,,20.11,-10.0,1.13,1.02,1.13
539.4574999809265,30,0.0,18.27,19.81,20.11,,20.11,-10.0,1.13,1.02,1.13
539.9637267589569,30,0.0,18.27,19.81,20.11,,20.11,-10.0,1.13,1.02,1.13
540.4647414684296,30,0.0,18.27,19.81,20.11,,20.11,-10.0,1.13,1.02,1.13
540.9683060646057,30,0.0,18.32,19.77,20.11,,20.11,-10.0,1.13,1.02,1.13
541.4678127765656,30,0.0,18.27,19.77,20.11,,20.11,-10.0,1.13,1.02,1.13
541.9706492424011,30,0.0,18.32,19.77,20.11,,20.11,-10.0,1.13,1.02,1.13
542.4632019996643,30,0.0,18.32,19.77,20.11,,20.11,-10.0,1.13,1.02,1.13
542.9695959091187,30,0.0,18.27,19.81,20.11,,20.11,-10.0,1.13,1.02,1.13
543.4654972553253,30,0.0,18.27,19.77,20.11,,20.11,-10.0,1.13,1.02,1.13
543.9780519008636,30,0.0,18.27,19.81,20.11,,20.11,-10.0,1.13,1.02,1.14
544.4741234779358,30,0.0,18.27,19.81,20.15,,20.15,-10.0,1.13,1.02,1.13
544.9749970436096,30,0.0,18.27,19.77,20.15,,20.15,-10.0,1.13,1.02,1.13
545.4728589057922,30,0.0,18.27,19.77,20.11,,20.11,-10.0,1.13,1.02,1.13
545.9797241687775,30,0.0,18.27,19.77,20.11,,20.11,-10.0,1.13,1.02,1.13
546.4728267192841,30,0.0,18.27,19.77,20.11,,20.11,-10.0,1.13,1.02,1.13
546.9752039909363,30,0.0,18.27,19.77,20.15,,20.15,-10.0,1.13,1.02,1.13
547.4783191680908,30,0.0,18.27,19.77,20.15,,20.15,-10.0,1.13,1.02,1.13
547.9814336299896,30,0.0,18.27,19.77,20.11,,20.11,-10.0,1.13,1.02,1.13
548.482081413269,30,0.0,18.27,19.77,20.11,,20.11,-10.0,1.13,1.02,1.13
548.9847640991211,30,0.0,18.27,19.77,20.11,,20.11,-10.0,1.13,1.02,1.13
549.4952096939087,30,0.0,18.27,19.77,20.11,,20.11,-10.0,1.13,1.02,1.13
549.994889497757,30,0.0,18.27,19.77,20.11,,20.11,-10.0,1.13,1.02,1.13
550.4930288791656,30,0.0,18.27,19.77,20.11,,20.11,-10.0,1.13,1.02,1.13
550.9956846237183,30,0.0,18.27,19.77,20.11,,20.11,-10.0,1.13,1.02,1.13
551.5013248920441,30,0.0,18.27,19.77,20.11,,20.11,-10.0,1.13,1.02,1.13
551.9958772659302,30,0.0,18.27,19.77,20.11,,20.11,-10.0,1.13,1.02,1.13
552.4954943656921,30,0.0,18.27,19.77,20.11,,20.11,-10.0,1.13,1.02,1.13
552.9965765476227,30,0.0,18.27,19.77,20.11,,20.11,-10.0,1.13,1.02,1.13
553.496260881424,30,0.0,18.27,19.77,20.11,,20.11,-10.0,1.13,1.02,1.13
554.0015001296997,30,0.0,18.27,19.77,20.11,,20.11,-10.0,1.13,1.02,1.13
554.4972357749939,30,0.0,18.27,19.77,20.11,,20.11,-10.0,1.13,1.02,1.13
554.9977180957794,30,0.0,18.27,19.81,20.11,,20.11,-10.0,1.13,1.02,1.13
555.5016777515411,30,0.0,18.27,19.77,20.11,,20.11,-10.0,1.13,1.02,1.13
556.0064496994019,30,0.0,18.27,19.77,20.11,,20.11,-10.0,1.13,1.02,1.13
556.500524520874,30,0.0,18.27,19.77,20.11,,20.11,-10.0,1.13,1.02,1.13
557.0132975578308,30,0.0,18.27,19.77,20.11,,20.11,-10.0,1.13,1.02,1.13
557.5099244117737,30,0.0,18.27,19.77,20.11,,20.11,-10.0,1.13,1.02,1.13
558.0081644058228,30,0.0,18.27,19.77,20.11,,20.11,-10.0,1.13,1.02,1.13
558.5083541870117,30,0.0,18.27,19.77,20.11,,20.11,-10.0,1.13,1.02,1.13
559.0084998607635,30,0.0,18.27,19.77,20.11,,20.11,-10.0,1.13,1.02,1.13
559.5171282291412,30,0.0,18.27,19.77,20.11,,20.11,-10.0,1.13,1.02,1.13
560.0119986534119,30,0.0,18.27,19.77,20.11,,20.11,-10.0,1.13,1.02,1.13
560.5241043567657,30,0.0,18.27,19.77,20.11,,20.11,-10.0,1.13,1.02,1.13
561.0211973190308,30,0.0,18.27,19.77,20.11,,20.11,-10.0,1.13,1.02,1.13
561.5182673931122,30,0.0,18.27,19.77,20.11,,20.11,-10.0,1.13,1.02,1.13
562.016628742218,30,0.0,18.27,19.77,20.11,,20.11,-10.0,1.13,1.02,1.13
562.5182049274445,30,0.0,18.27,19.77,20.11,,20.11,-10.0,1.13,1.02,1.13
563.0178360939026,30,0.0,18.27,19.77,20.11,,20.11,-10.0,1.13,1.02,1.13
563.5312519073486,30,0.0,18.27,19.77,20.11,,20.11,-10.0,1.13,1.02,1.13
564.0282170772552,30,0.0,18.27,19.77,20.11,,20.11,-10.0,1.13,1.02,1.13
564.5274913311005,30,0.0,18.27,19.77,20.11,,20.11,-10.0,1.13,1.02,1.13
565.0292179584503,30,0.0,18.27,19.77,20.11,,20.11,-10.0,1.13,1.02,1.13
565.5259075164795,30,0.0,18.27,19.77,20.11,,20.11,-10.0,1.13,1.02,1.13
566.0254952907562,30,0.0,18.27,19.77,20.11,,20.11,-10.0,1.13,1.02,1.13
566.5408198833466,30,0.0,18.27,19.77,20.11,,20.11,-10.0,1.13,1.02,1.13
567.0282428264618,30,0.0,18.27,19.77,20.11,,20.11,-10.0,1.13,1.02,1.13
567.5291991233826,30,0.0,18.27,19.77,20.11,,20.11,-10.0,1.13,1.02,1.13
568.0405731201172,30,0.0,18.27,19.77,20.11,,20.11,-10.0,1.13,1.02,1.13
568.5461847782135,30,0.0,18.27,19.77,20.11,,20.11,-10.0,1.13,1.02,1.13
569.0452983379364,30,0.0,18.27,19.77,20.11,,20.11,-10.0,1.13,1.02,1.13
569.5409934520721,30,0.0,18.27,19.77,20.11,,20.11,-10.0,1.13,1.02,1.13
570.0406656265259,30,0.0,18.27,19.77,20.11,,20.11,-10.0,1.13,1.02,1.13
570.5379073619843,30,0.0,18.27,19.77,20.11,,20.11,-10.0,1.13,1.02,1.13
571.0525403022766,30,0.0,18.27,19.77,20.11,,20.11,-10.0,1.12,1.02,1.13
571.5519526004791,30,0.0,18.27,19.77,20.11,,20.11,-10.0,1.13,1.02,1.13
572.051470041275,30,0.0,18.27,19.77,20.11,,20.11,-10.0,1.13,1.02,1.13
572.5511014461517,30,0.0,18.27,19.77,20.11,,20.11,-10.0,1.13,1.02,1.13
573.0482244491577,30,0.0,18.27,19.77,20.11,,20.11,-10.0,1.13,1.02,1.13
573.549046754837,30,0.0,18.27,19.77,20.11,,20.11,-10.0,1.13,1.02,1.13
574.0599794387817,30,0.0,18.27,19.77,20.08,,20.08,-10.0,1.13,1.01,1.13
574.5605232715607,30,0.0,18.27,19.77,20.08,,20.08,-10.0,1.13,1.02,1.13
575.0542290210724,30,0.0,18.27,19.77,20.08,,20.08,-10.0,1.13,1.02,1.13
575.5512981414795,30,0.0,18.27,19.77,20.08,,20.08,-10.0,1.13,1.02,1.13
576.0642838478088,30,0.0,18.27,19.77,20.08,,20.08,-10.0,1.13,1.01,1.13
576.559517621994,30,0.0,18.27,19.77,20.08,,20.08,-10.0,1.13,1.02,1.13
577.0559389591217,30,0.0,18.27,19.77,20.08,,20.08,-10.0,1.13,1.02,1.13
577.55637383461,30,0.0,18.27,19.74,20.08,,20.08,-10.0,1.13,1.02,1.13
578.0696732997894,30,0.0,18.27,19.74,20.08,,20.08,-10.0,1.13,1.01,1.13
578.55876994133,30,0.0,18.27,19.74,20.08,,20.08,-10.0,1.13,1.01,1.13
579.0739843845367,30,0.0,18.27,19.74,20.08,,20.08,-10.0,1.13,1.01,1.13
579.5728058815002,30,0.0,18.27,19.74,20.08,,20.08,-10.0,1.13,1.01,1.13
580.0697255134583,30,0.0,18.27,19.74,20.08,,20.08,-10.0,1.13,1.01,1.13
580.5698888301849,30,0.0,18.27,19.74,20.08,,20.08,-10.0,1.13,1.01,1.13
581.0668878555298,30,0.0,18.27,19.74,20.08,,20.08,-10.0,1.13,1.01,1.13
581.5672087669373,30,0.0,18.27,19.74,20.08,,20.08,-10.0,1.13,1.01,1.13
582.0782918930054,30,0.0,18.27,19.74,20.08,,20.08,-10.0,1.13,1.01,1.13
582.5769588947296,30,0.0,18.27,19.74,20.08,,20.08,-10.0,1.13,1.02,1.13
583.0763921737671,30,0.0,18.27,19.74,20.08,,20.08,-10.0,1.13,1.01,1.13
583.5776612758636,30,0.0,18.27,19.74,20.08,,20.08,-10.0,1.13,1.01,1.13
584.0783898830414,30,0.0,18.27,19.77,20.08,,20.08,-10.0,1.13,1.01,1.13
584.578515291214,30,0.0,18.27,19.74,20.08,,20.08,-10.0,1.13,1.01,1.13
585.0906209945679,30,0.0,18.27,19.74,20.08,,20.08,-10.0,1.13,1.01,1.13
585.5899913311005,30,0.0,18.27,19.74,20.08,,20.08,-10.0,1.12,1.01,1.13
586.0875198841095,30,0.0,18.27,19.74,20.08,,20.08,-10.0,1.13,1.01,1.13
586.5873916149139,30,0.0,18.27,19.74,20.08,,20.08,-10.0,1.13,1.01,1.13
587.0907499790192,30,0.0,18.23,19.74,20.08,,20.08,-10.0,1.13,1.01,1.13
587.5891892910004,30,0.0,18.23,19.74,20.08,,20.08,-10.0,1.13,1.01,1.13
588.087559223175,30,0.0,18.27,19.74,20.08,,20.08,-10.0,1.13,1.01,1.13
588.5885002613068,30,0.0,18.27,19.74,20.08,,20.08,-10.0,1.13,1.01,1.13
589.0870068073273,30,0.0,18.23,19.74,20.08,,20.08,-10.0,1.13,1.01,1.13
589.589732170105,30,0.0,18.23,19.74,20.08,,20.08,-10.0,1.12,1.01,1.13
590.0953676700592,30,0.0,18.23,19.74,20.08,,20.08,-10.0,1.12,1.01,1.13
590.5929296016693,30,0.0,18.23,19.74,20.08,,20.08,-10.0,1.13,1.01,1.13
591.0938100814819,30,0.0,18.23,19.74,20.08,,20.08,-10.0,1.12,1.01,1.13
591.6090109348297,30,0.0,18.23,19.74,20.08,,20.08,-10.0,1.12,1.01,1.13
592.105405330658,30,0.0,18.23,19.74,20.08,,20.08,-10.0,1.12,1.01,1.13
592.6063437461853,30,0.0,18.23,19.74,20.08,,20.08,-10.0,1.12,1.01,1.13
593.1039144992828,30,0.0,18.23,19.74,20.08,,20.08,-10.0,1.12,1.01,1.13
593.6035890579224,30,0.0,18.23,19.74,20.08,,20.08,-10.0,1.12,1.01,1.13
594.1026966571808,30,0.0,18.23,19.74,20.08,,20.08,-10.0,1.12,1.01,1.13
594.6014873981476,30,0.0,18.23,19.74,20.08,,20.08,-10.0,1.12,1.01,1.13
595.1046736240387,30,0.0,18.23,19.74,20.08,,20.08,-10.0,1.12,1.01,1.13
595.6164345741272,30,0.0,18.27,19.74,20.08,,20.08,-10.0,1.12,1.01,1.13
596.1347193717957,30,0.0,18.23,19.74,20.08,,20.08,-10.0,1.12,1.01,1.13
596.6125996112823,30,0.0,18.23,19.74,20.08,,20.08,-10.0,1.12,1.01,1.13
597.1113097667694,30,0.0,18.23,19.74,20.08,,20.08,-10.0,1.12,1.01,1.13
597.6100001335144,30,0.0,18.23,19.74,20.08,,20.08,-10.0,1.12,1.01,1.13
598.1117000579834,30,0.0,18.23,19.74,20.08,,20.08,-10.0,1.12,1.01,1.13
598.6221823692322,30,0.0,18.23,19.74,20.08,,20.08,-10.0,1.13,1.01,1.13
599.1225228309631,30,0.0,18.23,19.74,20.08,,20.08,-10.0,1.13,1.01,1.13
599.6224904060364,30,0.0,18.23,19.74,20.08,,20.08,-10.0,1.12,1.01,1.13
600.1209537982941,30,0.0,18.23,19.74,20.08,,20.08,-10.0,1.12,1.01,1.13
600.6190359592438,30,0.0,18.27,19.74,20.08,,20.08,-10.0,1.12,1.01,1.13
601.1291143894196,30,0.0,18.27,19.74,20.08,,20.08,-10.0,1.12,1.01,1.13
601.6311666965485,30,0.0,18.23,19.74,20.08,,20.08,-10.0,1.12,1.01,1.13
602.1319134235382,30,0.0,18.23,19.74,20.08,,20.08,-10.0,1.12,1.01,1.13
602.6315760612488,30,0.0,18.23,19.74,20.08,,20.08,-10.0,1.12,1.01,1.13
603.1267781257629,30,0.0,18.23,19.74,20.08,,20.08,-10.0,1.12,1.01,1.13
603.6233842372894,30,0.0,18.23,19.74,20.08,,20.08,-10.0,1.12,1.01,1.13
604.1396350860596,30,0.0,18.23,19.74,20.08,,20.08,-10.0,1.12,1.01,1.13
604.6387758255005,30,0.0,18.23,19.74,20.08,,20.08,-10.0,1.12,1.01,1.13
605.1394917964935,30,0.0,18.23,19.74,20.08,,20.08,-10.0,1.12,1.01,1.13
605.6380107402802,30,0.0,18.23,19.74,20.08,,20.08,-10.0,1.12,1.01,1.13
606.1371757984161,30,0.0,18.23,19.74,20.08,,20.08,-10.0,1.12,1.01,1.13
606.6376564502716,30,0.0,18.23,19.74,20.08,,20.08,-10.0,1.12,1.01,1.13
607.1359710693359,30,0.0,18.23,19.74,20.08,,20.08,-10.0,1.12,1.01,1.13
607.6480188369751,30,0.0,18.23,19.74,20.08,,20.08,-10.0,1.12,1.01,1.13
608.1494715213776,30,0.0,18.23,19.74,20.08,,20.08,-10.0,1.12,1.01,1.13
608.6477854251862,30,0.0,18.23,19.74,20.08,,20.08,-10.0,1.12,1.01,1.13
609.1512622833252,30,0.0,18.23,19.74,20.08,,20.08,-10.0,1.12,1.01,1.13
609.6461925506592,30,0.0,18.23,19.74,20.08,,20.08,-10.0,1.12,1.01,1.13
610.147358417511,30,0.0,18.23,19.74,20.08,,20.08,-10.0,1.12,1.01,1.13
610.6447687149048,30,0.0,18.23,19.74,20.08,,20.08,-10.0,1.12,1.01,1.13
611.1456832885742,30,0.0,18.23,19.74,20.08,,20.08,-10.0,1.12,1.01,1.13
611.6554057598114,30,0.0,18.23,19.74,20.08,,20.08,-10.0,1.12,1.01,1.13
612.1525363922119,30,0.0,18.23,19.74,20.08,,20.08,-10.0,1.12,1.01,1.13
612.6501979827881,30,0.0,18.23,19.74,20.08,,20.08,-10.0,1.12,1.01,1.13
613.1513810157776,30,0.0,18.23,19.74,20.08,,20.08,-10.0,1.12,1.01,1.13
613.6512835025787,30,0.0,18.23,19.74,20.08,,20.08,-10.0,1.12,1.01,1.13
614.153210401535,30,0.0,18.23,19.74,20.08,,20.08,-10.0,1.12,1.01,1.13
614.6698043346405,30,0.0,18.23,19.74,20.08,,20.08,-10.0,1.12,1.01,1.13
615.1668627262115,30,0.0,18.23,19.74,20.08,,20.08,-10.0,1.12,1.01,1.13
615.666708946228,30,0.0,18.23,19.74,20.08,,20.08,-10.0,1.12,1.01,1.13
616.1652286052704,30,0.0,18.23,19.74,20.08,,20.08,-10.0,1.12,1.01,1.13
616.6670463085175,30,0.0,18.23,19.74,20.08,,20.08,-10.0,1.12,1.01,1.13
617.1678903102875,30,0.0,18.23,19.74,20.08,,20.08,-10.0,1.12,1.01,1.13
617.6650123596191,30,0.0,18.23,19.74,20.08,,20.08,-10.0,1.12,1.01,1.13
618.1644101142883,30,0.0,18.23,19.74,20.08,,20.08,-10.0,1.12,1.01,1.13
618.6765186786652,30,0.0,18.23,19.74,20.08,,20.08,-10.0,1.12,1.01,1.13
619.166469335556,30,0.0,18.23,19.74,20.04,,20.04,-10.0,1.12,1.01,1.13
619.6674211025238,30,0.0,18.23,19.74,20.08,,20.08,-10.0,1.12,1.01,1.12
620.1806733608246,30,0.0,18.23,19.74,20.04,,20.04,-10.0,1.12,1.01,1.13
620.6768805980682,30,0.0,18.23,19.74,20.08,,20.08,-10.0,1.12,1.01,1.12
621.1782166957855,30,0.0,18.23,19.74,20.08,,20.08,-10.0,1.12,1.01,1.13
621.6755957603455,30,0.0,18.23,19.74,20.08,,20.08,-10.0,1.12,1.01,1.13
622.1751143932343,30,0.0,18.23,19.74,20.08,,20.08,-10.0,1.12,1.01,1.13
622.6884582042694,30,0.0,18.23,19.74,20.04,,20.04,-10.0,1.12,1.01,1.13
623.1859405040741,30,0.0,18.23,19.74,20.04,,20.04,-10.0,1.12,1.01,1.12
623.6866745948792,30,0.0,18.23,19.74,20.04,,20.04,-10.0,1.12,1.01,1.12
624.1951570510864,30,0.0,18.23,19.74,20.04,,20.04,-10.0,1.12,1.01,1.12
624.685539484024,30,0.0,18.23,19.74,20.04,,20.04,-10.0,1.12,1.01,1.12
625.1845486164093,30,0.0,18.23,19.74,20.04,,20.04,-10.0,1.12,1.01,1.12
625.6973564624786,30,0.0,18.23,19.74,20.04,,20.04,-10.0,1.12,1.01,1.12
626.1956391334534,30,0.0,18.23,19.74,20.04,,20.04,-10.0,1.12,1.01,1.12
626.6970500946045,30,0.0,18.23,19.74,20.04,,20.04,-10.0,1.12,1.01,1.12
627.1939399242401,30,0.0,18.23,19.74,20.04,,20.04,-10.0,1.12,1.01,1.12
627.6956694126129,30,0.0,18.23,19.74,20.04,,20.04,-10.0,1.12,1.01,1.12
628.1967196464539,30,0.0,18.23,19.74,20.04,,20.04,-10.0,1.12,1.01,1.12
628.6934027671814,30,0.0,18.23,19.74,20.04,,20.04,-10.0,1.12,1.01,1.12
629.205647945404,30,0.0,18.23,19.71,20.04,,20.04,-10.0,1.12,1.01,1.12
629.7042326927185,30,0.0,18.23,19.71,20.04,,20.04,-10.0,1.12,1.01,1.12
630.2040364742279,30,0.0,18.23,19.71,20.04,,20.04,-10.0,1.12,1.01,1.12
630.7045300006866,30,0.0,18.23,19.71,20.04,,20.04,-10.0,1.12,1.01,1.12
631.2017502784729,30,0.0,18.23,19.74,20.04,,20.04,-10.0,1.12,1.01,1.12
631.701562166214,30,0.0,18.23,19.71,20.04,,20.04,-10.0,1.12,1.01,1.12
632.2023167610168,30,0.0,18.23,19.71,20.04,,20.04,-10.0,1.12,1.01,1.12
632.7169733047485,30,0.0,18.23,19.71,20.04,,20.04,-10.0,1.12,1.01,1.12
633.2141134738922,30,0.0,18.23,19.71,20.04,,20.04,-10.0,1.12,1.01,1.12
633.7127621173859,30,0.0,18.23,19.71,20.04,,20.04,-10.0,1.12,1.01,1.12
634.2118508815765,30,0.0,18.23,19.71,20.04,,20.04,-10.0,1.12,1.01,1.12
634.7118453979492,30,0.0,18.23,19.71,20.04,,20.04,-10.0,1.12,1.01,1.12
635.2128949165344,30,0.0,18.23,19.71,20.04,,20.04,-10.0,1.12,1.01,1.12
635.7106833457947,30,0.0,18.23,19.71,20.04,,20.04,-10.0,1.12,1.01,1.12
636.211817741394,30,0.0,18.23,19.71,20.04,,20.04,-10.0,1.12,1.01,1.12
636.7275922298431,30,0.0,18.23,19.71,20.04,,20.04,-10.0,1.12,1.01,1.12
637.2272922992706,30,0.0,18.23,19.71,20.04,,20.04,-10.0,1.12,1.01,1.12
637.723459482193,30,0.0,18.23,19.71,20.04,,20.04,-10.0,1.12,1.01,1.12
638.2220633029938,30,0.0,18.23,19.71,20.04,,20.04,-10.0,1.12,1.01,1.12
638.72243309021,30,0.0,18.23,19.71,20.04,,20.04,-10.0,1.12,1.01,1.12
639.2320642471313,30,0.0,18.23,19.71,20.04,,20.04,-10.0,1.12,1.01,1.12
639.7284188270569,30,0.0,18.23,19.71,20.04,,20.04,-10.0,1.12,1.01,1.12
640.2290842533112,30,0.0,18.23,19.71,20.04,,20.04,-10.0,1.12,1.01,1.12
640.7278249263763,30,0.0,18.23,19.71,20.04,,20.04,-10.0,1.12,1.01,1.12
641.2261626720428,30,0.0,18.23,19.71,20.04,,20.04,-10.0,1.12,1.01,1.12
641.738721370697,30,0.0,18.23,19.71,20.04,,20.04,-10.0,1.12,1.01,1.12
642.2399098873138,30,0.0,18.23,19.71,20.04,,20.04,-10.0,1.12,1.01,1.12
642.7368156909943,30,0.0,18.23,19.71,20.04,,20.04,-10.0,1.12,1.01,1.12
643.2367296218872,30,0.0,18.23,19.74,20.08,,20.08,-10.0,1.12,1.01,1.12
643.7365429401398,30,0.0,18.23,19.71,20.04,,20.04,-10.0,1.12,1.01,1.12
644.2341289520264,30,0.0,18.23,19.74,20.08,,20.08,-10.0,1.12,1.01,1.12
644.735066652298,30,0.0,18.23,19.71,20.04,,20.04,-10.0,1.12,1.01,1.12
645.24534034729,30,0.0,18.23,19.74,20.08,,20.08,-10.0,1.12,1.01,1.12
645.7428040504456,30,0.0,18.23,19.74,20.08,,20.08,-10.0,1.12,1.01,1.13
646.2406220436096,30,0.0,18.23,19.71,20.08,,20.08,-10.0,1.12,1.01,1.12
646.7401378154755,30,0.0,18.23,19.74,20.08,,20.08,-10.0,1.12,1.01,1.13
647.2546281814575,30,0.0,18.23,19.74,20.04,,20.04,-10.0,1.12,1.01,1.12
647.7523536682129,30,0.0,18.23,19.74,20.08,,20.08,-10.0,1.12,1.01,1.12
648.252813577652,30,0.0,18.23,19.71,20.04,,20.04,-10.0,1.12,1.01,1.12
648.7529487609863,30,0.0,18.23,19.74,20.04,,20.04,-10.0,1.12,1.01,1.12
649.2518846988678,30,0.0,18.23,19.74,20.08,,20.08,-10.0,1.12,1.01,1.12
649.7476298809052,30,0.0,18.23,19.74,20.04,,20.04,-10.0,1.12,1.01,1.12
650.262300491333,30,0.0,18.23,19.74,20.08,,20.08,-10.0,1.12,1.01,1.12
650.7596619129181,30,0.0,18.23,19.74,20.08,,20.08,-10.0,1.12,1.01,1.12
651.2598578929901,30,0.0,18.23,19.74,20.08,,20.08,-10.0,1.12,1.01,1.13
651.7591590881348,30,0.0,18.23,19.74,20.08,,20.08,-10.0,1.12,1.01,1.13
652.2575075626373,30,0.0,18.23,19.74,20.08,,20.08,-10.0,1.12,1.01,1.13
652.7577719688416,30,0.0,18.23,19.74,20.08,,20.08,-10.0,1.12,1.01,1.13
653.2701885700226,30,0.0,18.23,19.74,20.08,,20.08,-10.0,1.12,1.01,1.12
653.7705638408661,30,0.0,18.23,19.74,20.08,,20.08,-10.0,1.12,1.01,1.13
654.270925283432,30,0.0,18.23,19.74,20.08,,20.08,-10.0,1.12,1.01,1.13
654.7731821537018,30,0.0,18.23,19.74,20.08,,20.08,-10.0,1.12,1.01,1.13
655.2742781639099,30,0.0,18.23,19.74,20.08,,20.08,-10.0,1.12,1.01,1.13
655.7718770503998,30,0.0,18.23,19.74,20.08,,20.08,-10.0,1.12,1.01,1.13
656.2705919742584,30,0.0,18.23,19.74,20.08,,20.08,-10.0,1.12,1.01,1.13
656.7707767486572,30,0.0,18.23,19.74,20.08,,20.08,-10.0,1.12,1.01,1.13
657.2697761058807,30,0.0,18.23,19.74,20.08,,20.08,-10.0,1.12,1.01,1.13
657.7700340747833,30,0.0,18.23,19.74,20.08,,20.08,-10.0,1.12,1.01,1.13
658.285425901413,30,0.0,18.23,19.74,20.08,,20.08,-10.0,1.12,1.01,1.13
658.7822818756104,30,0.0,18.23,19.74,20.08,,20.08,-10.0,1.12,1.01,1.13
659.2842743396759,30,0.0,18.23,19.74,20.08,,20.08,-10.0,1.12,1.01,1.13
659.7822051048279,30,0.0,18.23,19.74,20.08,,20.08,-10.0,1.12,1.01,1.13
660.2799000740051,30,0.0,18.23,19.74,20.08,,20.08,-10.0,1.12,1.01,1.13
660.7784852981567,30,0.0,18.23,19.74,20.08,,20.08,-10.0,1.12,1.01,1.13
661.291835308075,30,0.0,18.23,19.74,20.08,,20.08,-10.0,1.12,1.01,1.13
661.7898836135864,30,0.0,18.23,19.74,20.08,,20.08,-10.0,1.12,1.01,1.13
662.2896625995636,30,0.0,18.23,19.74,20.08,,20.08,-10.0,1.12,1.01,1.13
662.7873210906982,30,0.0,18.23,19.74,20.08,,20.08,-10.0,1.12,1.01,1.13
663.2863080501556,30,0.0,18.23,19.74,20.08,,20.08,-10.0,1.12,1.01,1.13
663.7852115631104,30,0.0,18.23,19.74,20.08,,20.08,-10.0,1.12,1.01,1.13
664.2994480133057,30,0.0,18.23,19.74,20.08,,20.08,-10.0,1.12,1.01,1.13
664.7974631786346,30,0.0,18.23,19.74,20.08,,20.08,-10.0,1.12,1.01,1.13
665.2979485988617,30,0.0,18.23,19.74,20.08,,20.08,-10.0,1.12,1.01,1.13
665.795173406601,30,0.0,18.23,19.74,20.08,,20.08,-10.0,1.12,1.01,1.13
666.2933142185211,30,0.0,18.23,19.74,20.08,,20.08,-10.0,1.12,1.01,1.13
666.8069531917572,30,0.0,18.23,19.74,20.08,,20.08,-10.0,1.12,1.01,1.13
667.3043105602264,30,0.0,18.23,19.74,20.08,,20.08,-10.0,1.12,1.01,1.13
667.8023657798767,30,0.0,18.23,19.74,20.08,,20.08,-10.0,1.12,1.01,1.13
668.300961971283,30,0.0,18.23,19.74,20.08,,20.08,-10.0,1.12,1.01,1.13
668.8033745288849,30,0.0,18.23,19.74,20.08,,20.08,-10.0,1.12,1.01,1.13
669.3012294769287,30,0.0,18.23,19.74,20.08,,20.08,-10.0,1.12,1.01,1.13
669.8017313480377,30,0.0,18.23,19.74,20.08,,20.08,-10.0,1.12,1.01,1.13
670.3154590129852,30,0.0,18.23,19.74,20.08,,20.08,-10.0,1.12,1.01,1.13
670.8143005371094,30,0.0,18.23,19.74,20.08,,20.08,-10.0,1.12,1.01,1.13
671.3158812522888,30,0.0,18.23,19.74,20.08,,20.08,-10.0,1.12,1.01,1.13
671.8154420852661,30,0.0,18.23,19.74,20.08,,20.08,-10.0,1.12,1.01,1.13
672.3136823177338,30,0.0,18.23,19.74,20.08,,20.08,-10.0,1.12,1.01,1.13
672.8141076564789,30,0.0,18.23,19.74,20.08,,20.08,-10.0,1.12,1.01,1.13
673.3109829425812,30,0.0,18.23,19.74,20.08,,20.08,-10.0,1.12,1.01,1.13
673.8249220848083,30,0.0,18.23,19.74,20.08,,20.08,-10.0,1.12,1.01,1.13
674.3227689266205,30,0.0,18.23,19.74,20.08,,20.08,-10.0,1.12,1.01,1.12
674.8221457004547,30,0.0,18.23,19.74,20.08,,20.08,-10.0,1.12,1.01,1.12
675.3235936164856,30,0.0,18.23,19.74,20.08,,20.08,-10.0,1.12,1.01,1.12
675.821869134903,30,0.0,18.23,19.74,20.08,,20.08,-10.0,1.12,1.01,1.13
676.3235545158386,30,0.0,18.23,19.74,20.04,,20.04,-10.0,1.12,1.01,1.13
676.8259108066559,30,0.0,18.23,19.74,20.08,,20.08,-10.0,1.12,1.01,1.12
677.3237359523773,30,0.0,18.23,19.74,20.04,,20.04,-10.0,1.12,1.01,1.13
677.8222539424896,30,0.0,18.23,19.74,20.04,,20.04,-10.0,1.12,1.01,1.12
678.3248536586761,30,0.0,18.23,19.74,20.04,,20.04,-10.0,1.12,1.01,1.12
678.8369030952454,30,0.0,18.23,19.74,20.08,,20.08,-10.0,1.12,1.01,1.12
679.3393843173981,30,0.0,18.23,19.74,20.04,,20.04,-10.0,1.12,1.01,1.12
679.8390817642212,30,0.0,18.23,19.74,20.04,,20.04,-10.0,1.12,1.01,1.12
680.3355846405029,30,0.0,18.23,19.74,20.08,,20.08,-10.0,1.12,1.01,1.12
680.8359208106995,30,0.0,18.23,19.74,20.04,,20.04,-10.0,1.12,1.01,1.12
681.3368997573853,30,0.0,18.23,19.74,20.04,,20.04,-10.0,1.12,1.01,1.12
681.8365650177002,30,0.0,18.23,19.74,20.04,,20.04,-10.0,1.12,1.01,1.12
682.3369026184082,30,0.0,18.23,19.74,20.04,,20.04,-10.0,1.12,1.01,1.12
682.849826335907,30,0.0,18.23,19.74,20.04,,20.04,-10.0,1.12,1.01,1.12
683.3491439819336,30,0.0,18.23,19.74,20.04,,20.04,-10.0,1.12,1.01,1.12
683.8457491397858,30,0.0,18.23,19.74,20.04,,20.04,-10.0,1.12,1.01,1.12
684.3450644016266,30,0.0,18.23,19.74,20.04,,20.04,-10.0,1.12,1.01,1.12
684.8450231552124,30,0.0,18.23,19.74,20.04,,20.04,-10.0,1.12,1.01,1.12
685.4222753047943,30,0.0,18.23,19.74,20.04,,20.04,-10.0,1.12,1.01,1.12
685.8439929485321,30,0.0,18.23,19.74,20.04,,20.04,-10.0,1.12,1.01,1.12
686.3578455448151,30,0.0,18.23,19.74,20.04,,20.04,-10.0,1.12,1.01,1.12
686.8546285629272,30,0.0,18.23,19.74,20.04,,20.04,-10.0,1.12,1.01,1.12
687.3530580997467,30,0.0,18.23,19.74,20.04,,20.04,-10.0,1.12,1.01,1.12
687.8538193702698,30,0.0,18.23,19.74,20.04,,20.04,-10.0,1.12,1.01,1.12
688.3534932136536,30,0.0,18.23,19.74,20.04,,20.04,-10.0,1.12,1.01,1.12
688.851568698883,30,0.0,18.23,19.74,20.04,,20.04,-10.0,1.12,1.01,1.12
689.3671615123749,30,0.0,18.23,19.74,20.04,,20.04,-10.0,1.12,1.01,1.12
689.8665926456451,30,0.0,18.23,19.74,20.04,,20.04,-10.0,1.12,1.01,1.12
690.3665685653687,30,0.0,18.23,19.74,20.04,,20.04,-10.0,1.12,1.01,1.12
690.8670942783356,30,0.0,18.23,19.74,20.04,,20.04,-10.0,1.12,1.01,1.12
691.360836982727,30,0.0,18.23,19.71,20.04,,20.04,-10.0,1.12,1.01,1.12
691.8622946739197,30,0.0,18.23,19.74,20.04,,20.04,-10.0,1.12,1.01,1.12
692.363785982132,30,0.0,18.23,19.71,20.04,,20.04,-10.0,1.12,1.01,1.12
692.8676166534424,30,0.0,18.23,19.71,20.04,,20.04,-10.0,1.12,1.01,1.12
693.3637454509735,30,0.0,18.23,19.71,20.04,,20.04,-10.0,1.12,1.01,1.12
693.8775835037231,30,0.0,18.23,19.71,20.04,,20.04,-10.0,1.12,1.01,1.12
694.3790543079376,30,0.0,18.23,19.71,20.04,,20.04,-10.0,1.12,1.01,1.12
694.8765947818756,30,0.0,18.23,19.71,20.04,,20.04,-10.0,1.12,1.01,1.12
695.3751881122589,30,0.0,18.23,19.71,20.04,,20.04,-10.0,1.12,1.01,1.12
695.875301361084,30,0.0,18.23,19.71,20.04,,20.04,-10.0,1.12,1.01,1.12
696.3725321292877,30,0.0,18.23,19.71,20.04,,20.04,-10.0,1.12,1.01,1.12
696.874495267868,30,0.0,18.23,19.71,20.0,,20.0,-10.0,1.12,1.01,1.12
697.3843991756439,30,0.0,18.23,19.71,20.04,,20.04,-10.0,1.12,1.01,1.12
697.8864080905914,30,0.0,18.23,19.71,20.0,,20.0,-10.0,1.12,1.01,1.12
698.3861253261566,30,0.0,18.23,19.71,20.0,,20.0,-10.0,1.12,1.01,1.12
698.8804545402527,30,0.0,18.23,19.71,20.04,,20.04,-10.0,1.12,1.01,1.12
699.3814055919647,30,0.0,18.23,19.71,20.04,,20.04,-10.0,1.12,1.01,1.12
699.880286693573,30,0.0,18.23,19.71,20.0,,20.0,-10.0,1.12,1.01,1.12
700.3885967731476,30,0.0,18.23,19.71,20.04,,20.04,-10.0,1.12,1.01,1.12
700.8928532600403,30,0.0,18.23,19.71,20.04,,20.04,-10.0,1.12,1.01,1.12
701.3907227516174,30,0.0,18.23,19.71,20.04,,20.04,-10.0,1.12,1.01,1.12
701.888720035553,30,0.0,18.23,19.71,20.04,,20.04,-10.0,1.12,1.01,1.12
702.402601480484,30,0.0,18.18,19.71,20.04,,20.04,-10.0,1.12,1.01,1.12
702.9012916088104,30,0.0,18.18,19.71,20.04,,20.04,-10.0,1.12,1.01,1.12
703.4016947746277,30,0.0,18.23,19.71,20.04,,20.04,-10.0,1.12,1.01,1.12
703.9012589454651,30,0.0,18.23,19.71,20.04,,20.04,-10.0,1.12,1.01,1.12
704.3996059894562,30,0.0,18.23,19.71,20.04,,20.04,-10.0,1.12,1.01,1.12
704.9009208679199,30,0.0,18.23,19.71,20.04,,20.04,-10.0,1.12,1.0,1.12
705.4009056091309,30,0.0,18.18,19.71,20.04,,20.04,-10.0,1.12,1.01,1.12
705.8979597091675,30,0.0,18.18,19.71,20.04,,20.04,-10.0,1.12,1.0,1.12
706.3996622562408,30,0.0,18.18,19.71,20.0,,20.0,-10.0,1.12,1.01,1.12
706.9040110111237,30,0.0,18.18,19.67,20.0,,20.0,-10.0,1.12,1.01,1.12
707.4028747081757,30,0.0,18.18,19.67,20.0,,20.0,-10.0,1.12,1.0,1.12
707.903618812561,30,0.0,18.18,19.67,20.0,,20.0,-10.0,1.12,1.0,1.12
708.4028148651123,30,0.0,18.18,19.71,20.0,,20.0,-10.0,1.12,1.0,1.12
708.9171514511108,30,0.0,18.18,19.71,20.0,,20.0,-10.0,1.12,1.0,1.12
709.4184350967407,30,0.0,18.18,19.71,20.04,,20.04,-10.0,1.12,1.01,1.12
709.9177045822144,30,0.0,18.18,19.71,20.04,,20.04,-10.0,1.12,1.0,1.12
710.4170889854431,30,0.0,18.18,19.71,20.04,,20.04,-10.0,1.12,1.01,1.12
710.9166193008423,30,0.0,18.18,19.71,20.0,,20.0,-10.0,1.12,1.01,1.12
711.4181897640228,30,0.0,18.18,19.71,20.0,,20.0,-10.0,1.12,1.01,1.12
711.9256732463837,30,0.0,18.18,19.71,20.0,,20.0,-10.0,1.12,1.01,1.12
712.4256536960602,30,0.0,18.18,19.71,20.0,,20.0,-10.0,1.12,1.01,1.12
712.9213106632233,30,0.0,18.18,19.71,20.0,,20.0,-10.0,1.12,1.01,1.12
713.4222958087921,30,0.0,18.18,19.71,20.0,,20.0,-10.0,1.12,1.01,1.12
713.9185860157013,30,0.0,18.18,19.71,20.0,,20.0,-10.0,1.12,1.01,1.12
714.4327249526978,30,0.0,18.18,19.71,20.0,,20.0,-10.0,1.12,1.01,1.12
714.9353928565979,30,0.0,18.18,19.71,20.0,,20.0,-10.0,1.12,1.01,1.12
715.4318115711212,30,0.0,18.18,19.71,20.0,,20.0,-10.0,1.12,1.01,1.12
715.9303689002991,30,0.0,18.18,19.71,20.0,,20.0,-10.0,1.12,1.01,1.12
716.4259121417999,30,0.0,18.18,19.71,20.0,,20.0,-10.0,1.12,1.01,1.12
716.9376966953278,30,0.0,18.18,19.71,20.0,,20.0,-10.0,1.12,1.01,1.12
717.4379298686981,30,0.0,18.18,19.71,20.0,,20.0,-10.0,1.12,1.01,1.12
717.9335083961487,30,0.0,18.18,19.71,20.0,,20.0,-10.0,1.12,1.01,1.12
718.4323599338531,30,0.0,18.18,19.71,20.0,,20.0,-10.0,1.12,1.01,1.12
718.9311661720276,30,0.0,18.18,19.71,20.0,,20.0,-10.0,1.12,1.01,1.12
719.4455420970917,30,0.0,18.18,19.71,20.0,,20.0,-10.0,1.12,1.01,1.12
719.9470574855804,30,0.0,18.18,19.71,20.0,,20.0,-10.0,1.12,1.01,1.12
720.446941614151,30,0.0,18.18,19.71,20.0,,20.0,-10.0,1.12,1.01,1.12
720.9433104991913,30,0.0,18.18,19.71,20.0,,20.0,-10.0,1.12,1.01,1.12
721.4408679008484,30,0.0,18.18,19.71,20.0,,20.0,-10.0,1.12,1.01,1.12
721.9427032470703,30,0.0,18.18,19.71,20.0,,20.0,-10.0,1.12,1.01,1.12
722.4545373916626,30,0.0,18.18,19.71,20.0,,20.0,-10.0,1.12,1.01,1.12
722.953334569931,30,0.0,18.18,19.71,20.0,,20.0,-10.0,1.12,1.01,1.12
723.4510853290558,30,0.0,18.18,19.71,20.0,,20.0,-10.0,1.12,1.01,1.12
723.950012922287,30,0.0,18.18,19.71,20.0,,20.0,-10.0,1.12,1.01,1.12
724.4504721164703,30,0.0,18.18,19.71,20.0,,20.0,-10.0,1.12,1.01,1.12
724.9482710361481,30,0.0,18.18,19.71,20.0,,20.0,-10.0,1.12,1.01,1.12
725.4617712497711,30,0.0,18.18,19.71,20.0,,20.0,-10.0,1.12,1.01,1.12
725.9605131149292,30,0.0,18.18,19.71,20.0,,20.0,-10.0,1.12,1.01,1.12
726.4604578018188,30,0.0,18.18,19.71,20.0,,20.0,-10.0,1.12,1.01,1.12
726.9641480445862,30,0.0,18.18,19.71,20.0,,20.0,-10.0,1.12,1.01,1.12
727.4637064933777,30,0.0,18.18,19.71,20.0,,20.0,-10.0,1.12,1.01,1.12
727.9656736850739,30,0.0,18.18,19.71,20.0,,20.0,-10.0,1.12,1.01,1.12
728.4651968479156,30,0.0,18.18,19.71,20.0,,20.0,-10.0,1.12,1.01,1.12
728.9671447277069,30,0.0,18.18,19.71,20.0,,20.0,-10.0,1.12,1.01,1.12
729.4630765914917,30,0.0,18.18,19.71,20.0,,20.0,-10.0,1.12,1.01,1.12
729.9642040729523,30,0.0,18.18,19.71,20.0,,20.0,-10.0,1.12,1.01,1.12
730.4627661705017,30,0.0,18.18,19.71,20.0,,20.0,-10.0,1.12,1.01,1.12
730.9781782627106,30,0.0,18.18,19.71,20.0,,20.0,-10.0,1.12,1.01,1.12
731.4757707118988,30,0.0,18.18,19.71,20.0,,20.0,-10.0,1.12,1.0,1.12
731.9753360748291,30,0.0,18.18,19.71,20.0,,20.0,-10.0,1.12,1.01,1.12
732.474490404129,30,0.0,18.18,19.67,20.0,,20.0,-10.0,1.12,1.0,1.12
732.9753692150116,30,0.0,18.18,19.67,20.0,,20.0,-10.0,1.12,1.0,1.12
733.4725308418274,30,0.0,18.18,19.71,20.0,,20.0,-10.0,1.12,1.01,1.12
733.9858045578003,30,0.0,18.18,19.71,20.04,,20.04,-10.0,1.12,1.01,1.12
734.4836912155151,30,0.0,18.18,19.67,20.04,,20.04,-10.0,1.12,1.0,1.12
734.9833824634552,30,0.0,18.18,19.71,20.04,,20.04,-10.0,1.12,1.01,1.12
735.4857370853424,30,0.0,18.18,19.71,20.04,,20.04,-10.0,1.12,1.01,1.12
735.984778881073,30,0.0,18.18,19.71,20.04,,20.04,-10.0,1.12,1.0,1.12
736.4846937656403,30,0.0,18.18,19.71,20.04,,20.04,-10.0,1.12,1.01,1.12
736.9847507476807,30,0.0,18.18,19.71,20.04,,20.04,-10.0,1.12,1.01,1.12
737.4837236404419,30,0.0,18.18,19.71,20.04,,20.04,-10.0,1.12,1.01,1.12
737.9830102920532,30,0.0,18.18,19.67,20.04,,20.04,-10.0,1.12,1.01,1.12
738.496885061264,30,0.0,18.18,19.71,20.04,,20.04,-10.0,1.12,1.0,1.12
738.9951090812683,30,0.0,18.18,19.71,20.04,,20.04,-10.0,1.12,1.01,1.12
739.4929587841034,30,0.0,18.18,19.71,20.04,,20.04,-10.0,1.12,1.0,1.12
739.9921443462372,30,0.0,18.18,19.71,20.04,,20.04,-10.0,1.12,1.01,1.12
740.4920477867126,30,0.0,18.18,19.71,20.04,,20.04,-10.0,1.12,1.01,1.12
741.0016708374023,30,0.0,18.18,19.67,20.04,,20.04,-10.0,1.12,1.01,1.12
741.4999496936798,30,0.0,18.18,19.67,20.04,,20.04,-10.0,1.12,1.01,1.12
741.9993374347687,30,0.0,18.18,19.67,20.04,,20.04,-10.0,1.12,1.01,1.12
742.499050617218,30,0.0,18.18,19.67,20.04,,20.04,-10.0,1.12,1.01,1.12
742.9965195655823,30,0.0,18.23,19.67,20.04,,20.04,-10.0,1.12,1.0,1.12
743.4979269504547,30,0.0,18.23,19.71,20.04,,20.04,-10.0,1.12,1.01,1.12
743.9979691505432,30,0.0,18.23,19.71,20.04,,20.04,-10.0,1.12,1.01,1.12
744.5114831924438,30,0.0,18.23,19.71,20.04,,20.04,-10.0,1.12,1.01,1.12
745.0056097507477,30,0.0,18.18,19.71,20.04,,20.04,-10.0,1.12,1.01,1.12
745.5065715312958,30,0.0,18.18,19.71,20.04,,20.04,-10.0,1.12,1.01,1.12
746.0043959617615,30,0.0,18.18,19.71,20.04,,20.04,-10.0,1.12,1.01,1.12
746.5192821025848,30,0.0,18.18,19.71,20.04,,20.04,-10.0,1.12,1.01,1.12
747.0184791088104,30,0.0,18.18,19.71,20.04,,20.04,-10.0,1.12,1.01,1.12
747.5179710388184,30,0.0,18.23,19.71,20.04,,20.04,-10.0,1.12,1.01,1.12
748.0184540748596,30,0.0,18.18,19.71,20.04,,20.04,-10.0,1.12,1.01,1.12
748.517838716507,30,0.0,18.23,19.71,20.04,,20.04,-10.0,1.12,1.01,1.12
749.0177974700928,30,0.0,18.23,19.71,20.04,,20.04,-10.0,1.12,1.01,1.12
749.5163285732269,30,0.0,18.18,19.71,20.04,,20.04,-10.0,1.12,1.01,1.12
750.0148990154266,30,0.0,18.18,19.71,20.04,,20.04,-10.0,1.12,1.01,1.12
750.5166289806366,30,0.0,18.23,19.71,20.04,,20.04,-10.0,1.12,1.01,1.12
751.0305769443512,30,0.0,18.23,19.71,20.04,,20.04,-10.0,1.12,1.01,1.12
751.5281901359558,30,0.0,18.23,19.71,20.04,,20.04,-10.0,1.12,1.01,1.12
752.0312614440918,30,0.0,18.23,19.71,20.04,,20.04,-10.0,1.12,1.01,1.12
752.5308032035828,30,0.0,18.23,19.71,20.04,,20.04,-10.0,1.12,1.01,1.12
753.0340447425842,30,0.0,18.23,19.71,20.04,,20.04,-10.0,1.12,1.01,1.12
753.529866695404,30,0.0,18.23,19.71,20.04,,20.04,-10.0,1.12,1.01,1.12
754.0310866832733,30,0.0,18.23,19.71,20.04,,20.04,-10.0,1.12,1.01,1.12
754.5315411090851,30,0.0,18.23,19.71,20.04,,20.04,-10.0,1.12,1.01,1.12
755.0292282104492,30,0.0,18.23,19.71,20.04,,20.04,-10.0,1.12,1.01,1.12
755.5295970439911,30,0.0,18.23,19.71,20.04,,20.04,-10.0,1.12,1.01,1.12
756.0314950942993,30,0.0,18.23,19.71,20.04,,20.04,-10.0,1.12,1.01,1.12
756.5318257808685,30,0.0,18.23,19.71,20.04,,20.04,-10.0,1.12,1.01,1.12
757.0340609550476,30,0.0,18.23,19.71,20.04,,20.04,-10.0,1.12,1.01,1.12
757.5354409217834,30,0.0,18.23,19.71,20.04,,20.04,-10.0,1.12,1.01,1.12
758.0379507541656,30,0.0,18.23,19.71,20.04,,20.04,-10.0,1.12,1.01,1.12
758.5426995754242,30,0.0,18.23,19.71,20.04,,20.04,-10.0,1.12,1.01,1.12
759.0427069664001,30,0.0,18.23,19.71,20.04,,20.04,-10.0,1.12,1.01,1.12
759.5466005802155,30,0.0,18.23,19.71,20.04,,20.04,-10.0,1.12,1.01,1.12
760.0529429912567,30,0.0,18.23,19.71,20.04,,20.04,-10.0,1.12,1.01,1.12
760.5563066005707,30,0.0,18.23,19.74,20.04,,20.04,-10.0,1.12,1.01,1.12
761.0439224243164,30,0.0,18.23,19.74,20.04,,20.04,-10.0,1.12,1.01,1.12
761.5485284328461,30,0.0,18.23,19.74,20.04,,20.04,-10.0,1.12,1.01,1.12
762.0494132041931,30,0.0,18.23,19.71,20.04,,20.04,-10.0,1.12,1.01,1.12
762.5521547794342,30,0.0,18.23,19.71,20.04,,20.04,-10.0,1.12,1.01,1.12
763.0518133640289,30,0.0,18.23,19.71,20.04,,20.04,-10.0,1.12,1.01,1.12
763.5643994808197,30,0.0,18.23,19.71,20.04,,20.04,-10.0,1.12,1.01,1.12
764.0508284568787,30,0.0,18.23,19.71,20.04,,20.04,-10.0,1.12,1.01,1.12
764.5673980712891,30,0.0,18.18,19.71,20.04,,20.04,-10.0,1.12,1.01,1.12
765.0639045238495,30,0.0,18.23,19.71,20.04,,20.04,-10.0,1.12,1.01,1.12
765.5623095035553,30,0.0,18.23,19.71,20.04,,20.04,-10.0,1.12,1.01,1.12
766.0633330345154,30,0.0,18.23,19.71,20.04,,20.04,-10.0,1.12,1.01,1.12
766.5654754638672,30,0.0,18.23,19.71,20.04,,20.04,-10.0,1.12,1.01,1.12
767.0604457855225,30,0.0,18.23,19.71,20.04,,20.04,-10.0,1.12,1.01,1.12
767.5601935386658,30,0.0,18.23,19.71,20.04,,20.04,-10.0,1.12,1.01,1.12
768.0746715068817,30,0.0,18.23,19.71,20.04,,20.04,-10.0,1.12,1.01,1.12
768.5737290382385,30,0.0,18.23,19.71,20.04,,20.04,-10.0,1.12,1.01,1.12
769.0740160942078,30,0.0,18.23,19.71,20.04,,20.04,-10.0,1.12,1.01,1.12
769.5777833461761,30,0.0,18.23,19.71,20.04,,20.04,-10.0,1.12,1.01,1.12
770.0738108158112,30,0.0,18.23,19.71,20.04,,20.04,-10.0,1.12,1.01,1.12
770.5728659629822,30,0.0,18.23,19.71,20.04,,20.04,-10.0,1.12,1.01,1.12
771.0734016895294,30,0.0,18.23,19.71,20.04,,20.04,-10.0,1.12,1.01,1.12
771.5732843875885,30,0.0,18.23,19.71,20.04,,20.04,-10.0,1.12,1.01,1.12
772.0733535289764,30,0.0,18.23,19.71,20.04,,20.04,-10.0,1.12,1.01,1.12
772.5761668682098,30,0.0,18.23,19.71,20.04,,20.04,-10.0,1.12,1.01,1.12
773.0785977840424,30,0.0,18.23,19.71,20.04,,20.04,-10.0,1.12,1.01,1.12
773.5787403583527,30,0.0,18.23,19.71,20.04,,20.04,-10.0,1.12,1.01,1.12
774.0783023834229,30,0.0,18.23,19.71,20.04,,20.04,-10.0,1.12,1.01,1.12
774.5801434516907,30,0.0,18.18,19.71,20.04,,20.04,-10.0,1.12,1.01,1.12
775.0889809131622,30,0.0,18.18,19.71,20.04,,20.04,-10.0,1.12,1.01,1.12
775.5845880508423,30,0.0,18.18,19.71,20.0,,20.0,-10.0,1.12,1.01,1.12
776.0831000804901,30,0.0,18.18,19.71,20.04,,20.04,-10.0,1.12,1.01,1.12
776.5988457202911,30,0.0,18.18,19.71,20.04,,20.04,-10.0,1.12,1.01,1.12
777.0998220443726,30,0.0,18.18,19.71,20.04,,20.04,-10.0,1.12,1.01,1.12
777.6004846096039,30,0.0,18.18,19.71,20.04,,20.04,-10.0,1.12,1.01,1.12
778.102391242981,30,0.0,18.23,19.71,20.04,,20.04,-10.0,1.12,1.01,1.12
778.604748249054,30,0.0,18.23,19.71,20.04,,20.04,-10.0,1.12,1.01,1.12
779.1060981750488,30,0.0,18.18,19.71,20.04,,20.04,-10.0,1.12,1.01,1.12
779.5935683250427,30,0.0,18.18,19.71,20.04,,20.04,-10.0,1.12,1.01,1.12
780.097585439682,30,0.0,18.23,19.71,20.04,,20.04,-10.0,1.12,1.01,1.12
780.5984754562378,30,0.0,18.18,19.71,20.04,,20.04,-10.0,1.12,1.01,1.12
781.100245475769,30,0.0,18.18,19.71,20.04,,20.04,-10.0,1.12,1.01,1.12
781.6113910675049,30,0.0,18.18,19.71,20.04,,20.04,-10.0,1.12,1.01,1.12
782.1103231906891,30,0.0,18.18,19.71,20.04,,20.04,-10.0,1.12,1.01,1.12
782.6105668544769,30,0.0,18.18,19.71,20.04,,20.04,-10.0,1.12,1.01,1.12
783.1051154136658,30,0.0,18.18,19.71,20.04,,20.04,-10.0,1.12,1.01,1.12
783.6057064533234,30,0.0,18.23,19.71,20.04,,20.04,-10.0,1.12,1.01,1.12
784.1065139770508,30,0.0,18.18,19.71,20.0,,20.0,-10.0,1.12,1.01,1.12
784.6199715137482,30,0.0,18.18,19.71,20.0,,20.0,-10.0,1.12,1.01,1.12
785.119211435318,30,0.0,18.18,19.71,20.0,,20.0,-10.0,1.12,1.01,1.12
785.6184813976288,30,0.0,18.18,19.71,20.0,,20.0,-10.0,1.12,1.01,1.12
786.1212260723114,30,0.0,18.18,19.71,20.0,,20.0,-10.0,1.12,1.01,1.12
786.6236624717712,30,0.0,18.18,19.71,20.0,,20.0,-10.0,1.12,1.01,1.12
787.1201186180115,30,0.0,18.18,19.67,20.0,,20.0,-10.0,1.12,1.01,1.12
787.622549533844,30,0.0,18.18,19.71,20.0,,20.0,-10.0,1.12,1.01,1.12
788.1226480007172,30,0.0,18.18,19.71,20.0,,20.0,-10.0,1.12,1.01,1.12
788.6249668598175,30,0.0,18.18,19.71,20.0,,20.0,-10.0,1.12,1.01,1.12
789.1257045269012,30,0.0,18.18,19.71,20.0,,20.0,-10.0,1.12,1.01,1.12
789.6281230449677,30,0.0,18.18,19.71,20.0,,20.0,-10.0,1.12,1.01,1.12
790.1313276290894,30,0.0,18.18,19.71,20.0,,20.0,-10.0,1.12,1.01,1.12
790.6316311359406,30,0.0,18.18,19.71,20.0,,20.0,-10.0,1.12,1.01,1.12
791.1349203586578,30,0.0,18.18,19.71,20.0,,20.0,-10.0,1.12,1.01,1.12
791.6378018856049,30,0.0,18.18,19.71,20.0,,20.0,-10.0,1.12,1.01,1.12
792.1362490653992,30,0.0,18.18,19.71,20.0,,20.0,-10.0,1.12,1.01,1.12
792.6343162059784,30,0.0,18.18,19.71,20.0,,20.0,-10.0,1.12,1.01,1.12
793.133380651474,30,0.0,18.18,19.71,20.0,,20.0,-10.0,1.12,1.01,1.12
793.6395306587219,30,0.0,18.18,19.71,20.0,,20.0,-10.0,1.12,1.01,1.12
794.1407971382141,30,0.0,18.18,19.71,20.0,,20.0,-10.0,1.12,1.01,1.12
794.6422610282898,30,0.0,18.18,19.71,20.0,,20.0,-10.0,1.12,1.01,1.12
795.1458857059479,30,0.0,18.18,19.71,20.0,,20.0,-10.0,1.12,1.0,1.12
795.6459896564484,30,0.0,18.18,19.71,20.0,,20.0,-10.0,1.12,1.0,1.12
796.145082950592,30,0.0,18.18,19.71,20.0,,20.0,-10.0,1.12,1.0,1.12
796.6473507881165,30,0.0,18.18,19.71,20.0,,20.0,-10.0,1.12,1.0,1.12
797.1522855758667,30,0.0,18.18,19.71,20.0,,20.0,-10.0,1.12,1.0,1.12
797.6511974334717,30,0.0,18.18,19.67,20.0,,20.0,-10.0,1.12,1.0,1.12
798.1521875858307,30,0.0,18.18,19.71,20.0,,20.0,-10.0,1.12,1.0,1.12
798.6550199985504,30,0.0,18.18,19.67,20.0,,20.0,-10.0,1.12,1.0,1.12
799.152524471283,30,0.0,18.18,19.67,20.0,,20.0,-10.0,1.12,1.0,1.12
799.652595281601,30,0.0,18.18,19.67,20.0,,20.0,-10.0,1.12,1.0,1.12
800.1538844108582,30,0.0,18.18,19.67,20.0,,20.0,-10.0,1.12,1.0,1.12
800.6551022529602,30,0.0,18.18,19.67,20.0,,20.0,-10.0,1.12,1.0,1.12
801.1811256408691,30,0.0,18.18,19.67,20.0,,20.0,-10.0,1.12,1.0,1.12
801.7892911434174,30,0.0,18.18,19.67,20.0,,20.0,-10.0,1.12,1.0,1.12
802.2289097309113,30,0.0,18.18,19.67,20.0,,20.0,-10.0,1.12,1.0,1.12
802.6672167778015,30,0.0,18.18,19.67,20.0,,20.0,-10.0,1.12,1.0,1.12
803.1691660881042,30,0.0,18.18,19.67,20.0,,20.0,-10.0,1.12,1.0,1.12
803.6657238006592,30,0.0,18.18,19.67,20.0,,20.0,-10.0,1.12,1.0,1.12
804.1583271026611,30,0.0,18.18,19.67,20.0,,20.0,-10.0,1.12,1.0,1.12
804.6659607887268,30,0.0,18.18,19.67,20.0,,20.0,-10.0,1.12,1.0,1.12
805.1730720996857,30,0.0,18.18,19.67,20.0,,20.0,-10.0,1.12,1.0,1.12
805.6751546859741,30,0.0,18.18,19.67,20.0,,20.0,-10.0,1.12,1.0,1.12
806.1644694805145,30,0.0,18.18,19.67,20.0,,20.0,-10.0,1.12,1.0,1.12
806.6794095039368,30,0.0,18.18,19.67,20.0,,20.0,-10.0,1.12,1.0,1.12
807.1703541278839,30,0.0,18.18,19.67,20.0,,20.0,-10.0,1.12,1.0,1.12
807.67316198349,30,0.0,18.18,19.67,20.0,,20.0,-10.0,1.12,1.0,1.12
808.1769053936005,30,0.0,18.18,19.67,20.0,,20.0,-10.0,1.12,1.0,1.12
808.6758844852448,30,0.0,18.18,19.67,20.0,,20.0,-10.0,1.12,1.0,1.12
809.177065372467,30,0.0,18.18,19.67,20.0,,20.0,-10.0,1.12,1.0,1.12
809.6754539012909,30,0.0,18.18,19.67,20.0,,20.0,-10.0,1.12,1.0,1.12
810.1745522022247,30,0.0,18.18,19.67,20.0,,20.0,-10.0,1.12,1.0,1.12
810.6876273155212,30,0.0,18.18,19.67,20.0,,20.0,-10.0,1.12,1.0,1.12
811.1865453720093,30,0.0,18.18,19.67,20.0,,20.0,-10.0,1.12,1.0,1.12
811.6853466033936,30,0.0,18.18,19.67,20.0,,20.0,-10.0,1.12,1.0,1.12
812.1829266548157,30,0.0,18.18,19.67,20.0,,20.0,-10.0,1.12,1.0,1.12
812.681884765625,30,0.0,18.18,19.67,20.0,,20.0,-10.0,1.12,1.0,1.12
813.1819372177124,30,0.0,18.18,19.67,20.0,,20.0,-10.0,1.12,1.0,1.12
813.684098482132,30,0.0,18.18,19.67,20.0,,20.0,-10.0,1.12,1.0,1.12
814.1849112510681,30,0.0,18.18,19.67,20.0,,20.0,-10.0,1.12,1.0,1.12
814.6989979743958,30,0.0,18.18,19.67,20.0,,20.0,-10.0,1.12,1.0,1.12
815.1965529918671,30,0.0,18.18,19.67,20.0,,20.0,-10.0,1.12,1.0,1.12
815.6944468021393,30,0.0,18.18,19.67,20.0,,20.0,-10.0,1.12,1.0,1.12
816.1946847438812,30,0.0,18.18,19.67,20.0,,20.0,-10.0,1.12,1.0,1.12
816.6937489509583,30,0.0,18.18,19.67,20.0,,20.0,-10.0,1.12,1.0,1.12
817.2043828964233,30,0.0,18.18,19.67,20.0,,20.0,-10.0,1.12,1.0,1.12
817.7104403972626,30,0.0,18.18,19.67,20.0,,20.0,-10.0,1.12,1.0,1.12
818.2093091011047,30,0.0,18.18,19.67,20.0,,20.0,-10.0,1.12,1.0,1.12
818.7053852081299,30,0.0,18.18,19.67,20.0,,20.0,-10.0,1.12,1.01,1.12
819.2078330516815,30,0.0,18.18,19.67,20.0,,20.0,-10.0,1.12,1.0,1.12
819.7066490650177,30,0.0,18.18,19.67,20.0,,20.0,-10.0,1.12,1.0,1.12
820.2087063789368,30,0.0,18.18,19.67,20.0,,20.0,-10.0,1.12,1.0,1.12
820.7070498466492,30,0.0,18.18,19.67,20.0,,20.0,-10.0,1.12,1.0,1.12
821.2056310176849,30,0.0,18.18,19.67,20.04,,20.04,-10.0,1.12,1.0,1.12
821.7049646377563,30,0.0,18.18,19.67,20.04,,20.04,-10.0,1.12,1.0,1.12
822.2195479869843,30,0.0,18.18,19.67,20.04,,20.04,-10.0,1.12,1.0,1.12
822.7175099849701,30,0.0,18.18,19.67,20.04,,20.04,-10.0,1.12,1.0,1.12
823.218254327774,30,0.0,18.18,19.67,20.04,,20.04,-10.0,1.12,1.0,1.12
823.7187724113464,30,0.0,18.18,19.67,20.04,,20.04,-10.0,1.12,1.0,1.12
824.2179205417633,30,0.0,18.18,19.67,20.04,,20.04,-10.0,1.12,1.0,1.12
824.7142798900604,30,0.0,18.18,19.67,20.04,,20.04,-10.0,1.12,1.0,1.12
825.2143316268921,30,0.0,18.18,19.67,20.04,,20.04,-10.0,1.12,1.0,1.12
825.7261188030243,30,0.0,18.18,19.67,20.04,,20.04,-10.0,1.12,1.0,1.12
826.2275838851929,30,0.0,18.18,19.67,20.04,,20.04,-10.0,1.12,1.0,1.12
826.7247767448425,30,0.0,18.18,19.67,20.04,,20.04,-10.0,1.12,1.0,1.12
827.224148273468,30,0.0,18.18,19.67,20.04,,20.04,-10.0,1.12,1.0,1.12
827.7266073226929,30,0.0,18.18,19.67,20.04,,20.04,-10.0,1.12,1.0,1.12
828.2270441055298,30,0.0,18.18,19.67,20.04,,20.04,-10.0,1.12,1.0,1.12
828.726589679718,30,0.0,18.18,19.67,20.04,,20.04,-10.0,1.12,1.0,1.12
829.2390468120575,30,0.0,18.18,19.67,20.04,,20.04,-10.0,1.12,1.0,1.12
829.7378101348877,30,0.0,18.18,19.67,20.04,,20.04,-10.0,1.12,1.0,1.12
830.2350189685822,30,0.0,18.18,19.67,20.04,,20.04,-10.0,1.12,1.0,1.12
830.7309834957123,30,0.0,18.18,19.67,20.04,,20.04,-10.0,1.12,1.0,1.12
831.2299046516418,30,0.0,18.18,19.67,20.04,,20.04,-10.0,1.12,1.0,1.12
831.7323067188263,30,0.0,18.18,19.67,20.04,,20.04,-10.0,1.12,1.0,1.12
832.2454097270966,30,0.0,18.18,19.67,20.04,,20.04,-10.0,1.12,1.0,1.12
832.7454719543457,30,0.0,18.18,19.67,20.04,,20.04,-10.0,1.12,1.0,1.12
833.2465853691101,30,0.0,18.18,19.67,20.04,,20.04,-10.0,1.12,1.01,1.12
833.7443509101868,30,0.0,18.18,19.67,20.04,,20.04,-10.0,1.12,1.01,1.12
834.2425267696381,30,0.0,18.18,19.67,20.04,,20.04,-10.0,1.12,1.0,1.12
834.7427799701691,30,0.0,18.18,19.71,20.04,,20.04,-10.0,1.12,1.0,1.12
835.242338180542,30,0.0,18.18,19.71,20.04,,20.04,-10.0,1.12,1.0,1.12
835.8050889968872,30,0.0,18.18,19.67,20.04,,20.04,-10.0,1.12,1.0,1.12
836.2440581321716,30,0.0,18.18,19.67,20.04,,20.04,-10.0,1.12,1.0,1.12
836.745094537735,30,0.0,18.18,19.67,20.04,,20.04,-10.0,1.11,1.0,1.12
837.2461540699005,30,0.0,18.18,19.67,20.04,,20.04,-10.0,1.12,1.0,1.12
837.7617678642273,30,0.0,18.18,19.67,20.04,,20.04,-10.0,1.12,1.0,1.12
838.2482421398163,30,0.0,18.18,19.67,20.04,,20.04,-10.0,1.12,1.0,1.12
838.7639219760895,30,0.0,18.18,19.67,20.04,,20.04,-10.0,1.12,1.0,1.12
839.2624740600586,30,0.0,18.18,19.67,20.04,,20.04,-10.0,1.12,1.0,1.12
839.762754201889,30,0.0,18.18,19.67,20.04,,20.04,-10.0,1.12,1.0,1.12
840.2661471366882,30,0.0,18.18,19.67,20.04,,20.04,-10.0,1.12,1.0,1.12
840.7667098045349,30,0.0,18.18,19.67,20.04,,20.04,-10.0,1.12,1.0,1.12
841.2634968757629,30,0.0,18.18,19.67,20.04,,20.04,-10.0,1.12,1.0,1.12
841.763797044754,30,0.0,18.18,19.67,20.04,,20.04,-10.0,1.12,1.0,1.12
842.2614150047302,30,0.0,18.18,19.67,20.04,,20.04,-10.0,1.12,1.0,1.12
842.7633309364319,30,0.0,18.18,19.67,20.04,,20.04,-10.0,1.12,1.0,1.12
843.2614395618439,30,0.0,18.18,19.67,20.04,,20.04,-10.0,1.12,1.0,1.12
843.7742409706116,30,0.0,18.18,19.67,20.04,,20.04,-10.0,1.12,1.0,1.12
844.2731502056122,30,0.0,18.18,19.67,20.04,,20.04,-10.0,1.12,1.0,1.12
844.7735695838928,30,0.0,18.18,19.67,20.04,,20.04,-10.0,1.12,1.0,1.12
845.2745423316956,30,0.0,18.18,19.67,20.04,,20.04,-10.0,1.12,1.0,1.12
845.7717583179474,30,0.0,18.18,19.67,20.04,,20.04,-10.0,1.12,1.0,1.12
846.2714066505432,30,0.0,18.18,19.67,20.04,,20.04,-10.0,1.12,1.0,1.12
846.7845714092255,30,0.0,18.18,19.67,20.04,,20.04,-10.0,1.12,1.0,1.12
847.2843821048737,30,0.0,18.18,19.67,20.04,,20.04,-10.0,1.12,1.0,1.12
847.7827386856079,30,0.0,18.18,19.67,20.04,,20.04,-10.0,1.12,1.0,1.12
848.2835121154785,30,0.0,18.18,19.67,20.04,,20.04,-10.0,1.12,1.0,1.12
848.7856261730194,30,0.0,18.18,19.67,20.04,,20.04,-10.0,1.12,1.0,1.12
849.2823340892792,30,0.0,18.18,19.67,20.0,,20.0,-10.0,1.12,1.0,1.12
849.779705286026,30,0.0,18.18,19.67,20.0,,20.0,-10.0,1.12,1.0,1.12
850.2927052974701,30,0.0,18.18,19.67,20.0,,20.0,-10.0,1.12,1.0,1.12
850.7935750484467,30,0.0,18.18,19.67,20.0,,20.0,-10.0,1.12,1.0,1.12
851.2936630249023,30,0.0,18.18,19.67,20.0,,20.0,-10.0,1.12,1.0,1.12
851.790444612503,30,0.0,18.18,19.67,20.0,,20.0,-10.0,1.12,1.0,1.12
852.2905988693237,30,0.0,18.18,19.67,20.0,,20.0,-10.0,1.12,1.0,1.12
852.7917261123657,30,0.0,18.14,19.67,20.0,,20.0,-10.0,1.12,1.0,1.12
853.2889502048492,30,0.0,18.14,19.67,20.0,,20.0,-10.0,1.12,1.0,1.12
853.8036096096039,30,0.0,18.18,19.67,20.0,,20.0,-10.0,1.12,1.0,1.12
854.3018162250519,30,0.0,18.18,19.67,20.0,,20.0,-10.0,1.12,1.0,1.12
854.8009927272797,30,0.0,18.18,19.67,20.0,,20.0,-10.0,1.12,1.01,1.12
855.2970702648163,30,0.0,18.18,19.67,20.0,,20.0,-10.0,1.12,1.0,1.12
855.7965731620789,30,0.0,18.18,19.67,20.0,,20.0,-10.0,1.12,1.0,1.12
856.2965896129608,30,0.0,18.18,19.67,20.0,,20.0,-10.0,1.12,1.0,1.12
856.8094546794891,30,0.0,18.18,19.67,20.0,,20.0,-10.0,1.12,1.0,1.12
857.307338476181,30,0.0,18.18,19.67,20.0,,20.0,-10.0,1.12,1.0,1.12
857.8045206069946,30,0.0,18.18,19.67,20.0,,20.0,-10.0,1.12,1.0,1.12
858.304651260376,30,0.0,18.18,19.67,20.0,,20.0,-10.0,1.12,1.0,1.12
858.8164095878601,30,0.0,18.18,19.67,20.0,,20.0,-10.0,1.12,1.0,1.12
859.3168942928314,30,0.0,18.18,19.67,20.0,,20.0,-10.0,1.12,1.0,1.12
859.8128752708435,30,0.0,18.18,19.67,20.0,,20.0,-10.0,1.12,1.0,1.12
860.3094313144684,30,0.0,18.18,19.67,20.0,,20.0,-10.0,1.12,1.0,1.12
860.8218178749084,30,0.0,18.18,19.67,20.0,,20.0,-10.0,1.12,1.0,1.12
861.319329738617,30,0.0,18.18,19.67,20.0,,20.0,-10.0,1.12,1.0,1.12
861.8178963661194,30,0.0,18.18,19.67,20.0,,20.0,-10.0,1.12,1.0,1.12
862.3200685977936,30,0.0,18.18,19.67,20.0,,20.0,-10.0,1.12,1.0,1.12
862.8164594173431,30,0.0,18.18,19.67,20.0,,20.0,-10.0,1.12,1.0,1.12
863.3287870883942,30,0.0,18.18,19.67,20.0,,20.0,-10.0,1.12,1.0,1.12
863.8173379898071,30,0.0,18.18,19.67,20.0,,20.0,-10.0,1.12,1.0,1.12
864.3317084312439,30,0.0,18.18,19.67,20.0,,20.0,-10.0,1.12,1.0,1.12
864.8295207023621,30,0.0,18.18,19.67,20.0,,20.0,-10.0,1.12,1.0,1.12
865.3286237716675,30,0.0,18.18,19.67,20.0,,20.0,-10.0,1.12,1.0,1.12
865.8288419246674,30,0.0,18.18,19.64,20.0,,20.0,-10.0,1.12,1.0,1.12
866.3297636508942,30,0.0,18.18,19.67,20.0,,20.0,-10.0,1.12,1.0,1.12
866.8282821178436,30,0.0,18.18,19.67,20.0,,20.0,-10.0,1.12,1.0,1.12
867.3247935771942,30,0.0,18.18,19.67,20.0,,20.0,-10.0,1.12,1.0,1.12
867.8396923542023,30,0.0,18.18,19.67,20.0,,20.0,-10.0,1.12,1.0,1.12
868.3384120464325,30,0.0,18.18,19.67,20.0,,20.0,-10.0,1.12,1.0,1.12
868.8365480899811,30,0.0,18.18,19.67,20.0,,20.0,-10.0,1.12,1.0,1.12
869.3345246315002,30,0.0,18.18,19.67,20.0,,20.0,-10.0,1.12,1.0,1.12
869.834139585495,30,0.0,18.18,19.67,20.0,,20.0,-10.0,1.12,1.0,1.12
870.3337097167969,30,0.0,18.18,19.67,20.0,,20.0,-10.0,1.12,1.0,1.12
870.8463730812073,30,0.0,18.18,19.67,20.0,,20.0,-10.0,1.12,1.0,1.12
871.3432450294495,30,0.0,18.18,19.67,20.0,,20.0,-10.0,1.12,1.0,1.12
871.8415336608887,30,0.0,18.18,19.64,20.0,,20.0,-10.0,1.12,1.0,1.12
872.3404700756073,30,0.0,18.18,19.67,20.0,,20.0,-10.0,1.12,1.0,1.12
872.8553159236908,30,0.0,18.18,19.67,20.0,,20.0,-10.0,1.12,1.0,1.12
873.3417935371399,30,0.0,18.18,19.64,20.0,,20.0,-10.0,1.12,1.0,1.12
873.8588783740997,30,0.0,18.18,19.67,20.0,,20.0,-10.0,1.12,1.0,1.12
874.3554644584656,30,0.0,18.18,19.67,20.0,,20.0,-10.0,1.12,1.0,1.12
874.8610417842865,30,0.0,18.18,19.67,20.0,,20.0,-10.0,1.12,1.0,1.12
875.3566217422485,30,0.0,18.18,19.67,20.0,,20.0,-10.0,1.12,1.0,1.12
875.854724407196,30,0.0,18.18,19.67,20.0,,20.0,-10.0,1.12,1.0,1.12
876.3601536750793,30,0.0,18.14,19.67,20.0,,20.0,-10.0,1.12,1.0,1.12
876.8575751781464,30,0.0,18.18,19.67,20.0,,20.0,-10.0,1.12,1.0,1.12
877.3577744960785,30,0.0,18.18,19.67,20.0,,20.0,-10.0,1.12,1.0,1.12
877.8598735332489,30,0.0,18.18,19.67,20.0,,20.0,-10.0,1.12,1.0,1.12
878.3597273826599,30,0.0,18.18,19.67,20.0,,20.0,-10.0,1.12,1.0,1.12
878.8573236465454,30,0.0,18.18,19.67,20.0,,20.0,-10.0,1.12,1.0,1.12
879.3719794750214,30,0.0,18.18,19.67,20.0,,20.0,-10.0,1.12,1.0,1.12
879.8705441951752,30,0.0,18.18,19.67,20.0,,20.0,-10.0,1.12,1.0,1.12
880.3715419769287,30,0.0,18.14,19.64,20.0,,20.0,-10.0,1.12,1.0,1.12
880.8703334331512,30,0.0,18.18,19.67,20.0,,20.0,-10.0,1.11,1.0,1.12
881.372043132782,30,0.0,18.18,19.64,20.0,,20.0,-10.0,1.11,1.0,1.12
881.8685917854309,30,0.0,18.18,19.67,20.0,,20.0,-10.0,1.12,1.0,1.12
882.3696665763855,30,0.0,18.14,19.67,20.0,,20.0,-10.0,1.11,1.0,1.12
882.869603395462,30,0.0,18.14,19.67,20.0,,20.0,-10.0,1.11,1.0,1.12
883.3801000118256,30,0.0,18.14,19.67,20.0,,20.0,-10.0,1.11,1.0,1.12
883.8786451816559,30,0.0,18.14,19.67,20.0,,20.0,-10.0,1.11,1.0,1.12
884.3812878131866,30,0.0,18.14,19.67,20.0,,20.0,-10.0,1.11,1.0,1.12
884.8773279190063,30,0.0,18.14,19.67,20.0,,20.0,-10.0,1.11,1.0,1.12
885.3777632713318,30,0.0,18.14,19.67,20.0,,20.0,-10.0,1.11,1.0,1.12
885.8886048793793,30,0.0,18.14,19.67,20.0,,20.0,-10.0,1.11,1.0,1.12
886.3859827518463,30,0.0,18.14,19.67,20.0,,20.0,-10.0,1.11,1.0,1.12
886.8848369121552,30,0.0,18.14,19.67,20.0,,20.0,-10.0,1.11,1.0,1.12
887.3853192329407,30,0.0,18.14,19.67,20.0,,20.0,-10.0,1.11,1.0,1.12
887.8868324756622,30,0.0,18.14,19.64,20.0,,20.0,-10.0,1.11,1.0,1.12
888.3858985900879,30,0.0,18.14,19.67,20.0,,20.0,-10.0,1.11,1.0,1.12
888.8836386203766,30,0.0,18.14,19.67,20.0,,20.0,-10.0,1.11,1.0,1.12
889.3988213539124,30,0.0,18.14,19.67,20.0,,20.0,-10.0,1.11,1.0,1.12
889.8979287147522,30,0.0,18.14,19.67,20.0,,20.0,-10.0,1.11,1.0,1.12
890.3973278999329,30,0.0,18.14,19.67,20.0,,20.0,-10.0,1.11,1.0,1.12
890.9005219936371,30,0.0,18.14,19.67,20.0,,20.0,-10.0,1.11,1.0,1.12
891.3964340686798,30,0.0,18.14,19.67,20.0,,20.0,-10.0,1.11,1.0,1.12
891.8961565494537,30,0.0,18.18,19.67,20.0,,20.0,-10.0,1.11,1.0,1.12
892.3913142681122,30,0.0,18.14,19.67,20.0,,20.0,-10.0,1.11,1.0,1.12
893.131579875946,30,0.0,18.14,19.67,20.0,,20.0,-10.0,1.11,1.0,1.12
893.8703813552856,30,0.0,18.14,19.67,20.0,,20.0,-10.0,1.11,1.0,1.12
894.3393311500549,30,0.0,18.14,19.67,20.0,,20.0,-10.0,1.12,1.0,1.12
894.7897138595581,30,0.0,18.14,19.67,20.0,,20.0,-10.0,1.12,1.0,1.12
895.2285621166229,30,0.0,18.14,19.67,20.0,,20.0,-10.0,1.11,1.0,1.12
895.607798576355,30,0.0,18.14,19.64,20.0,,20.0,-10.0,1.11,1.0,1.12
896.0390694141388,30,0.0,18.18,19.67,20.0,,20.0,-10.0,1.11,1.0,1.12
896.4506373405457,30,0.0,18.18,19.67,20.0,,20.0,-10.0,1.11,1.0,1.12
896.9153819084167,30,0.0,18.14,19.67,20.0,,20.0,-10.0,1.11,1.0,1.12
897.4164855480194,30,0.0,18.14,19.67,20.0,,20.0,-10.0,1.11,1.0,1.12
897.9151465892792,30,0.0,18.14,19.67,20.0,,20.0,-10.0,1.11,1.0,1.12
898.4157555103302,30,0.0,18.14,19.67,20.0,,20.0,-10.0,1.12,1.0,1.12
898.916900396347,30,0.0,18.14,19.67,20.0,,20.0,-10.0,1.11,1.0,1.12
899.4150638580322,30,0.0,18.14,19.67,20.0,,20.0,-10.0,1.12,1.0,1.12
899.9146175384521,30,0.0,18.14,19.64,20.0,,20.0,-10.0,1.12,1.0,1.12
900.415776014328,30,0.0,18.18,19.67,20.0,,20.0,-10.0,1.12,1.0,1.12
900.9280550479889,30,0.0,18.18,19.67,20.0,,20.0,-10.0,1.12,1.0,1.12
901.4289729595184,30,0.0,18.18,19.64,20.04,,20.04,-10.0,1.12,1.0,1.12
901.9306266307831,30,0.0,18.18,19.67,20.04,,20.04,-10.0,1.12,1.0,1.12
902.4239184856415,30,0.0,18.18,19.67,20.0,,20.0,-10.0,1.12,1.0,1.12
902.9316210746765,30,0.0,18.18,19.67,20.0,,20.0,-10.0,1.12,1.0,1.12
