Temps (s),Consigne (°C),Erreur (°C),Thermistance 1 - T1 (°C),Thermistance 2 - T2 (°C),Thermistance 3 - T3 (°C),T4',Thermistance 3 estimée - T3_moy (°C),Commande (PWM),Voltage T1 (V),Voltage T2 (V),Voltage T3 (V)
1.3026669025421143,30,0.0,21.81,21.96,21.95,,21.95,-30.0,1.52,1.33,1.38
1.6636040210723877,30,0.0,21.81,21.96,21.95,,21.95,-30.0,1.52,1.33,1.38
2.0254955291748047,30,0.0,21.81,22.0,21.95,,21.95,-30.0,1.52,1.34,1.38
2.5259666442871094,30,0.0,21.76,22.0,21.95,,21.95,-30.0,1.51,1.34,1.38
3.0415608882904053,30,0.0,21.67,22.0,21.95,,21.95,-30.0,1.5,1.34,1.38
3.541614532470703,30,0.0,21.58,22.0,21.95,,21.95,-30.0,1.49,1.34,1.38
4.040676593780518,30,0.0,21.45,22.0,21.95,,21.95,-30.0,1.48,1.34,1.38
4.53861141204834,30,0.0,21.31,22.0,21.95,,21.95,-30.0,1.46,1.34,1.38
5.0385353565216064,30,0.0,21.14,22.0,21.95,,21.95,-30.0,1.44,1.34,1.38
5.5357911586761475,30,0.0,21.0,22.0,21.95,,21.95,-30.0,1.43,1.34,1.38
6.0494983196258545,30,0.0,20.82,22.0,21.95,,21.95,-30.0,1.41,1.34,1.38
6.549293756484985,30,0.0,20.69,22.0,21.95,,21.95,-30.0,1.39,1.34,1.38
7.047117710113525,30,0.0,20.55,22.0,21.95,,21.95,-30.0,1.37,1.34,1.38
7.551470518112183,30,0.0,20.37,22.0,21.95,,21.95,-30.0,1.36,1.34,1.38
8.05159306526184,30,0.0,20.24,22.0,21.95,,21.95,-30.0,1.34,1.34,1.38
8.552430391311646,30,0.0,20.11,22.0,21.99,,21.99,-30.0,1.33,1.33,1.38
9.051355123519897,30,0.0,20.02,21.96,21.95,,21.95,-30.0,1.32,1.33,1.38
9.551734447479248,30,0.0,19.88,21.96,21.95,,21.95,-30.0,1.3,1.33,1.38
10.050509452819824,30,0.0,19.75,21.96,21.99,,21.99,-30.0,1.29,1.33,1.39
10.550603866577148,30,0.0,19.66,21.93,21.99,,21.99,-30.0,1.28,1.33,1.39
11.05249309539795,30,0.0,19.52,21.93,21.99,,21.99,-30.0,1.27,1.33,1.39
11.552601337432861,30,0.0,19.43,21.93,21.99,,21.99,-30.0,1.26,1.33,1.39
12.066821098327637,30,0.0,19.35,21.9,21.99,,21.99,-30.0,1.25,1.32,1.39
12.554834127426147,30,0.0,19.26,21.86,21.99,,21.99,-30.0,1.24,1.32,1.39
13.059400081634521,30,0.0,19.17,21.86,21.99,,21.99,-30.0,1.23,1.32,1.39
13.561569690704346,30,0.0,19.08,21.83,21.99,,21.99,-30.0,1.22,1.31,1.39
14.06460952758789,30,0.0,18.99,21.83,21.99,,21.99,-30.0,1.21,1.31,1.39
14.567405223846436,30,0.0,18.9,21.8,21.99,,21.99,-30.0,1.2,1.31,1.39
15.06954050064087,30,0.0,18.81,21.76,21.99,,21.99,-30.0,1.19,1.3,1.39
15.569339275360107,30,0.0,18.72,21.76,21.99,,21.99,-30.0,1.18,1.3,1.39
16.074000358581543,30,0.0,18.67,21.73,21.99,,21.99,-30.0,1.17,1.3,1.39
16.576701879501343,30,0.0,18.58,21.7,21.99,,21.99,-30.0,1.16,1.3,1.39
17.06613540649414,30,0.0,18.54,21.7,21.99,,21.99,-30.0,1.15,1.3,1.39
17.567721128463745,30,0.0,18.45,21.66,21.99,,21.99,-30.0,1.15,1.29,1.39
18.07025957107544,30,0.0,18.36,21.63,22.02,,22.02,-30.0,1.14,1.29,1.39
18.57319974899292,30,0.0,18.32,21.6,21.99,,21.99,-30.0,1.13,1.28,1.39
19.075641632080078,30,0.0,18.23,21.6,21.99,,21.99,-30.0,1.12,1.28,1.39
19.575631380081177,30,0.0,18.18,21.56,21.99,,21.99,-30.0,1.12,1.28,1.39
20.074962377548218,30,0.0,18.14,21.53,21.99,,21.99,-30.0,1.11,1.27,1.39
20.574861764907837,30,0.0,18.05,21.5,21.99,,21.99,-30.0,1.1,1.27,1.39
21.09119987487793,30,0.0,18.0,21.46,21.99,,21.99,-30.0,1.1,1.26,1.39
21.590619802474976,30,0.0,17.96,21.43,21.99,,21.99,-30.0,1.09,1.26,1.39
22.087958097457886,30,0.0,17.87,21.43,21.99,,21.99,-30.0,1.09,1.26,1.39
22.58744740486145,30,0.0,17.82,21.4,21.99,,21.99,-30.0,1.08,1.25,1.39
23.088048696517944,30,0.0,17.78,21.36,21.99,,21.99,-30.0,1.08,1.25,1.38
23.590047597885132,30,0.0,17.73,21.33,21.95,,21.95,-30.0,1.07,1.24,1.38
24.09261202812195,30,0.0,17.69,21.29,21.95,,21.95,-30.0,1.07,1.24,1.38
24.597392082214355,30,0.0,17.64,21.26,21.95,,21.95,-30.0,1.06,1.23,1.38
25.091235160827637,30,0.0,17.56,21.26,21.95,,21.95,-30.0,1.06,1.23,1.38
25.59013319015503,30,0.0,17.51,21.23,21.92,,21.92,-30.0,1.05,1.22,1.38
26.10465407371521,30,0.0,17.47,21.19,21.92,,21.92,-30.0,1.04,1.22,1.38
26.600979804992676,30,0.0,17.42,21.16,21.92,,21.92,-30.0,1.04,1.22,1.38
27.0988826751709,30,0.0,17.38,21.13,21.92,,21.92,-30.0,1.03,1.21,1.38
27.59593105316162,30,0.0,17.33,21.09,21.88,,21.88,-30.0,1.03,1.21,1.37
28.107579469680786,30,0.0,17.29,21.06,21.88,,21.88,-30.0,1.02,1.2,1.37
28.610009908676147,30,0.0,17.24,21.03,21.88,,21.88,-30.0,1.02,1.2,1.37
29.102004051208496,30,0.0,17.2,20.99,21.84,,21.84,-30.0,1.01,1.19,1.37
29.603350162506104,30,0.0,17.15,20.99,21.84,,21.84,-30.0,1.01,1.19,1.37
30.105793237686157,30,0.0,17.11,20.96,21.84,,21.84,-30.0,1.0,1.19,1.37
30.608164072036743,30,0.0,17.06,20.93,21.81,,21.81,-30.0,1.0,1.18,1.36
31.11217188835144,30,0.0,17.02,20.89,21.81,,21.81,-30.0,1.0,1.18,1.36
31.609803915023804,30,0.0,17.02,20.86,21.81,,21.81,-30.0,0.99,1.17,1.36
32.11336660385132,30,0.0,16.97,20.82,21.77,,21.77,-30.0,0.99,1.17,1.36
32.616556882858276,30,0.0,16.93,20.82,21.77,,21.77,-30.0,0.98,1.17,1.36
33.12052798271179,30,0.0,16.88,20.79,21.77,,21.77,-30.0,0.98,1.16,1.36
33.62263584136963,30,0.0,16.84,20.76,21.74,,21.74,-30.0,0.97,1.16,1.35
34.123111963272095,30,0.0,16.79,20.72,21.74,,21.74,-30.0,0.97,1.15,1.35
34.62048149108887,30,0.0,16.79,20.69,21.7,,21.7,-30.0,0.97,1.15,1.35
35.12232208251953,30,0.0,16.75,20.69,21.7,,21.7,-30.0,0.96,1.15,1.35
35.62260103225708,30,0.0,16.71,20.66,21.7,,21.7,-30.0,0.96,1.14,1.35
36.123454332351685,30,0.0,16.66,20.62,21.66,,21.66,-30.0,0.95,1.14,1.34
36.626224517822266,30,0.0,16.62,20.59,21.66,,21.66,-30.0,0.95,1.13,1.34
37.12912583351135,30,0.0,16.62,20.55,21.63,,21.63,-30.0,0.95,1.13,1.34
37.62939667701721,30,0.0,16.57,20.52,21.63,,21.63,-30.0,0.94,1.12,1.34
38.12703275680542,30,0.0,16.53,20.52,21.59,,21.59,-30.0,0.94,1.12,1.33
38.62591886520386,30,0.0,16.53,20.49,21.59,,21.59,-30.0,0.94,1.12,1.33
39.126065731048584,30,0.0,16.48,20.45,21.56,,21.56,-30.0,0.93,1.11,1.33
39.64092040061951,30,0.0,16.44,20.42,21.56,,21.56,-30.0,0.93,1.11,1.33
40.14044690132141,30,0.0,16.39,20.42,21.56,,21.56,-30.0,0.93,1.1,1.33
40.637983083724976,30,0.0,16.39,20.39,21.52,,21.52,-30.0,0.92,1.1,1.32
41.14182496070862,30,0.0,16.35,20.35,21.49,,21.49,-30.0,0.92,1.1,1.32
41.642001152038574,30,0.0,16.35,20.32,21.49,,21.49,-30.0,0.91,1.09,1.32
42.14070510864258,30,0.0,16.3,20.28,21.45,,21.45,-30.0,0.91,1.09,1.31
42.63993287086487,30,0.0,16.3,20.28,21.45,,21.45,-30.0,0.91,1.09,1.31
43.13936161994934,30,0.0,16.26,20.25,21.41,,21.41,-30.0,0.91,1.09,1.31
43.63973569869995,30,0.0,16.21,20.22,21.41,,21.41,-30.0,0.9,1.08,1.31
44.140984296798706,30,0.0,16.17,20.18,21.38,,21.38,-30.0,0.9,1.08,1.3
44.653242111206055,30,0.0,16.17,20.18,21.38,,21.38,-30.0,0.9,1.08,1.3
45.140767097473145,30,0.0,16.12,20.15,21.34,,21.34,-30.0,0.89,1.07,1.3
45.656546115875244,30,0.0,16.12,20.11,21.34,,21.34,-30.0,0.89,1.07,1.3
46.14374780654907,30,0.0,16.08,20.08,21.31,,21.31,-30.0,0.89,1.06,1.3
46.65849494934082,30,0.0,16.03,20.08,21.31,,21.31,-30.0,0.89,1.06,1.3
47.15907382965088,30,0.0,16.03,20.05,21.27,,21.27,-30.0,0.88,1.06,1.29
47.659653186798096,30,0.0,15.99,20.01,21.27,,21.27,-30.0,0.88,1.05,1.29
48.159738302230835,30,0.0,15.99,19.98,21.23,,21.23,-30.0,0.88,1.05,1.29
48.658496618270874,30,0.0,15.94,19.98,21.23,,21.23,-30.0,0.87,1.04,1.29
49.15907335281372,30,0.0,15.94,19.94,21.2,,21.2,-30.0,0.87,1.04,1.28
49.66220736503601,30,0.0,15.9,19.91,21.16,,21.16,-30.0,0.87,1.04,1.28
50.16358804702759,30,0.0,15.9,19.88,21.16,,21.16,-30.0,0.87,1.03,1.28
50.66281056404114,30,0.0,15.85,19.88,21.13,,21.13,-30.0,0.87,1.03,1.27
51.162237882614136,30,0.0,15.85,19.84,21.13,,21.13,-30.0,0.87,1.03,1.27
51.66224408149719,30,0.0,15.81,19.81,21.09,,21.09,-30.0,0.86,1.02,1.27
52.163989543914795,30,0.0,15.81,19.77,21.09,,21.09,-30.0,0.86,1.02,1.27
52.66428828239441,30,0.0,15.77,19.77,21.05,,21.05,-30.0,0.86,1.02,1.26
53.162821531295776,30,0.0,15.77,19.74,21.02,,21.02,-30.0,0.86,1.01,1.26
53.663997650146484,30,0.0,15.72,19.74,21.02,,21.02,-30.0,0.85,1.01,1.26
54.180012464523315,30,0.0,15.68,19.71,20.98,,20.98,-30.0,0.85,1.01,1.25
54.6803719997406,30,0.0,15.68,19.67,20.98,,20.98,-30.0,0.85,1.0,1.25
55.17998456954956,30,0.0,15.68,19.67,20.95,,20.95,-30.0,0.85,1.0,1.25
55.6794228553772,30,0.0,15.63,19.64,20.91,,20.91,-30.0,0.84,1.0,1.24
56.18023943901062,30,0.0,15.63,19.64,20.91,,20.91,-30.0,0.84,0.99,1.24
56.67942762374878,30,0.0,15.59,19.57,20.87,,20.87,-30.0,0.84,0.99,1.24
57.178624391555786,30,0.0,15.59,19.57,20.84,,20.84,-30.0,0.83,0.99,1.23
57.68093252182007,30,0.0,15.54,19.54,20.84,,20.84,-30.0,0.83,0.98,1.23
58.183568716049194,30,0.0,15.54,19.54,20.8,,20.8,-30.0,0.83,0.98,1.23
58.685173988342285,30,0.0,15.5,19.5,20.8,,20.8,-30.0,0.83,0.98,1.23
59.18812537193298,30,0.0,15.45,19.47,20.76,,20.76,-30.0,0.83,0.97,1.22
59.68545079231262,30,0.0,15.45,19.47,20.76,,20.76,-30.0,0.82,0.97,1.22
60.18427300453186,30,0.0,15.45,19.43,20.73,,20.73,-30.0,0.82,0.97,1.22
60.68307065963745,30,0.0,15.41,19.4,20.69,,20.69,-30.0,0.82,0.96,1.21
61.19501209259033,30,0.0,15.41,19.4,20.69,,20.69,-30.0,0.82,0.96,1.21
61.69321656227112,30,0.0,15.36,19.36,20.66,,20.66,-30.0,0.81,0.96,1.21
62.19440722465515,30,0.0,15.36,19.33,20.62,,20.62,-30.0,0.81,0.95,1.2
62.69288682937622,30,0.0,15.32,19.33,20.62,,20.62,-30.0,0.81,0.95,1.2
63.19079351425171,30,0.0,15.32,19.3,20.58,,20.58,-30.0,0.81,0.95,1.2
63.69113039970398,30,0.0,15.27,19.26,20.58,,20.58,-30.0,0.8,0.94,1.2
64.19346213340759,30,0.0,15.27,19.26,20.55,,20.55,-30.0,0.8,0.94,1.19
64.69884848594666,30,0.0,15.23,19.23,20.51,,20.51,-30.0,0.8,0.94,1.19
65.19951319694519,30,0.0,15.23,19.19,20.51,,20.51,-30.0,0.8,0.93,1.19
65.7013030052185,30,0.0,15.23,19.19,20.48,,20.48,-30.0,0.8,0.93,1.18
66.20088195800781,30,0.0,15.18,19.16,20.48,,20.48,-30.0,0.79,0.93,1.18
66.69965267181396,30,0.0,15.18,19.12,20.44,,20.44,-30.0,0.79,0.92,1.18
67.20085954666138,30,0.0,15.14,19.12,20.44,,20.44,-30.0,0.79,0.92,1.18
67.71446490287781,30,0.0,15.14,19.09,20.4,,20.4,-30.0,0.79,0.92,1.17
68.2132740020752,30,0.0,15.09,19.06,20.37,,20.37,-30.0,0.78,0.91,1.17
68.71473550796509,30,0.0,15.09,19.06,20.37,,20.37,-30.0,0.78,0.91,1.17
69.21718311309814,30,0.0,15.09,19.02,20.33,,20.33,-30.0,0.78,0.91,1.16
69.71842885017395,30,0.0,15.05,19.02,20.33,,20.33,-30.0,0.78,0.91,1.16
70.22117352485657,30,0.0,15.05,18.99,20.29,,20.29,-30.0,0.78,0.9,1.16
70.71781373023987,30,0.0,15.0,18.99,20.26,,20.26,-30.0,0.78,0.9,1.15
71.21983695030212,30,0.0,15.0,18.95,20.26,,20.26,-30.0,0.77,0.89,1.15
71.72059082984924,30,0.0,15.0,18.92,20.22,,20.22,-30.0,0.77,0.89,1.15
72.22123289108276,30,0.0,14.96,18.88,20.22,,20.22,-30.0,0.77,0.89,1.14
72.72156524658203,30,0.0,14.96,18.85,20.19,,20.19,-30.0,0.77,0.89,1.14
73.22333717346191,30,0.0,14.96,18.85,20.15,,20.15,-30.0,0.77,0.88,1.14
73.72370553016663,30,0.0,14.91,18.81,20.15,,20.15,-30.0,0.76,0.88,1.14
74.22302770614624,30,0.0,14.91,18.81,20.11,,20.11,-30.0,0.76,0.88,1.13
74.72409224510193,30,0.0,14.87,18.78,20.08,,20.08,-30.0,0.76,0.87,1.13
75.22512340545654,30,0.0,14.87,18.78,20.08,,20.08,-30.0,0.76,0.87,1.13
75.72354197502136,30,0.0,14.87,18.75,20.04,,20.04,-30.0,0.76,0.87,1.12
76.22524380683899,30,0.0,14.83,18.71,20.04,,20.04,-30.0,0.75,0.87,1.12
76.72758030891418,30,0.0,14.83,18.71,20.0,,20.0,-30.0,0.75,0.87,1.12
77.23036623001099,30,0.0,14.83,18.68,19.97,,19.97,-30.0,0.75,0.86,1.11
77.73386144638062,30,0.0,14.83,18.68,19.97,,19.97,-30.0,0.75,0.86,1.11
78.23431968688965,30,0.0,14.78,18.64,19.93,,19.93,-30.0,0.75,0.86,1.11
78.736159324646,30,0.0,14.78,18.61,19.93,,19.93,-30.0,0.75,0.85,1.11
79.23545837402344,30,0.0,14.78,18.61,19.89,,19.89,-30.0,0.75,0.85,1.1
79.73447895050049,30,0.0,14.74,18.57,19.86,,19.86,-30.0,0.74,0.85,1.1
80.24891901016235,30,0.0,14.74,18.57,19.86,,19.86,-30.0,0.74,0.85,1.1
80.74767994880676,30,0.0,14.74,18.54,19.82,,19.82,-30.0,0.74,0.84,1.09
81.24836349487305,30,0.0,14.69,18.54,19.82,,19.82,-30.0,0.74,0.84,1.09
81.74875617027283,30,0.0,14.69,18.5,19.79,,19.79,-30.0,0.74,0.84,1.09
82.24812483787537,30,0.0,14.69,18.47,19.79,,19.79,-30.0,0.74,0.83,1.09
82.75018572807312,30,0.0,14.65,18.47,19.75,,19.75,-30.0,0.73,0.83,1.09
83.25113654136658,30,0.0,14.65,18.47,19.75,,19.75,-30.0,0.73,0.83,1.09
83.75084185600281,30,0.0,14.65,18.43,19.71,,19.71,-30.0,0.73,0.83,1.08
84.25204205513,30,0.0,14.6,18.4,19.68,,19.68,-30.0,0.73,0.82,1.08
84.75430178642273,30,0.0,14.6,18.4,19.68,,19.68,-30.0,0.73,0.82,1.08
85.25352096557617,30,0.0,14.6,18.4,19.68,,19.68,-30.0,0.73,0.82,1.07
85.75565195083618,30,0.0,14.56,18.37,19.64,,19.64,-30.0,0.72,0.82,1.07
86.25679326057434,30,0.0,14.56,18.37,19.6,,19.6,-30.0,0.72,0.81,1.07
86.75877666473389,30,0.0,14.56,18.33,19.6,,19.6,-30.0,0.72,0.81,1.07
87.2595386505127,30,0.0,14.51,18.33,19.57,,19.57,-30.0,0.72,0.81,1.06
87.76163792610168,30,0.0,14.51,18.3,19.57,,19.57,-30.0,0.72,0.81,1.06
88.26547741889954,30,0.0,14.51,18.26,19.53,,19.53,-30.0,0.72,0.8,1.06
88.76752996444702,30,0.0,14.51,18.26,19.49,,19.49,-30.0,0.72,0.8,1.05
89.26942348480225,30,0.0,14.47,18.23,19.49,,19.49,-30.0,0.71,0.8,1.05
89.76891016960144,30,0.0,14.47,18.23,19.46,,19.46,-30.0,0.71,0.8,1.05
90.27284550666809,30,0.0,14.42,18.19,19.46,,19.46,-30.0,0.71,0.79,1.05
90.77101182937622,30,0.0,14.42,18.19,19.42,,19.42,-30.0,0.71,0.79,1.04
91.27142286300659,30,0.0,14.42,18.16,19.42,,19.42,-30.0,0.71,0.79,1.04
91.77063274383545,30,0.0,14.38,18.16,19.38,,19.38,-30.0,0.71,0.79,1.04
92.27454733848572,30,0.0,14.38,18.16,19.38,,19.38,-30.0,0.7,0.78,1.04
92.77380633354187,30,0.0,14.38,18.12,19.35,,19.35,-30.0,0.7,0.78,1.03
93.27761650085449,30,0.0,14.38,18.12,19.35,,19.35,-30.0,0.7,0.78,1.03
93.78025364875793,30,0.0,14.38,18.09,19.31,,19.31,-30.0,0.7,0.78,1.03
94.28115677833557,30,0.0,14.33,18.09,19.31,,19.31,-30.0,0.7,0.78,1.03
94.78026294708252,30,0.0,14.33,18.05,19.27,,19.27,-30.0,0.7,0.77,1.02
95.28008508682251,30,0.0,14.33,18.05,19.27,,19.27,-30.0,0.7,0.77,1.02
95.78197932243347,30,0.0,14.29,18.02,19.24,,19.24,-30.0,0.69,0.77,1.02
96.28401041030884,30,0.0,14.29,18.02,19.24,,19.24,-30.0,0.69,0.77,1.02
96.78725934028625,30,0.0,14.29,17.98,19.2,,19.2,-30.0,0.69,0.77,1.01
97.29035592079163,30,0.0,14.24,17.98,19.2,,19.2,-30.0,0.69,0.76,1.01
97.7914228439331,30,0.0,14.24,17.98,19.16,,19.16,-30.0,0.69,0.76,1.01
98.29425740242004,30,0.0,14.24,17.95,19.16,,19.16,-30.0,0.69,0.76,1.01
98.7973403930664,30,0.0,14.24,17.95,19.13,,19.13,-30.0,0.69,0.76,1.0
99.29862570762634,30,0.0,14.2,17.91,19.13,,19.13,-30.0,0.68,0.75,1.0
99.79960703849792,30,0.0,14.2,17.91,19.09,,19.09,-30.0,0.68,0.75,1.0
100.30196166038513,30,0.0,14.2,17.88,19.09,,19.09,-30.0,0.68,0.75,1.0
100.80298805236816,30,0.0,14.2,17.88,19.09,,19.09,-30.0,0.68,0.75,0.99
101.30352783203125,30,0.0,14.15,17.88,19.05,,19.05,-30.0,0.68,0.75,0.99
101.79317092895508,30,0.0,14.15,17.84,19.05,,19.05,-30.0,0.68,0.74,0.99
102.29632496833801,30,0.0,14.11,17.81,19.02,,19.02,-30.0,0.68,0.74,0.99
102.80897545814514,30,0.0,14.11,17.81,19.02,,19.02,-30.0,0.68,0.74,0.99
103.29639673233032,30,0.0,14.11,17.81,18.98,,18.98,-30.0,0.67,0.74,0.98
103.8090226650238,30,0.0,14.11,17.77,18.98,,18.98,-30.0,0.67,0.73,0.98
104.3115930557251,30,0.0,14.11,17.77,18.94,,18.94,-30.0,0.67,0.73,0.98
104.81292843818665,30,0.0,14.06,17.74,18.94,,18.94,-30.0,0.67,0.73,0.98
105.3092429637909,30,0.0,14.06,17.74,18.91,,18.91,-30.0,0.67,0.73,0.97
105.80813694000244,30,0.0,14.02,17.7,18.91,,18.91,-30.0,0.67,0.72,0.97
106.30699896812439,30,0.0,14.02,17.7,18.87,,18.87,-30.0,0.66,0.72,0.97
106.80834436416626,30,0.0,14.02,17.67,18.87,,18.87,-30.0,0.66,0.72,0.97
107.3104236125946,30,0.0,14.02,17.67,18.87,,18.87,-30.0,0.66,0.72,0.96
107.81574487686157,30,0.0,14.02,17.63,18.83,,18.83,-30.0,0.66,0.71,0.96
108.32015132904053,30,0.0,14.02,17.63,18.83,,18.83,-30.0,0.66,0.71,0.96
108.81105351448059,30,0.0,13.98,17.63,18.8,,18.8,-30.0,0.66,0.71,0.96
109.31476092338562,30,0.0,13.98,17.6,18.8,,18.8,-30.0,0.66,0.71,0.96
109.81776404380798,30,0.0,13.98,17.6,18.76,,18.76,-30.0,0.66,0.71,0.95
110.31895923614502,30,0.0,13.98,17.56,18.76,,18.76,-30.0,0.65,0.7,0.95
110.8183798789978,30,0.0,13.93,17.56,18.76,,18.76,-30.0,0.65,0.7,0.95
111.32254195213318,30,0.0,13.93,17.56,18.72,,18.72,-30.0,0.65,0.7,0.95
111.82174110412598,30,0.0,13.93,17.53,18.69,,18.69,-30.0,0.65,0.7,0.94
112.3217704296112,30,0.0,13.93,17.53,18.69,,18.69,-30.0,0.65,0.7,0.94
112.82165813446045,30,0.0,13.89,17.49,18.69,,18.69,-30.0,0.65,0.69,0.94
113.3214738368988,30,0.0,13.89,17.49,18.65,,18.65,-30.0,0.65,0.69,0.94
113.83778524398804,30,0.0,13.89,17.46,18.65,,18.65,-30.0,0.65,0.69,0.93
114.33935952186584,30,0.0,13.89,17.46,18.61,,18.61,-30.0,0.65,0.69,0.93
114.83842468261719,30,0.0,13.84,17.46,18.58,,18.58,-30.0,0.65,0.69,0.93
115.34073257446289,30,0.0,13.84,17.42,18.58,,18.58,-30.0,0.65,0.68,0.93
115.84240198135376,30,0.0,13.84,17.42,18.58,,18.58,-30.0,0.65,0.68,0.93
116.341961145401,30,0.0,13.84,17.39,18.54,,18.54,-30.0,0.65,0.68,0.92
116.84157681465149,30,0.0,13.8,17.39,18.54,,18.54,-30.0,0.65,0.68,0.92
117.34703493118286,30,0.0,13.8,17.39,18.5,,18.5,-30.0,0.64,0.68,0.92
117.84802675247192,30,0.0,13.8,17.35,18.5,,18.5,-30.0,0.64,0.67,0.92
118.3494348526001,30,0.0,13.8,17.35,18.5,,18.5,-30.0,0.64,0.67,0.91
118.83769631385803,30,0.0,13.75,17.32,18.46,,18.46,-30.0,0.64,0.67,0.91
119.3389630317688,30,0.0,13.75,17.32,18.46,,18.46,-30.0,0.64,0.67,0.91
119.84267544746399,30,0.0,13.75,17.28,18.43,,18.43,-30.0,0.64,0.66,0.91
120.34586977958679,30,0.0,13.75,17.28,18.43,,18.43,-30.0,0.64,0.66,0.91
120.85002326965332,30,0.0,13.75,17.25,18.39,,18.39,-30.0,0.64,0.66,0.9
121.34742569923401,30,0.0,13.75,17.25,18.39,,18.39,-30.0,0.63,0.66,0.9
121.8466522693634,30,0.0,13.71,17.25,18.35,,18.35,-30.0,0.63,0.66,0.9
122.34932518005371,30,0.0,13.71,17.21,18.35,,18.35,-30.0,0.63,0.65,0.9
122.84770321846008,30,0.0,13.71,17.21,18.35,,18.35,-30.0,0.63,0.65,0.89
123.36201429367065,30,0.0,13.66,17.21,18.32,,18.32,-30.0,0.63,0.65,0.89
123.86286187171936,30,0.0,13.66,17.18,18.32,,18.32,-30.0,0.63,0.65,0.89
124.36500334739685,30,0.0,13.66,17.18,18.28,,18.28,-30.0,0.63,0.65,0.89
124.86583256721497,30,0.0,13.66,17.14,18.28,,18.28,-30.0,0.63,0.65,0.89
125.36254858970642,30,0.0,13.66,17.14,18.24,,18.24,-30.0,0.63,0.65,0.88
125.86357259750366,30,0.0,13.66,17.14,18.24,,18.24,-30.0,0.63,0.65,0.88
126.36581158638,30,0.0,13.62,17.14,18.24,,18.24,-30.0,0.62,0.65,0.88
126.86770796775818,30,0.0,13.62,17.11,18.24,,18.24,-30.0,0.62,0.64,0.88
127.37017631530762,30,0.0,13.62,17.11,18.21,,18.21,-30.0,0.62,0.64,0.88
127.87159776687622,30,0.0,13.57,17.07,18.17,,18.17,-30.0,0.62,0.64,0.87
128.37138891220093,30,0.0,13.57,17.07,18.17,,18.17,-30.0,0.62,0.64,0.87
128.87731623649597,30,0.0,13.57,17.07,18.17,,18.17,-30.0,0.62,0.64,0.87
129.37656331062317,30,0.0,13.57,17.07,18.13,,18.13,-30.0,0.62,0.63,0.87
129.87756824493408,30,0.0,13.53,17.04,18.13,,18.13,-30.0,0.62,0.63,0.87
130.37844109535217,30,0.0,13.53,17.04,18.09,,18.09,-30.0,0.61,0.63,0.87
130.86957716941833,30,0.0,13.53,17.0,18.09,,18.09,-30.0,0.61,0.63,0.87
131.37375950813293,30,0.0,13.53,17.0,18.09,,18.09,-30.0,0.61,0.63,0.87
131.871844291687,30,0.0,13.53,17.0,18.06,,18.06,-30.0,0.61,0.63,0.86
132.37367343902588,30,0.0,13.53,17.0,18.06,,18.06,-30.0,0.61,0.63,0.86
132.87358283996582,30,0.0,13.48,16.97,18.06,,18.06,-30.0,0.61,0.62,0.86
133.38970279693604,30,0.0,13.48,16.97,18.02,,18.02,-30.0,0.61,0.62,0.86
133.87683248519897,30,0.0,13.48,16.93,18.02,,18.02,-30.0,0.61,0.62,0.85
134.37727618217468,30,0.0,13.48,16.93,17.98,,17.98,-30.0,0.61,0.62,0.85
134.88019394874573,30,0.0,13.44,16.9,17.98,,17.98,-30.0,0.61,0.61,0.85
135.39463543891907,30,0.0,13.44,16.9,17.95,,17.95,-30.0,0.6,0.61,0.85
135.88107752799988,30,0.0,13.44,16.9,17.95,,17.95,-30.0,0.6,0.61,0.85
136.38582706451416,30,0.0,13.44,16.9,17.95,,17.95,-30.0,0.6,0.61,0.85
136.88716769218445,30,0.0,13.44,16.86,17.91,,17.91,-30.0,0.6,0.61,0.84
137.38765811920166,30,0.0,13.39,16.86,17.91,,17.91,-30.0,0.6,0.61,0.84
137.8899118900299,30,0.0,13.39,16.86,17.91,,17.91,-30.0,0.6,0.61,0.84
138.38920521736145,30,0.0,13.39,16.83,17.87,,17.87,-30.0,0.6,0.6,0.84
138.89280009269714,30,0.0,13.39,16.83,17.87,,17.87,-30.0,0.6,0.6,0.84
139.3911166191101,30,0.0,13.39,16.79,17.83,,17.83,-30.0,0.6,0.6,0.84
139.89250707626343,30,0.0,13.35,16.79,17.83,,17.83,-30.0,0.6,0.6,0.83
140.40883803367615,30,0.0,13.35,16.79,17.83,,17.83,-30.0,0.6,0.6,0.83
140.90747833251953,30,0.0,13.35,16.79,17.83,,17.83,-30.0,0.59,0.6,0.83
141.40581464767456,30,0.0,13.35,16.76,17.8,,17.8,-30.0,0.59,0.6,0.83
141.90465211868286,30,0.0,13.35,16.76,17.8,,17.8,-30.0,0.59,0.59,0.83
142.40921235084534,30,0.0,13.35,16.76,17.8,,17.8,-30.0,0.59,0.59,0.83
142.913094997406,30,0.0,13.3,16.76,17.8,,17.8,-30.0,0.59,0.59,0.82
143.4146649837494,30,0.0,13.3,16.72,17.76,,17.76,-30.0,0.59,0.59,0.82
143.91483998298645,30,0.0,13.3,16.72,17.76,,17.76,-30.0,0.59,0.59,0.82
144.41615843772888,30,0.0,13.3,16.72,17.76,,17.76,-30.0,0.59,0.59,0.82
144.9190480709076,30,0.0,13.26,16.68,17.72,,17.72,-30.0,0.59,0.58,0.82
145.41948056221008,30,0.0,13.26,16.68,17.72,,17.72,-30.0,0.58,0.58,0.82
145.92138528823853,30,0.0,13.26,16.65,17.72,,17.72,-30.0,0.58,0.58,0.82
146.42129683494568,30,0.0,13.26,16.65,17.69,,17.69,-30.0,0.58,0.58,0.81
146.92218613624573,30,0.0,13.26,16.65,17.69,,17.69,-30.0,0.58,0.58,0.81
147.41901922225952,30,0.0,13.21,16.65,17.69,,17.69,-30.0,0.58,0.58,0.81
147.919340133667,30,0.0,13.21,16.61,17.65,,17.65,-30.0,0.58,0.57,0.81
148.41982197761536,30,0.0,13.21,16.61,17.65,,17.65,-30.0,0.58,0.57,0.81
148.92238903045654,30,0.0,13.21,16.61,17.65,,17.65,-30.0,0.58,0.57,0.8
149.42763018608093,30,0.0,13.21,16.61,17.61,,17.61,-30.0,0.58,0.57,0.8
149.92837643623352,30,0.0,13.21,16.58,17.61,,17.61,-30.0,0.58,0.57,0.8
150.43285727500916,30,0.0,13.17,16.58,17.61,,17.61,-30.0,0.58,0.56,0.8
150.93180060386658,30,0.0,13.17,16.54,17.57,,17.57,-30.0,0.57,0.56,0.8
151.43336176872253,30,0.0,13.17,16.54,17.57,,17.57,-30.0,0.57,0.56,0.8
151.9364504814148,30,0.0,13.17,16.54,17.57,,17.57,-30.0,0.57,0.56,0.8
152.42598462104797,30,0.0,13.17,16.51,17.54,,17.54,-30.0,0.57,0.56,0.79
152.93767046928406,30,0.0,13.17,16.51,17.54,,17.54,-30.0,0.57,0.56,0.79
153.43975949287415,30,0.0,13.12,16.51,17.54,,17.54,-30.0,0.57,0.56,0.79
153.94342756271362,30,0.0,13.12,16.47,17.5,,17.5,-30.0,0.57,0.55,0.79
154.43112564086914,30,0.0,13.12,16.47,17.5,,17.5,-30.0,0.57,0.55,0.79
154.93293857574463,30,0.0,13.12,16.47,17.5,,17.5,-30.0,0.57,0.55,0.79
155.43419122695923,30,0.0,13.12,16.44,17.46,,17.46,-30.0,0.57,0.55,0.78
155.93725538253784,30,0.0,13.12,16.44,17.46,,17.46,-30.0,0.57,0.55,0.78
156.4508376121521,30,0.0,13.08,16.44,17.46,,17.46,-30.0,0.56,0.55,0.78
156.93890166282654,30,0.0,13.08,16.44,17.42,,17.42,-30.0,0.56,0.55,0.78
157.4509584903717,30,0.0,13.08,16.4,17.42,,17.42,-30.0,0.56,0.54,0.78
157.9543309211731,30,0.0,13.08,16.4,17.42,,17.42,-30.0,0.56,0.54,0.77
158.4550485610962,30,0.0,13.08,16.4,17.42,,17.42,-30.0,0.56,0.54,0.77
158.94353675842285,30,0.0,13.08,16.4,17.39,,17.39,-30.0,0.56,0.54,0.77
159.45937609672546,30,0.0,13.04,16.36,17.39,,17.39,-30.0,0.56,0.54,0.77
159.95884013175964,30,0.0,13.04,16.36,17.35,,17.35,-30.0,0.56,0.54,0.77
160.46193170547485,30,0.0,13.04,16.36,17.35,,17.35,-30.0,0.56,0.54,0.77
160.9494104385376,30,0.0,13.04,16.33,17.35,,17.35,-30.0,0.56,0.53,0.77
161.45001864433289,30,0.0,13.04,16.33,17.31,,17.31,-30.0,0.56,0.53,0.76
161.95185232162476,30,0.0,12.99,16.33,17.31,,17.31,-30.0,0.55,0.53,0.76
162.4637610912323,30,0.0,12.99,16.33,17.31,,17.31,-30.0,0.55,0.53,0.76
162.96332716941833,30,0.0,12.99,16.29,17.31,,17.31,-30.0,0.55,0.53,0.76
163.46345138549805,30,0.0,12.99,16.29,17.28,,17.28,-30.0,0.55,0.53,0.76
163.96243143081665,30,0.0,12.99,16.29,17.28,,17.28,-30.0,0.55,0.53,0.76
164.4621820449829,30,0.0,12.95,16.29,17.28,,17.28,-30.0,0.55,0.53,0.76
164.9622883796692,30,0.0,12.95,16.26,17.28,,17.28,-30.0,0.55,0.53,0.76
165.46181726455688,30,0.0,12.95,16.26,17.24,,17.24,-30.0,0.55,0.52,0.75
165.97451663017273,30,0.0,12.95,16.26,17.24,,17.24,-30.0,0.55,0.52,0.75
166.47423815727234,30,0.0,12.95,16.26,17.24,,17.24,-30.0,0.55,0.52,0.75
166.97706007957458,30,0.0,12.95,16.22,17.2,,17.2,-30.0,0.55,0.52,0.75
167.47538542747498,30,0.0,12.9,16.22,17.2,,17.2,-30.0,0.54,0.52,0.75
167.9726538658142,30,0.0,12.9,16.22,17.2,,17.2,-30.0,0.54,0.52,0.75
168.47255516052246,30,0.0,12.9,16.19,17.2,,17.2,-30.0,0.54,0.51,0.74
168.97369503974915,30,0.0,12.9,16.19,17.16,,17.16,-30.0,0.54,0.51,0.74
169.4735608100891,30,0.0,12.86,16.19,17.16,,17.16,-30.0,0.54,0.51,0.74
169.9718906879425,30,0.0,12.86,16.19,17.16,,17.16,-30.0,0.54,0.51,0.74
170.48428320884705,30,0.0,12.86,16.19,17.16,,17.16,-30.0,0.54,0.51,0.74
170.98369669914246,30,0.0,12.86,16.15,17.13,,17.13,-30.0,0.54,0.51,0.74
171.47777891159058,30,0.0,12.86,16.15,17.13,,17.13,-30.0,0.54,0.51,0.74
171.97706294059753,30,0.0,12.86,16.15,17.13,,17.13,-30.0,0.54,0.51,0.74
172.4913911819458,30,0.0,12.86,16.15,17.13,,17.13,-30.0,0.54,0.51,0.74
172.9903588294983,30,0.0,12.86,16.15,17.09,,17.09,-30.0,0.54,0.51,0.73
173.48996210098267,30,0.0,12.86,16.15,17.09,,17.09,-30.0,0.54,0.51,0.73
173.98813128471375,30,0.0,12.86,16.15,17.09,,17.09,-30.0,0.54,0.51,0.73
174.4969778060913,30,0.0,12.86,16.11,17.09,,17.09,-30.0,0.54,0.5,0.73
174.989009141922,30,0.0,12.86,16.11,17.05,,17.05,-30.0,0.54,0.5,0.73
175.49739694595337,30,0.0,12.86,16.11,17.05,,17.05,-30.0,0.54,0.5,0.73
175.9942228794098,30,0.0,12.81,16.11,17.05,,17.05,-30.0,0.54,0.5,0.73
176.48928904533386,30,0.0,12.81,16.08,17.01,,17.01,-30.0,0.53,0.5,0.72
176.99225449562073,30,0.0,12.81,16.08,17.01,,17.01,-30.0,0.53,0.5,0.72
177.50215315818787,30,0.0,12.81,16.08,17.01,,17.01,-30.0,0.53,0.5,0.72
177.9945101737976,30,0.0,12.81,16.08,17.01,,17.01,-30.0,0.53,0.49,0.72
178.496808052063,30,0.0,12.81,16.04,17.01,,17.01,-30.0,0.53,0.49,0.72
179.0070583820343,30,0.0,12.81,16.04,16.98,,16.98,-30.0,0.53,0.49,0.72
179.51024317741394,30,0.0,12.81,16.04,16.98,,16.98,-30.0,0.53,0.49,0.72
180.0087296962738,30,0.0,12.81,16.04,16.98,,16.98,-30.0,0.53,0.49,0.72
180.50885796546936,30,0.0,12.77,16.01,16.98,,16.98,-30.0,0.53,0.49,0.72
181.00936245918274,30,0.0,12.77,16.01,16.94,,16.94,-30.0,0.53,0.49,0.71
181.50892686843872,30,0.0,12.77,16.01,16.94,,16.94,-30.0,0.53,0.49,0.71
182.00905585289001,30,0.0,12.77,16.01,16.94,,16.94,-30.0,0.53,0.49,0.71
182.51180362701416,30,0.0,12.77,16.01,16.94,,16.94,-30.0,0.53,0.48,0.71
183.0112521648407,30,0.0,12.77,15.97,16.9,,16.9,-30.0,0.52,0.48,0.71
183.51008319854736,30,0.0,12.72,15.97,16.9,,16.9,-30.0,0.52,0.48,0.71
184.00943326950073,30,0.0,12.72,15.94,16.9,,16.9,-30.0,0.52,0.48,0.71
184.52509450912476,30,0.0,12.72,15.94,16.9,,16.9,-30.0,0.52,0.48,0.71
185.02332639694214,30,0.0,12.72,15.94,16.9,,16.9,-30.0,0.52,0.48,0.7
185.52173113822937,30,0.0,12.72,15.94,16.86,,16.86,-30.0,0.52,0.48,0.7
186.02173948287964,30,0.0,12.68,15.94,16.86,,16.86,-30.0,0.52,0.48,0.7
186.51828980445862,30,0.0,12.68,15.9,16.86,,16.86,-30.0,0.52,0.47,0.7
187.03269577026367,30,0.0,12.68,15.9,16.86,,16.86,-30.0,0.52,0.47,0.7
187.52013039588928,30,0.0,12.68,15.9,16.82,,16.82,-30.0,0.52,0.47,0.7
188.03502941131592,30,0.0,12.68,15.9,16.82,,16.82,-30.0,0.52,0.47,0.7
188.5308554172516,30,0.0,12.68,15.9,16.82,,16.82,-30.0,0.52,0.47,0.7
189.02845692634583,30,0.0,12.68,15.86,16.82,,16.82,-30.0,0.52,0.47,0.7
189.52747082710266,30,0.0,12.68,15.86,16.79,,16.79,-30.0,0.52,0.47,0.69
190.02536392211914,30,0.0,12.63,15.86,16.79,,16.79,-30.0,0.51,0.47,0.69
190.52995824813843,30,0.0,12.63,15.86,16.79,,16.79,-30.0,0.51,0.47,0.69
191.04158067703247,30,0.0,12.63,15.83,16.79,,16.79,-30.0,0.51,0.46,0.69
191.53746581077576,30,0.0,12.63,15.83,16.75,,16.75,-30.0,0.51,0.46,0.69
192.03562808036804,30,0.0,12.63,15.83,16.75,,16.75,-30.0,0.51,0.46,0.69
192.53436183929443,30,0.0,12.63,15.83,16.75,,16.75,-30.0,0.51,0.46,0.69
193.0486466884613,30,0.0,12.63,15.83,16.75,,16.75,-30.0,0.51,0.46,0.69
193.54805374145508,30,0.0,12.63,15.79,16.75,,16.75,-30.0,0.51,0.46,0.68
194.04716205596924,30,0.0,12.63,15.79,16.71,,16.71,-30.0,0.51,0.46,0.68
194.54674005508423,30,0.0,12.59,15.79,16.71,,16.71,-30.0,0.51,0.46,0.68
195.0443878173828,30,0.0,12.59,15.79,16.71,,16.71,-30.0,0.51,0.46,0.68
195.5455355644226,30,0.0,12.59,15.79,16.71,,16.71,-30.0,0.51,0.46,0.68
196.0416510105133,30,0.0,12.59,15.76,16.67,,16.67,-30.0,0.51,0.46,0.68
196.55706572532654,30,0.0,12.59,15.76,16.67,,16.67,-30.0,0.51,0.46,0.68
197.05850887298584,30,0.0,12.59,15.76,16.67,,16.67,-30.0,0.51,0.45,0.68
197.55611872673035,30,0.0,12.59,15.76,16.67,,16.67,-30.0,0.51,0.45,0.68
198.05893874168396,30,0.0,12.59,15.76,16.64,,16.64,-30.0,0.51,0.45,0.67
198.55841064453125,30,0.0,12.54,15.72,16.64,,16.64,-30.0,0.51,0.45,0.67
199.05763053894043,30,0.0,12.54,15.72,16.64,,16.64,-30.0,0.5,0.45,0.67
199.55612516403198,30,0.0,12.54,15.72,16.64,,16.64,-30.0,0.5,0.45,0.67
200.05954146385193,30,0.0,12.54,15.72,16.64,,16.64,-30.0,0.5,0.45,0.67
200.56093430519104,30,0.0,12.54,15.68,16.64,,16.64,-30.0,0.5,0.44,0.67
201.06123566627502,30,0.0,12.54,15.68,16.6,,16.6,-30.0,0.5,0.44,0.67
201.55729985237122,30,0.0,12.5,15.68,16.6,,16.6,-30.0,0.5,0.44,0.67
202.0712969303131,30,0.0,12.5,15.68,16.6,,16.6,-30.0,0.5,0.44,0.67
202.56815910339355,30,0.0,12.5,15.65,16.6,,16.6,-30.0,0.5,0.44,0.66
203.06900215148926,30,0.0,12.5,15.65,16.56,,16.56,-30.0,0.5,0.44,0.66
203.5654275417328,30,0.0,12.5,15.65,16.56,,16.56,-30.0,0.5,0.44,0.66
204.06412029266357,30,0.0,12.5,15.65,16.56,,16.56,-30.0,0.5,0.44,0.66
204.57743382453918,30,0.0,12.5,15.65,16.56,,16.56,-30.0,0.5,0.44,0.66
205.07855081558228,30,0.0,12.5,15.61,16.52,,16.52,-30.0,0.5,0.43,0.66
205.57425475120544,30,0.0,12.5,15.61,16.52,,16.52,-30.0,0.5,0.43,0.66
206.07689929008484,30,0.0,12.5,15.61,16.52,,16.52,-30.0,0.49,0.43,0.66
206.57278633117676,30,0.0,12.45,15.61,16.52,,16.52,-30.0,0.49,0.43,0.66
207.07279467582703,30,0.0,12.45,15.58,16.52,,16.52,-30.0,0.49,0.43,0.65
207.57165551185608,30,0.0,12.45,15.58,16.49,,16.49,-30.0,0.49,0.43,0.65
208.08570742607117,30,0.0,12.45,15.58,16.49,,16.49,-30.0,0.49,0.43,0.65
208.58489775657654,30,0.0,12.45,15.58,16.49,,16.49,-30.0,0.49,0.43,0.65
209.08397769927979,30,0.0,12.45,15.58,16.49,,16.49,-30.0,0.49,0.43,0.65
209.5791835784912,30,0.0,12.45,15.58,16.49,,16.49,-30.0,0.49,0.43,0.65
210.0927484035492,30,0.0,12.41,15.58,16.45,,16.45,-30.0,0.49,0.43,0.65
210.5798671245575,30,0.0,12.41,15.54,16.45,,16.45,-30.0,0.49,0.43,0.65
211.08196187019348,30,0.0,12.41,15.54,16.45,,16.45,-30.0,0.49,0.43,0.65
211.59413027763367,30,0.0,12.41,15.54,16.45,,16.45,-30.0,0.49,0.43,0.65
212.09268164634705,30,0.0,12.41,15.54,16.45,,16.45,-30.0,0.49,0.43,0.65
212.59347081184387,30,0.0,12.41,15.54,16.41,,16.41,-30.0,0.49,0.43,0.65
213.09405398368835,30,0.0,12.41,15.5,16.41,,16.41,-30.0,0.49,0.42,0.65
213.59438586235046,30,0.0,12.41,15.54,16.41,,16.41,-30.0,0.49,0.42,0.65
214.0927746295929,30,0.0,12.41,15.5,16.41,,16.41,-30.0,0.49,0.42,0.65
214.59296226501465,30,0.0,12.36,15.5,16.41,,16.41,-30.0,0.49,0.42,0.65
215.10520195960999,30,0.0,12.36,15.5,16.41,,16.41,-30.0,0.48,0.42,0.65
215.60524916648865,30,0.0,12.36,15.5,16.37,,16.37,-30.0,0.48,0.42,0.64
216.10571432113647,30,0.0,12.36,15.5,16.37,,16.37,-30.0,0.48,0.42,0.64
216.60557079315186,30,0.0,12.36,15.47,16.37,,16.37,-30.0,0.48,0.42,0.64
217.10466027259827,30,0.0,12.36,15.47,16.37,,16.37,-30.0,0.48,0.42,0.64
217.60691165924072,30,0.0,12.32,15.47,16.37,,16.37,-30.0,0.48,0.42,0.64
218.11132311820984,30,0.0,12.32,15.47,16.37,,16.37,-30.0,0.48,0.42,0.64
218.61188292503357,30,0.0,12.32,15.47,16.37,,16.37,-30.0,0.48,0.42,0.64
219.11739373207092,30,0.0,12.32,15.47,16.33,,16.33,-30.0,0.48,0.42,0.64
219.60502815246582,30,0.0,12.32,15.47,16.33,,16.33,-30.0,0.48,0.42,0.64
220.1104302406311,30,0.0,12.32,15.47,16.33,,16.33,-30.0,0.48,0.41,0.64
220.61509227752686,30,0.0,12.32,15.47,16.33,,16.33,-30.0,0.48,0.41,0.64
221.11897897720337,30,0.0,12.32,15.43,16.33,,16.33,-30.0,0.48,0.41,0.64
221.60941362380981,30,0.0,12.32,15.43,16.33,,16.33,-30.0,0.48,0.41,0.63
222.1230845451355,30,0.0,12.32,15.43,16.33,,16.33,-30.0,0.48,0.41,0.63
222.62685680389404,30,0.0,12.32,15.43,16.3,,16.3,-30.0,0.48,0.41,0.63
223.11448574066162,30,0.0,12.27,15.43,16.3,,16.3,-30.0,0.48,0.41,0.63
223.61757040023804,30,0.0,12.27,15.4,16.3,,16.3,-30.0,0.47,0.41,0.63
224.12227869033813,30,0.0,12.27,15.4,16.3,,16.3,-30.0,0.47,0.41,0.63
224.62328672409058,30,0.0,12.27,15.4,16.26,,16.26,-30.0,0.47,0.41,0.63
225.12564325332642,30,0.0,12.27,15.4,16.26,,16.26,-30.0,0.47,0.4,0.63
225.62918996810913,30,0.0,12.27,15.36,16.26,,16.26,-30.0,0.47,0.4,0.63
226.1297161579132,30,0.0,12.27,15.36,16.26,,16.26,-30.0,0.47,0.4,0.63
226.62903928756714,30,0.0,12.27,15.36,16.26,,16.26,-30.0,0.47,0.4,0.63
227.13102865219116,30,0.0,12.23,15.36,16.26,,16.26,-30.0,0.47,0.4,0.63
227.6353988647461,30,0.0,12.23,15.36,16.22,,16.22,-30.0,0.47,0.4,0.62
228.13432335853577,30,0.0,12.27,15.36,16.22,,16.22,-30.0,0.47,0.4,0.62
228.63837242126465,30,0.0,12.23,15.36,16.22,,16.22,-30.0,0.47,0.4,0.62
229.14028143882751,30,0.0,12.23,15.36,16.18,,16.18,-30.0,0.47,0.4,0.62
229.64313793182373,30,0.0,12.23,15.36,16.18,,16.18,-30.0,0.47,0.4,0.62
230.14658522605896,30,0.0,12.23,15.32,16.18,,16.18,-30.0,0.47,0.4,0.62
230.64593887329102,30,0.0,12.23,15.32,16.18,,16.18,-30.0,0.47,0.4,0.62
231.14485621452332,30,0.0,12.23,15.32,16.18,,16.18,-30.0,0.47,0.4,0.62
231.64894819259644,30,0.0,12.23,15.32,16.18,,16.18,-30.0,0.47,0.4,0.61
232.13808369636536,30,0.0,12.23,15.32,16.14,,16.14,-30.0,0.47,0.4,0.61
232.6403729915619,30,0.0,12.23,15.32,16.14,,16.14,-30.0,0.47,0.39,0.61
233.1418981552124,30,0.0,12.19,15.29,16.14,,16.14,-30.0,0.47,0.39,0.61
233.64249920845032,30,0.0,12.19,15.29,16.14,,16.14,-30.0,0.47,0.39,0.61
234.14673376083374,30,0.0,12.19,15.29,16.14,,16.14,-30.0,0.46,0.39,0.61
234.64631938934326,30,0.0,12.19,15.29,16.14,,16.14,-30.0,0.46,0.39,0.61
235.14539074897766,30,0.0,12.19,15.29,16.11,,16.11,-30.0,0.46,0.39,0.61
235.65947723388672,30,0.0,12.19,15.29,16.11,,16.11,-30.0,0.46,0.39,0.61
236.1581995487213,30,0.0,12.19,15.29,16.11,,16.11,-30.0,0.46,0.39,0.61
236.65779638290405,30,0.0,12.19,15.29,16.11,,16.11,-30.0,0.46,0.39,0.61
237.1589856147766,30,0.0,12.19,15.29,16.11,,16.11,-30.0,0.46,0.39,0.61
237.66213011741638,30,0.0,12.19,15.25,16.11,,16.11,-30.0,0.46,0.39,0.6
238.1614966392517,30,0.0,12.19,15.25,16.11,,16.11,-30.0,0.46,0.39,0.6
238.66094589233398,30,0.0,12.19,15.25,16.07,,16.07,-30.0,0.46,0.39,0.6
239.15625715255737,30,0.0,12.19,15.25,16.07,,16.07,-30.0,0.46,0.38,0.6
239.67035746574402,30,0.0,12.19,15.25,16.07,,16.07,-30.0,0.46,0.38,0.6
240.17264199256897,30,0.0,12.19,15.22,16.03,,16.03,-30.0,0.46,0.38,0.6
240.67269039154053,30,0.0,12.14,15.22,16.03,,16.03,-30.0,0.46,0.38,0.6
241.17120671272278,30,0.0,12.14,15.22,16.03,,16.03,-30.0,0.46,0.38,0.6
241.6696195602417,30,0.0,12.14,15.22,16.03,,16.03,-30.0,0.46,0.38,0.6
242.1664116382599,30,0.0,12.14,15.18,16.03,,16.03,-30.0,0.46,0.38,0.6
242.6685664653778,30,0.0,12.14,15.18,16.03,,16.03,-30.0,0.46,0.38,0.59
243.1694095134735,30,0.0,12.14,15.18,15.99,,15.99,-30.0,0.46,0.38,0.59
243.67096590995789,30,0.0,12.14,15.18,15.99,,15.99,-30.0,0.46,0.38,0.59
244.1838641166687,30,0.0,12.14,15.18,15.99,,15.99,-30.0,0.46,0.38,0.59
244.67022109031677,30,0.0,12.14,15.18,15.99,,15.99,-30.0,0.46,0.37,0.59
245.18571376800537,30,0.0,12.14,15.18,15.99,,15.99,-30.0,0.46,0.37,0.59
245.68211460113525,30,0.0,12.14,15.14,15.99,,15.99,-30.0,0.46,0.37,0.59
246.18067812919617,30,0.0,12.14,15.14,15.99,,15.99,-30.0,0.46,0.37,0.59
246.68078351020813,30,0.0,12.14,15.14,15.95,,15.95,-30.0,0.46,0.37,0.59
247.17803812026978,30,0.0,12.14,15.11,15.95,,15.95,-30.0,0.46,0.37,0.59
247.69099235534668,30,0.0,12.14,15.14,15.95,,15.95,-30.0,0.46,0.37,0.59
248.19111227989197,30,0.0,12.14,15.11,15.95,,15.95,-30.0,0.46,0.37,0.59
248.69253182411194,30,0.0,12.1,15.11,15.95,,15.95,-30.0,0.46,0.37,0.59
249.19403338432312,30,0.0,12.1,15.11,15.95,,15.95,-30.0,0.45,0.37,0.59
249.6950807571411,30,0.0,12.1,15.11,15.95,,15.95,-30.0,0.45,0.37,0.58
250.19182991981506,30,0.0,12.1,15.11,15.95,,15.95,-30.0,0.45,0.37,0.58
250.68889927864075,30,0.0,12.1,15.11,15.92,,15.92,-30.0,0.45,0.37,0.58
251.18729901313782,30,0.0,12.1,15.11,15.92,,15.92,-30.0,0.45,0.37,0.58
251.68965911865234,30,0.0,12.1,15.11,15.92,,15.92,-30.0,0.45,0.37,0.58
252.1895694732666,30,0.0,12.1,15.07,15.92,,15.92,-30.0,0.45,0.36,0.58
252.69351243972778,30,0.0,12.1,15.11,15.92,,15.92,-30.0,0.45,0.36,0.58
253.19566822052002,30,0.0,12.1,15.07,15.92,,15.92,-30.0,0.45,0.36,0.58
253.69577431678772,30,0.0,12.1,15.07,15.92,,15.92,-30.0,0.45,0.36,0.58
254.20915937423706,30,0.0,12.1,15.07,15.92,,15.92,-30.0,0.45,0.36,0.58
254.71013140678406,30,0.0,12.1,15.07,15.88,,15.88,-30.0,0.45,0.36,0.58
255.21173667907715,30,0.0,12.05,15.07,15.88,,15.88,-30.0,0.45,0.36,0.58
255.71139240264893,30,0.0,12.05,15.07,15.88,,15.88,-30.0,0.45,0.36,0.58
256.2123076915741,30,0.0,12.05,15.07,15.88,,15.88,-30.0,0.45,0.36,0.58
256.7141840457916,30,0.0,12.05,15.03,15.88,,15.88,-30.0,0.45,0.36,0.58
257.2039284706116,30,0.0,12.05,15.03,15.88,,15.88,-30.0,0.45,0.36,0.58
257.7054646015167,30,0.0,12.05,15.03,15.84,,15.84,-30.0,0.45,0.36,0.58
258.20897603034973,30,0.0,12.05,15.03,15.84,,15.84,-30.0,0.45,0.36,0.58
258.71537137031555,30,0.0,12.05,15.03,15.84,,15.84,-30.0,0.45,0.36,0.57
259.215571641922,30,0.0,12.05,15.03,15.84,,15.84,-30.0,0.45,0.36,0.57
259.7178883552551,30,0.0,12.05,15.03,15.84,,15.84,-30.0,0.45,0.36,0.57
260.2194607257843,30,0.0,12.05,15.0,15.84,,15.84,-30.0,0.45,0.35,0.57
260.7192099094391,30,0.0,12.01,15.0,15.84,,15.84,-30.0,0.45,0.35,0.57
261.21873450279236,30,0.0,12.05,15.03,15.8,,15.8,-30.0,0.45,0.35,0.57
261.72172689437866,30,0.0,12.01,15.0,15.8,,15.8,-30.0,0.45,0.35,0.57
262.22421383857727,30,0.0,12.01,15.0,15.8,,15.8,-30.0,0.44,0.35,0.57
262.72965002059937,30,0.0,12.01,15.0,15.8,,15.8,-30.0,0.44,0.35,0.57
263.22947549819946,30,0.0,12.05,15.0,15.8,,15.8,-30.0,0.44,0.35,0.57
263.7336280345917,30,0.0,12.05,15.0,15.8,,15.8,-30.0,0.44,0.35,0.57
264.2323627471924,30,0.0,12.05,15.0,15.8,,15.8,-30.0,0.44,0.35,0.57
264.7331886291504,30,0.0,12.01,14.96,15.8,,15.8,-30.0,0.44,0.35,0.57
265.2373266220093,30,0.0,12.01,14.96,15.8,,15.8,-30.0,0.44,0.35,0.57
265.7387273311615,30,0.0,12.01,14.96,15.76,,15.76,-30.0,0.44,0.35,0.56
266.2357449531555,30,0.0,12.01,14.96,15.76,,15.76,-30.0,0.44,0.35,0.56
266.73274207115173,30,0.0,12.01,14.96,15.76,,15.76,-30.0,0.44,0.35,0.56
267.23207545280457,30,0.0,12.01,14.96,15.76,,15.76,-30.0,0.44,0.35,0.56
267.7321934700012,30,0.0,12.01,14.96,15.76,,15.76,-30.0,0.44,0.35,0.56
268.2461042404175,30,0.0,12.01,14.96,15.76,,15.76,-30.0,0.44,0.34,0.56
268.7481918334961,30,0.0,12.01,14.96,15.76,,15.76,-30.0,0.44,0.35,0.56
269.24751496315,30,0.0,12.01,14.96,15.76,,15.76,-30.0,0.44,0.34,0.56
269.7372281551361,30,0.0,12.01,14.92,15.76,,15.76,-30.0,0.44,0.34,0.56
270.25205278396606,30,0.0,11.96,14.92,15.73,,15.73,-30.0,0.44,0.34,0.56
270.75300431251526,30,0.0,12.01,14.92,15.73,,15.73,-30.0,0.44,0.34,0.56
271.2541358470917,30,0.0,11.96,14.92,15.73,,15.73,-30.0,0.44,0.34,0.56
271.7438130378723,30,0.0,11.96,14.92,15.73,,15.73,-30.0,0.44,0.34,0.56
272.2438979148865,30,0.0,11.96,14.92,15.73,,15.73,-30.0,0.44,0.34,0.56
272.74941754341125,30,0.0,11.96,14.92,15.73,,15.73,-30.0,0.44,0.34,0.56
273.2547550201416,30,0.0,11.96,14.89,15.69,,15.69,-30.0,0.44,0.34,0.56
273.7609393596649,30,0.0,11.96,14.89,15.69,,15.69,-30.0,0.44,0.34,0.56
274.2487282752991,30,0.0,11.96,14.89,15.69,,15.69,-30.0,0.44,0.34,0.55
274.7623836994171,30,0.0,11.96,14.89,15.69,,15.69,-30.0,0.44,0.34,0.55
275.26027035713196,30,0.0,11.96,14.89,15.69,,15.69,-30.0,0.44,0.34,0.55
275.7598834037781,30,0.0,11.96,14.89,15.69,,15.69,-30.0,0.44,0.34,0.55
276.26172709465027,30,0.0,11.96,14.89,15.69,,15.69,-30.0,0.44,0.34,0.55
276.7645208835602,30,0.0,11.96,14.89,15.69,,15.69,-30.0,0.44,0.33,0.55
277.26927614212036,30,0.0,11.96,14.89,15.69,,15.69,-30.0,0.44,0.33,0.55
277.77423119544983,30,0.0,11.96,14.85,15.69,,15.69,-30.0,0.44,0.34,0.55
278.2602641582489,30,0.0,11.96,14.85,15.69,,15.69,-30.0,0.44,0.33,0.55
278.76496839523315,30,0.0,11.92,14.85,15.69,,15.69,-30.0,0.43,0.33,0.55
279.2731943130493,30,0.0,11.96,14.85,15.65,,15.65,-30.0,0.43,0.33,0.55
279.77445554733276,30,0.0,11.96,14.85,15.65,,15.65,-30.0,0.43,0.33,0.55
280.276896238327,30,0.0,11.92,14.85,15.65,,15.65,-30.0,0.43,0.33,0.55
280.7771465778351,30,0.0,11.92,14.85,15.65,,15.65,-30.0,0.43,0.33,0.55
281.267587184906,30,0.0,11.92,14.85,15.65,,15.65,-30.0,0.43,0.33,0.55
281.76886796951294,30,0.0,11.92,14.85,15.65,,15.65,-30.0,0.43,0.33,0.55
282.28057885169983,30,0.0,11.92,14.85,15.65,,15.65,-30.0,0.43,0.33,0.55
282.7841112613678,30,0.0,11.92,14.85,15.65,,15.65,-30.0,0.43,0.33,0.55
283.28535652160645,30,0.0,11.92,14.82,15.65,,15.65,-30.0,0.43,0.33,0.54
283.7740092277527,30,0.0,11.92,14.82,15.61,,15.61,-30.0,0.43,0.33,0.54
284.28920102119446,30,0.0,11.92,14.82,15.61,,15.61,-30.0,0.43,0.33,0.54
284.78846073150635,30,0.0,11.92,14.82,15.61,,15.61,-30.0,0.43,0.33,0.54
285.283921957016,30,0.0,11.92,14.82,15.61,,15.61,-30.0,0.43,0.33,0.54
285.7836580276489,30,0.0,11.87,14.82,15.61,,15.61,-30.0,0.43,0.33,0.54
286.28486156463623,30,0.0,11.92,14.82,15.61,,15.61,-30.0,0.43,0.33,0.54
286.78236293792725,30,0.0,11.87,14.82,15.61,,15.61,-30.0,0.43,0.33,0.54
287.28716492652893,30,0.0,11.87,14.82,15.61,,15.61,-30.0,0.43,0.33,0.54
287.78886818885803,30,0.0,11.87,14.82,15.57,,15.57,-30.0,0.43,0.33,0.54
288.28986406326294,30,0.0,11.87,14.82,15.61,,15.61,-30.0,0.43,0.33,0.54
288.78838992118835,30,0.0,11.87,14.78,15.57,,15.57,-30.0,0.43,0.32,0.54
289.30071568489075,30,0.0,11.87,14.78,15.57,,15.57,-30.0,0.43,0.32,0.54
289.79949474334717,30,0.0,11.87,14.78,15.57,,15.57,-30.0,0.43,0.32,0.54
290.2987277507782,30,0.0,11.87,14.78,15.57,,15.57,-30.0,0.43,0.32,0.54
290.7980501651764,30,0.0,11.87,14.78,15.57,,15.57,-30.0,0.43,0.32,0.54
291.3040683269501,30,0.0,11.87,14.78,15.57,,15.57,-30.0,0.43,0.32,0.54
291.80433344841003,30,0.0,11.87,14.78,15.57,,15.57,-30.0,0.43,0.32,0.54
292.29821252822876,30,0.0,11.87,14.78,15.57,,15.57,-30.0,0.43,0.32,0.54
292.8081135749817,30,0.0,11.87,14.78,15.57,,15.57,-30.0,0.43,0.32,0.54
293.3033540248871,30,0.0,11.87,14.78,15.57,,15.57,-30.0,0.43,0.32,0.54
293.8020088672638,30,0.0,11.87,14.78,15.53,,15.53,-30.0,0.43,0.32,0.53
294.30326533317566,30,0.0,11.87,14.78,15.53,,15.53,-30.0,0.43,0.32,0.53
294.81718921661377,30,0.0,11.87,14.78,15.53,,15.53,-30.0,0.43,0.32,0.53
295.31674790382385,30,0.0,11.87,14.78,15.53,,15.53,-30.0,0.43,0.32,0.53
295.8063397407532,30,0.0,11.87,14.78,15.53,,15.53,-30.0,0.43,0.32,0.53
296.3196301460266,30,0.0,11.83,14.74,15.53,,15.53,-30.0,0.43,0.32,0.53
296.80838322639465,30,0.0,11.83,14.74,15.53,,15.53,-30.0,0.43,0.32,0.53
297.3223969936371,30,0.0,11.83,14.74,15.53,,15.53,-30.0,0.43,0.32,0.53
297.8209903240204,30,0.0,11.83,14.74,15.53,,15.53,-30.0,0.43,0.32,0.53
298.3243281841278,30,0.0,11.83,14.74,15.5,,15.5,-30.0,0.43,0.32,0.53
298.8218996524811,30,0.0,11.83,14.74,15.5,,15.5,-30.0,0.43,0.32,0.53
299.3257248401642,30,0.0,11.83,14.74,15.5,,15.5,-30.0,0.43,0.32,0.53
299.8234055042267,30,0.0,11.83,14.74,15.5,,15.5,-30.0,0.43,0.32,0.53
300.3224380016327,30,0.0,11.83,14.74,15.5,,15.5,-30.0,0.43,0.32,0.53
300.8197784423828,30,0.0,11.83,14.74,15.5,,15.5,-30.0,0.43,0.31,0.53
301.32133412361145,30,0.0,11.83,14.71,15.5,,15.5,-30.0,0.43,0.31,0.53
301.83305764198303,30,0.0,11.83,14.71,15.5,,15.5,-30.0,0.43,0.31,0.53
302.33126306533813,30,0.0,11.83,14.71,15.5,,15.5,-30.0,0.43,0.31,0.53
302.83433842658997,30,0.0,11.78,14.71,15.5,,15.5,-30.0,0.42,0.31,0.53
303.3380184173584,30,0.0,11.78,14.71,15.46,,15.46,-30.0,0.42,0.31,0.52
303.8385238647461,30,0.0,11.78,14.71,15.46,,15.46,-30.0,0.42,0.31,0.52
304.3370358943939,30,0.0,11.78,14.71,15.46,,15.46,-30.0,0.42,0.31,0.52
304.83953380584717,30,0.0,11.78,14.71,15.46,,15.46,-30.0,0.42,0.31,0.52
305.3436324596405,30,0.0,11.78,14.71,15.46,,15.46,-30.0,0.42,0.31,0.52
305.83201599121094,30,0.0,11.78,14.71,15.46,,15.46,-30.0,0.42,0.31,0.52
306.33687591552734,30,0.0,11.78,14.71,15.46,,15.46,-30.0,0.42,0.31,0.52
306.84350872039795,30,0.0,11.78,14.71,15.46,,15.46,-30.0,0.42,0.31,0.52
307.3452317714691,30,0.0,11.78,14.67,15.46,,15.46,-30.0,0.42,0.31,0.52
307.8467390537262,30,0.0,11.78,14.67,15.46,,15.46,-30.0,0.42,0.31,0.52
308.3477523326874,30,0.0,11.78,14.67,15.42,,15.42,-30.0,0.42,0.31,0.52
308.8477101325989,30,0.0,11.78,14.67,15.42,,15.42,-30.0,0.42,0.31,0.52
309.3460717201233,30,0.0,11.78,14.67,15.42,,15.42,-30.0,0.42,0.31,0.52
309.8489685058594,30,0.0,11.78,14.63,15.42,,15.42,-30.0,0.42,0.3,0.52
310.53278040885925,30,0.0,11.78,14.67,15.42,,15.42,-30.0,0.42,0.31,0.52
311.2034316062927,30,0.0,11.78,14.63,15.42,,15.42,-30.0,0.42,0.3,0.52
311.95260858535767,30,0.0,11.78,14.63,15.42,,15.42,-30.0,0.42,0.3,0.52
312.63618326187134,30,0.0,11.74,14.63,15.42,,15.42,-30.0,0.42,0.3,0.52
313.80449295043945,30,0.0,11.74,14.63,15.42,,15.42,-30.0,0.42,0.3,0.52
314.43058156967163,30,0.0,11.74,14.63,15.42,,15.42,-30.0,0.42,0.3,0.52
315.0002522468567,30,0.0,11.74,14.63,15.42,,15.42,-30.0,0.42,0.3,0.52
315.4718885421753,30,0.0,11.74,14.63,15.42,,15.42,-30.0,0.42,0.3,0.52
315.9082729816437,30,0.0,11.74,14.63,15.42,,15.42,-30.0,0.42,0.3,0.51
316.37537956237793,30,0.0,11.74,14.63,15.38,,15.38,-30.0,0.42,0.3,0.51
316.869211435318,30,0.0,11.74,14.63,15.38,,15.38,-30.0,0.42,0.3,0.51
317.33693170547485,30,0.0,11.74,14.63,15.38,,15.38,-30.0,0.42,0.3,0.51
317.8190965652466,30,0.0,11.74,14.63,15.38,,15.38,-30.0,0.42,0.3,0.51
318.28738236427307,30,0.0,11.74,14.63,15.42,,15.42,-30.0,0.42,0.3,0.51
318.7400252819061,30,0.0,11.74,14.63,15.38,,15.38,-30.0,0.42,0.3,0.51
319.19359588623047,30,0.0,11.74,14.63,15.38,,15.38,-30.0,0.42,0.3,0.51
319.6606504917145,30,0.0,11.74,14.63,15.38,,15.38,-30.0,0.42,0.3,0.51
320.1252987384796,30,0.0,11.74,14.63,15.38,,15.38,-30.0,0.42,0.3,0.51
320.5917088985443,30,0.0,11.74,14.63,15.38,,15.38,-30.0,0.42,0.3,0.51
321.0446197986603,30,0.0,11.74,14.63,15.38,,15.38,-30.0,0.42,0.3,0.51
321.5118124485016,30,0.0,11.74,14.63,15.34,,15.34,-30.0,0.42,0.3,0.51
321.94927978515625,30,0.0,11.74,14.6,15.34,,15.34,-30.0,0.42,0.3,0.51
322.3888928890228,30,0.0,11.69,14.6,15.34,,15.34,-30.0,0.41,0.3,0.51
322.82467103004456,30,0.0,11.69,14.6,15.34,,15.34,-30.0,0.41,0.3,0.51
323.4039649963379,30,0.0,11.69,14.6,15.34,,15.34,-30.0,0.41,0.3,0.51
323.90407633781433,30,0.0,11.69,14.6,15.34,,15.34,-30.0,0.42,0.3,0.51
324.4225707054138,30,0.0,11.69,14.6,15.34,,15.34,-30.0,0.42,0.3,0.51
324.9690971374512,30,0.0,11.69,14.6,15.34,,15.34,-30.0,0.42,0.3,0.51
325.49707651138306,30,0.0,11.69,14.6,15.34,,15.34,-30.0,0.42,0.29,0.51
326.0266046524048,30,0.0,11.69,14.6,15.34,,15.34,-30.0,0.42,0.3,0.51
326.4975619316101,30,0.0,11.69,14.6,15.34,,15.34,-30.0,0.41,0.3,0.51
326.9450800418854,30,0.0,11.69,14.56,15.34,,15.34,-30.0,0.41,0.3,0.5
327.3777287006378,30,0.0,11.69,14.56,15.34,,15.34,-30.0,0.41,0.29,0.5
327.84110045433044,30,0.0,11.69,14.56,15.3,,15.3,-30.0,0.41,0.29,0.5
328.25766611099243,30,0.0,11.69,14.56,15.3,,15.3,-30.0,0.41,0.29,0.5
328.6931109428406,30,0.0,11.69,14.56,15.3,,15.3,-30.0,0.41,0.29,0.5
329.1101279258728,30,0.0,11.65,14.56,15.3,,15.3,-30.0,0.41,0.29,0.5
329.5610272884369,30,0.0,11.69,14.56,15.3,,15.3,-30.0,0.41,0.29,0.5
329.96422123908997,30,0.0,11.69,14.56,15.3,,15.3,-30.0,0.41,0.29,0.5
330.3962457180023,30,0.0,11.65,14.56,15.3,,15.3,-30.0,0.41,0.29,0.5
330.80134201049805,30,0.0,11.65,14.56,15.3,,15.3,-30.0,0.41,0.29,0.5
331.20957374572754,30,0.0,11.65,14.56,15.3,,15.3,-30.0,0.41,0.29,0.5
331.6957104206085,30,0.0,11.65,14.56,15.3,,15.3,-30.0,0.41,0.29,0.5
332.11720418930054,30,0.0,11.65,14.56,15.3,,15.3,-30.0,0.41,0.29,0.5
332.5518102645874,30,0.0,11.65,14.56,15.3,,15.3,-30.0,0.41,0.29,0.5
332.9896183013916,30,0.0,11.65,14.56,15.3,,15.3,-30.0,0.41,0.29,0.5
333.40852975845337,30,0.0,11.65,14.52,15.3,,15.3,-30.0,0.41,0.29,0.5
333.9210295677185,30,0.0,11.65,14.52,15.3,,15.3,-30.0,0.41,0.29,0.5
334.40855741500854,30,0.0,11.65,14.52,15.27,,15.27,-30.0,0.41,0.29,0.5
334.9234549999237,30,0.0,11.65,14.52,15.27,,15.27,-30.0,0.41,0.29,0.5
335.42142724990845,30,0.0,11.65,14.52,15.27,,15.27,-30.0,0.41,0.29,0.5
335.9218406677246,30,0.0,11.65,14.52,15.27,,15.27,-30.0,0.41,0.29,0.5
336.42385268211365,30,0.0,11.65,14.52,15.27,,15.27,-30.0,0.41,0.29,0.5
336.92382860183716,30,0.0,11.65,14.52,15.27,,15.27,-30.0,0.41,0.29,0.5
337.4218828678131,30,0.0,11.65,14.52,15.27,,15.27,-30.0,0.41,0.29,0.5
337.9238340854645,30,0.0,11.65,14.52,15.27,,15.27,-30.0,0.41,0.28,0.5
338.42265224456787,30,0.0,11.65,14.49,15.27,,15.27,-30.0,0.41,0.29,0.5
338.92178201675415,30,0.0,11.65,14.49,15.27,,15.27,-30.0,0.41,0.29,0.5
339.43158411979675,30,0.0,11.65,14.49,15.27,,15.27,-30.0,0.41,0.28,0.5
339.9272155761719,30,0.0,11.65,14.49,15.27,,15.27,-30.0,0.41,0.28,0.5
340.4379711151123,30,0.0,11.65,14.49,15.27,,15.27,-30.0,0.41,0.28,0.5
340.9312505722046,30,0.0,11.6,14.49,15.27,,15.27,-30.0,0.41,0.28,0.49
341.42774534225464,30,0.0,11.65,14.45,15.23,,15.23,-30.0,0.41,0.28,0.49
341.9395761489868,30,0.0,11.65,14.45,15.23,,15.23,-30.0,0.4,0.28,0.49
342.46923780441284,30,0.0,11.65,14.45,15.23,,15.23,-30.0,0.4,0.28,0.49
342.93678164482117,30,0.0,11.65,14.45,15.23,,15.23,-30.0,0.41,0.28,0.49
343.4344666004181,30,0.0,11.6,14.45,15.23,,15.23,-30.0,0.4,0.28,0.49
343.94811964035034,30,0.0,11.6,14.45,15.23,,15.23,-30.0,0.4,0.28,0.49
344.4367730617523,30,0.0,11.6,14.45,15.19,,15.19,-30.0,0.4,0.28,0.49
344.95051550865173,30,0.0,11.6,14.45,15.19,,15.19,-30.0,0.4,0.28,0.49
345.44739603996277,30,0.0,11.6,14.45,15.19,,15.19,-30.0,0.4,0.28,0.49
345.9455728530884,30,0.0,11.6,14.45,15.19,,15.19,-30.0,0.4,0.28,0.49
346.44591760635376,30,0.0,11.6,14.45,15.19,,15.19,-30.0,0.4,0.28,0.49
346.9460506439209,30,0.0,11.6,14.45,15.19,,15.19,-30.0,0.4,0.28,0.49
347.4479420185089,30,0.0,11.6,14.45,15.19,,15.19,-30.0,0.4,0.28,0.49
347.946989774704,30,0.0,11.6,14.45,15.19,,15.19,-30.0,0.4,0.28,0.49
348.4471251964569,30,0.0,11.6,14.45,15.19,,15.19,-30.0,0.4,0.28,0.49
348.94882345199585,30,0.0,11.6,14.45,15.19,,15.19,-30.0,0.4,0.28,0.49
349.45024609565735,30,0.0,11.6,14.41,15.19,,15.19,-30.0,0.4,0.28,0.49
349.9493839740753,30,0.0,11.6,14.45,15.19,,15.19,-30.0,0.4,0.28,0.49
350.4653902053833,30,0.0,11.6,14.41,15.19,,15.19,-30.0,0.4,0.28,0.49
350.9651851654053,30,0.0,11.6,14.45,15.19,,15.19,-30.0,0.4,0.27,0.49
351.46397161483765,30,0.0,11.6,14.45,15.19,,15.19,-30.0,0.4,0.27,0.49
351.9612262248993,30,0.0,11.6,14.41,15.19,,15.19,-30.0,0.4,0.27,0.48
352.4652774333954,30,0.0,11.6,14.41,15.19,,15.19,-30.0,0.4,0.27,0.49
352.9609615802765,30,0.0,11.6,14.41,15.19,,15.19,-30.0,0.4,0.27,0.49
353.47370433807373,30,0.0,11.6,14.41,15.15,,15.15,-30.0,0.4,0.27,0.49
353.96265292167664,30,0.0,11.6,14.41,15.19,,15.19,-30.0,0.4,0.27,0.48
354.4756941795349,30,0.0,11.6,14.41,15.15,,15.15,-30.0,0.4,0.28,0.48
354.9753522872925,30,0.0,11.6,14.41,15.15,,15.15,-30.0,0.4,0.28,0.48
355.47426438331604,30,0.0,11.6,14.41,15.15,,15.15,-30.0,0.4,0.27,0.48
355.97417402267456,30,0.0,11.6,14.45,15.15,,15.15,-30.0,0.4,0.27,0.48
356.4765706062317,30,0.0,11.6,14.41,15.15,,15.15,-30.0,0.4,0.27,0.48
356.9743559360504,30,0.0,11.6,14.41,15.15,,15.15,-30.0,0.4,0.27,0.48
357.47250032424927,30,0.0,11.6,14.41,15.15,,15.15,-30.0,0.4,0.27,0.48
357.973605632782,30,0.0,11.6,14.41,15.15,,15.15,-30.0,0.4,0.27,0.48
358.4736249446869,30,0.0,11.6,14.41,15.15,,15.15,-30.0,0.4,0.27,0.48
358.98764300346375,30,0.0,11.6,14.41,15.15,,15.15,-30.0,0.4,0.27,0.48
359.48869800567627,30,0.0,11.56,14.41,15.15,,15.15,-30.0,0.4,0.27,0.48
359.9887590408325,30,0.0,11.56,14.41,15.15,,15.15,-30.0,0.4,0.27,0.48
360.48918437957764,30,0.0,11.56,14.41,15.15,,15.15,-30.0,0.4,0.27,0.48
360.99099373817444,30,0.0,11.56,14.41,15.15,,15.15,-30.0,0.4,0.27,0.48
361.490980386734,30,0.0,11.56,14.41,15.15,,15.15,-30.0,0.4,0.27,0.48
361.99253726005554,30,0.0,11.56,14.41,15.15,,15.15,-30.0,0.4,0.27,0.48
362.49335503578186,30,0.0,11.56,14.41,15.15,,15.15,-30.0,0.4,0.27,0.48
362.99718165397644,30,0.0,11.56,14.41,15.15,,15.15,-30.0,0.4,0.27,0.48
363.498188495636,30,0.0,11.56,14.38,15.15,,15.15,-30.0,0.4,0.27,0.48
364.0015501976013,30,0.0,11.56,14.38,15.15,,15.15,-30.0,0.4,0.27,0.48
364.499995470047,30,0.0,11.56,14.38,15.15,,15.15,-30.0,0.4,0.27,0.48
364.9986927509308,30,0.0,11.56,14.38,15.15,,15.15,-30.0,0.4,0.27,0.48
365.4988679885864,30,0.0,11.56,14.38,15.11,,15.11,-30.0,0.4,0.27,0.48
365.99708890914917,30,0.0,11.56,14.38,15.11,,15.11,-30.0,0.4,0.27,0.48
366.5081202983856,30,0.0,11.56,14.38,15.11,,15.11,-30.0,0.4,0.27,0.48
366.9951124191284,30,0.0,11.56,14.38,15.11,,15.11,-30.0,0.4,0.27,0.48
367.49704122543335,30,0.0,11.56,14.38,15.11,,15.11,-30.0,0.4,0.27,0.48
368.0012962818146,30,0.0,11.56,14.38,15.11,,15.11,-30.0,0.4,0.27,0.48
368.50195813179016,30,0.0,11.56,14.38,15.11,,15.11,-30.0,0.4,0.27,0.48
369.00527334213257,30,0.0,11.56,14.38,15.11,,15.11,-30.0,0.4,0.27,0.48
369.5096061229706,30,0.0,11.56,14.38,15.11,,15.11,-30.0,0.4,0.27,0.48
370.00915479660034,30,0.0,11.56,14.38,15.11,,15.11,-30.0,0.4,0.27,0.48
370.510009765625,30,0.0,11.56,14.38,15.11,,15.11,-30.0,0.4,0.27,0.48
371.0096046924591,30,0.0,11.56,14.38,15.11,,15.11,-30.0,0.4,0.27,0.48
371.5092191696167,30,0.0,11.56,14.38,15.11,,15.11,-30.0,0.4,0.27,0.48
372.0088882446289,30,0.0,11.56,14.38,15.11,,15.11,-30.0,0.4,0.27,0.48
372.5120129585266,30,0.0,11.56,14.38,15.11,,15.11,-30.0,0.4,0.27,0.48
373.01479625701904,30,0.0,11.56,14.38,15.11,,15.11,-30.0,0.4,0.27,0.48
373.51813101768494,30,0.0,11.56,14.38,15.07,,15.07,-30.0,0.4,0.27,0.48
374.0204677581787,30,0.0,11.56,14.38,15.07,,15.07,-30.0,0.4,0.27,0.47
374.5234172344208,30,0.0,11.6,14.38,15.07,,15.07,-30.0,0.4,0.27,0.47
375.0243408679962,30,0.0,11.56,14.38,15.07,,15.07,-30.0,0.4,0.27,0.47
375.5262887477875,30,0.0,11.56,14.38,15.07,,15.07,-30.0,0.4,0.27,0.47
376.0288577079773,30,0.0,11.56,14.38,15.07,,15.07,-30.0,0.4,0.27,0.47
376.525838136673,30,0.0,11.56,14.38,15.07,,15.07,-30.0,0.4,0.27,0.47
377.022748708725,30,0.0,11.56,14.38,15.07,,15.07,-30.0,0.4,0.27,0.47
377.5236895084381,30,0.0,11.56,14.38,15.07,,15.07,-30.0,0.4,0.27,0.47
378.0269298553467,30,0.0,11.56,14.38,15.07,,15.07,-30.0,0.4,0.27,0.47
378.52789998054504,30,0.0,11.56,14.38,15.07,,15.07,-30.0,0.4,0.27,0.47
379.02649331092834,30,0.0,11.56,14.38,15.07,,15.07,-30.0,0.4,0.27,0.47
379.5423049926758,30,0.0,11.56,14.38,15.07,,15.07,-30.0,0.4,0.27,0.47
380.03925037384033,30,0.0,11.56,14.38,15.07,,15.07,-30.0,0.4,0.26,0.47
380.5391881465912,30,0.0,11.56,14.38,15.07,,15.07,-30.0,0.4,0.27,0.47
381.0388095378876,30,0.0,11.56,14.38,15.07,,15.07,-30.0,0.4,0.26,0.47
381.5395448207855,30,0.0,11.51,14.38,15.07,,15.07,-30.0,0.39,0.26,0.47
382.03936648368835,30,0.0,11.51,14.34,15.07,,15.07,-30.0,0.39,0.26,0.47
382.5382239818573,30,0.0,11.51,14.38,15.04,,15.04,-30.0,0.4,0.26,0.47
383.03822565078735,30,0.0,11.51,14.34,15.07,,15.07,-30.0,0.39,0.26,0.47
383.5385081768036,30,0.0,11.51,14.34,15.07,,15.07,-30.0,0.39,0.26,0.47
384.0396511554718,30,0.0,11.51,14.34,15.07,,15.07,-30.0,0.39,0.26,0.47
384.55379724502563,30,0.0,11.51,14.34,15.07,,15.07,-30.0,0.4,0.26,0.47
385.0533082485199,30,0.0,11.51,14.34,15.07,,15.07,-30.0,0.39,0.26,0.47
385.55539655685425,30,0.0,11.51,14.34,15.04,,15.04,-30.0,0.4,0.26,0.47
386.0533056259155,30,0.0,11.51,14.34,15.04,,15.04,-30.0,0.39,0.26,0.47
386.5521149635315,30,0.0,11.51,14.34,15.04,,15.04,-30.0,0.39,0.26,0.47
387.0520553588867,30,0.0,11.51,14.34,15.07,,15.07,-30.0,0.39,0.26,0.47
387.5567080974579,30,0.0,11.51,14.38,15.07,,15.07,-30.0,0.4,0.26,0.47
388.0588495731354,30,0.0,11.51,14.34,15.04,,15.04,-30.0,0.4,0.26,0.47
388.55861496925354,30,0.0,11.51,14.34,15.07,,15.07,-30.0,0.39,0.26,0.47
389.0606896877289,30,0.0,11.51,14.34,15.04,,15.04,-30.0,0.39,0.26,0.47
389.56254482269287,30,0.0,11.51,14.34,15.04,,15.04,-30.0,0.39,0.26,0.47
390.0624260902405,30,0.0,11.51,14.34,15.04,,15.04,-30.0,0.39,0.26,0.47
390.5616281032562,30,0.0,11.51,14.34,15.04,,15.04,-30.0,0.39,0.26,0.47
391.0627770423889,30,0.0,11.51,14.34,15.04,,15.04,-30.0,0.39,0.26,0.47
391.5624096393585,30,0.0,11.51,14.34,15.04,,15.04,-30.0,0.39,0.26,0.47
392.06219482421875,30,0.0,11.51,14.34,15.04,,15.04,-30.0,0.39,0.26,0.47
392.5775194168091,30,0.0,11.51,14.34,15.04,,15.04,-30.0,0.39,0.26,0.47
393.07279109954834,30,0.0,11.51,14.34,15.04,,15.04,-30.0,0.39,0.26,0.47
393.5718126296997,30,0.0,11.51,14.3,15.04,,15.04,-30.0,0.39,0.26,0.47
394.07024478912354,30,0.0,11.51,14.3,15.04,,15.04,-30.0,0.39,0.26,0.47
394.573025226593,30,0.0,11.51,14.3,15.04,,15.04,-30.0,0.39,0.26,0.47
395.0690965652466,30,0.0,11.51,14.3,15.04,,15.04,-30.0,0.39,0.26,0.46
395.5840072631836,30,0.0,11.51,14.3,15.04,,15.04,-30.0,0.39,0.26,0.47
396.08322501182556,30,0.0,11.51,14.3,15.04,,15.04,-30.0,0.39,0.26,0.46
396.5833520889282,30,0.0,11.51,14.3,15.04,,15.04,-30.0,0.39,0.26,0.46
397.0843095779419,30,0.0,11.51,14.3,15.0,,15.0,-30.0,0.39,0.26,0.46
397.58602476119995,30,0.0,11.51,14.3,15.0,,15.0,-30.0,0.39,0.26,0.46
398.09000968933105,30,0.0,11.51,14.3,15.0,,15.0,-30.0,0.39,0.26,0.46
398.5869405269623,30,0.0,11.51,14.3,15.0,,15.0,-30.0,0.39,0.26,0.46
399.08561730384827,30,0.0,11.51,14.3,15.0,,15.0,-30.0,0.39,0.26,0.46
399.5836441516876,30,0.0,11.51,14.3,15.0,,15.0,-30.0,0.39,0.26,0.46
400.08482122421265,30,0.0,11.51,14.3,15.0,,15.0,-30.0,0.39,0.26,0.46
400.5981123447418,30,0.0,11.47,14.3,15.0,,15.0,-30.0,0.39,0.26,0.46
401.0959770679474,30,0.0,11.47,14.3,15.0,,15.0,-30.0,0.39,0.26,0.46
401.5977430343628,30,0.0,11.47,14.3,15.0,,15.0,-30.0,0.39,0.26,0.46
402.09777069091797,30,0.0,11.47,14.3,15.0,,15.0,-30.0,0.39,0.26,0.46
402.59830617904663,30,0.0,11.47,14.3,15.0,,15.0,-30.0,0.39,0.26,0.46
403.0978317260742,30,0.0,11.47,14.3,15.0,,15.0,-30.0,0.39,0.25,0.46
403.5961127281189,30,0.0,11.47,14.3,15.0,,15.0,-30.0,0.39,0.25,0.46
404.0972406864166,30,0.0,11.47,14.27,14.96,,14.96,-30.0,0.39,0.25,0.46
404.5973072052002,30,0.0,11.47,14.27,14.96,,14.96,-30.0,0.39,0.25,0.46
405.0959379673004,30,0.0,11.47,14.27,14.96,,14.96,-30.0,0.39,0.25,0.46
405.59709453582764,30,0.0,11.47,14.27,14.96,,14.96,-30.0,0.39,0.25,0.46
406.1118824481964,30,0.0,11.47,14.27,14.96,,14.96,-30.0,0.39,0.25,0.46
406.61464285850525,30,0.0,11.47,14.27,14.96,,14.96,-30.0,0.39,0.25,0.46
407.1114046573639,30,0.0,11.47,14.27,14.96,,14.96,-30.0,0.39,0.25,0.46
407.6125886440277,30,0.0,11.47,14.27,14.96,,14.96,-30.0,0.39,0.25,0.46
408.1152801513672,30,0.0,11.47,14.27,14.96,,14.96,-30.0,0.39,0.25,0.46
408.6170172691345,30,0.0,11.47,14.27,14.96,,14.96,-30.0,0.39,0.25,0.46
409.119576215744,30,0.0,11.47,14.27,14.96,,14.96,-30.0,0.39,0.25,0.46
409.62312746047974,30,0.0,11.47,14.27,14.96,,14.96,-30.0,0.38,0.25,0.46
410.121230840683,30,0.0,11.42,14.23,14.96,,14.96,-30.0,0.39,0.25,0.46
410.62177300453186,30,0.0,11.47,14.23,14.96,,14.96,-30.0,0.39,0.25,0.46
411.122909784317,30,0.0,11.47,14.23,14.96,,14.96,-30.0,0.39,0.25,0.46
411.626517534256,30,0.0,11.47,14.23,15.0,,15.0,-30.0,0.39,0.25,0.46
412.1266522407532,30,0.0,11.47,14.23,15.0,,15.0,-30.0,0.39,0.25,0.46
412.6253523826599,30,0.0,11.47,14.23,14.96,,14.96,-30.0,0.39,0.25,0.46
413.12661933898926,30,0.0,11.47,14.23,14.96,,14.96,-30.0,0.39,0.25,0.46
413.6278553009033,30,0.0,11.47,14.23,14.96,,14.96,-30.0,0.39,0.25,0.46
414.12998819351196,30,0.0,11.47,14.23,14.96,,14.96,-30.0,0.39,0.25,0.45
414.6254141330719,30,0.0,11.47,14.23,14.96,,14.96,-30.0,0.39,0.25,0.46
415.12383246421814,30,0.0,11.47,14.23,14.96,,14.96,-30.0,0.39,0.24,0.46
415.63466715812683,30,0.0,11.47,14.19,14.96,,14.96,-30.0,0.39,0.24,0.46
416.132972240448,30,0.0,11.47,14.19,14.96,,14.96,-30.0,0.39,0.24,0.46
416.63434195518494,30,0.0,11.47,14.19,14.96,,14.96,-30.0,0.39,0.24,0.46
417.13165163993835,30,0.0,11.47,14.19,14.96,,14.96,-30.0,0.39,0.24,0.45
417.63625025749207,30,0.0,11.47,14.19,14.96,,14.96,-30.0,0.39,0.25,0.45
418.1342523097992,30,0.0,11.47,14.19,14.96,,14.96,-30.0,0.39,0.25,0.46
418.63442158699036,30,0.0,11.47,14.19,14.96,,14.96,-30.0,0.39,0.24,0.46
419.13300824165344,30,0.0,11.47,14.23,14.96,,14.96,-30.0,0.39,0.24,0.46
419.6473550796509,30,0.0,11.47,14.23,14.96,,14.96,-30.0,0.39,0.24,0.46
420.14717173576355,30,0.0,11.47,14.19,14.96,,14.96,-30.0,0.39,0.24,0.46
420.6445240974426,30,0.0,11.47,14.19,14.96,,14.96,-30.0,0.39,0.24,0.46
421.1428711414337,30,0.0,11.47,14.19,14.96,,14.96,-30.0,0.38,0.24,0.46
421.64445662498474,30,0.0,11.47,14.19,14.96,,14.96,-30.0,0.38,0.24,0.46
422.14150381088257,30,0.0,11.47,14.19,14.96,,14.96,-30.0,0.38,0.24,0.46
422.65759658813477,30,0.0,11.47,14.19,14.96,,14.96,-30.0,0.38,0.24,0.45
423.1552515029907,30,0.0,11.42,14.19,14.92,,14.92,-30.0,0.38,0.24,0.45
423.655752658844,30,0.0,11.42,14.19,14.92,,14.92,-30.0,0.38,0.24,0.45
424.15069580078125,30,0.0,11.47,14.19,14.92,,14.92,-30.0,0.38,0.24,0.45
424.6505699157715,30,0.0,11.42,14.19,14.92,,14.92,-30.0,0.39,0.24,0.45
425.1494812965393,30,0.0,11.47,14.19,14.92,,14.92,-30.0,0.39,0.24,0.45
425.65118288993835,30,0.0,11.47,14.19,14.92,,14.92,-30.0,0.39,0.24,0.45
426.1614077091217,30,0.0,11.47,14.19,14.88,,14.88,-30.0,0.39,0.24,0.45
426.6615903377533,30,0.0,11.47,14.19,14.88,,14.88,-30.0,0.39,0.24,0.45
427.16087579727173,30,0.0,11.47,14.19,14.88,,14.88,-30.0,0.39,0.24,0.45
427.660915851593,30,0.0,11.47,14.19,14.88,,14.88,-30.0,0.39,0.24,0.45
428.16050958633423,30,0.0,11.47,14.19,14.88,,14.88,-30.0,0.39,0.24,0.45
428.6588807106018,30,0.0,11.47,14.19,14.88,,14.88,-30.0,0.39,0.24,0.45
429.1704423427582,30,0.0,11.42,14.19,14.88,,14.88,-30.0,0.38,0.24,0.45
429.67219281196594,30,0.0,11.42,14.19,14.88,,14.88,-30.0,0.38,0.24,0.45
430.1746938228607,30,0.0,11.42,14.19,14.88,,14.88,-30.0,0.38,0.24,0.45
430.6745533943176,30,0.0,11.42,14.19,14.88,,14.88,-30.0,0.38,0.24,0.45
431.17367720603943,30,0.0,11.42,14.16,14.88,,14.88,-30.0,0.38,0.24,0.45
431.66904878616333,30,0.0,11.42,14.19,14.88,,14.88,-30.0,0.38,0.24,0.45
432.16699147224426,30,0.0,11.42,14.16,14.88,,14.88,-30.0,0.38,0.24,0.45
432.6796271800995,30,0.0,11.42,14.16,14.88,,14.88,-30.0,0.38,0.24,0.45
433.17828917503357,30,0.0,11.42,14.16,14.88,,14.88,-30.0,0.38,0.24,0.45
433.67693161964417,30,0.0,11.42,14.16,14.88,,14.88,-30.0,0.38,0.24,0.44
434.175496339798,30,0.0,11.42,14.16,14.84,,14.84,-30.0,0.38,0.24,0.44
434.6756799221039,30,0.0,11.42,14.16,14.84,,14.84,-30.0,0.38,0.24,0.44
435.1854319572449,30,0.0,11.42,14.16,14.84,,14.84,-30.0,0.38,0.24,0.44
435.68354058265686,30,0.0,11.42,14.19,14.84,,14.84,-30.0,0.38,0.24,0.44
436.1831901073456,30,0.0,11.42,14.16,14.84,,14.84,-30.0,0.38,0.24,0.44
436.68067812919617,30,0.0,11.42,14.16,14.84,,14.84,-30.0,0.38,0.24,0.44
437.18222975730896,30,0.0,11.42,14.16,14.84,,14.84,-30.0,0.38,0.24,0.44
437.6836688518524,30,0.0,11.42,14.16,14.84,,14.84,-30.0,0.38,0.24,0.44
438.1958501338959,30,0.0,11.47,14.16,14.84,,14.84,-30.0,0.38,0.24,0.44
438.69347620010376,30,0.0,11.42,14.16,14.84,,14.84,-30.0,0.38,0.24,0.44
439.1938922405243,30,0.0,11.42,14.16,14.84,,14.84,-30.0,0.38,0.24,0.44
439.69077467918396,30,0.0,11.42,14.16,14.84,,14.84,-30.0,0.38,0.24,0.44
440.1895263195038,30,0.0,11.42,14.16,14.84,,14.84,-30.0,0.38,0.24,0.44
440.70147681236267,30,0.0,11.42,14.16,14.84,,14.84,-30.0,0.38,0.24,0.44
441.2052688598633,30,0.0,11.42,14.16,14.84,,14.84,-30.0,0.38,0.24,0.44
441.70372009277344,30,0.0,11.42,14.16,14.84,,14.84,-30.0,0.38,0.24,0.44
442.2056920528412,30,0.0,11.42,14.16,14.84,,14.84,-30.0,0.38,0.24,0.44
442.70132970809937,30,0.0,11.42,14.16,14.84,,14.84,-30.0,0.38,0.24,0.44
443.2008228302002,30,0.0,11.42,14.16,14.84,,14.84,-30.0,0.38,0.24,0.44
443.7011318206787,30,0.0,11.38,14.16,14.88,,14.88,-30.0,0.38,0.24,0.44
444.20262360572815,30,0.0,11.38,14.16,14.88,,14.88,-30.0,0.38,0.24,0.44
444.7054657936096,30,0.0,11.38,14.16,14.84,,14.84,-30.0,0.38,0.24,0.44
445.2055616378784,30,0.0,11.38,14.16,14.84,,14.84,-30.0,0.38,0.24,0.44
445.70408368110657,30,0.0,11.38,14.16,14.84,,14.84,-30.0,0.38,0.24,0.44
446.2036826610565,30,0.0,11.38,14.16,14.84,,14.84,-30.0,0.38,0.24,0.44
446.7195370197296,30,0.0,11.38,14.16,14.84,,14.84,-30.0,0.38,0.24,0.44
447.2155306339264,30,0.0,11.38,14.16,14.84,,14.84,-30.0,0.38,0.24,0.44
447.7168698310852,30,0.0,11.38,14.16,14.84,,14.84,-30.0,0.38,0.24,0.44
448.2149212360382,30,0.0,11.38,14.16,14.84,,14.84,-30.0,0.38,0.24,0.44
448.71345138549805,30,0.0,11.38,14.16,14.84,,14.84,-30.0,0.38,0.24,0.44
449.2141671180725,30,0.0,11.38,14.16,14.84,,14.84,-30.0,0.38,0.24,0.44
449.714839220047,30,0.0,11.38,14.16,14.84,,14.84,-30.0,0.38,0.24,0.44
450.22706389427185,30,0.0,11.38,14.16,14.84,,14.84,-30.0,0.38,0.24,0.44
450.72613286972046,30,0.0,11.38,14.16,14.84,,14.84,-30.0,0.38,0.23,0.44
451.22564482688904,30,0.0,11.38,14.16,14.84,,14.84,-30.0,0.38,0.23,0.44
451.7304337024689,30,0.0,11.38,14.16,14.84,,14.84,-30.0,0.38,0.24,0.44
452.2277979850769,30,0.0,11.38,14.16,14.84,,14.84,-30.0,0.38,0.23,0.44
452.7268416881561,30,0.0,11.38,14.12,14.84,,14.84,-30.0,0.38,0.23,0.44
453.2283761501312,30,0.0,11.38,14.16,14.84,,14.84,-30.0,0.38,0.23,0.44
453.7284173965454,30,0.0,11.38,14.12,14.84,,14.84,-30.0,0.38,0.23,0.44
454.2263283729553,30,0.0,11.38,14.12,14.84,,14.84,-30.0,0.38,0.23,0.44
454.7414393424988,30,0.0,11.38,14.12,14.84,,14.84,-30.0,0.38,0.23,0.44
455.2389826774597,30,0.0,11.38,14.12,14.84,,14.84,-30.0,0.38,0.23,0.44
455.73499608039856,30,0.0,11.38,14.12,14.84,,14.84,-30.0,0.38,0.24,0.44
456.23259234428406,30,0.0,11.38,14.12,14.8,,14.8,-30.0,0.38,0.23,0.44
456.7346625328064,30,0.0,11.38,14.12,14.8,,14.8,-30.0,0.38,0.23,0.44
457.24353671073914,30,0.0,11.38,14.12,14.8,,14.8,-30.0,0.38,0.23,0.44
457.746764421463,30,0.0,11.38,14.12,14.8,,14.8,-30.0,0.38,0.23,0.44
458.2449645996094,30,0.0,11.38,14.12,14.8,,14.8,-30.0,0.38,0.23,0.44
458.7479627132416,30,0.0,11.38,14.12,14.8,,14.8,-30.0,0.38,0.23,0.44
459.24880599975586,30,0.0,11.38,14.12,14.84,,14.84,-30.0,0.38,0.23,0.44
459.750360250473,30,0.0,11.38,14.12,14.84,,14.84,-30.0,0.38,0.23,0.44
460.2524425983429,30,0.0,11.38,14.12,14.8,,14.8,-30.0,0.38,0.23,0.44
460.7520866394043,30,0.0,11.38,14.12,14.8,,14.8,-30.0,0.38,0.23,0.44
461.2542836666107,30,0.0,11.38,14.12,14.8,,14.8,-30.0,0.38,0.23,0.44
461.7578811645508,30,0.0,11.38,14.12,14.8,,14.8,-30.0,0.38,0.23,0.44
462.2471013069153,30,0.0,11.38,14.12,14.8,,14.8,-30.0,0.38,0.23,0.44
462.7491340637207,30,0.0,11.38,14.12,14.8,,14.8,-30.0,0.38,0.23,0.44
463.25093841552734,30,0.0,11.38,14.12,14.8,,14.8,-30.0,0.38,0.23,0.44
463.75369930267334,30,0.0,11.38,14.12,14.8,,14.8,-30.0,0.38,0.23,0.44
464.25476694107056,30,0.0,11.38,14.12,14.8,,14.8,-30.0,0.38,0.23,0.44
464.76025199890137,30,0.0,11.38,14.12,14.8,,14.8,-30.0,0.38,0.23,0.44
465.2632374763489,30,0.0,11.38,14.12,14.8,,14.8,-30.0,0.38,0.23,0.44
465.766503572464,30,0.0,11.38,14.12,14.8,,14.8,-30.0,0.38,0.23,0.44
466.2621819972992,30,0.0,11.33,14.12,14.8,,14.8,-30.0,0.38,0.23,0.44
466.7634229660034,30,0.0,11.38,14.12,14.8,,14.8,-30.0,0.38,0.23,0.44
467.26657247543335,30,0.0,11.38,14.12,14.8,,14.8,-30.0,0.38,0.23,0.44
467.77102851867676,30,0.0,11.33,14.12,14.8,,14.8,-30.0,0.38,0.23,0.44
468.27237462997437,30,0.0,11.33,14.12,14.8,,14.8,-30.0,0.37,0.23,0.44
468.7748553752899,30,0.0,11.33,14.08,14.8,,14.8,-30.0,0.37,0.23,0.44
469.27640652656555,30,0.0,11.33,14.08,14.8,,14.8,-30.0,0.37,0.23,0.44
469.7777760028839,30,0.0,11.38,14.12,14.8,,14.8,-30.0,0.37,0.23,0.44
470.28136110305786,30,0.0,11.38,14.12,14.8,,14.8,-30.0,0.37,0.23,0.44
470.7808825969696,30,0.0,11.33,14.08,14.8,,14.8,-30.0,0.37,0.23,0.44
471.28094935417175,30,0.0,11.33,14.08,14.8,,14.8,-30.0,0.37,0.23,0.44
471.784539937973,30,0.0,11.33,14.08,14.8,,14.8,-30.0,0.37,0.23,0.44
472.28574538230896,30,0.0,11.33,14.08,14.8,,14.8,-30.0,0.37,0.23,0.44
472.78818464279175,30,0.0,11.33,14.08,14.8,,14.8,-30.0,0.37,0.23,0.43
473.27784729003906,30,0.0,11.33,14.08,14.8,,14.8,-30.0,0.37,0.23,0.43
473.78105115890503,30,0.0,11.33,14.08,14.77,,14.77,-30.0,0.37,0.23,0.43
474.27941608428955,30,0.0,11.33,14.08,14.77,,14.77,-30.0,0.37,0.23,0.43
474.79418683052063,30,0.0,11.33,14.08,14.77,,14.77,-30.0,0.37,0.23,0.43
475.2953476905823,30,0.0,11.33,14.08,14.8,,14.8,-30.0,0.37,0.23,0.43
475.7960684299469,30,0.0,11.33,14.08,14.8,,14.8,-30.0,0.37,0.23,0.43
476.2979669570923,30,0.0,11.33,14.08,14.77,,14.77,-30.0,0.37,0.23,0.43
476.79673886299133,30,0.0,11.33,14.08,14.77,,14.77,-30.0,0.37,0.23,0.43
477.2945907115936,30,0.0,11.33,14.08,14.77,,14.77,-30.0,0.37,0.23,0.43
477.79800367355347,30,0.0,11.33,14.08,14.77,,14.77,-30.0,0.37,0.23,0.43
478.2986195087433,30,0.0,11.33,14.08,14.77,,14.77,-30.0,0.37,0.23,0.43
478.7974536418915,30,0.0,11.33,14.08,14.77,,14.77,-30.0,0.37,0.23,0.43
479.2992627620697,30,0.0,11.33,14.08,14.77,,14.77,-30.0,0.37,0.23,0.43
479.79960203170776,30,0.0,11.33,14.08,14.77,,14.77,-30.0,0.37,0.23,0.43
480.3012397289276,30,0.0,11.33,14.04,14.77,,14.77,-30.0,0.37,0.23,0.43
480.80252504348755,30,0.0,11.33,14.08,14.77,,14.77,-30.0,0.37,0.23,0.43
481.3061466217041,30,0.0,11.33,14.08,14.77,,14.77,-30.0,0.37,0.23,0.43
481.80451941490173,30,0.0,11.33,14.04,14.77,,14.77,-30.0,0.37,0.23,0.43
482.30305886268616,30,0.0,11.33,14.04,14.77,,14.77,-30.0,0.37,0.23,0.43
482.80197978019714,30,0.0,11.33,14.08,14.77,,14.77,-30.0,0.37,0.22,0.43
483.3042266368866,30,0.0,11.33,14.08,14.77,,14.77,-30.0,0.37,0.22,0.43
483.807222366333,30,0.0,11.33,14.04,14.77,,14.77,-30.0,0.37,0.22,0.43
484.3185935020447,30,0.0,11.33,14.04,14.77,,14.77,-30.0,0.37,0.22,0.43
484.8082523345947,30,0.0,11.33,14.04,14.77,,14.77,-30.0,0.37,0.22,0.43
485.31072998046875,30,0.0,11.33,14.04,14.77,,14.77,-30.0,0.37,0.22,0.43
485.8092360496521,30,0.0,11.33,14.04,14.77,,14.77,-30.0,0.37,0.22,0.43
486.3248085975647,30,0.0,11.33,14.04,14.73,,14.73,-30.0,0.37,0.22,0.43
486.826096534729,30,0.0,11.33,14.04,14.73,,14.73,-30.0,0.37,0.22,0.43
487.32707381248474,30,0.0,11.33,14.04,14.73,,14.73,-30.0,0.37,0.22,0.43
487.82547068595886,30,0.0,11.33,14.04,14.73,,14.73,-30.0,0.37,0.22,0.43
488.32474875450134,30,0.0,11.33,14.04,14.73,,14.73,-30.0,0.37,0.22,0.43
488.82317638397217,30,0.0,11.33,14.04,14.73,,14.73,-30.0,0.37,0.22,0.43
489.32630157470703,30,0.0,11.33,14.04,14.73,,14.73,-30.0,0.37,0.22,0.43
489.825758934021,30,0.0,11.33,14.04,14.73,,14.73,-30.0,0.37,0.22,0.43
490.32298946380615,30,0.0,11.33,14.04,14.73,,14.73,-30.0,0.37,0.22,0.43
490.8363530635834,30,0.0,11.33,14.04,14.73,,14.73,-30.0,0.37,0.22,0.43
491.33876490592957,30,0.0,11.33,14.04,14.77,,14.77,-30.0,0.37,0.22,0.43
491.83951354026794,30,0.0,11.33,14.04,14.77,,14.77,-30.0,0.37,0.22,0.43
492.3265378475189,30,0.0,11.33,14.04,14.73,,14.73,-30.0,0.37,0.22,0.43
492.828351020813,30,0.0,11.33,14.04,14.73,,14.73,-30.0,0.37,0.22,0.43
493.32940697669983,30,0.0,11.33,14.04,14.73,,14.73,-30.0,0.37,0.22,0.43
493.8343150615692,30,0.0,11.33,14.04,14.73,,14.73,-30.0,0.37,0.22,0.43
494.33671712875366,30,0.0,11.33,14.04,14.73,,14.73,-30.0,0.37,0.22,0.43
494.83459401130676,30,0.0,11.33,14.04,14.73,,14.73,-30.0,0.37,0.22,0.43
495.33543634414673,30,0.0,11.33,14.04,14.73,,14.73,-30.0,0.37,0.22,0.43
495.8476085662842,30,0.0,11.33,14.04,14.73,,14.73,-30.0,0.37,0.22,0.43
496.3475799560547,30,0.0,11.33,14.04,14.73,,14.73,-30.0,0.37,0.22,0.43
496.84455394744873,30,0.0,11.33,14.04,14.73,,14.73,-30.0,0.37,0.22,0.43
497.34729075431824,30,0.0,11.33,14.04,14.73,,14.73,-30.0,0.37,0.22,0.43
497.85207295417786,30,0.0,11.33,14.04,14.73,,14.73,-30.0,0.37,0.22,0.43
498.35169863700867,30,0.0,11.29,14.04,14.73,,14.73,-30.0,0.37,0.22,0.43
498.85533118247986,30,0.0,11.29,14.04,14.73,,14.73,-30.0,0.37,0.22,0.43
499.3573203086853,30,0.0,11.33,14.08,14.73,,14.73,-30.0,0.37,0.22,0.43
499.8570201396942,30,0.0,11.33,14.04,14.73,,14.73,-30.0,0.37,0.22,0.43
500.3566288948059,30,0.0,11.33,14.04,14.73,,14.73,-30.0,0.37,0.22,0.43
500.85934805870056,30,0.0,11.33,14.04,14.73,,14.73,-30.0,0.37,0.22,0.43
501.3580791950226,30,0.0,11.33,14.04,14.73,,14.73,-30.0,0.37,0.22,0.43
501.8597843647003,30,0.0,11.33,14.04,14.73,,14.73,-30.0,0.37,0.22,0.43
502.35962200164795,30,0.0,11.29,14.04,14.73,,14.73,-30.0,0.37,0.22,0.43
502.85962891578674,30,0.0,11.29,14.04,14.73,,14.73,-30.0,0.37,0.22,0.43
503.35648345947266,30,0.0,11.29,14.04,14.73,,14.73,-30.0,0.37,0.22,0.43
503.87201023101807,30,0.0,11.29,14.04,14.73,,14.73,-30.0,0.37,0.22,0.43
504.3608992099762,30,0.0,11.29,14.04,14.73,,14.73,-30.0,0.37,0.22,0.43
504.86039996147156,30,0.0,11.29,14.04,14.73,,14.73,-30.0,0.37,0.22,0.43
505.3730556964874,30,0.0,11.29,14.04,14.73,,14.73,-30.0,0.37,0.22,0.43
505.8708531856537,30,0.0,11.29,14.04,14.73,,14.73,-30.0,0.37,0.22,0.43
506.3668291568756,30,0.0,11.29,14.04,14.73,,14.73,-30.0,0.37,0.22,0.43
506.8678104877472,30,0.0,11.29,14.04,14.73,,14.73,-30.0,0.37,0.22,0.43
507.36618423461914,30,0.0,11.29,14.04,14.73,,14.73,-30.0,0.37,0.22,0.43
507.8689212799072,30,0.0,11.29,14.04,14.73,,14.73,-30.0,0.37,0.22,0.43
508.381600856781,30,0.0,11.29,14.04,14.69,,14.69,-30.0,0.37,0.22,0.43
508.8846459388733,30,0.0,11.29,14.04,14.69,,14.69,-30.0,0.37,0.22,0.43
509.3814687728882,30,0.0,11.29,14.04,14.69,,14.69,-30.0,0.37,0.22,0.43
509.87946820259094,30,0.0,11.29,14.04,14.69,,14.69,-30.0,0.37,0.22,0.43
510.3762249946594,30,0.0,11.29,14.04,14.69,,14.69,-30.0,0.37,0.22,0.43
510.87708592414856,30,0.0,11.29,14.04,14.69,,14.69,-30.0,0.37,0.22,0.43
511.3906466960907,30,0.0,11.29,14.04,14.73,,14.73,-30.0,0.37,0.22,0.43
511.88897490501404,30,0.0,11.29,14.04,14.73,,14.73,-30.0,0.37,0.22,0.43
512.3904778957367,30,0.0,11.29,14.04,14.73,,14.73,-30.0,0.37,0.22,0.43
512.8862674236298,30,0.0,11.29,14.04,14.73,,14.73,-30.0,0.37,0.22,0.43
513.3845055103302,30,0.0,11.29,14.04,14.73,,14.73,-30.0,0.37,0.23,0.43
513.8872690200806,30,0.0,11.29,14.04,14.73,,14.73,-30.0,0.37,0.22,0.43
514.386697769165,30,0.0,11.29,14.04,14.73,,14.73,-30.0,0.37,0.22,0.43
514.8990550041199,30,0.0,11.33,14.08,14.73,,14.73,-30.0,0.37,0.22,0.43
515.3963634967804,30,0.0,11.33,14.08,14.73,,14.73,-30.0,0.37,0.22,0.43
515.894285440445,30,0.0,11.33,14.04,14.73,,14.73,-30.0,0.37,0.22,0.43
516.3909800052643,30,0.0,11.33,14.04,14.73,,14.73,-30.0,0.37,0.22,0.43
516.8940970897675,30,0.0,11.33,14.04,14.73,,14.73,-30.0,0.37,0.22,0.43
517.3955371379852,30,0.0,11.33,14.04,14.73,,14.73,-30.0,0.37,0.22,0.43
517.8995382785797,30,0.0,11.33,14.04,14.73,,14.73,-30.0,0.37,0.22,0.43
518.4041621685028,30,0.0,11.29,14.08,14.73,,14.73,-30.0,0.37,0.23,0.43
518.9057230949402,30,0.0,11.33,14.08,14.73,,14.73,-30.0,0.37,0.22,0.43
519.4071922302246,30,0.0,11.29,14.04,14.73,,14.73,-30.0,0.37,0.22,0.43
519.9076397418976,30,0.0,11.33,14.04,14.73,,14.73,-30.0,0.37,0.22,0.43
520.4040219783783,30,0.0,11.33,14.08,14.73,,14.73,-30.0,0.37,0.23,0.43
520.90678358078,30,0.0,11.33,14.04,14.73,,14.73,-30.0,0.37,0.23,0.43
521.4076888561249,30,0.0,11.33,14.04,14.73,,14.73,-30.0,0.37,0.22,0.43
521.9053089618683,30,0.0,11.33,14.04,14.73,,14.73,-30.0,0.37,0.22,0.43
522.4167790412903,30,0.0,11.33,14.08,14.73,,14.73,-30.0,0.37,0.23,0.43
522.9140532016754,30,0.0,11.33,14.04,14.73,,14.73,-30.0,0.37,0.23,0.43
523.4122469425201,30,0.0,11.29,14.04,14.73,,14.73,-30.0,0.37,0.22,0.43
523.9107036590576,30,0.0,11.33,14.04,14.73,,14.73,-30.0,0.37,0.22,0.43
524.4260590076447,30,0.0,11.29,14.04,14.69,,14.69,-30.0,0.37,0.22,0.43
524.9245457649231,30,0.0,11.29,14.04,14.69,,14.69,-30.0,0.37,0.22,0.43
525.4283132553101,30,0.0,11.29,14.04,14.73,,14.73,-30.0,0.37,0.22,0.43
525.9287316799164,30,0.0,11.29,14.04,14.69,,14.69,-30.0,0.37,0.22,0.43
526.4192590713501,30,0.0,11.29,14.04,14.73,,14.73,-30.0,0.37,0.22,0.43
526.9223017692566,30,0.0,11.29,14.04,14.73,,14.73,-30.0,0.37,0.22,0.43
527.4285702705383,30,0.0,11.29,14.04,14.69,,14.69,-30.0,0.37,0.22,0.43
527.9298584461212,30,0.0,11.29,14.04,14.69,,14.69,-30.0,0.37,0.22,0.43
528.4317457675934,30,0.0,11.29,14.04,14.69,,14.69,-30.0,0.37,0.22,0.43
528.9285836219788,30,0.0,11.29,14.04,14.69,,14.69,-30.0,0.37,0.22,0.43
529.4294047355652,30,0.0,11.29,14.04,14.69,,14.69,-30.0,0.37,0.22,0.43
529.9285266399384,30,0.0,11.29,14.04,14.69,,14.69,-30.0,0.37,0.22,0.43
530.4283654689789,30,0.0,11.29,14.04,14.69,,14.69,-30.0,0.37,0.22,0.43
530.9429440498352,30,0.0,11.29,14.04,14.69,,14.69,-30.0,0.37,0.22,0.43
531.4316363334656,30,0.0,11.29,14.04,14.69,,14.69,-30.0,0.37,0.22,0.43
531.9433777332306,30,0.0,11.29,14.04,14.69,,14.69,-30.0,0.37,0.22,0.43
532.4472694396973,30,0.0,11.29,14.04,14.69,,14.69,-30.0,0.37,0.22,0.43
532.9455578327179,30,0.0,11.29,14.04,14.69,,14.69,-30.0,0.37,0.22,0.43
533.4436826705933,30,0.0,11.29,14.04,14.69,,14.69,-30.0,0.37,0.22,0.43
533.9460809230804,30,0.0,11.29,14.04,14.69,,14.69,-30.0,0.37,0.22,0.43
534.4457235336304,30,0.0,11.29,14.01,14.69,,14.69,-30.0,0.37,0.22,0.43
534.9483137130737,30,0.0,11.25,14.01,14.69,,14.69,-30.0,0.37,0.22,0.43
535.4475967884064,30,0.0,11.25,14.01,14.69,,14.69,-30.0,0.37,0.22,0.43
535.9446835517883,30,0.0,11.29,14.01,14.69,,14.69,-30.0,0.37,0.22,0.43
536.4435350894928,30,0.0,11.29,14.01,14.69,,14.69,-30.0,0.36,0.22,0.43
536.9593398571014,30,0.0,11.29,14.01,14.69,,14.69,-30.0,0.37,0.22,0.43
537.4590156078339,30,0.0,11.29,14.01,14.69,,14.69,-30.0,0.37,0.22,0.42
537.9617331027985,30,0.0,11.29,14.01,14.69,,14.69,-30.0,0.37,0.22,0.42
538.4505815505981,30,0.0,11.29,14.01,14.69,,14.69,-30.0,0.37,0.22,0.42
538.9524936676025,30,0.0,11.29,14.01,14.69,,14.69,-30.0,0.37,0.22,0.42
539.4517998695374,30,0.0,11.29,14.01,14.69,,14.69,-30.0,0.37,0.22,0.42
539.9637815952301,30,0.0,11.29,14.01,14.65,,14.65,-30.0,0.37,0.22,0.42
540.4680650234222,30,0.0,11.29,14.01,14.65,,14.65,-30.0,0.37,0.22,0.42
540.9705774784088,30,0.0,11.29,14.01,14.65,,14.65,-30.0,0.37,0.22,0.42
541.47043633461,30,0.0,11.29,14.01,14.65,,14.65,-30.0,0.37,0.22,0.42
541.9719996452332,30,0.0,11.29,14.01,14.65,,14.65,-30.0,0.37,0.22,0.42
542.4737479686737,30,0.0,11.29,14.01,14.65,,14.65,-30.0,0.37,0.22,0.42
542.9616937637329,30,0.0,11.29,14.01,14.65,,14.65,-30.0,0.37,0.22,0.42
543.4758398532867,30,0.0,11.29,14.01,14.65,,14.65,-30.0,0.37,0.22,0.42
543.9641468524933,30,0.0,11.29,14.01,14.65,,14.65,-30.0,0.37,0.22,0.42
544.4748377799988,30,0.0,11.29,14.01,14.65,,14.65,-30.0,0.37,0.22,0.42
544.9725558757782,30,0.0,11.29,14.01,14.65,,14.65,-30.0,0.37,0.22,0.42
545.4727046489716,30,0.0,11.29,14.01,14.65,,14.65,-30.0,0.37,0.22,0.42
545.9740173816681,30,0.0,11.29,14.01,14.65,,14.65,-30.0,0.37,0.22,0.42
546.4727334976196,30,0.0,11.29,14.01,14.65,,14.65,-30.0,0.37,0.22,0.42
546.9718010425568,30,0.0,11.29,14.04,14.65,,14.65,-30.0,0.37,0.22,0.42
547.475864648819,30,0.0,11.29,14.01,14.65,,14.65,-30.0,0.37,0.22,0.42
547.9752733707428,30,0.0,11.29,14.01,14.65,,14.65,-30.0,0.37,0.22,0.42
548.4813256263733,30,0.0,11.29,14.01,14.65,,14.65,-30.0,0.37,0.22,0.42
548.9843544960022,30,0.0,11.33,14.01,14.65,,14.65,-30.0,0.37,0.22,0.42
549.4852774143219,30,0.0,11.33,14.01,14.65,,14.65,-30.0,0.37,0.22,0.42
549.9895243644714,30,0.0,11.33,14.01,14.65,,14.65,-30.0,0.37,0.22,0.42
550.4860506057739,30,0.0,11.29,14.01,14.65,,14.65,-30.0,0.37,0.22,0.42
550.9856059551239,30,0.0,11.29,14.01,14.65,,14.65,-30.0,0.37,0.22,0.42
551.4868996143341,30,0.0,11.29,14.01,14.65,,14.65,-30.0,0.37,0.22,0.42
551.9861812591553,30,0.0,11.29,14.01,14.65,,14.65,-30.0,0.37,0.22,0.42
552.4902942180634,30,0.0,11.29,14.01,14.65,,14.65,-30.0,0.37,0.22,0.42
552.9907577037811,30,0.0,11.29,14.01,14.65,,14.65,-30.0,0.37,0.22,0.42
553.4951384067535,30,0.0,11.29,14.01,14.65,,14.65,-30.0,0.37,0.22,0.42
553.997980594635,30,0.0,11.29,14.01,14.65,,14.65,-30.0,0.37,0.22,0.42
554.5030429363251,30,0.0,11.29,14.01,14.65,,14.65,-30.0,0.37,0.22,0.42
555.0009820461273,30,0.0,11.29,14.01,14.65,,14.65,-30.0,0.37,0.22,0.42
555.5045876502991,30,0.0,11.29,14.01,14.65,,14.65,-30.0,0.37,0.22,0.42
556.0069990158081,30,0.0,11.29,14.01,14.65,,14.65,-30.0,0.37,0.22,0.42
556.5107281208038,30,0.0,11.29,14.01,14.65,,14.65,-30.0,0.37,0.22,0.42
557.011638879776,30,0.0,11.29,14.01,14.65,,14.65,-30.0,0.37,0.22,0.42
557.4999315738678,30,0.0,11.29,14.01,14.65,,14.65,-30.0,0.37,0.22,0.42
558.0034627914429,30,0.0,11.29,14.01,14.65,,14.65,-30.0,0.37,0.22,0.42
558.5073840618134,30,0.0,11.29,14.01,14.65,,14.65,-30.0,0.37,0.22,0.42
559.0043575763702,30,0.0,11.29,14.01,14.65,,14.65,-30.0,0.37,0.22,0.42
559.5043952465057,30,0.0,11.29,14.01,14.65,,14.65,-30.0,0.37,0.22,0.42
560.019633769989,30,0.0,11.29,13.97,14.61,,14.61,-30.0,0.37,0.22,0.42
560.5196614265442,30,0.0,11.33,13.97,14.61,,14.61,-30.0,0.37,0.22,0.42
561.013349533081,30,0.0,11.29,13.97,14.61,,14.61,-30.0,0.37,0.22,0.42
561.5162794589996,30,0.0,11.29,13.97,14.61,,14.61,-30.0,0.37,0.22,0.42
562.0138914585114,30,0.0,11.29,13.97,14.61,,14.61,-30.0,0.37,0.22,0.42
562.5141756534576,30,0.0,11.29,14.01,14.61,,14.61,-30.0,0.37,0.22,0.42
563.0147507190704,30,0.0,11.29,13.97,14.61,,14.61,-30.0,0.37,0.22,0.42
563.5299010276794,30,0.0,11.33,13.97,14.61,,14.61,-30.0,0.37,0.22,0.42
564.0286967754364,30,0.0,11.29,13.97,14.61,,14.61,-30.0,0.37,0.22,0.42
564.5268294811249,30,0.0,11.29,14.01,14.61,,14.61,-30.0,0.37,0.22,0.42
565.0237340927124,30,0.0,11.33,14.01,14.61,,14.61,-30.0,0.37,0.22,0.42
565.520667552948,30,0.0,11.33,14.01,14.61,,14.61,-30.0,0.37,0.22,0.42
566.0364038944244,30,0.0,11.33,14.01,14.61,,14.61,-30.0,0.37,0.22,0.42
566.531599521637,30,0.0,11.29,14.01,14.61,,14.61,-30.0,0.37,0.22,0.42
567.0318565368652,30,0.0,11.29,14.04,14.61,,14.61,-30.0,0.37,0.22,0.42
567.5349016189575,30,0.0,11.29,14.04,14.61,,14.61,-30.0,0.37,0.22,0.42
568.0341377258301,30,0.0,11.29,14.04,14.61,,14.61,-30.0,0.37,0.22,0.42
568.5339117050171,30,0.0,11.29,14.04,14.61,,14.61,-30.0,0.37,0.22,0.42
569.0367980003357,30,0.0,11.29,14.04,14.61,,14.61,-30.0,0.37,0.22,0.42
569.5414762496948,30,0.0,11.29,14.04,14.65,,14.65,-30.0,0.37,0.22,0.42
570.0476434230804,30,0.0,11.29,14.04,14.61,,14.61,-30.0,0.37,0.22,0.42
570.5454216003418,30,0.0,11.29,14.04,14.65,,14.65,-30.0,0.37,0.22,0.42
571.0429210662842,30,0.0,11.29,14.04,14.65,,14.65,-30.0,0.37,0.22,0.42
571.5392713546753,30,0.0,11.29,14.04,14.65,,14.65,-30.0,0.37,0.22,0.42
572.0381383895874,30,0.0,11.29,14.04,14.61,,14.61,-30.0,0.37,0.22,0.42
572.5552616119385,30,0.0,11.29,14.04,14.61,,14.61,-30.0,0.37,0.22,0.42
573.0414876937866,30,0.0,11.29,14.04,14.61,,14.61,-30.0,0.37,0.22,0.42
573.5575222969055,30,0.0,11.29,14.04,14.61,,14.61,-30.0,0.37,0.22,0.42
574.0441980361938,30,0.0,11.29,14.01,14.61,,14.61,-30.0,0.37,0.22,0.42
574.557944059372,30,0.0,11.29,14.01,14.61,,14.61,-30.0,0.37,0.22,0.42
575.0611207485199,30,0.0,11.29,14.01,14.61,,14.61,-30.0,0.37,0.22,0.42
575.5585453510284,30,0.0,11.29,14.01,14.61,,14.61,-30.0,0.37,0.22,0.42
576.0580868721008,30,0.0,11.29,14.01,14.61,,14.61,-30.0,0.37,0.22,0.42
576.5560038089752,30,0.0,11.29,14.01,14.61,,14.61,-30.0,0.37,0.22,0.42
577.0592377185822,30,0.0,11.29,14.01,14.61,,14.61,-30.0,0.37,0.22,0.42
577.5612101554871,30,0.0,11.29,14.01,14.61,,14.61,-30.0,0.37,0.22,0.42
578.0623941421509,30,0.0,11.29,14.04,14.61,,14.61,-30.0,0.37,0.22,0.42
578.5632061958313,30,0.0,11.29,14.04,14.61,,14.61,-30.0,0.37,0.22,0.42
579.0626292228699,30,0.0,11.29,14.01,14.65,,14.65,-30.0,0.37,0.22,0.42
579.5618374347687,30,0.0,11.29,14.01,14.65,,14.65,-30.0,0.37,0.22,0.42
580.061341047287,30,0.0,11.29,14.01,14.65,,14.65,-30.0,0.37,0.22,0.42
580.5607531070709,30,0.0,11.33,14.01,14.65,,14.65,-30.0,0.37,0.22,0.42
581.0777020454407,30,0.0,11.33,14.01,14.65,,14.65,-30.0,0.37,0.22,0.42
581.5776438713074,30,0.0,11.33,13.97,14.65,,14.65,-30.0,0.37,0.22,0.42
582.0733704566956,30,0.0,11.29,13.97,14.65,,14.65,-30.0,0.37,0.22,0.42
582.5734822750092,30,0.0,11.29,13.97,14.65,,14.65,-30.0,0.37,0.22,0.42
583.0723943710327,30,0.0,11.29,13.97,14.65,,14.65,-30.0,0.37,0.22,0.42
583.5717854499817,30,0.0,11.29,13.97,14.65,,14.65,-30.0,0.37,0.22,0.42
584.0833361148834,30,0.0,11.29,13.97,14.69,,14.69,-30.0,0.37,0.22,0.42
584.5828368663788,30,0.0,11.29,13.97,14.65,,14.65,-30.0,0.37,0.22,0.42
585.0803306102753,30,0.0,11.29,13.97,14.65,,14.65,-30.0,0.37,0.22,0.42
585.5843994617462,30,0.0,11.29,13.97,14.65,,14.65,-30.0,0.37,0.22,0.42
586.0846560001373,30,0.0,11.29,13.97,14.69,,14.69,-30.0,0.37,0.22,0.42
586.5845768451691,30,0.0,11.25,13.97,14.69,,14.69,-30.0,0.37,0.22,0.42
587.0884149074554,30,0.0,11.25,13.97,14.69,,14.69,-30.0,0.36,0.22,0.42
587.5912296772003,30,0.0,11.25,13.97,14.69,,14.69,-30.0,0.36,0.22,0.42
588.0918908119202,30,0.0,11.25,13.97,14.65,,14.65,-30.0,0.36,0.21,0.42
588.590499162674,30,0.0,11.25,13.97,14.65,,14.65,-30.0,0.36,0.21,0.42
589.0961863994598,30,0.0,11.25,13.93,14.65,,14.65,-30.0,0.36,0.21,0.42
589.5976409912109,30,0.0,11.25,13.93,14.69,,14.69,-30.0,0.36,0.21,0.42
590.098340511322,30,0.0,11.25,13.93,14.69,,14.69,-30.0,0.36,0.21,0.43
590.6008014678955,30,0.0,11.25,13.93,14.69,,14.69,-30.0,0.36,0.21,0.43
591.1019582748413,30,0.0,11.25,13.93,14.69,,14.69,-30.0,0.36,0.21,0.43
591.6043992042542,30,0.0,11.25,13.93,14.65,,14.65,-30.0,0.36,0.21,0.42
592.1058938503265,30,0.0,11.25,13.93,14.65,,14.65,-30.0,0.36,0.21,0.42
592.5924623012543,30,0.0,11.25,13.93,14.65,,14.65,-30.0,0.36,0.21,0.42
593.1085393428802,30,0.0,11.25,13.93,14.65,,14.65,-30.0,0.36,0.22,0.42
593.6064500808716,30,0.0,11.25,13.93,14.65,,14.65,-30.0,0.36,0.21,0.42
594.1071791648865,30,0.0,11.25,13.93,14.65,,14.65,-30.0,0.36,0.21,0.42
594.6067879199982,30,0.0,11.25,13.97,14.65,,14.65,-30.0,0.36,0.21,0.42
595.1081187725067,30,0.0,11.25,13.93,14.65,,14.65,-30.0,0.36,0.21,0.42
595.6112787723541,30,0.0,11.25,13.93,14.65,,14.65,-30.0,0.36,0.21,0.42
596.1110742092133,30,0.0,11.25,13.93,14.65,,14.65,-30.0,0.36,0.21,0.42
596.615180015564,30,0.0,11.25,13.93,14.65,,14.65,-30.0,0.36,0.21,0.42
597.117219209671,30,0.0,11.25,13.93,14.65,,14.65,-30.0,0.36,0.21,0.42
597.6173477172852,30,0.0,11.25,13.93,14.65,,14.65,-30.0,0.36,0.21,0.42
598.1173937320709,30,0.0,11.25,13.93,14.61,,14.61,-30.0,0.36,0.21,0.42
598.6201801300049,30,0.0,11.25,13.93,14.61,,14.61,-30.0,0.36,0.21,0.42
599.1214618682861,30,0.0,11.25,13.93,14.61,,14.61,-30.0,0.36,0.21,0.42
599.6226801872253,30,0.0,11.25,13.93,14.61,,14.61,-30.0,0.36,0.21,0.42
600.1226835250854,30,0.0,11.25,13.93,14.61,,14.61,-30.0,0.36,0.21,0.42
600.6255004405975,30,0.0,11.25,13.93,14.61,,14.61,-30.0,0.36,0.21,0.42
601.1247689723969,30,0.0,11.25,13.93,14.61,,14.61,-30.0,0.36,0.21,0.42
601.6229183673859,30,0.0,11.25,13.93,14.61,,14.61,-30.0,0.36,0.21,0.42
602.1264235973358,30,0.0,11.25,13.93,14.65,,14.65,-30.0,0.36,0.21,0.42
602.6267418861389,30,0.0,11.25,13.93,14.65,,14.65,-30.0,0.36,0.21,0.42
603.1269962787628,30,0.0,11.25,13.93,14.65,,14.65,-30.0,0.36,0.21,0.42
603.6293258666992,30,0.0,11.25,13.93,14.61,,14.61,-30.0,0.36,0.21,0.42
604.1310436725616,30,0.0,11.25,13.93,14.61,,14.61,-30.0,0.36,0.21,0.42
604.6294996738434,30,0.0,11.25,13.93,14.65,,14.65,-30.0,0.36,0.21,0.42
605.1317095756531,30,0.0,11.25,13.93,14.65,,14.65,-30.0,0.36,0.21,0.42
605.6307165622711,30,0.0,11.25,13.93,14.61,,14.61,-30.0,0.36,0.21,0.42
606.1310660839081,30,0.0,11.25,13.93,14.61,,14.61,-30.0,0.36,0.21,0.42
606.6318852901459,30,0.0,11.25,13.93,14.65,,14.65,-30.0,0.36,0.21,0.42
607.1318595409393,30,0.0,11.25,13.93,14.65,,14.65,-30.0,0.36,0.21,0.42
607.6452610492706,30,0.0,11.25,13.93,14.65,,14.65,-30.0,0.36,0.21,0.42
608.1459095478058,30,0.0,11.25,13.93,14.65,,14.65,-30.0,0.36,0.21,0.42
608.6430463790894,30,0.0,11.25,13.93,14.65,,14.65,-30.0,0.36,0.22,0.42
609.1446375846863,30,0.0,11.25,13.93,14.61,,14.61,-30.0,0.36,0.22,0.42
609.6426436901093,30,0.0,11.25,13.93,14.65,,14.65,-30.0,0.36,0.21,0.42
610.1418032646179,30,0.0,11.25,13.97,14.65,,14.65,-30.0,0.36,0.21,0.42
610.6405930519104,30,0.0,11.25,13.97,14.65,,14.65,-30.0,0.37,0.21,0.42
611.1540143489838,30,0.0,11.25,13.93,14.65,,14.65,-30.0,0.36,0.21,0.42
611.6561028957367,30,0.0,11.25,13.93,14.65,,14.65,-30.0,0.36,0.21,0.42
612.1563458442688,30,0.0,11.25,13.93,14.65,,14.65,-30.0,0.36,0.21,0.42
612.6540188789368,30,0.0,11.25,13.93,14.65,,14.65,-30.0,0.36,0.21,0.42
613.1542873382568,30,0.0,11.25,13.93,14.65,,14.65,-30.0,0.36,0.21,0.42
613.6542325019836,30,0.0,11.25,13.93,14.65,,14.65,-30.0,0.36,0.21,0.42
614.1570959091187,30,0.0,11.25,13.93,14.61,,14.61,-30.0,0.36,0.21,0.42
614.6566417217255,30,0.0,11.25,13.93,14.61,,14.61,-30.0,0.36,0.21,0.42
615.1577303409576,30,0.0,11.25,13.93,14.61,,14.61,-30.0,0.36,0.21,0.42
615.6589488983154,30,0.0,11.25,13.93,14.61,,14.61,-30.0,0.36,0.21,0.42
616.1596190929413,30,0.0,11.25,13.93,14.61,,14.61,-30.0,0.36,0.21,0.42
616.6670386791229,30,0.0,11.25,13.93,14.61,,14.61,-30.0,0.36,0.21,0.42
617.1702818870544,30,0.0,11.25,13.93,14.61,,14.61,-30.0,0.36,0.21,0.42
617.6743311882019,30,0.0,11.25,13.93,14.61,,14.61,-30.0,0.36,0.21,0.42
618.1753046512604,30,0.0,11.25,13.93,14.65,,14.65,-30.0,0.36,0.21,0.42
618.6629993915558,30,0.0,11.25,13.93,14.65,,14.65,-30.0,0.36,0.21,0.42
619.1635098457336,30,0.0,11.25,13.93,14.65,,14.65,-30.0,0.36,0.21,0.42
619.6651351451874,30,0.0,11.25,13.93,14.61,,14.61,-30.0,0.36,0.21,0.42
620.168979883194,30,0.0,11.25,13.93,14.61,,14.61,-30.0,0.36,0.21,0.42
620.6739127635956,30,0.0,11.25,13.93,14.61,,14.61,-30.0,0.36,0.21,0.42
621.171895980835,30,0.0,11.25,13.93,14.61,,14.61,-30.0,0.36,0.21,0.42
621.6717255115509,30,0.0,11.25,13.93,14.61,,14.61,-30.0,0.36,0.21,0.42
622.17138671875,30,0.0,11.25,13.93,14.61,,14.61,-30.0,0.36,0.21,0.42
622.6730806827545,30,0.0,11.25,13.93,14.61,,14.61,-30.0,0.36,0.21,0.42
623.1734268665314,30,0.0,11.25,13.93,14.61,,14.61,-30.0,0.36,0.21,0.42
623.6874353885651,30,0.0,11.25,13.93,14.61,,14.61,-30.0,0.36,0.21,0.42
624.1778898239136,30,0.0,11.25,13.93,14.61,,14.61,-30.0,0.36,0.21,0.42
624.6777818202972,30,0.0,11.25,13.93,14.61,,14.61,-30.0,0.36,0.21,0.42
625.1871778964996,30,0.0,11.25,13.93,14.61,,14.61,-30.0,0.36,0.21,0.42
625.6882946491241,30,0.0,11.25,13.93,14.61,,14.61,-30.0,0.36,0.21,0.42
626.1885454654694,30,0.0,11.25,13.93,14.61,,14.61,-30.0,0.36,0.21,0.42
626.6867537498474,30,0.0,11.25,13.93,14.61,,14.61,-30.0,0.37,0.21,0.42
627.1885180473328,30,0.0,11.25,13.93,14.61,,14.61,-30.0,0.36,0.21,0.42
627.7001860141754,30,0.0,11.25,13.9,14.61,,14.61,-30.0,0.36,0.21,0.42
628.1951627731323,30,0.0,11.25,13.93,14.61,,14.61,-30.0,0.36,0.21,0.42
628.6957676410675,30,0.0,11.25,13.93,14.61,,14.61,-30.0,0.36,0.21,0.42
629.1985709667206,30,0.0,11.25,13.93,14.61,,14.61,-30.0,0.36,0.21,0.42
629.6967158317566,30,0.0,11.25,13.93,14.61,,14.61,-30.0,0.36,0.21,0.42
630.2002708911896,30,0.0,11.2,13.93,14.61,,14.61,-30.0,0.36,0.21,0.42
630.7021632194519,30,0.0,11.25,13.93,14.61,,14.61,-30.0,0.36,0.21,0.42
631.2081718444824,30,0.0,11.2,13.93,14.61,,14.61,-30.0,0.36,0.21,0.42
631.7106077671051,30,0.0,11.2,13.9,14.61,,14.61,-30.0,0.36,0.21,0.42
632.2095854282379,30,0.0,11.25,13.9,14.61,,14.61,-30.0,0.36,0.21,0.42
632.7109920978546,30,0.0,11.25,13.93,14.61,,14.61,-30.0,0.36,0.21,0.42
633.1996562480927,30,0.0,11.25,13.93,14.61,,14.61,-30.0,0.36,0.21,0.42
633.7023339271545,30,0.0,11.25,13.93,14.61,,14.61,-30.0,0.36,0.21,0.42
634.2151937484741,30,0.0,11.25,13.9,14.61,,14.61,-30.0,0.36,0.21,0.42
634.716952085495,30,0.0,11.25,13.9,14.61,,14.61,-30.0,0.36,0.21,0.42
635.2050371170044,30,0.0,11.25,13.93,14.61,,14.61,-30.0,0.36,0.21,0.42
635.7213456630707,30,0.0,11.2,13.9,14.61,,14.61,-30.0,0.36,0.21,0.42
636.2082450389862,30,0.0,11.25,13.9,14.61,,14.61,-30.0,0.36,0.21,0.42
636.7099726200104,30,0.0,11.25,13.9,14.61,,14.61,-30.0,0.36,0.21,0.42
637.2145936489105,30,0.0,11.25,13.93,14.61,,14.61,-30.0,0.36,0.21,0.42
637.7128462791443,30,0.0,11.25,13.9,14.57,,14.57,-30.0,0.36,0.21,0.41
638.214396238327,30,0.0,11.25,13.9,14.61,,14.61,-30.0,0.36,0.21,0.42
638.7286100387573,30,0.0,11.25,13.93,14.57,,14.57,-30.0,0.36,0.21,0.42
639.2270317077637,30,0.0,11.2,13.9,14.57,,14.57,-30.0,0.36,0.21,0.42
639.7176768779755,30,0.0,11.2,13.9,14.57,,14.57,-30.0,0.36,0.21,0.41
640.2203845977783,30,0.0,11.2,13.9,14.57,,14.57,-30.0,0.36,0.21,0.41
640.7224273681641,30,0.0,11.25,13.9,14.57,,14.57,-30.0,0.36,0.21,0.41
641.2250258922577,30,0.0,11.2,13.93,14.57,,14.57,-30.0,0.36,0.21,0.41
641.7278230190277,30,0.0,11.2,13.93,14.57,,14.57,-30.0,0.36,0.21,0.41
642.2285540103912,30,0.0,11.25,13.93,14.57,,14.57,-30.0,0.36,0.21,0.41
642.7319629192352,30,0.0,11.25,13.93,14.57,,14.57,-30.0,0.36,0.21,0.41
643.2368426322937,30,0.0,11.25,13.9,14.57,,14.57,-30.0,0.36,0.21,0.41
643.7409410476685,30,0.0,11.25,13.93,14.57,,14.57,-30.0,0.36,0.21,0.41
644.2404770851135,30,0.0,11.25,13.93,14.57,,14.57,-30.0,0.36,0.21,0.41
644.7426636219025,30,0.0,11.25,13.93,14.57,,14.57,-30.0,0.36,0.21,0.41
645.245513677597,30,0.0,11.2,13.93,14.57,,14.57,-30.0,0.36,0.21,0.41
645.7332718372345,30,0.0,11.2,13.93,14.57,,14.57,-30.0,0.36,0.21,0.41
646.2348110675812,30,0.0,11.2,13.93,14.57,,14.57,-30.0,0.36,0.21,0.41
646.7368416786194,30,0.0,11.2,13.93,14.57,,14.57,-30.0,0.36,0.21,0.41
647.2444937229156,30,0.0,11.2,13.93,14.57,,14.57,-30.0,0.36,0.21,0.41
647.744428396225,30,0.0,11.2,13.93,14.57,,14.57,-30.0,0.36,0.21,0.41
648.2490231990814,30,0.0,11.2,13.93,14.57,,14.57,-30.0,0.36,0.21,0.41
648.7565867900848,30,0.0,11.2,13.93,14.57,,14.57,-30.0,0.36,0.21,0.41
649.2544386386871,30,0.0,11.2,13.93,14.57,,14.57,-30.0,0.36,0.21,0.41
649.7580759525299,30,0.0,11.2,13.93,14.57,,14.57,-30.0,0.36,0.21,0.41
650.2605361938477,30,0.0,11.2,13.93,14.61,,14.61,-30.0,0.36,0.21,0.41
650.7582824230194,30,0.0,11.2,13.93,14.61,,14.61,-30.0,0.36,0.21,0.41
651.258629322052,30,0.0,11.2,13.93,14.57,,14.57,-30.0,0.36,0.21,0.41
651.7586033344269,30,0.0,11.2,13.93,14.57,,14.57,-30.0,0.36,0.21,0.41
652.2578976154327,30,0.0,11.2,13.93,14.61,,14.61,-30.0,0.36,0.21,0.41
652.7556958198547,30,0.0,11.2,13.93,14.61,,14.61,-30.0,0.36,0.21,0.42
653.25501704216,30,0.0,11.2,13.93,14.61,,14.61,-30.0,0.36,0.21,0.42
653.7547824382782,30,0.0,11.2,13.93,14.61,,14.61,-30.0,0.36,0.21,0.42
654.2687027454376,30,0.0,11.2,13.93,14.61,,14.61,-30.0,0.36,0.21,0.42
654.7715632915497,30,0.0,11.2,13.93,14.61,,14.61,-30.0,0.36,0.21,0.42
655.2673408985138,30,0.0,11.2,13.93,14.61,,14.61,-30.0,0.36,0.21,0.42
655.7666847705841,30,0.0,11.2,13.93,14.61,,14.61,-30.0,0.36,0.21,0.42
656.2691042423248,30,0.0,11.2,13.93,14.61,,14.61,-30.0,0.36,0.21,0.42
656.7706372737885,30,0.0,11.25,13.93,14.61,,14.61,-30.0,0.36,0.21,0.42
657.2701869010925,30,0.0,11.2,13.93,14.61,,14.61,-30.0,0.36,0.21,0.42
657.7687888145447,30,0.0,11.2,13.93,14.61,,14.61,-30.0,0.36,0.21,0.42
658.2713992595673,30,0.0,11.25,13.97,14.61,,14.61,-30.0,0.36,0.21,0.42
658.7693648338318,30,0.0,11.25,13.93,14.61,,14.61,-30.0,0.36,0.21,0.42
659.2707619667053,30,0.0,11.25,13.93,14.61,,14.61,-30.0,0.36,0.21,0.42
659.7712099552155,30,0.0,11.25,13.93,14.61,,14.61,-30.0,0.36,0.21,0.42
660.2737951278687,30,0.0,11.25,13.93,14.61,,14.61,-30.0,0.36,0.21,0.42
660.7739803791046,30,0.0,11.25,13.93,14.61,,14.61,-30.0,0.36,0.21,0.42
661.2751305103302,30,0.0,11.25,13.93,14.61,,14.61,-30.0,0.36,0.21,0.42
661.7784605026245,30,0.0,11.25,13.93,14.61,,14.61,-30.0,0.36,0.21,0.42
662.2789902687073,30,0.0,11.25,13.93,14.61,,14.61,-30.0,0.36,0.21,0.42
662.783322095871,30,0.0,11.25,13.93,14.61,,14.61,-30.0,0.36,0.21,0.42
663.2842092514038,30,0.0,11.25,13.93,14.61,,14.61,-30.0,0.36,0.21,0.42
663.7850382328033,30,0.0,11.25,13.93,14.61,,14.61,-30.0,0.36,0.21,0.42
664.2866840362549,30,0.0,11.25,13.93,14.61,,14.61,-30.0,0.36,0.21,0.42
664.7918326854706,30,0.0,11.25,13.93,14.61,,14.61,-30.0,0.36,0.21,0.42
665.2950744628906,30,0.0,11.25,13.93,14.61,,14.61,-30.0,0.36,0.21,0.41
665.7998208999634,30,0.0,11.25,13.93,14.61,,14.61,-30.0,0.36,0.21,0.41
666.3023676872253,30,0.0,11.25,13.93,14.61,,14.61,-30.0,0.36,0.22,0.41
666.7906897068024,30,0.0,11.25,13.93,14.57,,14.57,-30.0,0.36,0.22,0.41
667.2926108837128,30,0.0,11.25,13.97,14.57,,14.57,-30.0,0.36,0.21,0.41
667.8061008453369,30,0.0,11.25,13.97,14.57,,14.57,-30.0,0.36,0.21,0.41
668.3080520629883,30,0.0,11.25,13.93,14.57,,14.57,-30.0,0.36,0.22,0.41
668.8073945045471,30,0.0,11.25,13.93,14.57,,14.57,-30.0,0.36,0.21,0.41
669.2958173751831,30,0.0,11.25,13.93,14.57,,14.57,-30.0,0.36,0.21,0.41
669.8080310821533,30,0.0,11.25,13.93,14.57,,14.57,-30.0,0.36,0.21,0.41
670.3091423511505,30,0.0,11.25,13.93,14.57,,14.57,-30.0,0.36,0.21,0.42
670.8112187385559,30,0.0,11.25,13.93,14.57,,14.57,-30.0,0.36,0.21,0.42
671.3146584033966,30,0.0,11.25,13.93,14.57,,14.57,-30.0,0.36,0.21,0.41
671.8147871494293,30,0.0,11.25,13.93,14.57,,14.57,-30.0,0.36,0.21,0.41
672.3138756752014,30,0.0,11.25,13.93,14.57,,14.57,-30.0,0.36,0.22,0.41
672.8142924308777,30,0.0,11.25,13.93,14.57,,14.57,-30.0,0.36,0.21,0.41
673.3191452026367,30,0.0,11.25,13.93,14.57,,14.57,-30.0,0.36,0.21,0.41
673.8223149776459,30,0.0,11.25,13.93,14.57,,14.57,-30.0,0.36,0.21,0.41
674.3086743354797,30,0.0,11.25,13.93,14.57,,14.57,-30.0,0.36,0.21,0.41
674.8229029178619,30,0.0,11.25,13.93,14.57,,14.57,-30.0,0.36,0.21,0.41
675.3249273300171,30,0.0,11.2,13.9,14.57,,14.57,-30.0,0.36,0.21,0.41
675.824009180069,30,0.0,11.25,13.93,14.57,,14.57,-30.0,0.36,0.21,0.41
676.3203709125519,30,0.0,11.25,13.93,14.57,,14.57,-30.0,0.36,0.21,0.41
676.8233187198639,30,0.0,11.2,13.93,14.57,,14.57,-30.0,0.36,0.21,0.41
677.3259124755859,30,0.0,11.2,13.9,14.57,,14.57,-30.0,0.36,0.21,0.41
677.8266696929932,30,0.0,11.2,13.9,14.57,,14.57,-30.0,0.36,0.21,0.41
678.3283135890961,30,0.0,11.2,13.9,14.57,,14.57,-30.0,0.36,0.21,0.41
678.8326857089996,30,0.0,11.25,13.9,14.57,,14.57,-30.0,0.36,0.21,0.41
679.3332281112671,30,0.0,11.25,13.9,14.57,,14.57,-30.0,0.36,0.21,0.41
679.8312966823578,30,0.0,11.25,13.9,14.57,,14.57,-30.0,0.36,0.21,0.41
680.3323290348053,30,0.0,11.25,13.9,14.57,,14.57,-30.0,0.36,0.21,0.41
680.836190700531,30,0.0,11.2,13.9,14.57,,14.57,-30.0,0.36,0.21,0.41
681.3368372917175,30,0.0,11.25,13.9,14.57,,14.57,-30.0,0.36,0.21,0.41
681.83695936203,30,0.0,11.25,13.9,14.57,,14.57,-30.0,0.36,0.21,0.41
682.3403975963593,30,0.0,11.2,13.9,14.57,,14.57,-30.0,0.36,0.21,0.41
682.8425281047821,30,0.0,11.2,13.9,14.57,,14.57,-30.0,0.36,0.21,0.41
683.345223903656,30,0.0,11.2,13.9,14.57,,14.57,-30.0,0.36,0.21,0.41
683.8467645645142,30,0.0,11.2,13.9,14.57,,14.57,-30.0,0.36,0.21,0.41
684.3488228321075,30,0.0,11.2,13.9,14.57,,14.57,-30.0,0.36,0.21,0.41
684.8365452289581,30,0.0,11.2,13.9,14.57,,14.57,-30.0,0.36,0.21,0.41
685.3389708995819,30,0.0,11.2,13.9,14.53,,14.53,-30.0,0.36,0.21,0.41
685.8526089191437,30,0.0,11.2,13.9,14.53,,14.53,-30.0,0.36,0.21,0.41
686.3539705276489,30,0.0,11.2,13.9,14.53,,14.53,-30.0,0.36,0.21,0.41
686.8556129932404,30,0.0,11.2,13.9,14.53,,14.53,-30.0,0.36,0.21,0.41
687.3543181419373,30,0.0,11.2,13.9,14.53,,14.53,-30.0,0.36,0.21,0.41
687.8576424121857,30,0.0,11.2,13.9,14.53,,14.53,-30.0,0.36,0.21,0.41
688.3561022281647,30,0.0,11.2,13.9,14.53,,14.53,-30.0,0.36,0.21,0.41
688.860000371933,30,0.0,11.2,13.9,14.53,,14.53,-30.0,0.36,0.21,0.41
689.3616285324097,30,0.0,11.2,13.9,14.53,,14.53,-30.0,0.36,0.2,0.41
689.8616030216217,30,0.0,11.2,13.9,14.53,,14.53,-30.0,0.36,0.21,0.41
690.3586354255676,30,0.0,11.2,13.9,14.53,,14.53,-30.0,0.36,0.2,0.41
690.8602628707886,30,0.0,11.2,13.9,14.53,,14.53,-30.0,0.36,0.2,0.41
691.3586752414703,30,0.0,11.2,13.9,14.53,,14.53,-30.0,0.36,0.2,0.41
691.8584561347961,30,0.0,11.2,13.86,14.53,,14.53,-30.0,0.36,0.21,0.41
692.3589129447937,30,0.0,11.2,13.9,14.53,,14.53,-30.0,0.36,0.21,0.41
692.8608701229095,30,0.0,11.2,13.9,14.53,,14.53,-30.0,0.36,0.21,0.41
693.3614058494568,30,0.0,11.2,13.86,14.53,,14.53,-30.0,0.36,0.21,0.41
693.8617310523987,30,0.0,11.2,13.9,14.53,,14.53,-30.0,0.36,0.21,0.41
694.3609399795532,30,0.0,11.2,13.9,14.53,,14.53,-30.0,0.36,0.21,0.41
694.8756921291351,30,0.0,11.2,13.9,14.53,,14.53,-30.0,0.36,0.21,0.4
695.3735704421997,30,0.0,11.2,13.9,14.53,,14.53,-30.0,0.36,0.2,0.4
695.8747868537903,30,0.0,11.2,13.9,14.53,,14.53,-30.0,0.36,0.2,0.4
696.3772761821747,30,0.0,11.2,13.9,14.53,,14.53,-30.0,0.36,0.2,0.4
696.8753101825714,30,0.0,11.2,13.9,14.49,,14.49,-30.0,0.36,0.21,0.4
697.374694108963,30,0.0,11.2,13.9,14.53,,14.53,-30.0,0.36,0.21,0.4
697.8759269714355,30,0.0,11.2,13.9,14.53,,14.53,-30.0,0.36,0.2,0.4
698.3755784034729,30,0.0,11.2,13.9,14.53,,14.53,-30.0,0.36,0.21,0.4
698.8779723644257,30,0.0,11.2,13.9,14.53,,14.53,-30.0,0.36,0.21,0.41
699.3797791004181,30,0.0,11.2,13.86,14.53,,14.53,-30.0,0.36,0.21,0.41
699.8808152675629,30,0.0,11.2,13.9,14.53,,14.53,-30.0,0.36,0.21,0.41
700.3787314891815,30,0.0,11.2,13.9,14.53,,14.53,-30.0,0.36,0.21,0.41
700.88054728508,30,0.0,11.2,13.9,14.53,,14.53,-30.0,0.36,0.2,0.41
701.383590221405,30,0.0,11.25,13.9,14.53,,14.53,-30.0,0.36,0.21,0.4
701.8833467960358,30,0.0,11.25,13.9,14.49,,14.49,-30.0,0.36,0.21,0.41
702.3875994682312,30,0.0,11.25,13.9,14.49,,14.49,-30.0,0.36,0.21,0.41
702.8906493186951,30,0.0,11.25,13.9,14.49,,14.49,-30.0,0.36,0.2,0.4
703.3933613300323,30,0.0,11.25,13.86,14.49,,14.49,-30.0,0.36,0.21,0.4
703.8971860408783,30,0.0,11.25,13.9,14.49,,14.49,-30.0,0.36,0.21,0.4
704.4016599655151,30,0.0,11.25,13.9,14.49,,14.49,-30.0,0.36,0.21,0.4
704.8894674777985,30,0.0,11.25,13.9,14.49,,14.49,-30.0,0.36,0.2,0.4
705.3915703296661,30,0.0,11.25,13.9,14.49,,14.49,-30.0,0.36,0.2,0.4
705.8946843147278,30,0.0,11.25,13.9,14.49,,14.49,-30.0,0.37,0.21,0.4
706.3945107460022,30,0.0,11.25,13.9,14.49,,14.49,-30.0,0.36,0.21,0.4
706.897643327713,30,0.0,11.25,13.86,14.49,,14.49,-30.0,0.36,0.21,0.4
707.4014875888824,30,0.0,11.25,13.9,14.49,,14.49,-30.0,0.36,0.21,0.4
707.8995859622955,30,0.0,11.25,13.9,14.49,,14.49,-30.0,0.36,0.21,0.4
708.4032492637634,30,0.0,11.25,13.9,14.49,,14.49,-30.0,0.36,0.21,0.4
708.9026925563812,30,0.0,11.25,13.9,14.49,,14.49,-30.0,0.36,0.21,0.4
709.4047231674194,30,0.0,11.2,13.9,14.49,,14.49,-30.0,0.36,0.21,0.4
709.9077343940735,30,0.0,11.25,13.9,14.49,,14.49,-30.0,0.36,0.21,0.4
710.4084730148315,30,0.0,11.25,13.9,14.53,,14.53,-30.0,0.36,0.21,0.4
710.9085652828217,30,0.0,11.25,13.9,14.53,,14.53,-30.0,0.36,0.21,0.4
711.410980463028,30,0.0,11.25,13.9,14.53,,14.53,-30.0,0.36,0.21,0.41
711.9126913547516,30,0.0,11.25,13.9,14.53,,14.53,-30.0,0.36,0.21,0.41
712.4148774147034,30,0.0,11.25,13.9,14.53,,14.53,-30.0,0.36,0.21,0.41
712.9189963340759,30,0.0,11.25,13.9,14.53,,14.53,-30.0,0.36,0.21,0.41
713.4197268486023,30,0.0,11.25,13.9,14.53,,14.53,-30.0,0.36,0.21,0.41
713.9261643886566,30,0.0,11.25,13.9,14.53,,14.53,-30.0,0.36,0.21,0.41
714.4285044670105,30,0.0,11.25,13.9,14.53,,14.53,-30.0,0.36,0.21,0.4
714.9313757419586,30,0.0,11.25,13.9,14.53,,14.53,-30.0,0.36,0.21,0.41
715.4176051616669,30,0.0,11.25,13.9,14.53,,14.53,-30.0,0.36,0.21,0.41
715.929486989975,30,0.0,11.25,13.9,14.53,,14.53,-30.0,0.36,0.21,0.41
716.4310994148254,30,0.0,11.25,13.9,14.53,,14.53,-30.0,0.36,0.21,0.41
716.9320755004883,30,0.0,11.25,13.9,14.53,,14.53,-30.0,0.36,0.21,0.41
717.430508852005,30,0.0,11.25,13.93,14.53,,14.53,-30.0,0.36,0.21,0.41
717.9339277744293,30,0.0,11.25,13.93,14.53,,14.53,-30.0,0.36,0.21,0.41
718.4379608631134,30,0.0,11.25,13.93,14.53,,14.53,-30.0,0.36,0.21,0.41
718.9273750782013,30,0.0,11.25,13.9,14.53,,14.53,-30.0,0.36,0.21,0.41
719.4275443553925,30,0.0,11.25,13.9,14.53,,14.53,-30.0,0.36,0.21,0.41
719.930258512497,30,0.0,11.2,13.9,14.53,,14.53,-30.0,0.36,0.21,0.41
720.4311580657959,30,0.0,11.25,13.9,14.53,,14.53,-30.0,0.36,0.21,0.41
720.9320688247681,30,0.0,11.2,13.93,14.53,,14.53,-30.0,0.36,0.21,0.41
721.4344410896301,30,0.0,11.2,13.93,14.53,,14.53,-30.0,0.36,0.21,0.41
721.9359810352325,30,0.0,11.2,13.9,14.53,,14.53,-30.0,0.36,0.21,0.41
722.4360330104828,30,0.0,11.2,13.9,14.53,,14.53,-30.0,0.36,0.21,0.41
722.9378607273102,30,0.0,11.2,13.9,14.53,,14.53,-30.0,0.36,0.21,0.41
723.4403364658356,30,0.0,11.25,13.9,14.53,,14.53,-30.0,0.36,0.21,0.41
723.9545519351959,30,0.0,11.25,13.9,14.53,,14.53,-30.0,0.36,0.21,0.41
724.4537558555603,30,0.0,11.25,13.9,14.53,,14.53,-30.0,0.36,0.21,0.4
724.9556746482849,30,0.0,11.2,13.9,14.53,,14.53,-30.0,0.36,0.21,0.41
725.4446947574615,30,0.0,11.2,13.9,14.53,,14.53,-30.0,0.36,0.21,0.4
725.9464800357819,30,0.0,11.2,13.9,14.53,,14.53,-30.0,0.36,0.21,0.4
726.4534337520599,30,0.0,11.2,13.9,14.49,,14.49,-30.0,0.36,0.21,0.4
726.9548029899597,30,0.0,11.2,13.9,14.49,,14.49,-30.0,0.36,0.21,0.4
727.454861164093,30,0.0,11.2,13.9,14.49,,14.49,-30.0,0.36,0.21,0.4
727.9610803127289,30,0.0,11.2,13.9,14.49,,14.49,-30.0,0.36,0.21,0.4
728.4610602855682,30,0.0,11.2,13.9,14.49,,14.49,-30.0,0.36,0.21,0.4
728.9638879299164,30,0.0,11.2,13.9,14.49,,14.49,-30.0,0.36,0.21,0.4
729.4616577625275,30,0.0,11.2,13.9,14.49,,14.49,-30.0,0.36,0.21,0.4
729.9629664421082,30,0.0,11.2,13.9,14.53,,14.53,-30.0,0.36,0.21,0.4
730.46706366539,30,0.0,11.2,13.9,14.49,,14.49,-30.0,0.36,0.21,0.4
730.9666683673859,30,0.0,11.2,13.9,14.49,,14.49,-30.0,0.36,0.21,0.4
731.4722473621368,30,0.0,11.2,13.9,14.49,,14.49,-30.0,0.36,0.21,0.4
731.9615693092346,30,0.0,11.2,13.9,14.49,,14.49,-30.0,0.36,0.21,0.4
732.4751501083374,30,0.0,11.2,13.9,14.49,,14.49,-30.0,0.36,0.21,0.4
732.9758841991425,30,0.0,11.2,13.9,14.49,,14.49,-30.0,0.36,0.21,0.4
733.4769115447998,30,0.0,11.2,13.9,14.49,,14.49,-30.0,0.36,0.21,0.4
733.9781138896942,30,0.0,11.2,13.9,14.49,,14.49,-30.0,0.36,0.21,0.41
734.4687359333038,30,0.0,11.2,13.9,14.49,,14.49,-30.0,0.36,0.2,0.4
734.9821190834045,30,0.0,11.2,13.9,14.49,,14.49,-30.0,0.36,0.21,0.4
735.471488237381,30,0.0,11.2,13.9,14.49,,14.49,-30.0,0.36,0.21,0.4
735.9731006622314,30,0.0,11.2,13.9,14.49,,14.49,-30.0,0.36,0.21,0.4
736.4751374721527,30,0.0,11.2,13.9,14.49,,14.49,-30.0,0.36,0.2,0.4
736.9786732196808,30,0.0,11.2,13.9,14.49,,14.49,-30.0,0.36,0.2,0.4
737.4838962554932,30,0.0,11.2,13.9,14.49,,14.49,-30.0,0.36,0.21,0.4
737.9874062538147,30,0.0,11.2,13.86,14.49,,14.49,-30.0,0.36,0.21,0.4
738.4923930168152,30,0.0,11.25,13.86,14.49,,14.49,-30.0,0.36,0.2,0.4
738.9933140277863,30,0.0,11.25,13.86,14.49,,14.49,-30.0,0.36,0.2,0.4
739.4929695129395,30,0.0,11.25,13.86,14.49,,14.49,-30.0,0.36,0.21,0.4
739.9969458580017,30,0.0,11.25,13.9,14.49,,14.49,-30.0,0.36,0.21,0.4
740.4966990947723,30,0.0,11.25,13.9,14.49,,14.49,-30.0,0.36,0.2,0.4
740.999427318573,30,0.0,11.2,13.9,14.49,,14.49,-30.0,0.36,0.21,0.4
741.5013070106506,30,0.0,11.2,13.9,14.49,,14.49,-30.0,0.36,0.21,0.4
742.0035970211029,30,0.0,11.2,13.9,14.49,,14.49,-30.0,0.36,0.21,0.4
742.5029761791229,30,0.0,11.2,13.9,14.49,,14.49,-30.0,0.36,0.21,0.4
743.0024428367615,30,0.0,11.2,13.9,14.49,,14.49,-30.0,0.36,0.21,0.4
743.5049967765808,30,0.0,11.2,13.9,14.49,,14.49,-30.0,0.36,0.21,0.4
743.9938626289368,30,0.0,11.2,13.9,14.49,,14.49,-30.0,0.36,0.21,0.4
744.4960858821869,30,0.0,11.2,13.9,14.49,,14.49,-30.0,0.36,0.21,0.4
744.9975874423981,30,0.0,11.2,13.9,14.53,,14.53,-30.0,0.36,0.21,0.4
745.4982249736786,30,0.0,11.25,13.9,14.53,,14.53,-30.0,0.36,0.21,0.4
746.0110168457031,30,0.0,11.25,13.9,14.53,,14.53,-30.0,0.36,0.21,0.4
746.5148522853851,30,0.0,11.2,13.9,14.49,,14.49,-30.0,0.36,0.21,0.4
747.0011260509491,30,0.0,11.25,13.9,14.49,,14.49,-30.0,0.36,0.21,0.4
747.5160682201385,30,0.0,11.2,13.9,14.53,,14.53,-30.0,0.36,0.21,0.4
748.0042748451233,30,0.0,11.2,13.9,14.53,,14.53,-30.0,0.36,0.21,0.41
748.5195732116699,30,0.0,11.2,13.9,14.53,,14.53,-30.0,0.36,0.21,0.41
749.0075612068176,30,0.0,11.2,13.9,14.53,,14.53,-30.0,0.36,0.21,0.41
749.5091412067413,30,0.0,11.2,13.9,14.53,,14.53,-30.0,0.36,0.21,0.41
750.0217499732971,30,0.0,11.2,13.9,14.53,,14.53,-30.0,0.36,0.21,0.41
750.5239112377167,30,0.0,11.2,13.9,14.53,,14.53,-30.0,0.36,0.21,0.41
751.0213799476624,30,0.0,11.2,13.9,14.53,,14.53,-30.0,0.36,0.21,0.41
751.5241985321045,30,0.0,11.2,13.9,14.53,,14.53,-30.0,0.36,0.21,0.41
752.0235164165497,30,0.0,11.2,13.9,14.53,,14.53,-30.0,0.36,0.21,0.41
752.5235402584076,30,0.0,11.2,13.9,14.53,,14.53,-30.0,0.36,0.21,0.41
753.0247428417206,30,0.0,11.2,13.9,14.53,,14.53,-30.0,0.36,0.21,0.41
753.5251474380493,30,0.0,11.2,13.9,14.53,,14.53,-30.0,0.36,0.21,0.41
754.0260751247406,30,0.0,11.2,13.9,14.53,,14.53,-30.0,0.36,0.21,0.41
754.5280706882477,30,0.0,11.2,13.9,14.53,,14.53,-30.0,0.36,0.21,0.41
755.0303649902344,30,0.0,11.2,13.86,14.53,,14.53,-30.0,0.35,0.21,0.41
755.5299401283264,30,0.0,11.2,13.9,14.53,,14.53,-30.0,0.36,0.21,0.41
756.0312004089355,30,0.0,11.2,13.9,14.53,,14.53,-30.0,0.36,0.21,0.41
756.5295000076294,30,0.0,11.2,13.9,14.53,,14.53,-30.0,0.36,0.21,0.41
757.043125629425,30,0.0,11.2,13.86,14.53,,14.53,-30.0,0.36,0.21,0.41
757.5443835258484,30,0.0,11.2,13.9,14.53,,14.53,-30.0,0.36,0.2,0.41
758.0445692539215,30,0.0,11.2,13.86,14.53,,14.53,-30.0,0.36,0.2,0.41
758.5439991950989,30,0.0,11.2,13.86,14.53,,14.53,-30.0,0.36,0.2,0.41
759.0452349185944,30,0.0,11.2,13.86,14.53,,14.53,-30.0,0.36,0.2,0.41
759.5426218509674,30,0.0,11.2,13.86,14.53,,14.53,-30.0,0.36,0.2,0.41
760.0377697944641,30,0.0,11.2,13.86,14.53,,14.53,-30.0,0.36,0.2,0.41
760.551310300827,30,0.0,11.2,13.86,14.53,,14.53,-30.0,0.36,0.2,0.41
761.04718708992,30,0.0,11.2,13.86,14.53,,14.53,-30.0,0.36,0.2,0.41
761.5488498210907,30,0.0,11.2,13.86,14.53,,14.53,-30.0,0.36,0.2,0.41
762.051376581192,30,0.0,11.2,13.86,14.53,,14.53,-30.0,0.36,0.2,0.41
762.549444437027,30,0.0,11.2,13.86,14.53,,14.53,-30.0,0.36,0.2,0.41
763.0501899719238,30,0.0,11.2,13.86,14.53,,14.53,-30.0,0.36,0.2,0.41
763.5524249076843,30,0.0,11.2,13.86,14.53,,14.53,-30.0,0.36,0.2,0.41
764.0556709766388,30,0.0,11.2,13.86,14.53,,14.53,-30.0,0.36,0.2,0.41
764.5570602416992,30,0.0,11.2,13.9,14.53,,14.53,-30.0,0.36,0.2,0.41
765.0580656528473,30,0.0,11.2,13.9,14.53,,14.53,-30.0,0.36,0.2,0.41
765.5592474937439,30,0.0,11.2,13.86,14.53,,14.53,-30.0,0.36,0.2,0.41
766.0613975524902,30,0.0,11.2,13.86,14.53,,14.53,-30.0,0.36,0.2,0.41
766.5612390041351,30,0.0,11.2,13.86,14.53,,14.53,-30.0,0.36,0.2,0.41
767.0641574859619,30,0.0,11.2,13.86,14.53,,14.53,-30.0,0.36,0.21,0.41
767.5626389980316,30,0.0,11.2,13.9,14.53,,14.53,-30.0,0.36,0.21,0.41
768.0649883747101,30,0.0,11.2,13.9,14.53,,14.53,-30.0,0.36,0.2,0.41
768.5673005580902,30,0.0,11.2,13.9,14.53,,14.53,-30.0,0.36,0.2,0.41
769.0699257850647,30,0.0,11.2,13.9,14.53,,14.53,-30.0,0.36,0.2,0.41
769.571807384491,30,0.0,11.2,13.9,14.53,,14.53,-30.0,0.36,0.21,0.41
770.0746257305145,30,0.0,11.2,13.86,14.53,,14.53,-30.0,0.36,0.2,0.41
770.5763692855835,30,0.0,11.2,13.86,14.53,,14.53,-30.0,0.36,0.2,0.41
771.0800411701202,30,0.0,11.2,13.9,14.53,,14.53,-30.0,0.36,0.2,0.41
771.5800724029541,30,0.0,11.2,13.9,14.53,,14.53,-30.0,0.36,0.21,0.41
772.0807707309723,30,0.0,11.2,13.9,14.53,,14.53,-30.0,0.36,0.21,0.41
772.5815737247467,30,0.0,11.2,13.9,14.53,,14.53,-30.0,0.36,0.21,0.41
773.0810480117798,30,0.0,11.2,13.9,14.53,,14.53,-30.0,0.36,0.21,0.41
773.581618309021,30,0.0,11.2,13.9,14.53,,14.53,-30.0,0.36,0.21,0.41
774.0816690921783,30,0.0,11.2,13.9,14.53,,14.53,-30.0,0.36,0.21,0.41
774.5840618610382,30,0.0,11.2,13.9,14.53,,14.53,-30.0,0.36,0.21,0.41
775.0856897830963,30,0.0,11.2,13.9,14.53,,14.53,-30.0,0.36,0.21,0.41
775.5861604213715,30,0.0,11.2,13.9,14.53,,14.53,-30.0,0.36,0.21,0.41
776.0836811065674,30,0.0,11.2,13.9,14.53,,14.53,-30.0,0.36,0.21,0.41
776.5881485939026,30,0.0,11.2,13.9,14.53,,14.53,-30.0,0.36,0.21,0.41
777.0887184143066,30,0.0,11.2,13.9,14.53,,14.53,-30.0,0.36,0.21,0.41
777.5898637771606,30,0.0,11.2,13.9,14.53,,14.53,-30.0,0.36,0.21,0.41
778.0881757736206,30,0.0,11.2,13.9,14.53,,14.53,-30.0,0.36,0.21,0.41
778.5886380672455,30,0.0,11.2,13.9,14.53,,14.53,-30.0,0.36,0.21,0.4
779.0879135131836,30,0.0,11.2,13.9,14.53,,14.53,-30.0,0.36,0.21,0.41
779.5886645317078,30,0.0,11.2,13.9,14.53,,14.53,-30.0,0.36,0.21,0.4
780.1014902591705,30,0.0,11.2,13.9,14.53,,14.53,-30.0,0.36,0.21,0.4
780.5954937934875,30,0.0,11.2,13.9,14.53,,14.53,-30.0,0.36,0.21,0.41
781.100643157959,30,0.0,11.2,13.9,14.53,,14.53,-30.0,0.36,0.21,0.41
781.6017985343933,30,0.0,11.25,13.9,14.53,,14.53,-30.0,0.36,0.21,0.41
782.0946552753448,30,0.0,11.2,13.9,14.53,,14.53,-30.0,0.36,0.21,0.4
782.597475528717,30,0.0,11.25,13.9,14.53,,14.53,-30.0,0.36,0.21,0.4
783.102100610733,30,0.0,11.2,13.9,14.53,,14.53,-30.0,0.36,0.21,0.4
783.6040668487549,30,0.0,11.25,13.9,14.53,,14.53,-30.0,0.36,0.21,0.4
784.1044170856476,30,0.0,11.25,13.9,14.53,,14.53,-30.0,0.36,0.21,0.41
784.6087262630463,30,0.0,11.25,13.93,14.53,,14.53,-30.0,0.36,0.21,0.41
785.1145231723785,30,0.0,11.25,13.93,14.53,,14.53,-30.0,0.36,0.21,0.41
785.615364074707,30,0.0,11.25,13.9,14.53,,14.53,-30.0,0.36,0.21,0.41
786.113930940628,30,0.0,11.25,13.9,14.53,,14.53,-30.0,0.36,0.21,0.41
786.6140782833099,30,0.0,11.25,13.9,14.53,,14.53,-30.0,0.36,0.21,0.41
787.1185674667358,30,0.0,11.25,13.9,14.53,,14.53,-30.0,0.36,0.21,0.41
787.6191236972809,30,0.0,11.25,13.9,14.53,,14.53,-30.0,0.36,0.21,0.4
788.118026971817,30,0.0,11.25,13.9,14.53,,14.53,-30.0,0.36,0.21,0.4
788.6187057495117,30,0.0,11.25,13.9,14.53,,14.53,-30.0,0.36,0.21,0.4
789.1223256587982,30,0.0,11.25,13.9,14.49,,14.49,-30.0,0.36,0.21,0.4
789.6228377819061,30,0.0,11.25,13.9,14.49,,14.49,-30.0,0.36,0.21,0.4
790.1264219284058,30,0.0,11.25,13.9,14.53,,14.53,-30.0,0.36,0.21,0.4
790.6285982131958,30,0.0,11.25,13.9,14.53,,14.53,-30.0,0.36,0.21,0.4
791.1303923130035,30,0.0,11.25,13.9,14.53,,14.53,-30.0,0.36,0.21,0.41
791.6329972743988,30,0.0,11.25,13.9,14.53,,14.53,-30.0,0.36,0.21,0.41
792.1347990036011,30,0.0,11.25,13.9,14.53,,14.53,-30.0,0.36,0.21,0.41
792.6383209228516,30,0.0,11.25,13.9,14.53,,14.53,-30.0,0.36,0.21,0.41
793.124361038208,30,0.0,11.25,13.9,14.53,,14.53,-30.0,0.36,0.21,0.41
793.6400995254517,30,0.0,11.25,13.9,14.57,,14.57,-30.0,0.36,0.21,0.41
794.1288928985596,30,0.0,11.25,13.9,14.57,,14.57,-30.0,0.36,0.21,0.41
794.6293563842773,30,0.0,11.25,13.9,14.57,,14.57,-30.0,0.36,0.21,0.41
795.1306121349335,30,0.0,11.25,13.9,14.57,,14.57,-30.0,0.36,0.21,0.41
795.6316361427307,30,0.0,11.25,13.9,14.57,,14.57,-30.0,0.36,0.21,0.41
796.1321496963501,30,0.0,11.25,13.9,14.57,,14.57,-30.0,0.36,0.21,0.41
796.6336271762848,30,0.0,11.25,13.9,14.57,,14.57,-30.0,0.36,0.21,0.41
797.1500563621521,30,0.0,11.25,13.9,14.57,,14.57,-30.0,0.36,0.21,0.41
797.6517312526703,30,0.0,11.25,13.9,14.57,,14.57,-30.0,0.36,0.21,0.41
798.1510376930237,30,0.0,11.25,13.9,14.57,,14.57,-30.0,0.36,0.21,0.41
798.6513764858246,30,0.0,11.25,13.9,14.57,,14.57,-30.0,0.36,0.21,0.41
799.1531426906586,30,0.0,11.25,13.9,14.53,,14.53,-30.0,0.36,0.21,0.41
799.6552910804749,30,0.0,11.25,13.93,14.53,,14.53,-30.0,0.36,0.21,0.41
800.1568624973297,30,0.0,11.25,13.93,14.53,,14.53,-30.0,0.36,0.21,0.41
800.65811419487,30,0.0,11.25,13.93,14.53,,14.53,-30.0,0.36,0.21,0.41
801.1453795433044,30,0.0,11.25,13.93,14.53,,14.53,-30.0,0.36,0.21,0.41
801.6530451774597,30,0.0,11.25,13.9,14.53,,14.53,-30.0,0.36,0.21,0.41
802.1538350582123,30,0.0,11.25,13.9,14.53,,14.53,-30.0,0.36,0.21,0.41
802.6516149044037,30,0.0,11.25,13.9,14.57,,14.57,-30.0,0.36,0.21,0.41
803.1556417942047,30,0.0,11.25,13.9,14.57,,14.57,-30.0,0.36,0.21,0.41
803.6537439823151,30,0.0,11.25,13.93,14.57,,14.57,-30.0,0.36,0.21,0.41
804.1655542850494,30,0.0,11.25,13.93,14.53,,14.53,-30.0,0.36,0.21,0.41
804.6684181690216,30,0.0,11.25,13.93,14.57,,14.57,-30.0,0.36,0.21,0.41
805.1674213409424,30,0.0,11.25,13.93,14.57,,14.57,-30.0,0.36,0.21,0.41
805.6678605079651,30,0.0,11.25,13.9,14.57,,14.57,-30.0,0.36,0.21,0.41
806.1697752475739,30,0.0,11.25,13.93,14.57,,14.57,-30.0,0.36,0.21,0.41
806.671151638031,30,0.0,11.2,13.93,14.57,,14.57,-30.0,0.36,0.21,0.41
807.171138048172,30,0.0,11.25,13.93,14.57,,14.57,-30.0,0.36,0.21,0.41
807.6701142787933,30,0.0,11.25,13.9,14.57,,14.57,-30.0,0.36,0.21,0.41
808.1702210903168,30,0.0,11.2,13.9,14.57,,14.57,-30.0,0.36,0.21,0.41
808.6769721508026,30,0.0,11.2,13.9,14.57,,14.57,-30.0,0.36,0.21,0.41
809.1774961948395,30,0.0,11.2,13.93,14.57,,14.57,-30.0,0.36,0.21,0.41
809.6773202419281,30,0.0,11.2,13.9,14.57,,14.57,-30.0,0.36,0.21,0.41
810.1770620346069,30,0.0,11.2,13.9,14.57,,14.57,-30.0,0.36,0.21,0.41
810.6769309043884,30,0.0,11.2,13.93,14.57,,14.57,-30.0,0.36,0.21,0.41
811.1793003082275,30,0.0,11.2,13.93,14.57,,14.57,-30.0,0.36,0.21,0.41
811.683002948761,30,0.0,11.2,13.93,14.57,,14.57,-30.0,0.36,0.21,0.41
812.1870548725128,30,0.0,11.2,13.93,14.57,,14.57,-30.0,0.36,0.21,0.41
812.6885466575623,30,0.0,11.2,13.93,14.57,,14.57,-30.0,0.36,0.21,0.41
813.1893491744995,30,0.0,11.2,13.93,14.57,,14.57,-30.0,0.36,0.21,0.41
813.6929106712341,30,0.0,11.2,13.9,14.57,,14.57,-30.0,0.36,0.21,0.41
814.192803144455,30,0.0,11.2,13.93,14.57,,14.57,-30.0,0.36,0.21,0.41
814.693943977356,30,0.0,11.2,13.9,14.57,,14.57,-30.0,0.36,0.21,0.41
815.1832864284515,30,0.0,11.2,13.9,14.57,,14.57,-30.0,0.36,0.21,0.41
815.696450471878,30,0.0,11.2,13.9,14.57,,14.57,-30.0,0.36,0.21,0.41
816.197434425354,30,0.0,11.2,13.93,14.57,,14.57,-30.0,0.36,0.21,0.41
816.6957077980042,30,0.0,11.2,13.93,14.57,,14.57,-30.0,0.36,0.21,0.41
817.1928238868713,30,0.0,11.2,13.93,14.57,,14.57,-30.0,0.36,0.21,0.41
817.6956639289856,30,0.0,11.2,13.9,14.57,,14.57,-30.0,0.36,0.21,0.41
818.1968564987183,30,0.0,11.2,13.9,14.57,,14.57,-30.0,0.36,0.21,0.41
818.6958401203156,30,0.0,11.2,13.9,14.57,,14.57,-30.0,0.36,0.21,0.41
819.1961975097656,30,0.0,11.2,13.9,14.57,,14.57,-30.0,0.36,0.21,0.41
819.7089414596558,30,0.0,11.2,13.9,14.57,,14.57,-30.0,0.36,0.21,0.41
820.2091789245605,30,0.0,11.2,13.9,14.57,,14.57,-30.0,0.36,0.21,0.41
820.7106430530548,30,0.0,11.2,13.93,14.57,,14.57,-30.0,0.36,0.21,0.41
821.1990671157837,30,0.0,11.2,13.93,14.53,,14.53,-30.0,0.36,0.21,0.41
821.7141427993774,30,0.0,11.2,13.93,14.53,,14.53,-30.0,0.36,0.21,0.41
822.212236404419,30,0.0,11.2,13.93,14.53,,14.53,-30.0,0.36,0.21,0.41
822.7142586708069,30,0.0,11.2,13.93,14.53,,14.53,-30.0,0.36,0.21,0.41
823.2160770893097,30,0.0,11.2,13.93,14.53,,14.53,-30.0,0.36,0.21,0.41
823.7173426151276,30,0.0,11.2,13.93,14.53,,14.53,-30.0,0.36,0.21,0.41
824.2207238674164,30,0.0,11.2,13.93,14.53,,14.53,-30.0,0.36,0.21,0.41
824.7200512886047,30,0.0,11.2,13.93,14.57,,14.57,-30.0,0.36,0.21,0.41
825.2206735610962,30,0.0,11.2,13.93,14.57,,14.57,-30.0,0.36,0.21,0.41
825.7207021713257,30,0.0,11.2,13.93,14.57,,14.57,-30.0,0.36,0.21,0.41
826.2244498729706,30,0.0,11.2,13.93,14.53,,14.53,-30.0,0.36,0.21,0.41
826.7270750999451,30,0.0,11.2,13.93,14.53,,14.53,-30.0,0.36,0.21,0.41
827.2140448093414,30,0.0,11.2,13.93,14.53,,14.53,-30.0,0.36,0.21,0.41
827.7154860496521,30,0.0,11.2,13.93,14.53,,14.53,-30.0,0.36,0.21,0.41
828.2177271842957,30,0.0,11.2,13.93,14.53,,14.53,-30.0,0.36,0.21,0.41
828.7308397293091,30,0.0,11.2,13.93,14.53,,14.53,-30.0,0.36,0.21,0.41
829.2197072505951,30,0.0,11.2,13.93,14.53,,14.53,-30.0,0.36,0.21,0.41
829.7347977161407,30,0.0,11.2,13.93,14.53,,14.53,-30.0,0.36,0.21,0.41
830.2374393939972,30,0.0,11.2,13.9,14.53,,14.53,-30.0,0.36,0.21,0.41
830.7249932289124,30,0.0,11.2,13.9,14.53,,14.53,-30.0,0.36,0.21,0.41
831.2301878929138,30,0.0,11.2,13.93,14.53,,14.53,-30.0,0.36,0.21,0.41
831.7303771972656,30,0.0,11.2,13.93,14.53,,14.53,-30.0,0.36,0.21,0.41
832.2326653003693,30,0.0,11.2,13.93,14.53,,14.53,-30.0,0.36,0.21,0.41
832.7340521812439,30,0.0,11.2,13.93,14.53,,14.53,-30.0,0.36,0.21,0.41
833.2381527423859,30,0.0,11.2,13.93,14.53,,14.53,-30.0,0.36,0.21,0.41
833.7415704727173,30,0.0,11.2,13.9,14.53,,14.53,-30.0,0.36,0.21,0.41
834.2427663803101,30,0.0,11.2,13.9,14.53,,14.53,-30.0,0.36,0.21,0.41
834.7459735870361,30,0.0,11.2,13.9,14.53,,14.53,-30.0,0.36,0.21,0.41
835.250812292099,30,0.0,11.2,13.9,14.53,,14.53,-30.0,0.36,0.21,0.41
835.7506527900696,30,0.0,11.2,13.9,14.53,,14.53,-30.0,0.36,0.21,0.41
836.2499651908875,30,0.0,11.2,13.9,14.53,,14.53,-30.0,0.36,0.21,0.41
836.7548654079437,30,0.0,11.2,13.9,14.53,,14.53,-30.0,0.36,0.21,0.41
837.2516660690308,30,0.0,11.2,13.9,14.53,,14.53,-30.0,0.36,0.21,0.41
837.751838684082,30,0.0,11.2,13.9,14.53,,14.53,-30.0,0.36,0.21,0.41
838.2542314529419,30,0.0,11.2,13.9,14.53,,14.53,-30.0,0.36,0.21,0.41
838.7571656703949,30,0.0,11.2,13.9,14.53,,14.53,-30.0,0.36,0.21,0.41
839.2554609775543,30,0.0,11.2,13.9,14.53,,14.53,-30.0,0.36,0.21,0.41
839.752923488617,30,0.0,11.2,13.9,14.53,,14.53,-30.0,0.36,0.21,0.41
840.2547698020935,30,0.0,11.2,13.9,14.53,,14.53,-30.0,0.36,0.21,0.41
840.7532019615173,30,0.0,11.2,13.9,14.53,,14.53,-30.0,0.36,0.21,0.41
841.2534158229828,30,0.0,11.2,13.9,14.57,,14.57,-30.0,0.36,0.21,0.41
841.7552824020386,30,0.0,11.2,13.9,14.53,,14.53,-30.0,0.36,0.21,0.41
842.254608631134,30,0.0,11.2,13.9,14.53,,14.53,-30.0,0.36,0.21,0.41
842.7700364589691,30,0.0,11.2,13.9,14.53,,14.53,-30.0,0.36,0.21,0.41
843.258630990982,30,0.0,11.2,13.9,14.53,,14.53,-30.0,0.36,0.21,0.41
843.7597055435181,30,0.0,11.2,13.9,14.53,,14.53,-30.0,0.36,0.21,0.41
844.2745401859283,30,0.0,11.2,13.9,14.53,,14.53,-30.0,0.36,0.21,0.41
844.7738099098206,30,0.0,11.2,13.9,14.53,,14.53,-30.0,0.36,0.21,0.41
845.2620785236359,30,0.0,11.2,13.9,14.53,,14.53,-30.0,0.36,0.21,0.41
845.7765448093414,30,0.0,11.2,13.9,14.53,,14.53,-30.0,0.36,0.21,0.41
846.2780110836029,30,0.0,11.2,13.9,14.53,,14.53,-30.0,0.36,0.21,0.41
846.7762401103973,30,0.0,11.2,13.9,14.53,,14.53,-30.0,0.36,0.21,0.41
847.274304151535,30,0.0,11.2,13.9,14.53,,14.53,-30.0,0.36,0.21,0.41
847.7739353179932,30,0.0,11.2,13.9,14.53,,14.53,-30.0,0.36,0.21,0.41
848.2748494148254,30,0.0,11.2,13.9,14.53,,14.53,-30.0,0.36,0.21,0.41
848.775556564331,30,0.0,11.2,13.9,14.53,,14.53,-30.0,0.36,0.21,0.41
849.274822473526,30,0.0,11.2,13.9,14.53,,14.53,-30.0,0.36,0.21,0.41
849.7759189605713,30,0.0,11.2,13.9,14.53,,14.53,-30.0,0.36,0.21,0.41
850.2776181697845,30,0.0,11.2,13.9,14.53,,14.53,-30.0,0.36,0.21,0.41
850.7769212722778,30,0.0,11.2,13.9,14.53,,14.53,-30.0,0.36,0.21,0.41
851.2790002822876,30,0.0,11.2,13.9,14.53,,14.53,-30.0,0.36,0.2,0.41
851.7802662849426,30,0.0,11.2,13.9,14.53,,14.53,-30.0,0.36,0.21,0.41
852.2830376625061,30,0.0,11.2,13.9,14.53,,14.53,-30.0,0.36,0.2,0.41
852.7827637195587,30,0.0,11.16,13.9,14.53,,14.53,-30.0,0.36,0.2,0.41
853.2853960990906,30,0.0,11.2,13.9,14.53,,14.53,-30.0,0.36,0.21,0.41
853.7970023155212,30,0.0,11.2,13.9,14.53,,14.53,-30.0,0.36,0.21,0.41
854.2994027137756,30,0.0,11.2,13.9,14.53,,14.53,-30.0,0.36,0.21,0.41
854.8000466823578,30,0.0,11.2,13.9,14.53,,14.53,-30.0,0.36,0.2,0.41
855.302877664566,30,0.0,11.2,13.9,14.53,,14.53,-30.0,0.36,0.2,0.41
855.8021218776703,30,0.0,11.2,13.9,14.53,,14.53,-30.0,0.36,0.21,0.41
856.2910509109497,30,0.0,11.2,13.9,14.53,,14.53,-30.0,0.36,0.21,0.41
856.8078694343567,30,0.0,11.2,13.9,14.57,,14.57,-30.0,0.36,0.21,0.41
857.2952823638916,30,0.0,11.2,13.9,14.57,,14.57,-30.0,0.36,0.2,0.41
857.7990260124207,30,0.0,11.2,13.86,14.53,,14.53,-30.0,0.36,0.21,0.41
858.2966668605804,30,0.0,11.2,13.9,14.53,,14.53,-30.0,0.36,0.21,0.41
858.8109016418457,30,0.0,11.2,13.9,14.53,,14.53,-30.0,0.36,0.21,0.41
859.3141112327576,30,0.0,11.2,13.9,14.53,,14.53,-30.0,0.36,0.2,0.41
859.8019587993622,30,0.0,11.2,13.9,14.53,,14.53,-30.0,0.36,0.21,0.41
860.3146164417267,30,0.0,11.2,13.9,14.53,,14.53,-30.0,0.36,0.2,0.41
860.8111574649811,30,0.0,11.2,13.9,14.53,,14.53,-30.0,0.36,0.21,0.41
861.3090991973877,30,0.0,11.16,13.9,14.53,,14.53,-30.0,0.36,0.2,0.41
861.8065922260284,30,0.0,11.2,13.9,14.53,,14.53,-30.0,0.36,0.21,0.41
862.3204610347748,30,0.0,11.2,13.9,14.53,,14.53,-30.0,0.36,0.21,0.41
862.82257771492,30,0.0,11.16,13.9,14.53,,14.53,-30.0,0.36,0.21,0.41
863.3201858997345,30,0.0,11.16,13.9,14.53,,14.53,-30.0,0.36,0.21,0.41
863.8213050365448,30,0.0,11.16,13.9,14.53,,14.53,-30.0,0.35,0.2,0.41
864.3228843212128,30,0.0,11.16,13.9,14.53,,14.53,-30.0,0.36,0.2,0.41
864.8217895030975,30,0.0,11.16,13.9,14.53,,14.53,-30.0,0.36,0.21,0.41
865.3217294216156,30,0.0,11.16,13.9,14.53,,14.53,-30.0,0.36,0.2,0.41
865.8210670948029,30,0.0,11.16,13.86,14.53,,14.53,-30.0,0.35,0.2,0.41
866.3209607601166,30,0.0,11.2,13.86,14.53,,14.53,-30.0,0.35,0.2,0.41
866.8226716518402,30,0.0,11.2,13.86,14.53,,14.53,-30.0,0.35,0.21,0.41
867.3349356651306,30,0.0,11.2,13.86,14.53,,14.53,-30.0,0.35,0.2,0.41
867.835818529129,30,0.0,11.16,13.9,14.53,,14.53,-30.0,0.36,0.2,0.41
868.3361158370972,30,0.0,11.16,13.9,14.53,,14.53,-30.0,0.35,0.21,0.41
868.8330390453339,30,0.0,11.16,13.9,14.53,,14.53,-30.0,0.36,0.21,0.41
869.3314383029938,30,0.0,11.16,13.9,14.53,,14.53,-30.0,0.36,0.21,0.41
869.8337485790253,30,0.0,11.16,13.86,14.53,,14.53,-30.0,0.36,0.2,0.41
870.3332417011261,30,0.0,11.16,13.9,14.53,,14.53,-30.0,0.36,0.21,0.41
870.8325369358063,30,0.0,11.2,13.9,14.53,,14.53,-30.0,0.35,0.2,0.41
871.3457958698273,30,0.0,11.16,13.9,14.53,,14.53,-30.0,0.36,0.21,0.41
871.8350210189819,30,0.0,11.16,13.9,14.53,,14.53,-30.0,0.35,0.2,0.41
872.3371160030365,30,0.0,11.2,13.9,14.53,,14.53,-30.0,0.36,0.2,0.41
872.8396027088165,30,0.0,11.2,13.9,14.57,,14.57,-30.0,0.36,0.2,0.41
873.3365626335144,30,0.0,11.2,13.86,14.57,,14.57,-30.0,0.36,0.2,0.41
873.8379287719727,30,0.0,11.16,13.9,14.53,,14.53,-30.0,0.36,0.21,0.41
874.3531720638275,30,0.0,11.2,13.9,14.53,,14.53,-30.0,0.35,0.21,0.41
874.8528554439545,30,0.0,11.16,13.9,14.53,,14.53,-30.0,0.35,0.21,0.41
875.3491721153259,30,0.0,11.16,13.9,14.53,,14.53,-30.0,0.35,0.2,0.41
875.8517954349518,30,0.0,11.16,13.9,14.53,,14.53,-30.0,0.35,0.21,0.41
876.3508050441742,30,0.0,11.16,13.86,14.53,,14.53,-30.0,0.35,0.21,0.41
876.8498387336731,30,0.0,11.16,13.9,14.53,,14.53,-30.0,0.35,0.21,0.41
877.3507170677185,30,0.0,11.16,13.9,14.53,,14.53,-30.0,0.35,0.21,0.41
877.8486604690552,30,0.0,11.16,13.9,14.53,,14.53,-30.0,0.35,0.21,0.41
878.3632590770721,30,0.0,11.16,13.9,14.53,,14.53,-30.0,0.35,0.21,0.41
878.8594539165497,30,0.0,11.2,13.9,14.53,,14.53,-30.0,0.35,0.21,0.41
879.3577079772949,30,0.0,11.16,13.9,14.53,,14.53,-30.0,0.35,0.21,0.41
879.8609457015991,30,0.0,11.16,13.9,14.53,,14.53,-30.0,0.35,0.21,0.41
880.3589143753052,30,0.0,11.16,13.9,14.53,,14.53,-30.0,0.36,0.2,0.41
880.8593809604645,30,0.0,11.16,13.9,14.53,,14.53,-30.0,0.36,0.2,0.41
881.3596460819244,30,0.0,11.16,13.86,14.53,,14.53,-30.0,0.35,0.21,0.41
881.8609907627106,30,0.0,11.16,13.86,14.53,,14.53,-30.0,0.35,0.21,0.41
882.3666272163391,30,0.0,11.2,13.9,14.53,,14.53,-30.0,0.36,0.21,0.41
882.8627231121063,30,0.0,11.2,13.9,14.53,,14.53,-30.0,0.35,0.2,0.41
883.3639996051788,30,0.0,11.2,13.9,14.53,,14.53,-30.0,0.35,0.21,0.41
883.8677315711975,30,0.0,11.2,13.9,14.53,,14.53,-30.0,0.36,0.21,0.4
884.3677124977112,30,0.0,11.16,13.9,14.53,,14.53,-30.0,0.36,0.21,0.4
884.8695876598358,30,0.0,11.2,13.9,14.53,,14.53,-30.0,0.36,0.21,0.4
885.3701431751251,30,0.0,11.16,13.9,14.49,,14.49,-30.0,0.36,0.21,0.4
885.8706157207489,30,0.0,11.2,13.9,14.49,,14.49,-30.0,0.36,0.21,0.4
886.3841133117676,30,0.0,11.2,13.86,14.49,,14.49,-30.0,0.36,0.21,0.4
886.8831586837769,30,0.0,11.2,13.9,14.49,,14.49,-30.0,0.36,0.21,0.4
887.3834145069122,30,0.0,11.2,13.86,14.49,,14.49,-30.0,0.36,0.2,0.4
887.8809912204742,30,0.0,11.2,13.9,14.53,,14.53,-30.0,0.36,0.2,0.4
888.3833706378937,30,0.0,11.2,13.9,14.53,,14.53,-30.0,0.36,0.2,0.41
888.887423992157,30,0.0,11.2,13.9,14.53,,14.53,-30.0,0.36,0.21,0.4
889.3832724094391,30,0.0,11.2,13.9,14.53,,14.53,-30.0,0.36,0.21,0.4
889.8838233947754,30,0.0,11.2,13.9,14.49,,14.49,-30.0,0.36,0.21,0.4
890.38196849823,30,0.0,11.2,13.9,14.49,,14.49,-30.0,0.36,0.21,0.4
890.8983054161072,30,0.0,11.2,13.9,14.49,,14.49,-30.0,0.36,0.21,0.4
891.3859248161316,30,0.0,11.2,13.9,14.49,,14.49,-30.0,0.36,0.21,0.4
891.8879904747009,30,0.0,11.2,13.9,14.49,,14.49,-30.0,0.36,0.21,0.4
892.4007723331451,30,0.0,11.2,13.9,14.49,,14.49,-30.0,0.36,0.21,0.4
892.8998372554779,30,0.0,11.2,13.9,14.49,,14.49,-30.0,0.36,0.21,0.41
893.3978996276855,30,0.0,11.2,13.9,14.49,,14.49,-30.0,0.36,0.21,0.41
893.8985769748688,30,0.0,11.2,13.9,14.53,,14.53,-30.0,0.36,0.21,0.4
894.3957216739655,30,0.0,11.2,13.9,14.53,,14.53,-30.0,0.36,0.21,0.4
894.8958148956299,30,0.0,11.2,13.9,14.53,,14.53,-30.0,0.36,0.21,0.4
895.3981671333313,30,0.0,11.2,13.9,14.53,,14.53,-30.0,0.36,0.21,0.41
895.901843547821,30,0.0,11.2,13.9,14.53,,14.53,-30.0,0.35,0.2,0.4
896.4053299427032,30,0.0,11.2,13.9,14.53,,14.53,-30.0,0.36,0.21,0.41
896.9051818847656,30,0.0,11.2,13.9,14.53,,14.53,-30.0,0.36,0.2,0.41
897.4039790630341,30,0.0,11.2,13.9,14.53,,14.53,-30.0,0.36,0.21,0.41
897.9050750732422,30,0.0,11.2,13.9,14.53,,14.53,-30.0,0.35,0.21,0.41
898.4089152812958,30,0.0,11.2,13.9,14.53,,14.53,-30.0,0.36,0.21,0.41
898.9086439609528,30,0.0,11.2,13.86,14.53,,14.53,-30.0,0.36,0.21,0.41
899.4074313640594,30,0.0,11.2,13.9,14.53,,14.53,-30.0,0.36,0.21,0.41
899.9083020687103,30,0.0,11.16,13.9,14.53,,14.53,-30.0,0.36,0.21,0.41
900.4091029167175,30,0.0,11.16,13.9,14.53,,14.53,-30.0,0.36,0.21,0.41
900.9209327697754,30,0.0,11.2,13.9,14.53,,14.53,-30.0,0.35,0.21,0.41
901.4255950450897,30,0.0,11.2,13.9,14.53,,14.53,-30.0,0.36,0.21,0.41
901.9256088733673,30,0.0,11.16,13.86,14.53,,14.53,-30.0,0.36,0.21,0.41
902.422664642334,30,0.0,11.16,13.9,14.53,,14.53,-30.0,0.35,0.2,0.41
902.9195036888123,30,0.0,11.2,13.9,14.53,,14.53,-30.0,0.36,0.2,0.41
903.4190411567688,30,0.0,11.2,13.9,14.53,,14.53,-30.0,0.36,0.21,0.41
903.921327829361,30,0.0,11.2,13.9,14.53,,14.53,-30.0,0.36,0.2,0.41
904.4189667701721,30,0.0,11.2,13.86,14.57,,14.57,-30.0,0.36,0.21,0.41
904.9339537620544,30,0.0,11.2,13.9,14.57,,14.57,-30.0,0.36,0.21,0.41
905.432731628418,30,0.0,11.16,13.86,14.53,,14.53,-30.0,0.35,0.21,0.41
905.9312040805817,30,0.0,11.16,13.9,14.53,,14.53,-30.0,0.36,0.2,0.41
906.4276292324066,30,0.0,11.16,13.9,14.53,,14.53,-30.0,0.35,0.2,0.41
906.9262154102325,30,0.0,11.16,13.9,14.53,,14.53,-30.0,0.36,0.2,0.41
907.4299602508545,30,0.0,11.16,13.86,14.53,,14.53,-30.0,0.35,0.2,0.41
907.9310703277588,30,0.0,11.16,13.86,14.53,,14.53,-30.0,0.35,0.2,0.41
908.4299755096436,30,0.0,11.16,13.86,14.53,,14.53,-30.0,0.36,0.2,0.41
908.9450304508209,30,0.0,11.16,13.86,14.53,,14.53,-30.0,0.35,0.2,0.41
909.4430627822876,30,0.0,11.16,13.86,14.53,,14.53,-30.0,0.35,0.2,0.41
909.9446353912354,30,0.0,11.16,13.86,14.53,,14.53,-30.0,0.35,0.2,0.41
910.4416298866272,30,0.0,11.16,13.86,14.53,,14.53,-30.0,0.36,0.2,0.41
910.942095041275,30,0.0,11.16,13.86,14.53,,14.53,-30.0,0.35,0.2,0.41
911.4423360824585,30,0.0,11.16,13.86,14.53,,14.53,-30.0,0.35,0.2,0.41
911.9455511569977,30,0.0,11.16,13.86,14.53,,14.53,-30.0,0.35,0.2,0.41
912.443850517273,30,0.0,11.16,13.86,14.53,,14.53,-30.0,0.36,0.2,0.41
912.9419674873352,30,0.0,11.16,13.86,14.53,,14.53,-30.0,0.36,0.2,0.41
913.4558653831482,30,0.0,11.16,13.86,14.53,,14.53,-30.0,0.35,0.2,0.41
913.9590508937836,30,0.0,11.16,13.86,14.53,,14.53,-30.0,0.35,0.2,0.41
914.4604487419128,30,0.0,11.2,13.86,14.53,,14.53,-30.0,0.35,0.2,0.41
914.9474630355835,30,0.0,11.2,13.86,14.53,,14.53,-30.0,0.35,0.2,0.41
915.4493315219879,30,0.0,11.2,13.86,14.53,,14.53,-30.0,0.35,0.2,0.41
915.9500112533569,30,0.0,11.16,13.86,14.53,,14.53,-30.0,0.35,0.2,0.41
916.464152097702,30,0.0,11.16,13.86,14.53,,14.53,-30.0,0.36,0.2,0.41
916.9638340473175,30,0.0,11.16,13.86,14.53,,14.53,-30.0,0.35,0.2,0.41
917.4663038253784,30,0.0,11.16,13.86,14.53,,14.53,-30.0,0.35,0.2,0.41
917.9657166004181,30,0.0,11.16,13.86,14.53,,14.53,-30.0,0.35,0.2,0.41
918.4632279872894,30,0.0,11.16,13.86,14.53,,14.53,-30.0,0.35,0.2,0.41
918.9631867408752,30,0.0,11.16,13.9,14.53,,14.53,-30.0,0.35,0.2,0.41
919.4663264751434,30,0.0,11.16,13.9,14.53,,14.53,-30.0,0.35,0.21,0.41
919.9659485816956,30,0.0,11.16,13.86,14.53,,14.53,-30.0,0.35,0.2,0.41
920.4635026454926,30,0.0,11.16,13.9,14.53,,14.53,-30.0,0.36,0.2,0.41
920.9786901473999,30,0.0,11.16,13.9,14.57,,14.57,-30.0,0.35,0.21,0.41
921.476833820343,30,0.0,11.16,13.9,14.53,,14.53,-30.0,0.36,0.21,0.41
921.9796667098999,30,0.0,11.16,13.9,14.53,,14.53,-30.0,0.35,0.21,0.41
922.479177236557,30,0.0,11.16,13.9,14.53,,14.53,-30.0,0.35,0.21,0.41
922.9826154708862,30,0.0,11.16,13.9,14.53,,14.53,-30.0,0.35,0.21,0.41
923.469899892807,30,0.0,11.16,13.9,14.53,,14.53,-30.0,0.35,0.21,0.41
923.9708280563354,30,0.0,11.16,13.9,14.53,,14.53,-30.0,0.35,0.21,0.41
924.484209060669,30,0.0,11.16,13.9,14.53,,14.53,-30.0,0.35,0.2,0.41
924.984569311142,30,0.0,11.16,13.9,14.53,,14.53,-30.0,0.35,0.2,0.41
925.4809801578522,30,0.0,11.2,13.9,14.53,,14.53,-30.0,0.36,0.21,0.41
925.9827206134796,30,0.0,11.2,13.9,14.53,,14.53,-30.0,0.36,0.21,0.41
926.4800493717194,30,0.0,11.16,13.9,14.53,,14.53,-30.0,0.36,0.21,0.41
926.9939117431641,30,0.0,11.2,13.9,14.53,,14.53,-30.0,0.36,0.21,0.41
927.4796652793884,30,0.0,11.2,13.9,14.53,,14.53,-30.0,0.36,0.21,0.41
927.9818127155304,30,0.0,11.2,13.9,14.53,,14.53,-30.0,0.36,0.2,0.41
928.4975543022156,30,0.0,11.2,13.9,14.53,,14.53,-30.0,0.36,0.2,0.41
928.9954345226288,30,0.0,11.2,13.86,14.53,,14.53,-30.0,0.36,0.2,0.41
929.4940814971924,30,0.0,11.16,13.86,14.53,,14.53,-30.0,0.35,0.2,0.41
929.9971141815186,30,0.0,11.2,13.86,14.53,,14.53,-30.0,0.35,0.2,0.41
930.5013365745544,30,0.0,11.2,13.86,14.53,,14.53,-30.0,0.35,0.2,0.41
931.0023126602173,30,0.0,11.2,13.86,14.53,,14.53,-30.0,0.36,0.2,0.41
931.5039265155792,30,0.0,11.2,13.86,14.53,,14.53,-30.0,0.36,0.2,0.41
932.0059087276459,30,0.0,11.16,13.86,14.53,,14.53,-30.0,0.36,0.2,0.41
932.5054924488068,30,0.0,11.16,13.86,14.53,,14.53,-30.0,0.36,0.2,0.41
933.0044658184052,30,0.0,11.2,13.86,14.53,,14.53,-30.0,0.36,0.2,0.41
933.504674911499,30,0.0,11.16,13.86,14.53,,14.53,-30.0,0.36,0.2,0.41
934.0021934509277,30,0.0,11.2,13.86,14.53,,14.53,-30.0,0.36,0.2,0.41
934.4989881515503,30,0.0,11.16,13.86,14.53,,14.53,-30.0,0.35,0.2,0.41
935.0126626491547,30,0.0,11.16,13.86,14.53,,14.53,-30.0,0.35,0.2,0.41
935.5129346847534,30,0.0,11.16,13.86,14.53,,14.53,-30.0,0.35,0.2,0.41
936.0137917995453,30,0.0,11.16,13.86,14.53,,14.53,-30.0,0.35,0.2,0.41
936.51167345047,30,0.0,11.16,13.86,14.57,,14.57,-30.0,0.35,0.2,0.41
937.0117239952087,30,0.0,11.16,13.86,14.57,,14.57,-30.0,0.35,0.2,0.41
937.5100650787354,30,0.0,11.16,13.86,14.53,,14.53,-30.0,0.35,0.2,0.41
938.0110287666321,30,0.0,11.16,13.86,14.53,,14.53,-30.0,0.35,0.2,0.41
938.5112981796265,30,0.0,11.16,13.86,14.53,,14.53,-30.0,0.35,0.2,0.41
939.0119636058807,30,0.0,11.16,13.86,14.53,,14.53,-30.0,0.35,0.2,0.41
939.5248734951019,30,0.0,11.16,13.86,14.53,,14.53,-30.0,0.35,0.2,0.41
940.0228991508484,30,0.0,11.16,13.86,14.53,,14.53,-30.0,0.35,0.2,0.41
940.5258481502533,30,0.0,11.16,13.86,14.53,,14.53,-30.0,0.35,0.2,0.41
941.0241911411285,30,0.0,11.16,13.86,14.53,,14.53,-30.0,0.35,0.2,0.41
941.5221531391144,30,0.0,11.16,13.86,14.53,,14.53,-30.0,0.35,0.2,0.41
942.0183391571045,30,0.0,11.16,13.86,14.53,,14.53,-30.0,0.35,0.21,0.41
942.5328102111816,30,0.0,11.16,13.86,14.53,,14.53,-30.0,0.35,0.21,0.41
943.0338072776794,30,0.0,11.16,13.86,14.53,,14.53,-30.0,0.35,0.21,0.41
943.5328507423401,30,0.0,11.16,13.86,14.53,,14.53,-30.0,0.36,0.2,0.41
944.0302641391754,30,0.0,11.16,13.9,14.53,,14.53,-30.0,0.36,0.2,0.41
944.5291085243225,30,0.0,11.16,13.9,14.53,,14.53,-30.0,0.36,0.2,0.41
945.0282225608826,30,0.0,11.2,13.86,14.53,,14.53,-30.0,0.35,0.2,0.41
945.5294344425201,30,0.0,11.2,13.86,14.53,,14.53,-30.0,0.35,0.2,0.41
946.0439453125,30,0.0,11.2,13.9,14.53,,14.53,-30.0,0.36,0.2,0.41
946.5424013137817,30,0.0,11.2,13.9,14.53,,14.53,-30.0,0.36,0.2,0.41
947.0426571369171,30,0.0,11.2,13.9,14.53,,14.53,-30.0,0.36,0.21,0.41
947.542286157608,30,0.0,11.2,13.86,14.53,,14.53,-30.0,0.36,0.21,0.41
948.0433764457703,30,0.0,11.16,13.86,14.53,,14.53,-30.0,0.36,0.2,0.4
948.5420169830322,30,0.0,11.2,13.86,14.53,,14.53,-30.0,0.36,0.2,0.41
949.0399720668793,30,0.0,11.2,13.86,14.53,,14.53,-30.0,0.36,0.2,0.4
949.554037809372,30,0.0,11.2,13.86,14.49,,14.49,-30.0,0.36,0.2,0.4
950.0529539585114,30,0.0,11.2,13.86,14.53,,14.53,-30.0,0.36,0.2,0.4
950.552535533905,30,0.0,11.2,13.86,14.53,,14.53,-30.0,0.36,0.2,0.4
951.0505838394165,30,0.0,11.2,13.86,14.53,,14.53,-30.0,0.36,0.2,0.41
951.5548319816589,30,0.0,11.2,13.9,14.53,,14.53,-30.0,0.36,0.2,0.41
952.0543038845062,30,0.0,11.2,13.86,14.53,,14.53,-30.0,0.36,0.2,0.41
952.5545876026154,30,0.0,11.2,13.86,14.53,,14.53,-30.0,0.36,0.2,0.41
953.055802822113,30,0.0,11.2,13.86,14.53,,14.53,-30.0,0.36,0.2,0.41
953.5551722049713,30,0.0,11.2,13.86,14.53,,14.53,-30.0,0.36,0.2,0.41
954.0554492473602,30,0.0,11.2,13.86,14.53,,14.53,-30.0,0.36,0.2,0.41
954.5539832115173,30,0.0,11.2,13.9,14.53,,14.53,-30.0,0.36,0.21,0.41
955.0559468269348,30,0.0,11.2,13.9,14.53,,14.53,-30.0,0.36,0.2,0.4
955.5549049377441,30,0.0,11.2,13.9,14.53,,14.53,-30.0,0.36,0.21,0.41
956.070366859436,30,0.0,11.2,13.9,14.53,,14.53,-30.0,0.36,0.21,0.41
956.56871342659,30,0.0,11.2,13.9,14.53,,14.53,-30.0,0.36,0.21,0.41
957.0683460235596,30,0.0,11.2,13.9,14.53,,14.53,-30.0,0.36,0.21,0.41
957.5664963722229,30,0.0,11.2,13.9,14.53,,14.53,-30.0,0.36,0.21,0.41
958.0692842006683,30,0.0,11.2,13.9,14.53,,14.53,-30.0,0.36,0.21,0.41
958.5644249916077,30,0.0,11.2,13.9,14.53,,14.53,-30.0,0.36,0.21,0.41
959.0761251449585,30,0.0,11.2,13.9,14.53,,14.53,-30.0,0.36,0.21,0.41
959.5756058692932,30,0.0,11.2,13.9,14.53,,14.53,-30.0,0.36,0.21,0.41
960.0778667926788,30,0.0,11.2,13.9,14.53,,14.53,-30.0,0.36,0.21,0.41
960.576801776886,30,0.0,11.2,13.9,14.53,,14.53,-30.0,0.36,0.21,0.41
961.0742230415344,30,0.0,11.2,13.9,14.53,,14.53,-30.0,0.36,0.21,0.41
961.586362361908,30,0.0,11.2,13.9,14.53,,14.53,-30.0,0.36,0.21,0.41
962.0821578502655,30,0.0,11.2,13.9,14.53,,14.53,-30.0,0.36,0.21,0.41
962.576370716095,30,0.0,11.2,13.9,14.53,,14.53,-30.0,0.36,0.21,0.41
963.0772092342377,30,0.0,11.2,13.9,14.53,,14.53,-30.0,0.36,0.21,0.41
963.5839188098907,30,0.0,11.2,13.9,14.53,,14.53,-30.0,0.36,0.21,0.41
964.0836977958679,30,0.0,11.16,13.9,14.53,,14.53,-30.0,0.36,0.21,0.41
964.5791163444519,30,0.0,11.2,13.9,14.53,,14.53,-30.0,0.36,0.21,0.41
965.0806796550751,30,0.0,11.2,13.9,14.53,,14.53,-30.0,0.36,0.2,0.41
965.5826327800751,30,0.0,11.2,13.9,14.53,,14.53,-30.0,0.36,0.2,0.41
966.0962266921997,30,0.0,11.2,13.9,14.53,,14.53,-30.0,0.36,0.2,0.41
966.5949287414551,30,0.0,11.2,13.86,14.53,,14.53,-30.0,0.36,0.2,0.41
