Temps (s),Consigne (°C),Erreur (°C),Thermistance 1 - T1 (°C),Thermistance 2 - T2 (°C),Thermistance 3 - T3 (°C),T4',Thermistance 3 estimée - T3_moy (°C),Commande (PWM),Voltage T1 (V),Voltage T2 (V),Voltage T3 (V)
1.3100218772888184,30,0.0,25.79,25.48,26.12,,26.12,-10.0,1.95,1.86,1.96
1.6707401275634766,30,0.0,25.74,25.48,26.08,,26.08,-10.0,1.95,1.86,1.96
2.031238555908203,30,0.0,25.7,25.48,26.08,,26.08,-10.0,1.94,1.86,1.96
2.5302464962005615,30,0.0,25.66,25.48,26.05,,26.05,-10.0,1.94,1.86,1.95
3.0305073261260986,30,0.0,25.57,25.48,26.01,,26.01,-10.0,1.93,1.86,1.95
3.531856060028076,30,0.0,25.48,25.48,25.98,,25.98,-10.0,1.92,1.86,1.94
4.032170057296753,30,0.0,25.39,25.48,25.98,,25.98,-10.0,1.91,1.86,1.94
4.5473713874816895,30,0.0,25.3,25.48,25.94,,25.94,-10.0,1.9,1.86,1.94
5.046600818634033,30,0.0,25.21,25.48,25.94,,25.94,-10.0,1.89,1.86,1.94
5.543915748596191,30,0.0,25.12,25.48,25.91,,25.91,-10.0,1.88,1.86,1.93
6.043316841125488,30,0.0,25.03,25.48,25.91,,25.91,-10.0,1.87,1.86,1.93
6.541935920715332,30,0.0,24.94,25.45,25.87,,25.87,-10.0,1.86,1.85,1.93
7.042660236358643,30,0.0,24.85,25.45,25.87,,25.87,-10.0,1.85,1.85,1.93
7.55607008934021,30,0.0,24.76,25.45,25.84,,25.84,-10.0,1.84,1.85,1.92
8.042211532592773,30,0.0,24.72,25.45,25.84,,25.84,-10.0,1.83,1.85,1.92
8.558055877685547,30,0.0,24.63,25.45,25.8,,25.8,-10.0,1.82,1.85,1.92
9.058938264846802,30,0.0,24.54,25.45,25.8,,25.8,-10.0,1.81,1.85,1.92
9.554077625274658,30,0.0,24.49,25.42,25.8,,25.8,-10.0,1.81,1.85,1.92
10.058822631835938,30,0.0,24.4,25.42,25.77,,25.77,-10.0,1.8,1.85,1.91
10.55681300163269,30,0.0,24.36,25.42,25.77,,25.77,-10.0,1.79,1.85,1.91
11.056902885437012,30,0.0,24.27,25.38,25.73,,25.73,-10.0,1.78,1.84,1.91
11.555068731307983,30,0.0,24.22,25.38,25.73,,25.73,-10.0,1.78,1.84,1.91
12.056339979171753,30,0.0,24.18,25.38,25.73,,25.73,-10.0,1.77,1.84,1.91
12.569061994552612,30,0.0,24.09,25.35,25.73,,25.73,-10.0,1.76,1.84,1.91
13.067509174346924,30,0.0,24.04,25.35,25.7,,25.7,-10.0,1.76,1.84,1.9
13.566407680511475,30,0.0,24.0,25.32,25.7,,25.7,-10.0,1.75,1.83,1.9
14.06592845916748,30,0.0,23.95,25.32,25.7,,25.7,-10.0,1.75,1.83,1.9
14.567229509353638,30,0.0,23.91,25.32,25.66,,25.66,-10.0,1.74,1.83,1.9
15.069658041000366,30,0.0,23.82,25.29,25.66,,25.66,-10.0,1.74,1.83,1.9
15.573697328567505,30,0.0,23.78,25.29,25.66,,25.66,-10.0,1.73,1.83,1.9
16.072884798049927,30,0.0,23.73,25.25,25.66,,25.66,-10.0,1.73,1.82,1.89
16.573646306991577,30,0.0,23.69,25.25,25.63,,25.63,-10.0,1.72,1.82,1.89
17.070269107818604,30,0.0,23.64,25.22,25.63,,25.63,-10.0,1.72,1.82,1.89
17.568885564804077,30,0.0,23.6,25.19,25.63,,25.63,-10.0,1.72,1.81,1.89
18.083064317703247,30,0.0,23.6,25.19,25.59,,25.59,-10.0,1.71,1.81,1.89
18.572503089904785,30,0.0,23.55,25.16,25.59,,25.59,-10.0,1.71,1.81,1.89
19.088992834091187,30,0.0,23.51,25.16,25.59,,25.59,-10.0,1.7,1.81,1.89
19.574201583862305,30,0.0,23.46,25.12,25.56,,25.56,-10.0,1.7,1.8,1.88
20.085294485092163,30,0.0,23.42,25.12,25.56,,25.56,-10.0,1.69,1.8,1.88
20.587034702301025,30,0.0,23.37,25.09,25.56,,25.56,-10.0,1.69,1.8,1.88
21.086134910583496,30,0.0,23.37,25.06,25.56,,25.56,-10.0,1.68,1.79,1.88
21.58552646636963,30,0.0,23.33,25.06,25.52,,25.52,-10.0,1.68,1.79,1.88
22.08354115486145,30,0.0,23.28,25.03,25.52,,25.52,-10.0,1.68,1.79,1.88
22.596615076065063,30,0.0,23.24,25.03,25.52,,25.52,-10.0,1.67,1.79,1.88
23.083666801452637,30,0.0,23.24,24.99,25.49,,25.49,-10.0,1.67,1.78,1.87
23.58573055267334,30,0.0,23.19,24.99,25.49,,25.49,-10.0,1.67,1.78,1.87
24.08642888069153,30,0.0,23.15,24.96,25.49,,25.49,-10.0,1.66,1.78,1.87
24.593966245651245,30,0.0,23.1,24.93,25.49,,25.49,-10.0,1.66,1.77,1.87
25.104965209960938,30,0.0,23.1,24.93,25.45,,25.45,-10.0,1.66,1.77,1.87
25.591274738311768,30,0.0,23.06,24.89,25.45,,25.45,-10.0,1.65,1.77,1.87
26.10439157485962,30,0.0,23.02,24.89,25.45,,25.45,-10.0,1.65,1.77,1.86
26.603376865386963,30,0.0,23.02,24.86,25.42,,25.42,-10.0,1.65,1.76,1.86
27.10249376296997,30,0.0,22.97,24.83,25.42,,25.42,-10.0,1.64,1.76,1.86
27.604092359542847,30,0.0,22.93,24.83,25.38,,25.38,-10.0,1.64,1.76,1.86
28.103013515472412,30,0.0,22.93,24.8,25.38,,25.38,-10.0,1.64,1.75,1.86
28.600343704223633,30,0.0,22.88,24.8,25.38,,25.38,-10.0,1.63,1.75,1.86
29.114103317260742,30,0.0,22.88,24.76,25.38,,25.38,-10.0,1.63,1.75,1.86
29.61439061164856,30,0.0,22.84,24.76,25.35,,25.35,-10.0,1.63,1.75,1.85
30.116606950759888,30,0.0,22.79,24.73,25.35,,25.35,-10.0,1.62,1.74,1.85
30.614569425582886,30,0.0,22.79,24.7,25.35,,25.35,-10.0,1.62,1.74,1.85
31.113442182540894,30,0.0,22.75,24.7,25.31,,25.31,-10.0,1.62,1.74,1.85
31.609826803207397,30,0.0,22.75,24.67,25.31,,25.31,-10.0,1.62,1.74,1.85
32.11000370979309,30,0.0,22.7,24.67,25.28,,25.28,-10.0,1.61,1.74,1.85
32.60980153083801,30,0.0,22.7,24.63,25.28,,25.28,-10.0,1.61,1.73,1.84
33.12479615211487,30,0.0,22.66,24.6,25.28,,25.28,-10.0,1.61,1.73,1.84
33.62292408943176,30,0.0,22.66,24.6,25.24,,25.24,-10.0,1.61,1.73,1.84
34.12050795555115,30,0.0,22.61,24.57,25.24,,25.24,-10.0,1.6,1.72,1.84
34.616321086883545,30,0.0,22.61,24.57,25.24,,25.24,-10.0,1.6,1.72,1.84
35.11715531349182,30,0.0,22.57,24.54,25.21,,25.21,-10.0,1.6,1.72,1.83
35.630242109298706,30,0.0,22.57,24.54,25.21,,25.21,-10.0,1.59,1.72,1.83
36.128005266189575,30,0.0,22.52,24.5,25.21,,25.21,-10.0,1.59,1.71,1.83
36.62571978569031,30,0.0,22.48,24.5,25.17,,25.17,-10.0,1.59,1.71,1.83
37.12727212905884,30,0.0,22.48,24.47,25.17,,25.17,-10.0,1.59,1.71,1.83
37.625142097473145,30,0.0,22.48,24.47,25.14,,25.14,-10.0,1.59,1.7,1.82
38.12705039978027,30,0.0,22.43,24.44,25.14,,25.14,-10.0,1.58,1.7,1.82
38.625661849975586,30,0.0,22.43,24.4,25.14,,25.14,-10.0,1.58,1.7,1.82
39.12995481491089,30,0.0,22.39,24.4,25.1,,25.1,-10.0,1.58,1.7,1.82
39.64010190963745,30,0.0,22.39,24.37,25.1,,25.1,-10.0,1.58,1.69,1.82
40.138432264328,30,0.0,22.34,24.37,25.07,,25.07,-10.0,1.57,1.69,1.81
40.64316487312317,30,0.0,22.34,24.34,25.07,,25.07,-10.0,1.57,1.69,1.81
41.14018273353577,30,0.0,22.3,24.34,25.03,,25.03,-10.0,1.57,1.69,1.81
41.64076590538025,30,0.0,22.3,24.31,25.03,,25.03,-10.0,1.57,1.68,1.81
42.13846731185913,30,0.0,22.25,24.27,25.0,,25.0,-10.0,1.56,1.68,1.8
42.64120364189148,30,0.0,22.25,24.27,25.0,,25.0,-10.0,1.56,1.68,1.8
43.140095472335815,30,0.0,22.25,24.24,25.0,,25.0,-10.0,1.56,1.67,1.8
43.640567779541016,30,0.0,22.21,24.24,24.96,,24.96,-10.0,1.56,1.67,1.8
44.153260469436646,30,0.0,22.21,24.21,24.96,,24.96,-10.0,1.55,1.67,1.8
44.65364122390747,30,0.0,22.16,24.21,24.93,,24.93,-10.0,1.55,1.67,1.79
45.152629375457764,30,0.0,22.16,24.18,24.93,,24.93,-10.0,1.55,1.66,1.79
45.65234017372131,30,0.0,22.12,24.18,24.93,,24.93,-10.0,1.55,1.66,1.79
46.15024018287659,30,0.0,22.12,24.14,24.89,,24.89,-10.0,1.55,1.66,1.79
46.64757299423218,30,0.0,22.08,24.14,24.89,,24.89,-10.0,1.55,1.65,1.79
47.16107487678528,30,0.0,22.08,24.11,24.85,,24.85,-10.0,1.54,1.65,1.78
47.66535568237305,30,0.0,22.08,24.08,24.85,,24.85,-10.0,1.54,1.65,1.78
48.1603524684906,30,0.0,22.03,24.08,24.85,,24.85,-10.0,1.54,1.65,1.78
48.661887884140015,30,0.0,22.03,24.04,24.82,,24.82,-10.0,1.54,1.64,1.78
49.15863537788391,30,0.0,21.99,24.04,24.82,,24.82,-10.0,1.53,1.64,1.78
49.65737318992615,30,0.0,21.99,24.04,24.78,,24.78,-10.0,1.53,1.64,1.77
50.15746331214905,30,0.0,21.99,24.01,24.78,,24.78,-10.0,1.53,1.64,1.77
50.67605447769165,30,0.0,21.94,23.98,24.78,,24.78,-10.0,1.53,1.64,1.77
51.16958022117615,30,0.0,21.94,23.98,24.75,,24.75,-10.0,1.53,1.63,1.77
51.66502833366394,30,0.0,21.94,23.95,24.75,,24.75,-10.0,1.53,1.63,1.77
52.16167378425598,30,0.0,21.9,23.95,24.71,,24.71,-10.0,1.52,1.63,1.76
52.66412138938904,30,0.0,21.9,23.95,24.71,,24.71,-10.0,1.52,1.62,1.76
53.17913031578064,30,0.0,21.85,23.91,24.71,,24.71,-10.0,1.52,1.62,1.76
53.67726683616638,30,0.0,21.85,23.88,24.68,,24.68,-10.0,1.52,1.62,1.76
54.1762158870697,30,0.0,21.85,23.88,24.68,,24.68,-10.0,1.52,1.62,1.76
54.675639152526855,30,0.0,21.85,23.85,24.64,,24.64,-10.0,1.52,1.61,1.75
55.17612433433533,30,0.0,21.81,23.85,24.64,,24.64,-10.0,1.52,1.61,1.75
55.678438663482666,30,0.0,21.81,23.82,24.61,,24.61,-10.0,1.52,1.61,1.75
56.174818992614746,30,0.0,21.76,23.82,24.61,,24.61,-10.0,1.51,1.61,1.75
56.673744440078735,30,0.0,21.76,23.78,24.57,,24.57,-10.0,1.51,1.6,1.74
57.18605971336365,30,0.0,21.76,23.78,24.57,,24.57,-10.0,1.51,1.6,1.74
57.68428659439087,30,0.0,21.72,23.78,24.54,,24.54,-10.0,1.51,1.6,1.74
58.183300256729126,30,0.0,21.72,23.75,24.54,,24.54,-10.0,1.51,1.6,1.74
58.68478989601135,30,0.0,21.72,23.72,24.5,,24.5,-10.0,1.51,1.6,1.74
59.181609869003296,30,0.0,21.67,23.72,24.5,,24.5,-10.0,1.5,1.59,1.74
59.68502950668335,30,0.0,21.67,23.72,24.5,,24.5,-10.0,1.5,1.59,1.73
60.18323636054993,30,0.0,21.67,23.68,24.47,,24.47,-10.0,1.5,1.59,1.73
60.697593450546265,30,0.0,21.63,23.68,24.47,,24.47,-10.0,1.5,1.59,1.73
61.19615912437439,30,0.0,21.63,23.65,24.43,,24.43,-10.0,1.5,1.58,1.73
61.6967933177948,30,0.0,21.63,23.65,24.43,,24.43,-10.0,1.5,1.58,1.73
62.194517374038696,30,0.0,21.58,23.62,24.4,,24.4,-10.0,1.49,1.58,1.72
62.69338250160217,30,0.0,21.58,23.62,24.4,,24.4,-10.0,1.49,1.58,1.72
63.193751096725464,30,0.0,21.58,23.59,24.4,,24.4,-10.0,1.49,1.57,1.72
63.69156098365784,30,0.0,21.54,23.59,24.36,,24.36,-10.0,1.49,1.57,1.72
64.20697069168091,30,0.0,21.54,23.55,24.36,,24.36,-10.0,1.49,1.57,1.72
64.70674848556519,30,0.0,21.54,23.55,24.33,,24.33,-10.0,1.49,1.57,1.71
65.20797491073608,30,0.0,21.54,23.55,24.33,,24.33,-10.0,1.49,1.57,1.71
65.70609903335571,30,0.0,21.49,23.52,24.29,,24.29,-10.0,1.48,1.56,1.71
66.20333933830261,30,0.0,21.49,23.52,24.29,,24.29,-10.0,1.48,1.56,1.71
66.70263957977295,30,0.0,21.49,23.52,24.29,,24.29,-10.0,1.48,1.56,1.7
67.20199060440063,30,0.0,21.45,23.49,24.26,,24.26,-10.0,1.48,1.56,1.7
67.70295763015747,30,0.0,21.45,23.45,24.26,,24.26,-10.0,1.48,1.55,1.7
68.21752738952637,30,0.0,21.45,23.45,24.22,,24.22,-10.0,1.48,1.55,1.7
68.71580338478088,30,0.0,21.45,23.45,24.22,,24.22,-10.0,1.48,1.55,1.7
69.22014093399048,30,0.0,21.4,23.42,24.22,,24.22,-10.0,1.47,1.55,1.69
69.72073149681091,30,0.0,21.4,23.42,24.19,,24.19,-10.0,1.47,1.54,1.69
70.22009325027466,30,0.0,21.4,23.39,24.19,,24.19,-10.0,1.47,1.54,1.69
70.716059923172,30,0.0,21.36,23.39,24.15,,24.15,-10.0,1.47,1.54,1.69
71.2170774936676,30,0.0,21.36,23.39,24.15,,24.15,-10.0,1.47,1.54,1.69
71.71490693092346,30,0.0,21.36,23.35,24.12,,24.12,-10.0,1.47,1.54,1.68
72.22842860221863,30,0.0,21.36,23.35,24.12,,24.12,-10.0,1.47,1.54,1.68
72.72279024124146,30,0.0,21.31,23.32,24.08,,24.08,-10.0,1.46,1.53,1.68
73.22251009941101,30,0.0,21.31,23.32,24.08,,24.08,-10.0,1.46,1.53,1.68
73.72154378890991,30,0.0,21.31,23.29,24.08,,24.08,-10.0,1.46,1.53,1.68
74.21968078613281,30,0.0,21.31,23.29,24.05,,24.05,-10.0,1.46,1.53,1.67
74.73517990112305,30,0.0,21.27,23.29,24.05,,24.05,-10.0,1.46,1.53,1.67
75.23582768440247,30,0.0,21.27,23.26,24.01,,24.01,-10.0,1.46,1.52,1.67
75.73371934890747,30,0.0,21.27,23.26,24.01,,24.01,-10.0,1.46,1.52,1.67
76.23166918754578,30,0.0,21.27,23.26,24.01,,24.01,-10.0,1.45,1.52,1.67
76.7296302318573,30,0.0,21.22,23.22,23.98,,23.98,-10.0,1.45,1.52,1.66
77.2313220500946,30,0.0,21.22,23.22,23.98,,23.98,-10.0,1.45,1.52,1.66
77.73050880432129,30,0.0,21.22,23.19,23.94,,23.94,-10.0,1.45,1.52,1.66
78.24437260627747,30,0.0,21.18,23.19,23.94,,23.94,-10.0,1.45,1.52,1.66
78.74258852005005,30,0.0,21.18,23.16,23.9,,23.9,-10.0,1.45,1.52,1.65
79.24060678482056,30,0.0,21.18,23.16,23.9,,23.9,-10.0,1.45,1.51,1.65
79.74065089225769,30,0.0,21.18,23.16,23.9,,23.9,-10.0,1.45,1.51,1.65
80.24086570739746,30,0.0,21.18,23.12,23.87,,23.87,-10.0,1.44,1.51,1.65
80.74244928359985,30,0.0,21.14,23.12,23.87,,23.87,-10.0,1.44,1.51,1.65
81.24344801902771,30,0.0,21.14,23.12,23.87,,23.87,-10.0,1.44,1.5,1.64
81.74376583099365,30,0.0,21.14,23.09,23.83,,23.83,-10.0,1.44,1.5,1.64
82.24078631401062,30,0.0,21.09,23.09,23.83,,23.83,-10.0,1.44,1.5,1.64
82.74184513092041,30,0.0,21.09,23.06,23.8,,23.8,-10.0,1.44,1.5,1.64
83.25584769248962,30,0.0,21.09,23.06,23.8,,23.8,-10.0,1.44,1.5,1.64
83.75415992736816,30,0.0,21.09,23.06,23.8,,23.8,-10.0,1.44,1.5,1.63
84.25162816047668,30,0.0,21.05,23.02,23.76,,23.76,-10.0,1.43,1.49,1.63
84.75132083892822,30,0.0,21.05,23.02,23.76,,23.76,-10.0,1.43,1.49,1.63
85.25390696525574,30,0.0,21.05,23.02,23.73,,23.73,-10.0,1.43,1.49,1.63
85.7502646446228,30,0.0,21.0,22.99,23.73,,23.73,-10.0,1.43,1.49,1.63
86.26274919509888,30,0.0,21.0,22.99,23.73,,23.73,-10.0,1.43,1.49,1.63
86.76252436637878,30,0.0,21.0,22.99,23.69,,23.69,-10.0,1.43,1.49,1.62
87.26023983955383,30,0.0,21.0,22.96,23.69,,23.69,-10.0,1.43,1.48,1.62
87.7592568397522,30,0.0,21.0,22.96,23.69,,23.69,-10.0,1.43,1.48,1.62
88.25664567947388,30,0.0,20.96,22.96,23.66,,23.66,-10.0,1.42,1.48,1.62
88.7706151008606,30,0.0,20.96,22.93,23.66,,23.66,-10.0,1.42,1.48,1.62
89.27130937576294,30,0.0,20.96,22.93,23.62,,23.62,-10.0,1.42,1.48,1.61
89.7715835571289,30,0.0,20.96,22.89,23.62,,23.62,-10.0,1.42,1.47,1.61
90.27122449874878,30,0.0,20.91,22.89,23.62,,23.62,-10.0,1.42,1.47,1.61
90.76834392547607,30,0.0,20.91,22.89,23.59,,23.59,-10.0,1.42,1.47,1.61
91.26823306083679,30,0.0,20.91,22.86,23.59,,23.59,-10.0,1.42,1.47,1.61
91.76921224594116,30,0.0,20.91,22.86,23.55,,23.55,-10.0,1.42,1.47,1.61
92.2693076133728,30,0.0,20.91,22.86,23.55,,23.55,-10.0,1.42,1.47,1.6
92.76936173439026,30,0.0,20.87,22.83,23.55,,23.55,-10.0,1.41,1.46,1.6
93.282723903656,30,0.0,20.87,22.83,23.52,,23.52,-10.0,1.41,1.46,1.6
93.77907490730286,30,0.0,20.87,22.83,23.52,,23.52,-10.0,1.41,1.46,1.6
94.27527356147766,30,0.0,20.87,22.79,23.52,,23.52,-10.0,1.41,1.46,1.6
94.77435564994812,30,0.0,20.87,22.79,23.48,,23.48,-10.0,1.41,1.46,1.59
95.27682995796204,30,0.0,20.82,22.79,23.48,,23.48,-10.0,1.41,1.45,1.59
95.7919614315033,30,0.0,20.82,22.76,23.48,,23.48,-10.0,1.41,1.45,1.59
96.29383373260498,30,0.0,20.82,22.76,23.45,,23.45,-10.0,1.41,1.45,1.59
96.79269409179688,30,0.0,20.82,22.73,23.45,,23.45,-10.0,1.41,1.45,1.59
97.29120349884033,30,0.0,20.82,22.73,23.45,,23.45,-10.0,1.41,1.45,1.58
97.7882091999054,30,0.0,20.78,22.73,23.41,,23.41,-10.0,1.4,1.45,1.58
98.28895878791809,30,0.0,20.78,22.73,23.41,,23.41,-10.0,1.4,1.45,1.58
98.78830099105835,30,0.0,20.78,22.69,23.41,,23.41,-10.0,1.4,1.44,1.58
99.29054069519043,30,0.0,20.73,22.69,23.37,,23.37,-10.0,1.4,1.44,1.58
99.79031729698181,30,0.0,20.73,22.69,23.37,,23.37,-10.0,1.4,1.44,1.58
100.29273915290833,30,0.0,20.73,22.66,23.34,,23.34,-10.0,1.4,1.44,1.57
100.79408001899719,30,0.0,20.73,22.66,23.34,,23.34,-10.0,1.4,1.44,1.57
101.30534625053406,30,0.0,20.73,22.66,23.34,,23.34,-10.0,1.4,1.44,1.57
101.80084133148193,30,0.0,20.73,22.63,23.3,,23.3,-10.0,1.4,1.43,1.57
102.2988383769989,30,0.0,20.69,22.63,23.3,,23.3,-10.0,1.39,1.43,1.57
102.79942464828491,30,0.0,20.69,22.63,23.3,,23.3,-10.0,1.39,1.43,1.57
103.31019616127014,30,0.0,20.69,22.59,23.27,,23.27,-10.0,1.39,1.43,1.56
103.80959987640381,30,0.0,20.69,22.59,23.27,,23.27,-10.0,1.39,1.43,1.56
104.30685329437256,30,0.0,20.69,22.59,23.27,,23.27,-10.0,1.39,1.43,1.56
104.80667161941528,30,0.0,20.69,22.56,23.27,,23.27,-10.0,1.39,1.42,1.56
105.3063452243805,30,0.0,20.64,22.56,23.23,,23.23,-10.0,1.39,1.42,1.56
105.80737137794495,30,0.0,20.64,22.56,23.23,,23.23,-10.0,1.39,1.42,1.56
106.3185727596283,30,0.0,20.64,22.53,23.2,,23.2,-10.0,1.39,1.42,1.55
106.82121443748474,30,0.0,20.64,22.53,23.2,,23.2,-10.0,1.39,1.42,1.55
107.31923985481262,30,0.0,20.6,22.53,23.2,,23.2,-10.0,1.38,1.41,1.55
107.81627678871155,30,0.0,20.6,22.5,23.16,,23.16,-10.0,1.38,1.41,1.55
108.31688833236694,30,0.0,20.6,22.5,23.16,,23.16,-10.0,1.38,1.41,1.55
108.81510734558105,30,0.0,20.6,22.5,23.16,,23.16,-10.0,1.38,1.41,1.55
109.31284165382385,30,0.0,20.6,22.46,23.13,,23.13,-10.0,1.38,1.41,1.54
109.82211518287659,30,0.0,20.55,22.46,23.13,,23.13,-10.0,1.38,1.41,1.54
110.3236768245697,30,0.0,20.55,22.46,23.13,,23.13,-10.0,1.38,1.41,1.54
110.82279777526855,30,0.0,20.55,22.43,23.09,,23.09,-10.0,1.38,1.4,1.54
111.32303237915039,30,0.0,20.55,22.43,23.09,,23.09,-10.0,1.38,1.4,1.54
111.82590794563293,30,0.0,20.55,22.43,23.09,,23.09,-10.0,1.38,1.4,1.53
112.32402634620667,30,0.0,20.55,22.4,23.06,,23.06,-10.0,1.38,1.4,1.53
112.82380557060242,30,0.0,20.51,22.4,23.06,,23.06,-10.0,1.37,1.4,1.53
113.32412958145142,30,0.0,20.51,22.4,23.06,,23.06,-10.0,1.37,1.4,1.53
113.82531118392944,30,0.0,20.51,22.36,23.02,,23.02,-10.0,1.37,1.39,1.53
114.33817172050476,30,0.0,20.51,22.36,23.02,,23.02,-10.0,1.37,1.39,1.53
114.83643627166748,30,0.0,20.51,22.36,23.02,,23.02,-10.0,1.37,1.39,1.53
115.33706331253052,30,0.0,20.46,22.36,22.98,,22.98,-10.0,1.37,1.39,1.52
115.83526468276978,30,0.0,20.46,22.33,22.98,,22.98,-10.0,1.37,1.39,1.52
116.33311676979065,30,0.0,20.46,22.33,22.98,,22.98,-10.0,1.37,1.39,1.52
116.83833312988281,30,0.0,20.46,22.3,22.95,,22.95,-10.0,1.37,1.38,1.52
117.33758974075317,30,0.0,20.46,22.3,22.95,,22.95,-10.0,1.37,1.38,1.52
117.84989762306213,30,0.0,20.42,22.3,22.95,,22.95,-10.0,1.36,1.38,1.52
118.34827303886414,30,0.0,20.42,22.3,22.91,,22.91,-10.0,1.36,1.38,1.52
118.84737777709961,30,0.0,20.42,22.26,22.91,,22.91,-10.0,1.36,1.38,1.52
119.34849882125854,30,0.0,20.42,22.26,22.91,,22.91,-10.0,1.36,1.38,1.52
119.84521484375,30,0.0,20.42,22.26,22.91,,22.91,-10.0,1.36,1.38,1.51
120.34572434425354,30,0.0,20.42,22.23,22.88,,22.88,-10.0,1.36,1.37,1.51
120.84706139564514,30,0.0,20.37,22.23,22.88,,22.88,-10.0,1.36,1.37,1.51
121.35026597976685,30,0.0,20.37,22.23,22.84,,22.84,-10.0,1.36,1.37,1.51
121.84892344474792,30,0.0,20.37,22.23,22.84,,22.84,-10.0,1.36,1.37,1.51
122.36131286621094,30,0.0,20.37,22.2,22.84,,22.84,-10.0,1.36,1.37,1.51
122.862708568573,30,0.0,20.33,22.2,22.84,,22.84,-10.0,1.35,1.37,1.51
123.3603458404541,30,0.0,20.33,22.2,22.81,,22.81,-10.0,1.35,1.37,1.5
123.85974740982056,30,0.0,20.33,22.2,22.81,,22.81,-10.0,1.35,1.37,1.5
124.3573431968689,30,0.0,20.33,22.16,22.81,,22.81,-10.0,1.35,1.36,1.5
124.85643696784973,30,0.0,20.33,22.16,22.77,,22.77,-10.0,1.35,1.36,1.5
125.3596498966217,30,0.0,20.33,22.16,22.77,,22.77,-10.0,1.35,1.36,1.5
125.86019253730774,30,0.0,20.33,22.16,22.77,,22.77,-10.0,1.35,1.36,1.5
126.35970568656921,30,0.0,20.29,22.13,22.77,,22.77,-10.0,1.35,1.36,1.49
126.86249685287476,30,0.0,20.29,22.13,22.74,,22.74,-10.0,1.35,1.36,1.49
127.36382865905762,30,0.0,20.29,22.13,22.74,,22.74,-10.0,1.35,1.35,1.49
127.86503982543945,30,0.0,20.29,22.1,22.74,,22.74,-10.0,1.35,1.35,1.49
128.37820172309875,30,0.0,20.29,22.1,22.7,,22.7,-10.0,1.35,1.35,1.49
128.87747621536255,30,0.0,20.24,22.1,22.7,,22.7,-10.0,1.34,1.35,1.49
129.37573885917664,30,0.0,20.24,22.06,22.7,,22.7,-10.0,1.34,1.35,1.49
129.87689852714539,30,0.0,20.24,22.06,22.7,,22.7,-10.0,1.34,1.35,1.49
130.37620306015015,30,0.0,20.24,22.06,22.66,,22.66,-10.0,1.34,1.35,1.48
130.87427949905396,30,0.0,20.2,22.06,22.66,,22.66,-10.0,1.34,1.35,1.48
131.37271642684937,30,0.0,20.2,22.03,22.66,,22.66,-10.0,1.34,1.34,1.48
131.87285017967224,30,0.0,20.2,22.03,22.66,,22.66,-10.0,1.34,1.34,1.48
132.38930368423462,30,0.0,20.2,22.03,22.63,,22.63,-10.0,1.34,1.34,1.48
132.88697171211243,30,0.0,20.2,22.03,22.63,,22.63,-10.0,1.34,1.34,1.48
133.38545060157776,30,0.0,20.2,22.0,22.63,,22.63,-10.0,1.34,1.34,1.48
133.8840274810791,30,0.0,20.15,22.0,22.63,,22.63,-10.0,1.33,1.34,1.48
134.38610315322876,30,0.0,20.15,22.0,22.59,,22.59,-10.0,1.33,1.34,1.47
134.88531494140625,30,0.0,20.15,22.0,22.59,,22.59,-10.0,1.33,1.34,1.47
135.38252067565918,30,0.0,20.15,21.96,22.59,,22.59,-10.0,1.33,1.33,1.47
135.88422346115112,30,0.0,20.15,21.96,22.59,,22.59,-10.0,1.33,1.33,1.47
136.398743391037,30,0.0,20.15,21.96,22.56,,22.56,-10.0,1.33,1.33,1.47
136.8976662158966,30,0.0,20.11,21.96,22.56,,22.56,-10.0,1.33,1.33,1.47
137.3984580039978,30,0.0,20.11,21.96,22.56,,22.56,-10.0,1.33,1.33,1.47
137.89296865463257,30,0.0,20.11,21.93,22.56,,22.56,-10.0,1.33,1.33,1.47
138.3946557044983,30,0.0,20.11,21.93,22.52,,22.52,-10.0,1.33,1.33,1.46
138.8947081565857,30,0.0,20.11,21.93,22.52,,22.52,-10.0,1.33,1.33,1.46
139.39220547676086,30,0.0,20.11,21.93,22.52,,22.52,-10.0,1.33,1.33,1.46
139.90975975990295,30,0.0,20.11,21.9,22.52,,22.52,-10.0,1.32,1.32,1.46
140.39643359184265,30,0.0,20.06,21.9,22.49,,22.49,-10.0,1.32,1.32,1.46
140.9086377620697,30,0.0,20.06,21.9,22.49,,22.49,-10.0,1.32,1.32,1.46
141.40808391571045,30,0.0,20.06,21.9,22.49,,22.49,-10.0,1.32,1.32,1.46
141.90643978118896,30,0.0,20.06,21.86,22.49,,22.49,-10.0,1.32,1.32,1.45
142.40709352493286,30,0.0,20.06,21.86,22.45,,22.45,-10.0,1.32,1.32,1.45
142.90849685668945,30,0.0,20.02,21.86,22.45,,22.45,-10.0,1.32,1.32,1.45
143.40759205818176,30,0.0,20.02,21.86,22.45,,22.45,-10.0,1.32,1.32,1.45
143.90644431114197,30,0.0,20.02,21.83,22.45,,22.45,-10.0,1.32,1.31,1.45
144.41900634765625,30,0.0,20.02,21.83,22.45,,22.45,-10.0,1.32,1.31,1.45
144.91738271713257,30,0.0,20.02,21.83,22.42,,22.42,-10.0,1.32,1.31,1.45
145.40940165519714,30,0.0,20.02,21.83,22.42,,22.42,-10.0,1.32,1.31,1.45
145.91383409500122,30,0.0,19.97,21.8,22.42,,22.42,-10.0,1.31,1.31,1.44
146.41336464881897,30,0.0,19.97,21.8,22.38,,22.38,-10.0,1.31,1.31,1.44
146.91395783424377,30,0.0,19.97,21.8,22.38,,22.38,-10.0,1.31,1.31,1.44
147.4155716896057,30,0.0,19.97,21.8,22.38,,22.38,-10.0,1.31,1.31,1.44
147.91768765449524,30,0.0,19.97,21.8,22.38,,22.38,-10.0,1.31,1.3,1.44
148.41720747947693,30,0.0,19.97,21.76,22.34,,22.34,-10.0,1.31,1.3,1.44
148.93153953552246,30,0.0,19.97,21.76,22.34,,22.34,-10.0,1.31,1.3,1.44
149.431321144104,30,0.0,19.97,21.76,22.34,,22.34,-10.0,1.31,1.3,1.44
149.93172240257263,30,0.0,19.93,21.76,22.34,,22.34,-10.0,1.31,1.3,1.44
150.42880392074585,30,0.0,19.93,21.76,22.34,,22.34,-10.0,1.31,1.3,1.43
150.92887687683105,30,0.0,19.93,21.73,22.31,,22.31,-10.0,1.31,1.3,1.43
151.4285764694214,30,0.0,19.93,21.73,22.31,,22.31,-10.0,1.31,1.3,1.43
151.9314522743225,30,0.0,19.93,21.73,22.31,,22.31,-10.0,1.31,1.3,1.43
152.4299600124359,30,0.0,19.93,21.73,22.31,,22.31,-10.0,1.31,1.3,1.43
152.9420440196991,30,0.0,19.93,21.7,22.27,,22.27,-10.0,1.31,1.3,1.43
153.44040417671204,30,0.0,19.88,21.7,22.27,,22.27,-10.0,1.3,1.3,1.43
153.94258093833923,30,0.0,19.88,21.7,22.27,,22.27,-10.0,1.3,1.3,1.43
154.43910598754883,30,0.0,19.88,21.7,22.27,,22.27,-10.0,1.3,1.3,1.43
154.94022178649902,30,0.0,19.88,21.66,22.24,,22.24,-10.0,1.3,1.29,1.42
155.43874788284302,30,0.0,19.88,21.66,22.24,,22.24,-10.0,1.3,1.29,1.42
155.93865299224854,30,0.0,19.88,21.66,22.24,,22.24,-10.0,1.3,1.29,1.42
156.452721118927,30,0.0,19.88,21.66,22.24,,22.24,-10.0,1.3,1.29,1.42
156.95308923721313,30,0.0,19.84,21.66,22.2,,22.2,-10.0,1.3,1.29,1.42
157.45338106155396,30,0.0,19.84,21.63,22.2,,22.2,-10.0,1.3,1.29,1.42
157.9482421875,30,0.0,19.84,21.63,22.2,,22.2,-10.0,1.3,1.29,1.42
158.45003986358643,30,0.0,19.84,21.63,22.2,,22.2,-10.0,1.3,1.29,1.42
158.95164275169373,30,0.0,19.84,21.63,22.2,,22.2,-10.0,1.3,1.29,1.41
159.4506905078888,30,0.0,19.84,21.6,22.2,,22.2,-10.0,1.3,1.29,1.41
159.94921326637268,30,0.0,19.84,21.6,22.2,,22.2,-10.0,1.3,1.28,1.41
160.4631154537201,30,0.0,19.84,21.6,22.17,,22.17,-10.0,1.3,1.28,1.41
160.95137858390808,30,0.0,19.79,21.6,22.17,,22.17,-10.0,1.3,1.28,1.41
161.46411514282227,30,0.0,19.79,21.6,22.13,,22.13,-10.0,1.3,1.28,1.41
161.96710538864136,30,0.0,19.79,21.56,22.13,,22.13,-10.0,1.3,1.28,1.41
162.46766424179077,30,0.0,19.79,21.56,22.13,,22.13,-10.0,1.3,1.28,1.41
162.95521330833435,30,0.0,19.79,21.56,22.13,,22.13,-10.0,1.3,1.28,1.41
163.47104144096375,30,0.0,19.79,21.56,22.13,,22.13,-10.0,1.3,1.28,1.41
163.96927213668823,30,0.0,19.79,21.56,22.09,,22.09,-10.0,1.3,1.28,1.41
164.47062039375305,30,0.0,19.79,21.53,22.09,,22.09,-10.0,1.3,1.27,1.4
164.96962451934814,30,0.0,19.79,21.53,22.09,,22.09,-10.0,1.3,1.28,1.4
165.46950697898865,30,0.0,19.75,21.53,22.09,,22.09,-10.0,1.3,1.27,1.4
165.96945142745972,30,0.0,19.75,21.53,22.06,,22.06,-10.0,1.29,1.27,1.4
166.46863508224487,30,0.0,19.75,21.53,22.06,,22.06,-10.0,1.29,1.27,1.4
166.9694902896881,30,0.0,19.75,21.53,22.06,,22.06,-10.0,1.29,1.27,1.4
167.46835470199585,30,0.0,19.75,21.5,22.06,,22.06,-10.0,1.29,1.27,1.4
167.9817247390747,30,0.0,19.75,21.5,22.06,,22.06,-10.0,1.29,1.27,1.4
168.48047804832458,30,0.0,19.75,21.5,22.06,,22.06,-10.0,1.29,1.27,1.39
168.97581791877747,30,0.0,19.75,21.5,22.02,,22.02,-10.0,1.29,1.27,1.39
169.48403573036194,30,0.0,19.75,21.46,22.02,,22.02,-10.0,1.29,1.27,1.39
169.98198437690735,30,0.0,19.7,21.46,22.02,,22.02,-10.0,1.29,1.26,1.39
170.47523593902588,30,0.0,19.7,21.46,22.02,,22.02,-10.0,1.29,1.26,1.39
170.97793793678284,30,0.0,19.7,21.46,22.02,,22.02,-10.0,1.29,1.26,1.39
171.49137330055237,30,0.0,19.7,21.46,21.99,,21.99,-10.0,1.29,1.26,1.39
171.9890205860138,30,0.0,19.7,21.46,21.99,,21.99,-10.0,1.29,1.26,1.39
172.4904818534851,30,0.0,19.7,21.43,21.99,,21.99,-10.0,1.29,1.26,1.39
172.98925805091858,30,0.0,19.7,21.43,21.99,,21.99,-10.0,1.29,1.26,1.39
173.48766231536865,30,0.0,19.7,21.43,21.95,,21.95,-10.0,1.29,1.26,1.38
173.98743724822998,30,0.0,19.66,21.43,21.95,,21.95,-10.0,1.28,1.26,1.38
174.4863314628601,30,0.0,19.66,21.43,21.95,,21.95,-10.0,1.28,1.25,1.38
174.9890739917755,30,0.0,19.66,21.4,21.95,,21.95,-10.0,1.28,1.25,1.38
175.49077582359314,30,0.0,19.66,21.4,21.95,,21.95,-10.0,1.28,1.25,1.38
175.99833297729492,30,0.0,19.66,21.4,21.92,,21.92,-10.0,1.28,1.25,1.38
176.49407029151917,30,0.0,19.66,21.4,21.92,,21.92,-10.0,1.28,1.25,1.38
176.9947693347931,30,0.0,19.66,21.4,21.92,,21.92,-10.0,1.28,1.25,1.38
177.49458813667297,30,0.0,19.61,21.4,21.92,,21.92,-10.0,1.28,1.25,1.38
178.00993847846985,30,0.0,19.61,21.4,21.92,,21.92,-10.0,1.28,1.25,1.38
178.50750422477722,30,0.0,19.61,21.4,21.88,,21.88,-10.0,1.28,1.25,1.37
179.0063807964325,30,0.0,19.61,21.36,21.88,,21.88,-10.0,1.28,1.25,1.37
179.50464463233948,30,0.0,19.61,21.36,21.88,,21.88,-10.0,1.28,1.25,1.37
180.00571966171265,30,0.0,19.61,21.33,21.88,,21.88,-10.0,1.28,1.25,1.37
180.5032889842987,30,0.0,19.61,21.33,21.88,,21.88,-10.0,1.28,1.24,1.37
181.01869249343872,30,0.0,19.61,21.33,21.84,,21.84,-10.0,1.28,1.24,1.37
181.50552320480347,30,0.0,19.61,21.33,21.84,,21.84,-10.0,1.28,1.24,1.37
182.0191149711609,30,0.0,19.57,21.33,21.84,,21.84,-10.0,1.28,1.24,1.37
182.5076036453247,30,0.0,19.57,21.29,21.84,,21.84,-10.0,1.27,1.24,1.37
183.02180576324463,30,0.0,19.57,21.29,21.84,,21.84,-10.0,1.27,1.24,1.37
183.52088022232056,30,0.0,19.57,21.29,21.84,,21.84,-10.0,1.27,1.24,1.36
184.02297854423523,30,0.0,19.57,21.29,21.81,,21.81,-10.0,1.27,1.24,1.36
184.51918292045593,30,0.0,19.57,21.29,21.81,,21.81,-10.0,1.27,1.24,1.36
185.0165376663208,30,0.0,19.57,21.29,21.81,,21.81,-10.0,1.27,1.24,1.36
185.51560878753662,30,0.0,19.57,21.26,21.81,,21.81,-10.0,1.27,1.24,1.36
186.02712082862854,30,0.0,19.57,21.26,21.81,,21.81,-10.0,1.27,1.23,1.36
186.52776288986206,30,0.0,19.52,21.26,21.77,,21.77,-10.0,1.27,1.23,1.36
187.03031992912292,30,0.0,19.52,21.26,21.77,,21.77,-10.0,1.27,1.23,1.36
187.52648258209229,30,0.0,19.52,21.26,21.77,,21.77,-10.0,1.27,1.23,1.36
188.02704095840454,30,0.0,19.52,21.26,21.77,,21.77,-10.0,1.27,1.23,1.36
188.52960968017578,30,0.0,19.52,21.23,21.77,,21.77,-10.0,1.27,1.23,1.36
189.0249581336975,30,0.0,19.52,21.23,21.77,,21.77,-10.0,1.27,1.23,1.35
189.55776119232178,30,0.0,19.52,21.23,21.74,,21.74,-10.0,1.27,1.23,1.35
190.03639268875122,30,0.0,19.52,21.23,21.74,,21.74,-10.0,1.27,1.23,1.35
190.53393816947937,30,0.0,19.52,21.23,21.74,,21.74,-10.0,1.27,1.23,1.35
191.0329611301422,30,0.0,19.52,21.23,21.74,,21.74,-10.0,1.27,1.23,1.35
191.53202438354492,30,0.0,19.48,21.19,21.7,,21.7,-10.0,1.26,1.22,1.35
192.0452525615692,30,0.0,19.48,21.19,21.7,,21.7,-10.0,1.26,1.22,1.35
192.54531455039978,30,0.0,19.48,21.19,21.7,,21.7,-10.0,1.26,1.22,1.35
193.04549646377563,30,0.0,19.48,21.19,21.7,,21.7,-10.0,1.26,1.22,1.35
193.542795419693,30,0.0,19.48,21.19,21.7,,21.7,-10.0,1.26,1.22,1.35
194.04185318946838,30,0.0,19.48,21.16,21.7,,21.7,-10.0,1.26,1.22,1.34
194.53986263275146,30,0.0,19.48,21.16,21.66,,21.66,-10.0,1.26,1.22,1.34
195.043532371521,30,0.0,19.48,21.16,21.66,,21.66,-10.0,1.26,1.22,1.34
195.5450313091278,30,0.0,19.48,21.16,21.66,,21.66,-10.0,1.26,1.22,1.34
196.0469331741333,30,0.0,19.48,21.16,21.66,,21.66,-10.0,1.26,1.22,1.34
196.5569372177124,30,0.0,19.48,21.16,21.66,,21.66,-10.0,1.26,1.22,1.34
197.05431389808655,30,0.0,19.43,21.13,21.63,,21.63,-10.0,1.26,1.21,1.34
197.55329084396362,30,0.0,19.43,21.13,21.63,,21.63,-10.0,1.26,1.21,1.34
198.05273389816284,30,0.0,19.48,21.13,21.63,,21.63,-10.0,1.26,1.21,1.34
198.5494031906128,30,0.0,19.43,21.13,21.63,,21.63,-10.0,1.26,1.21,1.34
199.06510710716248,30,0.0,19.43,21.13,21.63,,21.63,-10.0,1.26,1.21,1.34
199.56169724464417,30,0.0,19.43,21.13,21.63,,21.63,-10.0,1.26,1.21,1.33
200.05736136436462,30,0.0,19.43,21.09,21.59,,21.59,-10.0,1.26,1.21,1.33
200.5552146434784,30,0.0,19.43,21.09,21.59,,21.59,-10.0,1.26,1.21,1.33
201.07019543647766,30,0.0,19.43,21.09,21.59,,21.59,-10.0,1.26,1.21,1.33
201.56987643241882,30,0.0,19.43,21.09,21.59,,21.59,-10.0,1.26,1.21,1.33
202.06602811813354,30,0.0,19.39,21.09,21.59,,21.59,-10.0,1.25,1.21,1.33
202.56595826148987,30,0.0,19.39,21.09,21.56,,21.56,-10.0,1.25,1.21,1.33
203.06448435783386,30,0.0,19.39,21.06,21.59,,21.59,-10.0,1.25,1.21,1.33
203.56379222869873,30,0.0,19.39,21.06,21.56,,21.56,-10.0,1.25,1.2,1.33
204.07815432548523,30,0.0,19.39,21.06,21.56,,21.56,-10.0,1.25,1.2,1.33
204.57880997657776,30,0.0,19.39,21.06,21.56,,21.56,-10.0,1.25,1.2,1.33
205.07803535461426,30,0.0,19.39,21.06,21.56,,21.56,-10.0,1.25,1.2,1.33
205.57865190505981,30,0.0,19.39,21.06,21.56,,21.56,-10.0,1.25,1.2,1.33
206.07913422584534,30,0.0,19.39,21.06,21.56,,21.56,-10.0,1.25,1.2,1.32
206.57747268676758,30,0.0,19.39,21.03,21.52,,21.52,-10.0,1.25,1.2,1.32
207.07508540153503,30,0.0,19.39,21.03,21.52,,21.52,-10.0,1.25,1.2,1.32
207.57515501976013,30,0.0,19.39,21.03,21.52,,21.52,-10.0,1.25,1.2,1.32
208.0888533592224,30,0.0,19.39,21.03,21.52,,21.52,-10.0,1.25,1.2,1.32
208.57644271850586,30,0.0,19.39,21.03,21.52,,21.52,-10.0,1.25,1.2,1.32
209.0903241634369,30,0.0,19.39,21.03,21.49,,21.49,-10.0,1.25,1.2,1.32
209.59154057502747,30,0.0,19.39,21.03,21.49,,21.49,-10.0,1.25,1.2,1.32
210.0905294418335,30,0.0,19.39,21.03,21.49,,21.49,-10.0,1.25,1.19,1.32
210.58777356147766,30,0.0,19.39,21.03,21.49,,21.49,-10.0,1.25,1.2,1.32
211.08746671676636,30,0.0,19.39,20.99,21.49,,21.49,-10.0,1.25,1.19,1.32
211.59120678901672,30,0.0,19.39,20.99,21.49,,21.49,-10.0,1.25,1.19,1.32
212.0950276851654,30,0.0,19.35,20.99,21.49,,21.49,-10.0,1.25,1.19,1.32
212.58834290504456,30,0.0,19.35,20.99,21.45,,21.45,-10.0,1.25,1.19,1.32
213.1005289554596,30,0.0,19.39,20.99,21.49,,21.49,-10.0,1.25,1.19,1.31
213.5995578765869,30,0.0,19.35,20.99,21.45,,21.45,-10.0,1.25,1.19,1.31
214.09696912765503,30,0.0,19.35,20.99,21.45,,21.45,-10.0,1.25,1.19,1.31
214.59420466423035,30,0.0,19.35,20.99,21.45,,21.45,-10.0,1.25,1.19,1.31
215.1075472831726,30,0.0,19.35,20.99,21.45,,21.45,-10.0,1.25,1.19,1.31
215.6095952987671,30,0.0,19.35,20.96,21.45,,21.45,-10.0,1.25,1.19,1.31
216.1049952507019,30,0.0,19.35,20.96,21.45,,21.45,-10.0,1.25,1.19,1.31
216.60378241539001,30,0.0,19.35,20.96,21.45,,21.45,-10.0,1.25,1.19,1.31
217.10341095924377,30,0.0,19.3,20.96,21.45,,21.45,-10.0,1.24,1.19,1.31
217.60340881347656,30,0.0,19.3,20.96,21.45,,21.45,-10.0,1.24,1.19,1.31
218.11391639709473,30,0.0,19.3,20.96,21.45,,21.45,-10.0,1.24,1.19,1.31
218.6115243434906,30,0.0,19.3,20.96,21.41,,21.41,-10.0,1.24,1.19,1.31
219.11061191558838,30,0.0,19.3,20.96,21.41,,21.41,-10.0,1.24,1.19,1.31
219.60925555229187,30,0.0,19.3,20.96,21.41,,21.41,-10.0,1.24,1.19,1.31
220.1081371307373,30,0.0,19.3,20.96,21.41,,21.41,-10.0,1.24,1.18,1.31
220.62252140045166,30,0.0,19.26,20.93,21.41,,21.41,-10.0,1.24,1.18,1.31
221.12148213386536,30,0.0,19.26,20.93,21.41,,21.41,-10.0,1.24,1.18,1.31
221.62118673324585,30,0.0,19.26,20.93,21.41,,21.41,-10.0,1.24,1.18,1.31
222.12114334106445,30,0.0,19.26,20.93,21.38,,21.38,-10.0,1.24,1.18,1.3
222.62001609802246,30,0.0,19.26,20.93,21.38,,21.38,-10.0,1.24,1.18,1.3
223.12024354934692,30,0.0,19.26,20.93,21.38,,21.38,-10.0,1.24,1.18,1.3
223.6316521167755,30,0.0,19.26,20.93,21.38,,21.38,-10.0,1.24,1.18,1.3
224.1327028274536,30,0.0,19.26,20.93,21.38,,21.38,-10.0,1.24,1.18,1.3
224.6303412914276,30,0.0,19.26,20.93,21.38,,21.38,-10.0,1.24,1.18,1.3
225.13080954551697,30,0.0,19.26,20.89,21.34,,21.34,-10.0,1.24,1.18,1.3
225.63343405723572,30,0.0,19.21,20.89,21.34,,21.34,-10.0,1.23,1.18,1.3
226.13212633132935,30,0.0,19.21,20.89,21.34,,21.34,-10.0,1.23,1.18,1.3
226.62967920303345,30,0.0,19.21,20.89,21.34,,21.34,-10.0,1.23,1.18,1.3
227.13192057609558,30,0.0,19.21,20.89,21.34,,21.34,-10.0,1.23,1.18,1.3
227.63337469100952,30,0.0,19.21,20.86,21.34,,21.34,-10.0,1.23,1.18,1.3
228.1324441432953,30,0.0,19.21,20.86,21.34,,21.34,-10.0,1.23,1.17,1.3
228.63055801391602,30,0.0,19.21,20.86,21.34,,21.34,-10.0,1.23,1.17,1.3
229.13233733177185,30,0.0,19.21,20.86,21.31,,21.31,-10.0,1.23,1.17,1.3
229.6449477672577,30,0.0,19.21,20.86,21.31,,21.31,-10.0,1.23,1.17,1.3
230.14403200149536,30,0.0,19.21,20.86,21.31,,21.31,-10.0,1.23,1.17,1.3
230.64441394805908,30,0.0,19.21,20.86,21.31,,21.31,-10.0,1.23,1.17,1.3
231.1450605392456,30,0.0,19.21,20.82,21.31,,21.31,-10.0,1.23,1.17,1.3
231.644593000412,30,0.0,19.17,20.82,21.31,,21.31,-10.0,1.23,1.17,1.3
232.14242315292358,30,0.0,19.17,20.82,21.31,,21.31,-10.0,1.23,1.17,1.3
232.64419150352478,30,0.0,19.17,20.82,21.31,,21.31,-10.0,1.23,1.17,1.29
233.15441274642944,30,0.0,19.17,20.82,21.27,,21.27,-10.0,1.23,1.17,1.29
233.65175104141235,30,0.0,19.17,20.82,21.27,,21.27,-10.0,1.23,1.17,1.29
234.15451669692993,30,0.0,19.17,20.82,21.27,,21.27,-10.0,1.23,1.17,1.29
234.65542006492615,30,0.0,19.17,20.82,21.27,,21.27,-10.0,1.23,1.16,1.29
235.15529203414917,30,0.0,19.17,20.79,21.27,,21.27,-10.0,1.23,1.16,1.29
235.6502161026001,30,0.0,19.17,20.79,21.27,,21.27,-10.0,1.23,1.16,1.29
236.1495532989502,30,0.0,19.17,20.79,21.27,,21.27,-10.0,1.23,1.16,1.29
236.6652181148529,30,0.0,19.17,20.79,21.23,,21.23,-10.0,1.23,1.16,1.29
237.16216111183167,30,0.0,19.17,20.79,21.23,,21.23,-10.0,1.22,1.16,1.29
237.66105556488037,30,0.0,19.17,20.79,21.23,,21.23,-10.0,1.22,1.16,1.29
238.1642668247223,30,0.0,19.12,20.79,21.23,,21.23,-10.0,1.22,1.16,1.29
238.66224217414856,30,0.0,19.12,20.79,21.23,,21.23,-10.0,1.22,1.16,1.29
239.16224026679993,30,0.0,19.12,20.79,21.23,,21.23,-10.0,1.23,1.16,1.28
239.66052651405334,30,0.0,19.12,20.76,21.2,,21.2,-10.0,1.22,1.16,1.28
240.16198325157166,30,0.0,19.12,20.76,21.2,,21.2,-10.0,1.22,1.16,1.28
240.67337012290955,30,0.0,19.12,20.76,21.2,,21.2,-10.0,1.22,1.16,1.28
241.16972184181213,30,0.0,19.12,20.76,21.2,,21.2,-10.0,1.22,1.16,1.28
241.66827774047852,30,0.0,19.12,20.76,21.2,,21.2,-10.0,1.22,1.16,1.28
242.16935801506042,30,0.0,19.12,20.72,21.2,,21.2,-10.0,1.22,1.16,1.28
242.6695785522461,30,0.0,19.12,20.72,21.2,,21.2,-10.0,1.22,1.15,1.28
243.16846179962158,30,0.0,19.12,20.72,21.16,,21.16,-10.0,1.22,1.15,1.28
243.67944717407227,30,0.0,19.12,20.72,21.16,,21.16,-10.0,1.22,1.15,1.28
244.17806363105774,30,0.0,19.12,20.72,21.16,,21.16,-10.0,1.22,1.15,1.28
244.67614793777466,30,0.0,19.12,20.72,21.16,,21.16,-10.0,1.22,1.15,1.28
245.1750967502594,30,0.0,19.12,20.72,21.16,,21.16,-10.0,1.22,1.15,1.28
245.6755015850067,30,0.0,19.08,20.72,21.16,,21.16,-10.0,1.22,1.15,1.28
246.19011545181274,30,0.0,19.08,20.72,21.16,,21.16,-10.0,1.22,1.15,1.28
246.6896891593933,30,0.0,19.08,20.72,21.16,,21.16,-10.0,1.22,1.15,1.28
247.1888518333435,30,0.0,19.08,20.72,21.16,,21.16,-10.0,1.22,1.15,1.28
247.68517231941223,30,0.0,19.08,20.69,21.13,,21.13,-10.0,1.22,1.15,1.27
248.1834101676941,30,0.0,19.08,20.69,21.13,,21.13,-10.0,1.22,1.15,1.27
248.697350025177,30,0.0,19.08,20.69,21.13,,21.13,-10.0,1.22,1.15,1.27
249.1983299255371,30,0.0,19.08,20.69,21.13,,21.13,-10.0,1.22,1.15,1.27
249.69870328903198,30,0.0,19.08,20.69,21.13,,21.13,-10.0,1.22,1.15,1.27
250.1986527442932,30,0.0,19.08,20.69,21.13,,21.13,-10.0,1.22,1.15,1.27
250.6978898048401,30,0.0,19.08,20.69,21.13,,21.13,-10.0,1.22,1.15,1.27
251.19916534423828,30,0.0,19.03,20.69,21.13,,21.13,-10.0,1.21,1.15,1.27
251.69933032989502,30,0.0,19.03,20.69,21.13,,21.13,-10.0,1.21,1.15,1.27
252.19933986663818,30,0.0,19.03,20.69,21.13,,21.13,-10.0,1.21,1.15,1.27
252.69989848136902,30,0.0,19.03,20.69,21.13,,21.13,-10.0,1.21,1.15,1.27
253.19907593727112,30,0.0,19.03,20.69,21.13,,21.13,-10.0,1.21,1.14,1.27
253.70223665237427,30,0.0,19.03,20.66,21.09,,21.09,-10.0,1.21,1.14,1.27
254.20146989822388,30,0.0,19.03,20.69,21.09,,21.09,-10.0,1.21,1.14,1.27
254.7012495994568,30,0.0,19.03,20.66,21.09,,21.09,-10.0,1.21,1.14,1.27
255.21525931358337,30,0.0,19.03,20.66,21.09,,21.09,-10.0,1.21,1.14,1.27
255.71162581443787,30,0.0,19.03,20.66,21.09,,21.09,-10.0,1.21,1.14,1.27
256.21111845970154,30,0.0,19.03,20.66,21.09,,21.09,-10.0,1.21,1.14,1.27
256.71327471733093,30,0.0,19.03,20.66,21.09,,21.09,-10.0,1.21,1.14,1.27
257.2122793197632,30,0.0,18.99,20.66,21.09,,21.09,-10.0,1.21,1.14,1.27
257.7120897769928,30,0.0,19.03,20.66,21.09,,21.09,-10.0,1.21,1.14,1.26
258.21113181114197,30,0.0,18.99,20.66,21.05,,21.05,-10.0,1.21,1.14,1.26
258.71156334877014,30,0.0,18.99,20.62,21.05,,21.05,-10.0,1.21,1.14,1.26
259.22489762306213,30,0.0,19.03,20.62,21.05,,21.05,-10.0,1.21,1.14,1.26
259.7242019176483,30,0.0,18.99,20.62,21.05,,21.05,-10.0,1.21,1.14,1.26
260.2245330810547,30,0.0,18.99,20.62,21.05,,21.05,-10.0,1.21,1.14,1.26
260.7201442718506,30,0.0,18.99,20.62,21.05,,21.05,-10.0,1.21,1.14,1.26
261.22105598449707,30,0.0,18.99,20.62,21.05,,21.05,-10.0,1.21,1.14,1.26
261.7210214138031,30,0.0,18.99,20.62,21.05,,21.05,-10.0,1.21,1.14,1.26
262.2203326225281,30,0.0,18.99,20.62,21.05,,21.05,-10.0,1.21,1.14,1.26
262.73241114616394,30,0.0,18.99,20.62,21.02,,21.02,-10.0,1.21,1.14,1.26
263.23250365257263,30,0.0,18.99,20.59,21.02,,21.02,-10.0,1.21,1.13,1.26
263.73215103149414,30,0.0,18.99,20.59,21.02,,21.02,-10.0,1.21,1.13,1.26
264.23262572288513,30,0.0,18.99,20.59,21.02,,21.02,-10.0,1.21,1.13,1.26
264.73134994506836,30,0.0,18.99,20.59,21.02,,21.02,-10.0,1.21,1.13,1.26
265.2300503253937,30,0.0,18.99,20.59,21.02,,21.02,-10.0,1.21,1.13,1.26
265.7428557872772,30,0.0,18.99,20.59,21.02,,21.02,-10.0,1.21,1.13,1.26
266.2296841144562,30,0.0,18.99,20.59,21.02,,21.02,-10.0,1.21,1.13,1.26
266.7416124343872,30,0.0,18.99,20.59,21.02,,21.02,-10.0,1.21,1.13,1.26
267.23855423927307,30,0.0,18.94,20.59,20.98,,20.98,-10.0,1.21,1.13,1.25
267.74101185798645,30,0.0,18.99,20.59,20.98,,20.98,-10.0,1.21,1.13,1.25
268.23878264427185,30,0.0,18.99,20.59,20.98,,20.98,-10.0,1.21,1.13,1.25
268.73871183395386,30,0.0,18.94,20.55,20.98,,20.98,-10.0,1.2,1.13,1.25
269.2378001213074,30,0.0,18.94,20.55,20.98,,20.98,-10.0,1.2,1.13,1.25
269.7526857852936,30,0.0,18.94,20.55,20.98,,20.98,-10.0,1.2,1.13,1.25
270.2528212070465,30,0.0,18.94,20.55,20.98,,20.98,-10.0,1.2,1.13,1.25
270.7523036003113,30,0.0,18.94,20.55,20.98,,20.98,-10.0,1.2,1.13,1.25
271.2489137649536,30,0.0,18.94,20.55,20.98,,20.98,-10.0,1.2,1.13,1.25
271.7487289905548,30,0.0,18.94,20.55,20.98,,20.98,-10.0,1.2,1.13,1.25
272.2472302913666,30,0.0,18.94,20.55,20.98,,20.98,-10.0,1.2,1.13,1.25
272.7477991580963,30,0.0,18.94,20.52,20.98,,20.98,-10.0,1.2,1.13,1.25
273.2600347995758,30,0.0,18.94,20.55,20.98,,20.98,-10.0,1.2,1.13,1.25
273.7585244178772,30,0.0,18.94,20.52,20.98,,20.98,-10.0,1.2,1.12,1.25
274.25729393959045,30,0.0,18.94,20.52,20.98,,20.98,-10.0,1.2,1.12,1.25
274.7569422721863,30,0.0,18.94,20.52,20.98,,20.98,-10.0,1.2,1.12,1.25
275.2594919204712,30,0.0,18.94,20.52,20.98,,20.98,-10.0,1.2,1.12,1.25
275.7601385116577,30,0.0,18.94,20.52,20.98,,20.98,-10.0,1.2,1.12,1.25
276.2594795227051,30,0.0,18.9,20.52,20.98,,20.98,-10.0,1.2,1.12,1.25
276.7696831226349,30,0.0,18.9,20.52,20.95,,20.95,-10.0,1.2,1.12,1.25
277.2736141681671,30,0.0,18.9,20.52,20.95,,20.95,-10.0,1.2,1.12,1.25
277.7718734741211,30,0.0,18.9,20.52,20.95,,20.95,-10.0,1.2,1.12,1.25
278.2719237804413,30,0.0,18.9,20.52,20.91,,20.91,-10.0,1.2,1.12,1.24
278.77332067489624,30,0.0,18.9,20.52,20.91,,20.91,-10.0,1.2,1.12,1.24
279.2715973854065,30,0.0,18.9,20.52,20.91,,20.91,-10.0,1.2,1.12,1.24
279.7717912197113,30,0.0,18.9,20.52,20.91,,20.91,-10.0,1.2,1.12,1.24
280.26970314979553,30,0.0,18.9,20.52,20.91,,20.91,-10.0,1.2,1.12,1.24
280.76982522010803,30,0.0,18.9,20.49,20.91,,20.91,-10.0,1.2,1.12,1.24
281.26971411705017,30,0.0,18.9,20.49,20.91,,20.91,-10.0,1.2,1.12,1.24
281.7808241844177,30,0.0,18.9,20.49,20.91,,20.91,-10.0,1.2,1.12,1.24
282.2822642326355,30,0.0,18.9,20.49,20.91,,20.91,-10.0,1.2,1.12,1.24
282.7821960449219,30,0.0,18.9,20.49,20.91,,20.91,-10.0,1.2,1.12,1.24
283.2783055305481,30,0.0,18.9,20.49,20.91,,20.91,-10.0,1.2,1.12,1.24
283.7953839302063,30,0.0,18.9,20.49,20.87,,20.87,-10.0,1.19,1.12,1.24
284.2902600765228,30,0.0,18.9,20.49,20.91,,20.91,-10.0,1.19,1.12,1.24
284.78990364074707,30,0.0,18.9,20.49,20.87,,20.87,-10.0,1.19,1.12,1.24
285.2904393672943,30,0.0,18.85,20.49,20.87,,20.87,-10.0,1.19,1.12,1.24
285.7907657623291,30,0.0,18.85,20.45,20.87,,20.87,-10.0,1.19,1.12,1.24
286.2846450805664,30,0.0,18.85,20.45,20.87,,20.87,-10.0,1.19,1.11,1.24
286.7848997116089,30,0.0,18.85,20.45,20.87,,20.87,-10.0,1.19,1.11,1.24
287.2971775531769,30,0.0,18.85,20.45,20.87,,20.87,-10.0,1.19,1.11,1.24
287.7969796657562,30,0.0,18.85,20.45,20.87,,20.87,-10.0,1.19,1.11,1.24
288.2975459098816,30,0.0,18.85,20.45,20.87,,20.87,-10.0,1.19,1.11,1.24
288.7950325012207,30,0.0,18.85,20.45,20.87,,20.87,-10.0,1.19,1.11,1.24
289.2929832935333,30,0.0,18.85,20.45,20.87,,20.87,-10.0,1.19,1.11,1.24
289.8046989440918,30,0.0,18.85,20.45,20.87,,20.87,-10.0,1.19,1.11,1.24
290.30309796333313,30,0.0,18.85,20.45,20.87,,20.87,-10.0,1.19,1.11,1.23
290.80235385894775,30,0.0,18.85,20.45,20.84,,20.84,-10.0,1.19,1.11,1.23
291.30195903778076,30,0.0,18.85,20.45,20.84,,20.84,-10.0,1.19,1.11,1.23
291.8033504486084,30,0.0,18.81,20.45,20.84,,20.84,-10.0,1.19,1.11,1.23
292.30178713798523,30,0.0,18.85,20.45,20.84,,20.84,-10.0,1.19,1.11,1.23
292.8007218837738,30,0.0,18.81,20.42,20.84,,20.84,-10.0,1.19,1.11,1.23
293.3122413158417,30,0.0,18.85,20.42,20.84,,20.84,-10.0,1.19,1.11,1.23
293.8082935810089,30,0.0,18.81,20.42,20.84,,20.84,-10.0,1.19,1.11,1.23
294.30431175231934,30,0.0,18.81,20.42,20.84,,20.84,-10.0,1.19,1.11,1.23
294.806086063385,30,0.0,18.81,20.42,20.84,,20.84,-10.0,1.19,1.11,1.23
295.3194844722748,30,0.0,18.81,20.42,20.84,,20.84,-10.0,1.19,1.11,1.23
295.81858015060425,30,0.0,18.81,20.42,20.8,,20.8,-10.0,1.19,1.11,1.23
296.31502890586853,30,0.0,18.81,20.42,20.84,,20.84,-10.0,1.19,1.11,1.23
296.81438088417053,30,0.0,18.81,20.42,20.8,,20.8,-10.0,1.19,1.11,1.23
297.3160901069641,30,0.0,18.81,20.42,20.8,,20.8,-10.0,1.19,1.11,1.23
297.815945148468,30,0.0,18.81,20.42,20.8,,20.8,-10.0,1.19,1.11,1.23
298.32869243621826,30,0.0,18.81,20.39,20.8,,20.8,-10.0,1.19,1.1,1.23
298.8265266418457,30,0.0,18.81,20.39,20.8,,20.8,-10.0,1.19,1.1,1.23
299.3261160850525,30,0.0,18.81,20.39,20.8,,20.8,-10.0,1.19,1.1,1.23
299.8241021633148,30,0.0,18.81,20.39,20.8,,20.8,-10.0,1.19,1.1,1.23
300.3249533176422,30,0.0,18.81,20.39,20.8,,20.8,-10.0,1.19,1.1,1.23
300.82367277145386,30,0.0,18.81,20.39,20.8,,20.8,-10.0,1.19,1.1,1.23
301.32447361946106,30,0.0,18.81,20.39,20.8,,20.8,-10.0,1.19,1.1,1.23
301.8388183116913,30,0.0,18.81,20.39,20.8,,20.8,-10.0,1.19,1.1,1.22
302.3383617401123,30,0.0,18.76,20.39,20.8,,20.8,-10.0,1.19,1.1,1.22
302.83811712265015,30,0.0,18.76,20.39,20.76,,20.76,-10.0,1.19,1.1,1.23
303.33601570129395,30,0.0,18.76,20.39,20.76,,20.76,-10.0,1.19,1.1,1.22
303.83276200294495,30,0.0,18.76,20.39,20.76,,20.76,-10.0,1.18,1.1,1.22
304.33246994018555,30,0.0,18.76,20.39,20.8,,20.8,-10.0,1.18,1.1,1.22
304.8336009979248,30,0.0,18.76,20.39,20.8,,20.8,-10.0,1.18,1.1,1.22
305.3473210334778,30,0.0,18.76,20.39,20.76,,20.76,-10.0,1.18,1.1,1.22
305.84629487991333,30,0.0,18.76,20.39,20.76,,20.76,-10.0,1.18,1.1,1.22
306.3438529968262,30,0.0,18.76,20.35,20.76,,20.76,-10.0,1.18,1.1,1.22
306.8426294326782,30,0.0,18.76,20.35,20.76,,20.76,-10.0,1.18,1.1,1.22
307.34074330329895,30,0.0,18.76,20.35,20.76,,20.76,-10.0,1.18,1.1,1.22
307.8524339199066,30,0.0,18.76,20.35,20.76,,20.76,-10.0,1.18,1.1,1.22
308.35037326812744,30,0.0,18.76,20.35,20.76,,20.76,-10.0,1.18,1.1,1.22
308.85239934921265,30,0.0,18.76,20.35,20.76,,20.76,-10.0,1.18,1.1,1.22
309.35107469558716,30,0.0,18.76,20.35,20.76,,20.76,-10.0,1.18,1.1,1.22
309.8523395061493,30,0.0,18.76,20.35,20.76,,20.76,-10.0,1.18,1.1,1.22
310.35309624671936,30,0.0,18.76,20.35,20.76,,20.76,-10.0,1.18,1.1,1.22
310.85114455223083,30,0.0,18.76,20.35,20.76,,20.76,-10.0,1.18,1.1,1.22
311.3514597415924,30,0.0,18.76,20.35,20.76,,20.76,-10.0,1.18,1.1,1.22
311.86463832855225,30,0.0,18.76,20.35,20.76,,20.76,-10.0,1.18,1.1,1.22
312.36497259140015,30,0.0,18.76,20.35,20.76,,20.76,-10.0,1.18,1.1,1.22
312.8650553226471,30,0.0,18.76,20.32,20.73,,20.73,-10.0,1.18,1.1,1.22
313.36270689964294,30,0.0,18.76,20.35,20.73,,20.73,-10.0,1.18,1.09,1.22
313.85963582992554,30,0.0,18.76,20.32,20.73,,20.73,-10.0,1.18,1.09,1.22
314.36004757881165,30,0.0,18.76,20.32,20.73,,20.73,-10.0,1.18,1.09,1.22
314.91798973083496,30,0.0,18.76,20.32,20.73,,20.73,-10.0,1.18,1.09,1.22
315.3637614250183,30,0.0,18.72,20.32,20.73,,20.73,-10.0,1.18,1.09,1.22
315.87015104293823,30,0.0,18.72,20.32,20.73,,20.73,-10.0,1.18,1.09,1.22
316.3677191734314,30,0.0,18.72,20.32,20.73,,20.73,-10.0,1.18,1.09,1.22
316.8678152561188,30,0.0,18.72,20.32,20.73,,20.73,-10.0,1.18,1.09,1.22
317.36712551116943,30,0.0,18.72,20.32,20.69,,20.69,-10.0,1.18,1.09,1.22
317.88163709640503,30,0.0,18.72,20.32,20.73,,20.73,-10.0,1.18,1.09,1.21
318.36836886405945,30,0.0,18.72,20.32,20.69,,20.69,-10.0,1.18,1.09,1.21
318.8770282268524,30,0.0,18.72,20.32,20.69,,20.69,-10.0,1.18,1.09,1.21
319.3739664554596,30,0.0,18.72,20.32,20.69,,20.69,-10.0,1.18,1.09,1.21
319.8749489784241,30,0.0,18.72,20.28,20.69,,20.69,-10.0,1.18,1.09,1.21
320.3750653266907,30,0.0,18.72,20.28,20.69,,20.69,-10.0,1.18,1.09,1.21
320.88643074035645,30,0.0,18.72,20.28,20.69,,20.69,-10.0,1.18,1.09,1.21
321.3845274448395,30,0.0,18.72,20.28,20.69,,20.69,-10.0,1.18,1.09,1.21
321.87872409820557,30,0.0,18.72,20.28,20.69,,20.69,-10.0,1.18,1.09,1.21
322.3794322013855,30,0.0,18.72,20.28,20.69,,20.69,-10.0,1.18,1.09,1.21
322.89562582969666,30,0.0,18.72,20.28,20.69,,20.69,-10.0,1.18,1.09,1.21
323.3947126865387,30,0.0,18.72,20.28,20.69,,20.69,-10.0,1.18,1.09,1.21
323.89290404319763,30,0.0,18.72,20.28,20.69,,20.69,-10.0,1.18,1.09,1.21
324.39794659614563,30,0.0,18.72,20.28,20.66,,20.66,-10.0,1.18,1.09,1.21
324.89753794670105,30,0.0,18.72,20.28,20.66,,20.66,-10.0,1.18,1.09,1.21
325.3988227844238,30,0.0,18.72,20.28,20.66,,20.66,-10.0,1.18,1.09,1.21
325.90094327926636,30,0.0,18.72,20.28,20.66,,20.66,-10.0,1.18,1.09,1.21
326.3976445198059,30,0.0,18.72,20.28,20.66,,20.66,-10.0,1.18,1.09,1.21
326.8955204486847,30,0.0,18.72,20.28,20.66,,20.66,-10.0,1.18,1.09,1.21
327.3965690135956,30,0.0,18.72,20.28,20.66,,20.66,-10.0,1.18,1.09,1.21
327.8954210281372,30,0.0,18.72,20.28,20.66,,20.66,-10.0,1.17,1.09,1.21
328.3973090648651,30,0.0,18.72,20.28,20.66,,20.66,-10.0,1.18,1.09,1.21
328.89940452575684,30,0.0,18.72,20.28,20.66,,20.66,-10.0,1.18,1.09,1.21
329.4016008377075,30,0.0,18.72,20.28,20.66,,20.66,-10.0,1.18,1.09,1.21
329.9014837741852,30,0.0,18.67,20.25,20.66,,20.66,-10.0,1.17,1.09,1.21
330.4122796058655,30,0.0,18.67,20.25,20.66,,20.66,-10.0,1.18,1.09,1.21
330.91274666786194,30,0.0,18.67,20.25,20.66,,20.66,-10.0,1.18,1.09,1.21
331.4116847515106,30,0.0,18.67,20.25,20.62,,20.62,-10.0,1.18,1.09,1.2
331.9122061729431,30,0.0,18.67,20.25,20.62,,20.62,-10.0,1.18,1.09,1.2
332.4125511646271,30,0.0,18.67,20.25,20.62,,20.62,-10.0,1.17,1.09,1.2
332.91060972213745,30,0.0,18.67,20.25,20.62,,20.62,-10.0,1.17,1.09,1.2
333.4092929363251,30,0.0,18.67,20.25,20.62,,20.62,-10.0,1.17,1.09,1.2
333.92239928245544,30,0.0,18.67,20.25,20.62,,20.62,-10.0,1.17,1.09,1.2
334.4249277114868,30,0.0,18.67,20.25,20.62,,20.62,-10.0,1.17,1.09,1.2
334.9218842983246,30,0.0,18.67,20.25,20.62,,20.62,-10.0,1.17,1.09,1.2
335.4203245639801,30,0.0,18.67,20.25,20.62,,20.62,-10.0,1.17,1.09,1.2
335.9198143482208,30,0.0,18.67,20.25,20.62,,20.62,-10.0,1.17,1.08,1.2
336.4185676574707,30,0.0,18.67,20.22,20.62,,20.62,-10.0,1.17,1.08,1.2
336.93124532699585,30,0.0,18.67,20.22,20.62,,20.62,-10.0,1.17,1.08,1.2
337.43212366104126,30,0.0,18.67,20.22,20.62,,20.62,-10.0,1.17,1.08,1.2
337.930939912796,30,0.0,18.67,20.22,20.58,,20.58,-10.0,1.17,1.08,1.2
338.4299068450928,30,0.0,18.67,20.22,20.58,,20.58,-10.0,1.17,1.08,1.2
338.9306318759918,30,0.0,18.67,20.22,20.58,,20.58,-10.0,1.17,1.08,1.2
339.43180322647095,30,0.0,18.67,20.22,20.58,,20.58,-10.0,1.17,1.08,1.2
339.9303684234619,30,0.0,18.67,20.22,20.58,,20.58,-10.0,1.17,1.08,1.2
340.42869448661804,30,0.0,18.67,20.22,20.58,,20.58,-10.0,1.17,1.08,1.2
340.92835235595703,30,0.0,18.67,20.22,20.58,,20.58,-10.0,1.17,1.08,1.2
341.4434759616852,30,0.0,18.63,20.22,20.58,,20.58,-10.0,1.17,1.08,1.2
341.94432854652405,30,0.0,18.63,20.22,20.58,,20.58,-10.0,1.17,1.08,1.2
342.4406740665436,30,0.0,18.63,20.22,20.58,,20.58,-10.0,1.17,1.08,1.2
342.9398100376129,30,0.0,18.63,20.22,20.58,,20.58,-10.0,1.17,1.08,1.2
343.4354832172394,30,0.0,18.67,20.22,20.58,,20.58,-10.0,1.17,1.08,1.2
343.94997692108154,30,0.0,18.67,20.22,20.58,,20.58,-10.0,1.17,1.08,1.2
344.4450466632843,30,0.0,18.63,20.22,20.58,,20.58,-10.0,1.17,1.08,1.2
344.9412667751312,30,0.0,18.63,20.18,20.58,,20.58,-10.0,1.17,1.08,1.2
345.44279313087463,30,0.0,18.63,20.22,20.58,,20.58,-10.0,1.17,1.08,1.2
345.9433710575104,30,0.0,18.63,20.18,20.58,,20.58,-10.0,1.17,1.08,1.2
346.4429452419281,30,0.0,18.63,20.18,20.58,,20.58,-10.0,1.17,1.08,1.2
346.9588072299957,30,0.0,18.63,20.18,20.55,,20.55,-10.0,1.17,1.08,1.19
347.4550268650055,30,0.0,18.63,20.18,20.55,,20.55,-10.0,1.17,1.08,1.2
347.9537658691406,30,0.0,18.63,20.18,20.55,,20.55,-10.0,1.17,1.08,1.19
348.4628007411957,30,0.0,18.63,20.18,20.55,,20.55,-10.0,1.17,1.08,1.19
348.96121191978455,30,0.0,18.63,20.18,20.58,,20.58,-10.0,1.17,1.08,1.19
349.46419644355774,30,0.0,18.63,20.18,20.55,,20.55,-10.0,1.17,1.08,1.19
349.95179295539856,30,0.0,18.63,20.18,20.55,,20.55,-10.0,1.17,1.08,1.19
350.4628429412842,30,0.0,18.63,20.18,20.55,,20.55,-10.0,1.17,1.08,1.19
350.96279311180115,30,0.0,18.63,20.18,20.55,,20.55,-10.0,1.17,1.08,1.19
351.46049785614014,30,0.0,18.63,20.18,20.55,,20.55,-10.0,1.17,1.08,1.19
351.9580044746399,30,0.0,18.63,20.18,20.55,,20.55,-10.0,1.17,1.08,1.19
352.472491979599,30,0.0,18.63,20.18,20.55,,20.55,-10.0,1.17,1.08,1.19
352.9719965457916,30,0.0,18.63,20.18,20.55,,20.55,-10.0,1.17,1.08,1.19
353.4741072654724,30,0.0,18.63,20.18,20.55,,20.55,-10.0,1.17,1.07,1.19
353.9767174720764,30,0.0,18.63,20.18,20.55,,20.55,-10.0,1.17,1.07,1.19
354.4747085571289,30,0.0,18.63,20.15,20.55,,20.55,-10.0,1.17,1.08,1.19
354.97374176979065,30,0.0,18.63,20.15,20.51,,20.51,-10.0,1.17,1.08,1.19
355.470743894577,30,0.0,18.63,20.15,20.51,,20.51,-10.0,1.17,1.07,1.19
355.96959233283997,30,0.0,18.63,20.15,20.51,,20.51,-10.0,1.17,1.07,1.19
356.48467803001404,30,0.0,18.63,20.18,20.51,,20.51,-10.0,1.17,1.07,1.19
356.981493473053,30,0.0,18.63,20.15,20.51,,20.51,-10.0,1.17,1.07,1.19
357.48329997062683,30,0.0,18.58,20.15,20.51,,20.51,-10.0,1.17,1.07,1.19
358.00050592422485,30,0.0,18.63,20.15,20.51,,20.51,-10.0,1.17,1.07,1.19
358.4823229312897,30,0.0,18.63,20.15,20.51,,20.51,-10.0,1.17,1.07,1.19
358.9806978702545,30,0.0,18.58,20.15,20.51,,20.51,-10.0,1.16,1.07,1.19
359.4843473434448,30,0.0,18.58,20.15,20.51,,20.51,-10.0,1.17,1.07,1.19
359.9833312034607,30,0.0,18.58,20.15,20.51,,20.51,-10.0,1.16,1.07,1.19
360.48623728752136,30,0.0,18.58,20.11,20.51,,20.51,-10.0,1.16,1.07,1.19
360.982216835022,30,0.0,18.58,20.15,20.51,,20.51,-10.0,1.16,1.07,1.19
361.4970667362213,30,0.0,18.58,20.11,20.51,,20.51,-10.0,1.17,1.07,1.19
361.9947826862335,30,0.0,18.58,20.11,20.51,,20.51,-10.0,1.17,1.07,1.19
362.4959223270416,30,0.0,18.58,20.11,20.51,,20.51,-10.0,1.16,1.07,1.19
362.9975588321686,30,0.0,18.63,20.15,20.51,,20.51,-10.0,1.17,1.07,1.19
363.4955198764801,30,0.0,18.58,20.11,20.51,,20.51,-10.0,1.16,1.07,1.19
363.9944529533386,30,0.0,18.63,20.11,20.51,,20.51,-10.0,1.17,1.07,1.19
364.4942739009857,30,0.0,18.63,20.11,20.51,,20.51,-10.0,1.17,1.07,1.19
364.9937033653259,30,0.0,18.63,20.11,20.48,,20.48,-10.0,1.17,1.07,1.18
365.50822591781616,30,0.0,18.63,20.11,20.51,,20.51,-10.0,1.17,1.07,1.18
366.0106852054596,30,0.0,18.63,20.11,20.51,,20.51,-10.0,1.17,1.07,1.18
366.509916305542,30,0.0,18.63,20.11,20.48,,20.48,-10.0,1.17,1.07,1.18
367.00861716270447,30,0.0,18.63,20.11,20.48,,20.48,-10.0,1.17,1.07,1.18
367.50463914871216,30,0.0,18.63,20.11,20.48,,20.48,-10.0,1.17,1.07,1.18
368.0043635368347,30,0.0,18.58,20.11,20.48,,20.48,-10.0,1.17,1.07,1.18
368.5054416656494,30,0.0,18.58,20.11,20.48,,20.48,-10.0,1.16,1.07,1.18
369.0033664703369,30,0.0,18.58,20.11,20.48,,20.48,-10.0,1.16,1.07,1.18
369.51336431503296,30,0.0,18.58,20.11,20.48,,20.48,-10.0,1.16,1.07,1.18
370.01353001594543,30,0.0,18.58,20.11,20.48,,20.48,-10.0,1.16,1.07,1.18
370.51149344444275,30,0.0,18.58,20.15,20.48,,20.48,-10.0,1.17,1.07,1.18
371.00877046585083,30,0.0,18.58,20.11,20.48,,20.48,-10.0,1.16,1.07,1.18
371.51023507118225,30,0.0,18.58,20.11,20.48,,20.48,-10.0,1.16,1.07,1.18
372.02442932128906,30,0.0,18.58,20.11,20.48,,20.48,-10.0,1.16,1.07,1.18
372.5243949890137,30,0.0,18.58,20.11,20.48,,20.48,-10.0,1.16,1.07,1.18
373.02264308929443,30,0.0,18.58,20.11,20.48,,20.48,-10.0,1.16,1.07,1.18
373.5244436264038,30,0.0,18.58,20.11,20.48,,20.48,-10.0,1.16,1.07,1.18
374.0221984386444,30,0.0,18.58,20.11,20.44,,20.44,-10.0,1.16,1.07,1.18
374.52403235435486,30,0.0,18.58,20.11,20.44,,20.44,-10.0,1.16,1.07,1.18
375.0239608287811,30,0.0,18.58,20.11,20.44,,20.44,-10.0,1.16,1.07,1.18
375.52472591400146,30,0.0,18.58,20.11,20.44,,20.44,-10.0,1.16,1.07,1.18
376.0361020565033,30,0.0,18.58,20.11,20.44,,20.44,-10.0,1.16,1.07,1.18
376.5350306034088,30,0.0,18.58,20.11,20.44,,20.44,-10.0,1.16,1.07,1.18
377.0342547893524,30,0.0,18.58,20.11,20.44,,20.44,-10.0,1.16,1.07,1.18
377.5323762893677,30,0.0,18.58,20.11,20.44,,20.44,-10.0,1.16,1.07,1.18
378.034147977829,30,0.0,18.58,20.11,20.44,,20.44,-10.0,1.16,1.06,1.18
378.5340666770935,30,0.0,18.54,20.11,20.44,,20.44,-10.0,1.16,1.07,1.18
379.02874183654785,30,0.0,18.54,20.11,20.44,,20.44,-10.0,1.16,1.06,1.18
379.544308423996,30,0.0,18.54,20.08,20.44,,20.44,-10.0,1.16,1.06,1.18
380.0432734489441,30,0.0,18.54,20.08,20.44,,20.44,-10.0,1.16,1.06,1.18
380.54271483421326,30,0.0,18.54,20.08,20.44,,20.44,-10.0,1.16,1.06,1.18
381.0392436981201,30,0.0,18.54,20.08,20.44,,20.44,-10.0,1.16,1.06,1.18
381.5394170284271,30,0.0,18.54,20.08,20.44,,20.44,-10.0,1.16,1.06,1.18
382.0418932437897,30,0.0,18.54,20.08,20.44,,20.44,-10.0,1.16,1.06,1.18
382.54209566116333,30,0.0,18.54,20.08,20.44,,20.44,-10.0,1.16,1.06,1.18
383.0429015159607,30,0.0,18.54,20.08,20.44,,20.44,-10.0,1.16,1.06,1.18
383.54171204566956,30,0.0,18.54,20.08,20.44,,20.44,-10.0,1.16,1.06,1.17
384.04270458221436,30,0.0,18.54,20.08,20.44,,20.44,-10.0,1.16,1.06,1.18
384.5617265701294,30,0.0,18.54,20.08,20.44,,20.44,-10.0,1.16,1.06,1.18
385.1444396972656,30,0.0,18.54,20.08,20.4,,20.4,-10.0,1.16,1.06,1.17
385.55541801452637,30,0.0,18.54,20.08,20.44,,20.44,-10.0,1.16,1.06,1.18
386.05527782440186,30,0.0,18.54,20.08,20.4,,20.4,-10.0,1.16,1.06,1.17
386.5580475330353,30,0.0,18.54,20.08,20.4,,20.4,-10.0,1.16,1.06,1.17
387.05834698677063,30,0.0,18.54,20.08,20.4,,20.4,-10.0,1.16,1.06,1.17
387.5564682483673,30,0.0,18.54,20.08,20.4,,20.4,-10.0,1.16,1.06,1.17
388.05674386024475,30,0.0,18.54,20.08,20.4,,20.4,-10.0,1.16,1.06,1.17
388.5697844028473,30,0.0,18.54,20.08,20.4,,20.4,-10.0,1.16,1.06,1.17
389.0670554637909,30,0.0,18.54,20.08,20.4,,20.4,-10.0,1.16,1.06,1.17
389.56861996650696,30,0.0,18.54,20.05,20.4,,20.4,-10.0,1.16,1.06,1.17
390.0668351650238,30,0.0,18.54,20.05,20.4,,20.4,-10.0,1.16,1.06,1.17
390.56503987312317,30,0.0,18.54,20.05,20.4,,20.4,-10.0,1.16,1.06,1.17
391.0662987232208,30,0.0,18.54,20.05,20.4,,20.4,-10.0,1.16,1.06,1.17
391.56655168533325,30,0.0,18.54,20.05,20.4,,20.4,-10.0,1.16,1.06,1.17
392.0659592151642,30,0.0,18.54,20.05,20.4,,20.4,-10.0,1.16,1.06,1.17
392.57909297943115,30,0.0,18.54,20.05,20.4,,20.4,-10.0,1.16,1.06,1.17
393.0781602859497,30,0.0,18.54,20.05,20.4,,20.4,-10.0,1.16,1.06,1.17
393.576340675354,30,0.0,18.54,20.05,20.4,,20.4,-10.0,1.16,1.06,1.17
394.0753993988037,30,0.0,18.54,20.05,20.4,,20.4,-10.0,1.16,1.06,1.17
394.5721356868744,30,0.0,18.54,20.05,20.4,,20.4,-10.0,1.16,1.06,1.17
395.0865058898926,30,0.0,18.54,20.05,20.4,,20.4,-10.0,1.15,1.06,1.17
395.58529138565063,30,0.0,18.54,20.05,20.4,,20.4,-10.0,1.16,1.06,1.17
396.08464908599854,30,0.0,18.54,20.05,20.4,,20.4,-10.0,1.16,1.06,1.17
396.58507442474365,30,0.0,18.5,20.05,20.37,,20.37,-10.0,1.15,1.06,1.17
397.0807008743286,30,0.0,18.5,20.05,20.37,,20.37,-10.0,1.16,1.06,1.17
397.5938124656677,30,0.0,18.5,20.05,20.37,,20.37,-10.0,1.15,1.06,1.17
398.0938003063202,30,0.0,18.5,20.05,20.37,,20.37,-10.0,1.15,1.06,1.17
398.59250950813293,30,0.0,18.5,20.01,20.37,,20.37,-10.0,1.15,1.06,1.17
399.0900740623474,30,0.0,18.5,20.01,20.37,,20.37,-10.0,1.15,1.06,1.17
399.58752512931824,30,0.0,18.5,20.01,20.37,,20.37,-10.0,1.15,1.05,1.17
400.0874180793762,30,0.0,18.5,20.01,20.37,,20.37,-10.0,1.16,1.05,1.17
400.60166907310486,30,0.0,18.5,20.05,20.37,,20.37,-10.0,1.15,1.05,1.17
401.0995228290558,30,0.0,18.5,20.01,20.37,,20.37,-10.0,1.15,1.05,1.17
401.59832525253296,30,0.0,18.5,20.01,20.37,,20.37,-10.0,1.15,1.05,1.17
402.09514260292053,30,0.0,18.5,20.01,20.37,,20.37,-10.0,1.15,1.05,1.17
402.594034910202,30,0.0,18.5,20.01,20.37,,20.37,-10.0,1.15,1.05,1.17
403.10702204704285,30,0.0,18.5,20.01,20.37,,20.37,-10.0,1.15,1.05,1.17
403.60469341278076,30,0.0,18.5,20.01,20.37,,20.37,-10.0,1.15,1.05,1.17
404.10704708099365,30,0.0,18.5,20.01,20.37,,20.37,-10.0,1.15,1.05,1.17
404.6060564517975,30,0.0,18.5,20.01,20.37,,20.37,-10.0,1.15,1.05,1.17
405.10405683517456,30,0.0,18.5,20.01,20.37,,20.37,-10.0,1.15,1.05,1.17
405.5998685359955,30,0.0,18.5,20.01,20.37,,20.37,-10.0,1.15,1.05,1.17
406.1140356063843,30,0.0,18.5,20.01,20.37,,20.37,-10.0,1.15,1.05,1.17
406.61176776885986,30,0.0,18.5,20.01,20.37,,20.37,-10.0,1.15,1.05,1.17
407.1096088886261,30,0.0,18.45,20.01,20.37,,20.37,-10.0,1.15,1.05,1.17
407.60841035842896,30,0.0,18.5,20.01,20.37,,20.37,-10.0,1.15,1.05,1.17
408.1215081214905,30,0.0,18.45,20.01,20.37,,20.37,-10.0,1.15,1.05,1.17
408.6197602748871,30,0.0,18.45,20.01,20.37,,20.37,-10.0,1.15,1.05,1.17
409.1196849346161,30,0.0,18.5,20.01,20.37,,20.37,-10.0,1.15,1.05,1.17
409.6264970302582,30,0.0,18.45,20.01,20.37,,20.37,-10.0,1.15,1.05,1.17
410.1230351924896,30,0.0,18.45,20.01,20.37,,20.37,-10.0,1.15,1.05,1.16
410.6238172054291,30,0.0,18.45,20.01,20.33,,20.33,-10.0,1.15,1.05,1.16
411.12061834335327,30,0.0,18.45,20.01,20.33,,20.33,-10.0,1.15,1.05,1.16
411.6203758716583,30,0.0,18.45,19.98,20.33,,20.33,-10.0,1.15,1.05,1.16
412.1184105873108,30,0.0,18.45,19.98,20.33,,20.33,-10.0,1.15,1.05,1.16
412.6190330982208,30,0.0,18.45,19.98,20.33,,20.33,-10.0,1.15,1.05,1.16
413.1351282596588,30,0.0,18.45,19.98,20.33,,20.33,-10.0,1.15,1.05,1.16
413.63345670700073,30,0.0,18.45,19.98,20.33,,20.33,-10.0,1.15,1.05,1.16
414.1345946788788,30,0.0,18.45,19.98,20.33,,20.33,-10.0,1.15,1.05,1.16
414.6360375881195,30,0.0,18.45,19.98,20.33,,20.33,-10.0,1.15,1.05,1.16
415.1328139305115,30,0.0,18.45,20.01,20.33,,20.33,-10.0,1.15,1.05,1.16
415.63593459129333,30,0.0,18.45,19.98,20.33,,20.33,-10.0,1.15,1.05,1.16
416.1301670074463,30,0.0,18.45,19.98,20.33,,20.33,-10.0,1.15,1.05,1.16
416.64474987983704,30,0.0,18.45,19.98,20.33,,20.33,-10.0,1.15,1.05,1.16
417.14245676994324,30,0.0,18.45,19.98,20.33,,20.33,-10.0,1.15,1.05,1.16
417.64274311065674,30,0.0,18.45,19.98,20.33,,20.33,-10.0,1.15,1.05,1.16
418.14452481269836,30,0.0,18.45,19.98,20.33,,20.33,-10.0,1.15,1.05,1.16
418.6382677555084,30,0.0,18.45,19.98,20.33,,20.33,-10.0,1.15,1.05,1.16
419.1370213031769,30,0.0,18.45,19.98,20.33,,20.33,-10.0,1.15,1.05,1.16
419.637624502182,30,0.0,18.45,19.98,20.33,,20.33,-10.0,1.15,1.05,1.16
420.1519010066986,30,0.0,18.45,19.98,20.33,,20.33,-10.0,1.15,1.05,1.16
420.65411853790283,30,0.0,18.45,19.98,20.33,,20.33,-10.0,1.15,1.05,1.16
421.19870018959045,30,0.0,18.45,19.98,20.33,,20.33,-10.0,1.15,1.05,1.16
421.64471340179443,30,0.0,18.45,19.98,20.33,,20.33,-10.0,1.15,1.05,1.16
422.15244936943054,30,0.0,18.45,19.98,20.33,,20.33,-10.0,1.15,1.05,1.16
422.6518249511719,30,0.0,18.45,19.98,20.33,,20.33,-10.0,1.15,1.05,1.16
423.1500189304352,30,0.0,18.45,19.98,20.33,,20.33,-10.0,1.15,1.05,1.16
423.6609618663788,30,0.0,18.45,19.98,20.33,,20.33,-10.0,1.15,1.05,1.16
424.157968044281,30,0.0,18.45,19.98,20.33,,20.33,-10.0,1.15,1.05,1.16
424.6574590206146,30,0.0,18.45,19.98,20.33,,20.33,-10.0,1.15,1.05,1.16
425.1550889015198,30,0.0,18.45,19.98,20.33,,20.33,-10.0,1.15,1.05,1.16
425.66715717315674,30,0.0,18.45,19.98,20.33,,20.33,-10.0,1.15,1.05,1.16
426.1611113548279,30,0.0,18.45,19.98,20.33,,20.33,-10.0,1.15,1.05,1.16
426.65919637680054,30,0.0,18.45,19.98,20.33,,20.33,-10.0,1.15,1.05,1.16
427.1631774902344,30,0.0,18.45,19.98,20.33,,20.33,-10.0,1.15,1.05,1.16
427.66218304634094,30,0.0,18.45,19.98,20.33,,20.33,-10.0,1.15,1.05,1.16
428.16108798980713,30,0.0,18.45,19.94,20.33,,20.33,-10.0,1.15,1.05,1.16
428.6754364967346,30,0.0,18.45,19.94,20.29,,20.29,-10.0,1.15,1.05,1.16
429.1714060306549,30,0.0,18.45,19.98,20.33,,20.33,-10.0,1.15,1.04,1.16
429.6712622642517,30,0.0,18.45,19.98,20.29,,20.29,-10.0,1.15,1.04,1.16
430.17171573638916,30,0.0,18.45,19.98,20.29,,20.29,-10.0,1.15,1.04,1.16
430.6669235229492,30,0.0,18.45,19.94,20.29,,20.29,-10.0,1.15,1.04,1.16
431.1826174259186,30,0.0,18.45,19.94,20.29,,20.29,-10.0,1.15,1.04,1.16
431.6703417301178,30,0.0,18.45,19.94,20.29,,20.29,-10.0,1.15,1.04,1.16
432.17167139053345,30,0.0,18.45,19.94,20.29,,20.29,-10.0,1.15,1.04,1.16
432.6729648113251,30,0.0,18.45,19.94,20.29,,20.29,-10.0,1.15,1.04,1.16
433.1752414703369,30,0.0,18.41,19.94,20.29,,20.29,-10.0,1.15,1.04,1.16
433.68795347213745,30,0.0,18.41,19.94,20.29,,20.29,-10.0,1.15,1.04,1.16
434.1839804649353,30,0.0,18.45,19.94,20.29,,20.29,-10.0,1.15,1.04,1.16
434.6891624927521,30,0.0,18.45,19.94,20.29,,20.29,-10.0,1.15,1.04,1.16
435.18717646598816,30,0.0,18.41,19.94,20.29,,20.29,-10.0,1.15,1.04,1.16
435.687561750412,30,0.0,18.41,19.94,20.29,,20.29,-10.0,1.15,1.04,1.16
436.1831557750702,30,0.0,18.41,19.94,20.29,,20.29,-10.0,1.15,1.04,1.16
436.68843507766724,30,0.0,18.41,19.94,20.29,,20.29,-10.0,1.15,1.04,1.16
437.18878722190857,30,0.0,18.45,19.94,20.29,,20.29,-10.0,1.15,1.04,1.16
437.68658328056335,30,0.0,18.45,19.91,20.29,,20.29,-10.0,1.15,1.04,1.16
438.1922709941864,30,0.0,18.45,19.91,20.29,,20.29,-10.0,1.15,1.04,1.16
438.6993029117584,30,0.0,18.45,19.91,20.29,,20.29,-10.0,1.15,1.04,1.16
439.2194890975952,30,0.0,18.45,19.91,20.29,,20.29,-10.0,1.15,1.04,1.16
439.69638085365295,30,0.0,18.45,19.91,20.29,,20.29,-10.0,1.15,1.04,1.15
440.1994740962982,30,0.0,18.45,19.91,20.26,,20.26,-10.0,1.15,1.04,1.15
440.69758701324463,30,0.0,18.45,19.91,20.26,,20.26,-10.0,1.15,1.04,1.15
441.1996455192566,30,0.0,18.45,19.91,20.26,,20.26,-10.0,1.15,1.04,1.15
441.69746351242065,30,0.0,18.45,19.91,20.26,,20.26,-10.0,1.15,1.04,1.15
442.19863867759705,30,0.0,18.45,19.91,20.26,,20.26,-10.0,1.14,1.04,1.15
442.71024799346924,30,0.0,18.45,19.91,20.26,,20.26,-10.0,1.14,1.04,1.15
443.20956230163574,30,0.0,18.41,19.91,20.26,,20.26,-10.0,1.15,1.04,1.15
443.7076745033264,30,0.0,18.45,19.91,20.26,,20.26,-10.0,1.15,1.04,1.15
444.2074499130249,30,0.0,18.45,19.91,20.26,,20.26,-10.0,1.15,1.04,1.15
444.70758414268494,30,0.0,18.41,19.91,20.26,,20.26,-10.0,1.15,1.04,1.15
445.20681166648865,30,0.0,18.41,19.91,20.26,,20.26,-10.0,1.14,1.04,1.15
445.7199475765228,30,0.0,18.41,19.91,20.26,,20.26,-10.0,1.14,1.04,1.15
446.2173502445221,30,0.0,18.41,19.91,20.26,,20.26,-10.0,1.14,1.04,1.15
446.71129631996155,30,0.0,18.41,19.91,20.26,,20.26,-10.0,1.14,1.04,1.15
447.2121481895447,30,0.0,18.41,19.91,20.26,,20.26,-10.0,1.14,1.04,1.15
447.71151518821716,30,0.0,18.41,19.91,20.26,,20.26,-10.0,1.14,1.04,1.15
448.22546195983887,30,0.0,18.41,19.91,20.26,,20.26,-10.0,1.14,1.04,1.15
448.72781229019165,30,0.0,18.41,19.91,20.26,,20.26,-10.0,1.14,1.04,1.15
449.2244362831116,30,0.0,18.41,19.91,20.26,,20.26,-10.0,1.14,1.04,1.15
449.7249023914337,30,0.0,18.41,19.91,20.26,,20.26,-10.0,1.14,1.04,1.15
450.21817994117737,30,0.0,18.41,19.91,20.26,,20.26,-10.0,1.14,1.04,1.15
450.73340487480164,30,0.0,18.41,19.91,20.26,,20.26,-10.0,1.14,1.04,1.15
451.23352122306824,30,0.0,18.41,19.91,20.26,,20.26,-10.0,1.14,1.04,1.15
451.73312878608704,30,0.0,18.41,19.91,20.26,,20.26,-10.0,1.14,1.04,1.15
452.2310161590576,30,0.0,18.41,19.91,20.26,,20.26,-10.0,1.14,1.04,1.15
452.7302279472351,30,0.0,18.41,19.91,20.26,,20.26,-10.0,1.14,1.04,1.15
453.2293863296509,30,0.0,18.41,19.91,20.26,,20.26,-10.0,1.14,1.04,1.15
453.73250818252563,30,0.0,18.41,19.91,20.26,,20.26,-10.0,1.14,1.04,1.15
454.2337989807129,30,0.0,18.41,19.91,20.26,,20.26,-10.0,1.14,1.04,1.15
454.74534273147583,30,0.0,18.41,19.91,20.26,,20.26,-10.0,1.14,1.04,1.15
455.243834733963,30,0.0,18.41,19.91,20.26,,20.26,-10.0,1.14,1.04,1.15
455.7428410053253,30,0.0,18.41,19.91,20.26,,20.26,-10.0,1.14,1.04,1.15
456.24206376075745,30,0.0,18.41,19.91,20.26,,20.26,-10.0,1.14,1.04,1.15
456.73903942108154,30,0.0,18.41,19.91,20.26,,20.26,-10.0,1.14,1.04,1.15
457.2395021915436,30,0.0,18.41,19.91,20.26,,20.26,-10.0,1.14,1.04,1.15
457.7514126300812,30,0.0,18.41,19.91,20.26,,20.26,-10.0,1.14,1.04,1.15
458.24917554855347,30,0.0,18.41,19.91,20.26,,20.26,-10.0,1.14,1.04,1.15
458.7477650642395,30,0.0,18.41,19.91,20.26,,20.26,-10.0,1.14,1.04,1.15
459.250013589859,30,0.0,18.41,19.91,20.26,,20.26,-10.0,1.14,1.04,1.15
459.7467043399811,30,0.0,18.41,19.91,20.26,,20.26,-10.0,1.14,1.04,1.15
460.2444977760315,30,0.0,18.41,19.91,20.26,,20.26,-10.0,1.14,1.04,1.15
460.75706338882446,30,0.0,18.41,19.91,20.26,,20.26,-10.0,1.14,1.04,1.15
461.2545700073242,30,0.0,18.41,19.91,20.22,,20.22,-10.0,1.14,1.04,1.15
461.75427651405334,30,0.0,18.41,19.91,20.22,,20.22,-10.0,1.14,1.04,1.15
462.25465393066406,30,0.0,18.41,19.91,20.22,,20.22,-10.0,1.14,1.04,1.15
462.7638397216797,30,0.0,18.41,19.91,20.22,,20.22,-10.0,1.14,1.04,1.15
463.2655620574951,30,0.0,18.41,19.91,20.22,,20.22,-10.0,1.14,1.04,1.15
463.76166677474976,30,0.0,18.41,19.91,20.22,,20.22,-10.0,1.14,1.04,1.15
464.25967669487,30,0.0,18.41,19.91,20.22,,20.22,-10.0,1.14,1.04,1.15
464.7720935344696,30,0.0,18.41,19.91,20.22,,20.22,-10.0,1.14,1.04,1.15
465.2724256515503,30,0.0,18.41,19.91,20.22,,20.22,-10.0,1.14,1.04,1.15
465.77155590057373,30,0.0,18.41,19.91,20.22,,20.22,-10.0,1.14,1.04,1.15
466.2720558643341,30,0.0,18.41,19.91,20.22,,20.22,-10.0,1.14,1.04,1.15
466.77214312553406,30,0.0,18.41,19.91,20.22,,20.22,-10.0,1.14,1.04,1.15
467.27368450164795,30,0.0,18.41,19.91,20.26,,20.26,-10.0,1.14,1.03,1.15
467.77293372154236,30,0.0,18.41,19.88,20.22,,20.22,-10.0,1.14,1.03,1.15
468.2726936340332,30,0.0,18.41,19.88,20.22,,20.22,-10.0,1.14,1.03,1.15
468.7708625793457,30,0.0,18.41,19.88,20.22,,20.22,-10.0,1.14,1.03,1.15
469.2703957557678,30,0.0,18.41,19.88,20.22,,20.22,-10.0,1.14,1.03,1.15
469.78385972976685,30,0.0,18.41,19.88,20.22,,20.22,-10.0,1.14,1.03,1.15
470.28218364715576,30,0.0,18.41,19.88,20.22,,20.22,-10.0,1.14,1.03,1.15
470.7789022922516,30,0.0,18.36,19.88,20.22,,20.22,-10.0,1.14,1.03,1.15
471.2749834060669,30,0.0,18.41,19.88,20.22,,20.22,-10.0,1.14,1.03,1.15
471.78156208992004,30,0.0,18.41,19.88,20.22,,20.22,-10.0,1.14,1.03,1.15
472.28315353393555,30,0.0,18.41,19.88,20.22,,20.22,-10.0,1.14,1.03,1.15
472.78108191490173,30,0.0,18.41,19.88,20.22,,20.22,-10.0,1.14,1.03,1.15
473.29386830329895,30,0.0,18.41,19.88,20.22,,20.22,-10.0,1.14,1.03,1.15
473.79390835762024,30,0.0,18.41,19.88,20.22,,20.22,-10.0,1.14,1.03,1.15
474.29302525520325,30,0.0,18.41,19.88,20.22,,20.22,-10.0,1.14,1.03,1.14
474.7907602787018,30,0.0,18.41,19.88,20.22,,20.22,-10.0,1.14,1.03,1.15
475.28986859321594,30,0.0,18.41,19.88,20.22,,20.22,-10.0,1.14,1.03,1.15
475.78857707977295,30,0.0,18.41,19.88,20.22,,20.22,-10.0,1.14,1.03,1.14
476.28819942474365,30,0.0,18.41,19.88,20.22,,20.22,-10.0,1.14,1.03,1.15
476.80006670951843,30,0.0,18.41,19.88,20.22,,20.22,-10.0,1.14,1.03,1.14
477.2986559867859,30,0.0,18.36,19.88,20.22,,20.22,-10.0,1.14,1.03,1.14
477.7994854450226,30,0.0,18.36,19.88,20.19,,20.19,-10.0,1.14,1.03,1.14
478.29658365249634,30,0.0,18.36,19.88,20.19,,20.19,-10.0,1.14,1.03,1.14
478.79515838623047,30,0.0,18.36,19.88,20.19,,20.19,-10.0,1.14,1.03,1.14
479.2980434894562,30,0.0,18.36,19.88,20.19,,20.19,-10.0,1.14,1.03,1.14
479.81180024147034,30,0.0,18.36,19.88,20.19,,20.19,-10.0,1.14,1.03,1.14
480.31169986724854,30,0.0,18.36,19.88,20.22,,20.22,-10.0,1.14,1.03,1.14
480.8126289844513,30,0.0,18.36,19.88,20.19,,20.19,-10.0,1.14,1.03,1.14
481.3118689060211,30,0.0,18.36,19.88,20.22,,20.22,-10.0,1.14,1.03,1.14
481.8159418106079,30,0.0,18.36,19.88,20.22,,20.22,-10.0,1.14,1.03,1.14
482.31576657295227,30,0.0,18.36,19.88,20.19,,20.19,-10.0,1.14,1.03,1.14
482.81611466407776,30,0.0,18.36,19.88,20.19,,20.19,-10.0,1.14,1.03,1.14
483.3162474632263,30,0.0,18.36,19.88,20.19,,20.19,-10.0,1.14,1.03,1.14
483.8170840740204,30,0.0,18.36,19.88,20.19,,20.19,-10.0,1.14,1.03,1.14
484.3217775821686,30,0.0,18.36,19.88,20.19,,20.19,-10.0,1.14,1.03,1.14
484.81696009635925,30,0.0,18.36,19.88,20.19,,20.19,-10.0,1.14,1.03,1.14
485.3217179775238,30,0.0,18.36,19.88,20.19,,20.19,-10.0,1.14,1.03,1.14
485.819885969162,30,0.0,18.36,19.88,20.19,,20.19,-10.0,1.14,1.03,1.15
486.31609535217285,30,0.0,18.36,19.88,20.19,,20.19,-10.0,1.14,1.03,1.14
486.81744480133057,30,0.0,18.36,19.88,20.19,,20.19,-10.0,1.14,1.03,1.14
487.3177742958069,30,0.0,18.36,19.88,20.19,,20.19,-10.0,1.14,1.03,1.14
487.82955980300903,30,0.0,18.36,19.88,20.19,,20.19,-10.0,1.14,1.03,1.14
488.32754135131836,30,0.0,18.36,19.88,20.19,,20.19,-10.0,1.14,1.03,1.14
488.82776069641113,30,0.0,18.36,19.88,20.19,,20.19,-10.0,1.14,1.03,1.14
489.32572865486145,30,0.0,18.36,19.88,20.19,,20.19,-10.0,1.14,1.03,1.14
489.8252875804901,30,0.0,18.36,19.84,20.19,,20.19,-10.0,1.14,1.03,1.14
490.32556438446045,30,0.0,18.36,19.84,20.19,,20.19,-10.0,1.14,1.03,1.14
490.83793592453003,30,0.0,18.41,19.88,20.19,,20.19,-10.0,1.14,1.03,1.14
491.335027217865,30,0.0,18.41,19.88,20.19,,20.19,-10.0,1.14,1.03,1.14
491.8330307006836,30,0.0,18.36,19.88,20.19,,20.19,-10.0,1.14,1.03,1.14
492.3361928462982,30,0.0,18.36,19.88,20.19,,20.19,-10.0,1.14,1.03,1.14
492.83681082725525,30,0.0,18.36,19.88,20.19,,20.19,-10.0,1.14,1.03,1.14
493.33471870422363,30,0.0,18.36,19.88,20.19,,20.19,-10.0,1.14,1.03,1.14
493.8366129398346,30,0.0,18.36,19.88,20.19,,20.19,-10.0,1.14,1.03,1.14
494.3409276008606,30,0.0,18.36,19.88,20.19,,20.19,-10.0,1.14,1.03,1.14
494.8414707183838,30,0.0,18.36,19.88,20.19,,20.19,-10.0,1.14,1.03,1.14
495.34305810928345,30,0.0,18.36,19.84,20.19,,20.19,-10.0,1.14,1.03,1.14
495.8464457988739,30,0.0,18.36,19.84,20.19,,20.19,-10.0,1.14,1.03,1.14
496.34453439712524,30,0.0,18.36,19.84,20.19,,20.19,-10.0,1.14,1.03,1.14
496.843870639801,30,0.0,18.36,19.84,20.19,,20.19,-10.0,1.14,1.03,1.14
497.34406185150146,30,0.0,18.36,19.84,20.19,,20.19,-10.0,1.14,1.03,1.14
497.8481709957123,30,0.0,18.36,19.84,20.19,,20.19,-10.0,1.14,1.03,1.14
498.35706520080566,30,0.0,18.36,19.84,20.19,,20.19,-10.0,1.14,1.03,1.14
498.8549518585205,30,0.0,18.36,19.84,20.19,,20.19,-10.0,1.14,1.03,1.14
499.3549802303314,30,0.0,18.36,19.84,20.19,,20.19,-10.0,1.14,1.03,1.14
499.8554458618164,30,0.0,18.36,19.84,20.19,,20.19,-10.0,1.14,1.03,1.14
500.3534345626831,30,0.0,18.36,19.84,20.19,,20.19,-10.0,1.14,1.03,1.14
500.86758065223694,30,0.0,18.36,19.84,20.19,,20.19,-10.0,1.14,1.03,1.14
501.36642932891846,30,0.0,18.36,19.84,20.19,,20.19,-10.0,1.14,1.03,1.14
501.86110639572144,30,0.0,18.36,19.84,20.19,,20.19,-10.0,1.14,1.03,1.14
502.36301708221436,30,0.0,18.36,19.84,20.19,,20.19,-10.0,1.14,1.03,1.14
502.89269495010376,30,0.0,18.36,19.84,20.19,,20.19,-10.0,1.14,1.03,1.14
503.35969734191895,30,0.0,18.36,19.84,20.19,,20.19,-10.0,1.14,1.03,1.14
503.87194776535034,30,0.0,18.36,19.84,20.19,,20.19,-10.0,1.14,1.03,1.14
504.3729672431946,30,0.0,18.36,19.84,20.19,,20.19,-10.0,1.14,1.03,1.14
504.868531703949,30,0.0,18.36,19.84,20.19,,20.19,-10.0,1.14,1.03,1.14
505.3680748939514,30,0.0,18.36,19.84,20.19,,20.19,-10.0,1.14,1.03,1.14
505.868159532547,30,0.0,18.36,19.84,20.19,,20.19,-10.0,1.14,1.03,1.14
506.37962913513184,30,0.0,18.36,19.84,20.19,,20.19,-10.0,1.14,1.03,1.14
506.8804295063019,30,0.0,18.36,19.84,20.19,,20.19,-10.0,1.14,1.03,1.14
507.3784530162811,30,0.0,18.36,19.84,20.19,,20.19,-10.0,1.14,1.03,1.14
507.8888657093048,30,0.0,18.36,19.84,20.19,,20.19,-10.0,1.14,1.03,1.14
508.3730013370514,30,0.0,18.36,19.84,20.19,,20.19,-10.0,1.14,1.03,1.14
508.88683438301086,30,0.0,18.36,19.84,20.19,,20.19,-10.0,1.14,1.03,1.14
509.38735127449036,30,0.0,18.36,19.84,20.19,,20.19,-10.0,1.14,1.03,1.14
509.8863892555237,30,0.0,18.36,19.84,20.15,,20.15,-10.0,1.14,1.03,1.14
510.3836727142334,30,0.0,18.36,19.84,20.19,,20.19,-10.0,1.14,1.03,1.14
510.88331747055054,30,0.0,18.36,19.84,20.19,,20.19,-10.0,1.14,1.03,1.14
511.3961646556854,30,0.0,18.36,19.84,20.19,,20.19,-10.0,1.14,1.03,1.14
511.8941078186035,30,0.0,18.36,19.84,20.15,,20.15,-10.0,1.14,1.03,1.14
512.3944120407104,30,0.0,18.36,19.84,20.15,,20.15,-10.0,1.14,1.03,1.14
512.8946273326874,30,0.0,18.36,19.84,20.15,,20.15,-10.0,1.14,1.03,1.14
513.3920555114746,30,0.0,18.36,19.84,20.15,,20.15,-10.0,1.14,1.02,1.14
513.891526222229,30,0.0,18.36,19.84,20.15,,20.15,-10.0,1.14,1.03,1.14
514.3894565105438,30,0.0,18.36,19.84,20.15,,20.15,-10.0,1.14,1.02,1.14
514.9031524658203,30,0.0,18.36,19.81,20.15,,20.15,-10.0,1.14,1.03,1.14
515.4001522064209,30,0.0,18.36,19.81,20.15,,20.15,-10.0,1.14,1.03,1.14
515.8976542949677,30,0.0,18.36,19.84,20.15,,20.15,-10.0,1.14,1.02,1.14
516.3986814022064,30,0.0,18.36,19.81,20.15,,20.15,-10.0,1.14,1.03,1.14
516.8967208862305,30,0.0,18.36,19.84,20.15,,20.15,-10.0,1.14,1.03,1.14
517.3983652591705,30,0.0,18.36,19.81,20.15,,20.15,-10.0,1.14,1.03,1.14
517.911440372467,30,0.0,18.36,19.81,20.15,,20.15,-10.0,1.14,1.02,1.14
518.4110636711121,30,0.0,18.36,19.84,20.15,,20.15,-10.0,1.14,1.02,1.14
518.9006135463715,30,0.0,18.36,19.84,20.15,,20.15,-10.0,1.14,1.02,1.14
519.4083619117737,30,0.0,18.36,19.81,20.15,,20.15,-10.0,1.14,1.02,1.14
519.9064791202545,30,0.0,18.36,19.81,20.15,,20.15,-10.0,1.14,1.02,1.14
520.4053287506104,30,0.0,18.36,19.81,20.15,,20.15,-10.0,1.14,1.02,1.14
520.9183349609375,30,0.0,18.36,19.81,20.15,,20.15,-10.0,1.14,1.02,1.14
521.4199297428131,30,0.0,18.36,19.81,20.15,,20.15,-10.0,1.14,1.02,1.14
521.9197070598602,30,0.0,18.32,19.81,20.15,,20.15,-10.0,1.14,1.02,1.14
522.4199078083038,30,0.0,18.36,19.81,20.15,,20.15,-10.0,1.14,1.02,1.14
522.9168219566345,30,0.0,18.32,19.81,20.15,,20.15,-10.0,1.14,1.02,1.14
523.4199011325836,30,0.0,18.32,19.81,20.15,,20.15,-10.0,1.14,1.02,1.14
523.9181940555573,30,0.0,18.32,19.81,20.15,,20.15,-10.0,1.14,1.02,1.14
524.4165253639221,30,0.0,18.36,19.81,20.15,,20.15,-10.0,1.13,1.02,1.14
524.9173521995544,30,0.0,18.36,19.81,20.15,,20.15,-10.0,1.14,1.02,1.14
525.4309267997742,30,0.0,18.36,19.81,20.15,,20.15,-10.0,1.13,1.02,1.13
525.9305241107941,30,0.0,18.32,19.81,20.15,,20.15,-10.0,1.14,1.02,1.13
526.431485414505,30,0.0,18.32,19.81,20.15,,20.15,-10.0,1.14,1.02,1.13
526.9296283721924,30,0.0,18.32,19.81,20.11,,20.11,-10.0,1.13,1.02,1.13
527.4271097183228,30,0.0,18.32,19.81,20.11,,20.11,-10.0,1.14,1.02,1.13
527.9252767562866,30,0.0,18.32,19.81,20.11,,20.11,-10.0,1.13,1.02,1.13
528.4391000270844,30,0.0,18.32,19.81,20.11,,20.11,-10.0,1.13,1.02,1.13
528.938259601593,30,0.0,18.32,19.81,20.11,,20.11,-10.0,1.14,1.02,1.13
529.4392371177673,30,0.0,18.32,19.81,20.11,,20.11,-10.0,1.14,1.02,1.14
529.9362885951996,30,0.0,18.32,19.81,20.11,,20.11,-10.0,1.13,1.02,1.14
530.437488079071,30,0.0,18.32,19.81,20.11,,20.11,-10.0,1.13,1.02,1.14
530.9364147186279,30,0.0,18.32,19.81,20.11,,20.11,-10.0,1.13,1.02,1.13
531.4347176551819,30,0.0,18.32,19.81,20.11,,20.11,-10.0,1.13,1.02,1.13
531.9485754966736,30,0.0,18.32,19.81,20.11,,20.11,-10.0,1.13,1.02,1.13
532.4499967098236,30,0.0,18.32,19.81,20.11,,20.11,-10.0,1.13,1.02,1.13
533.0409145355225,30,0.0,18.36,19.81,20.11,,20.11,-10.0,1.14,1.02,1.13
533.4477260112762,30,0.0,18.32,19.81,20.11,,20.11,-10.0,1.14,1.02,1.14
533.9460926055908,30,0.0,18.32,19.81,20.15,,20.15,-10.0,1.14,1.02,1.13
534.4439895153046,30,0.0,18.32,19.81,20.11,,20.11,-10.0,1.13,1.02,1.13
534.9573214054108,30,0.0,18.32,19.81,20.15,,20.15,-10.0,1.13,1.02,1.13
535.446079492569,30,0.0,18.32,19.81,20.15,,20.15,-10.0,1.13,1.02,1.13
535.9476199150085,30,0.0,18.32,19.81,20.11,,20.11,-10.0,1.13,1.02,1.13
536.4593088626862,30,0.0,18.32,19.81,20.11,,20.11,-10.0,1.13,1.02,1.14
536.9580702781677,30,0.0,18.32,19.81,20.15,,20.15,-10.0,1.13,1.02,1.13
537.453605890274,30,0.0,18.32,19.81,20.15,,20.15,-10.0,1.13,1.02,1.13
537.9577963352203,30,0.0,18.32,19.81,20.15,,20.15,-10.0,1.13,1.02,1.14
538.4524233341217,30,0.0,18.32,19.81,20.15,,20.15,-10.0,1.13,1.02,1.14
538.9672033786774,30,0.0,18.32,19.81,20.15,,20.15,-10.0,1.13,1.02,1.14
539.4686632156372,30,0.0,18.32,19.81,20.15,,20.15,-10.0,1.13,1.02,1.14
539.9656660556793,30,0.0,18.32,19.81,20.15,,20.15,-10.0,1.13,1.02,1.14
540.462468624115,30,0.0,18.32,19.81,20.15,,20.15,-10.0,1.13,1.02,1.14
540.9611885547638,30,0.0,18.32,19.81,20.15,,20.15,-10.0,1.13,1.02,1.13
541.4617865085602,30,0.0,18.32,19.81,20.15,,20.15,-10.0,1.13,1.02,1.14
541.9741439819336,30,0.0,18.32,19.81,20.11,,20.11,-10.0,1.13,1.02,1.13
542.4727032184601,30,0.0,18.32,19.81,20.11,,20.11,-10.0,1.13,1.02,1.13
542.9707188606262,30,0.0,18.32,19.81,20.15,,20.15,-10.0,1.13,1.02,1.13
543.4750399589539,30,0.0,18.32,19.81,20.11,,20.11,-10.0,1.13,1.02,1.13
543.9741406440735,30,0.0,18.32,19.81,20.11,,20.11,-10.0,1.13,1.02,1.14
544.4735379219055,30,0.0,18.32,19.81,20.11,,20.11,-10.0,1.13,1.02,1.14
544.972770690918,30,0.0,18.32,19.81,20.15,,20.15,-10.0,1.13,1.02,1.14
545.4725656509399,30,0.0,18.32,19.81,20.11,,20.11,-10.0,1.13,1.02,1.13
545.98570561409,30,0.0,18.32,19.81,20.11,,20.11,-10.0,1.13,1.02,1.13
546.4859387874603,30,0.0,18.32,19.81,20.11,,20.11,-10.0,1.13,1.02,1.13
546.9878273010254,30,0.0,18.32,19.81,20.11,,20.11,-10.0,1.13,1.02,1.13
547.4876191616058,30,0.0,18.32,19.81,20.11,,20.11,-10.0,1.13,1.02,1.13
547.990300655365,30,0.0,18.32,19.81,20.11,,20.11,-10.0,1.13,1.02,1.13
548.4897809028625,30,0.0,18.32,19.81,20.11,,20.11,-10.0,1.13,1.02,1.13
548.9868745803833,30,0.0,18.32,19.81,20.11,,20.11,-10.0,1.13,1.02,1.13
549.4831509590149,30,0.0,18.32,19.81,20.11,,20.11,-10.0,1.13,1.02,1.13
549.9869315624237,30,0.0,18.32,19.81,20.11,,20.11,-10.0,1.13,1.02,1.13
550.4888653755188,30,0.0,18.36,19.81,20.11,,20.11,-10.0,1.13,1.02,1.13
550.9896450042725,30,0.0,18.32,19.81,20.11,,20.11,-10.0,1.13,1.02,1.13
551.4889590740204,30,0.0,18.32,19.81,20.11,,20.11,-10.0,1.13,1.02,1.13
551.9902691841125,30,0.0,18.32,19.81,20.11,,20.11,-10.0,1.13,1.02,1.13
552.5041604042053,30,0.0,18.32,19.81,20.11,,20.11,-10.0,1.13,1.02,1.13
552.9924623966217,30,0.0,18.32,19.81,20.11,,20.11,-10.0,1.13,1.02,1.13
553.5066680908203,30,0.0,18.32,19.81,20.11,,20.11,-10.0,1.13,1.02,1.13
554.0065665245056,30,0.0,18.32,19.81,20.11,,20.11,-10.0,1.13,1.02,1.13
554.5044100284576,30,0.0,18.32,19.81,20.11,,20.11,-10.0,1.13,1.02,1.13
555.0039312839508,30,0.0,18.32,19.81,20.11,,20.11,-10.0,1.13,1.02,1.13
555.5004780292511,30,0.0,18.32,19.81,20.11,,20.11,-10.0,1.13,1.02,1.13
556.000385761261,30,0.0,18.32,19.81,20.11,,20.11,-10.0,1.13,1.02,1.13
556.5147604942322,30,0.0,18.32,19.81,20.11,,20.11,-10.0,1.13,1.02,1.13
557.0091638565063,30,0.0,18.32,19.81,20.11,,20.11,-10.0,1.13,1.02,1.13
557.5065176486969,30,0.0,18.32,19.81,20.11,,20.11,-10.0,1.13,1.02,1.13
558.0047962665558,30,0.0,18.32,19.81,20.11,,20.11,-10.0,1.13,1.02,1.13
558.5186157226562,30,0.0,18.32,19.77,20.11,,20.11,-10.0,1.13,1.02,1.13
559.0189063549042,30,0.0,18.32,19.77,20.11,,20.11,-10.0,1.13,1.02,1.13
559.5206847190857,30,0.0,18.27,19.77,20.11,,20.11,-10.0,1.13,1.02,1.13
560.0207459926605,30,0.0,18.32,19.77,20.11,,20.11,-10.0,1.13,1.02,1.13
560.5174400806427,30,0.0,18.32,19.77,20.11,,20.11,-10.0,1.13,1.02,1.13
561.0142505168915,30,0.0,18.32,19.77,20.11,,20.11,-10.0,1.13,1.02,1.13
561.5146677494049,30,0.0,18.32,19.81,20.11,,20.11,-10.0,1.13,1.02,1.13
562.0300188064575,30,0.0,18.32,19.77,20.11,,20.11,-10.0,1.13,1.02,1.13
562.5304119586945,30,0.0,18.32,19.81,20.11,,20.11,-10.0,1.13,1.02,1.13
563.0301315784454,30,0.0,18.32,19.81,20.11,,20.11,-10.0,1.13,1.02,1.13
563.5337507724762,30,0.0,18.32,19.77,20.11,,20.11,-10.0,1.13,1.02,1.13
564.0332727432251,30,0.0,18.32,19.77,20.11,,20.11,-10.0,1.13,1.02,1.13
564.5320827960968,30,0.0,18.32,19.77,20.11,,20.11,-10.0,1.13,1.02,1.13
565.0306875705719,30,0.0,18.32,19.77,20.11,,20.11,-10.0,1.13,1.02,1.13
565.5342745780945,30,0.0,18.32,19.81,20.11,,20.11,-10.0,1.13,1.02,1.13
566.0327379703522,30,0.0,18.27,19.77,20.11,,20.11,-10.0,1.13,1.02,1.13
566.5308902263641,30,0.0,18.27,19.77,20.11,,20.11,-10.0,1.13,1.02,1.13
567.028736114502,30,0.0,18.32,19.77,20.11,,20.11,-10.0,1.13,1.02,1.13
567.5302033424377,30,0.0,18.27,19.77,20.11,,20.11,-10.0,1.13,1.02,1.13
568.0441884994507,30,0.0,18.32,19.77,20.11,,20.11,-10.0,1.13,1.02,1.13
568.5432705879211,30,0.0,18.27,19.77,20.11,,20.11,-10.0,1.13,1.02,1.13
569.0421493053436,30,0.0,18.32,19.77,20.11,,20.11,-10.0,1.13,1.02,1.13
569.5407476425171,30,0.0,18.32,19.77,20.08,,20.08,-10.0,1.13,1.02,1.13
570.0398035049438,30,0.0,18.32,19.77,20.11,,20.11,-10.0,1.13,1.02,1.13
570.5385506153107,30,0.0,18.32,19.77,20.11,,20.11,-10.0,1.13,1.02,1.13
571.052098274231,30,0.0,18.32,19.77,20.11,,20.11,-10.0,1.13,1.02,1.13
571.550017118454,30,0.0,18.32,19.77,20.11,,20.11,-10.0,1.13,1.02,1.13
572.048083782196,30,0.0,18.32,19.77,20.11,,20.11,-10.0,1.13,1.02,1.13
572.5470304489136,30,0.0,18.32,19.77,20.11,,20.11,-10.0,1.13,1.02,1.13
573.0461251735687,30,0.0,18.32,19.77,20.11,,20.11,-10.0,1.13,1.02,1.13
573.5604524612427,30,0.0,18.32,19.77,20.11,,20.11,-10.0,1.13,1.02,1.13
574.0593557357788,30,0.0,18.32,19.77,20.11,,20.11,-10.0,1.13,1.02,1.13
574.5611519813538,30,0.0,18.32,19.77,20.08,,20.08,-10.0,1.13,1.02,1.13
575.0586431026459,30,0.0,18.32,19.77,20.11,,20.11,-10.0,1.13,1.02,1.13
575.5579721927643,30,0.0,18.32,19.77,20.11,,20.11,-10.0,1.13,1.02,1.13
576.0546505451202,30,0.0,18.32,19.77,20.08,,20.08,-10.0,1.13,1.02,1.13
576.5544950962067,30,0.0,18.27,19.77,20.08,,20.08,-10.0,1.13,1.02,1.13
577.0716094970703,30,0.0,18.27,19.77,20.08,,20.08,-10.0,1.13,1.02,1.13
577.5675580501556,30,0.0,18.32,19.77,20.08,,20.08,-10.0,1.13,1.02,1.13
578.0637154579163,30,0.0,18.32,19.77,20.11,,20.11,-10.0,1.13,1.02,1.13
578.5640645027161,30,0.0,18.32,19.77,20.11,,20.11,-10.0,1.13,1.02,1.13
579.0638842582703,30,0.0,18.32,19.77,20.11,,20.11,-10.0,1.13,1.02,1.13
579.575056552887,30,0.0,18.32,19.77,20.08,,20.08,-10.0,1.13,1.02,1.13
580.0759787559509,30,0.0,18.32,19.77,20.08,,20.08,-10.0,1.13,1.02,1.13
580.5745146274567,30,0.0,18.27,19.77,20.08,,20.08,-10.0,1.13,1.02,1.13
581.0728273391724,30,0.0,18.27,19.77,20.08,,20.08,-10.0,1.13,1.02,1.13
581.570880651474,30,0.0,18.27,19.77,20.08,,20.08,-10.0,1.13,1.02,1.13
582.0697576999664,30,0.0,18.27,19.77,20.08,,20.08,-10.0,1.13,1.02,1.13
582.5804889202118,30,0.0,18.27,19.77,20.08,,20.08,-10.0,1.13,1.02,1.13
583.0792424678802,30,0.0,18.32,19.77,20.08,,20.08,-10.0,1.13,1.02,1.13
583.5759899616241,30,0.0,18.27,19.77,20.08,,20.08,-10.0,1.13,1.02,1.13
584.0766055583954,30,0.0,18.32,19.77,20.08,,20.08,-10.0,1.13,1.02,1.13
584.5762927532196,30,0.0,18.27,19.77,20.11,,20.11,-10.0,1.13,1.02,1.13
585.0876936912537,30,0.0,18.27,19.77,20.11,,20.11,-10.0,1.13,1.02,1.13
585.5863363742828,30,0.0,18.27,19.77,20.11,,20.11,-10.0,1.13,1.02,1.13
586.0885283946991,30,0.0,18.32,19.77,20.08,,20.08,-10.0,1.13,1.02,1.13
586.5850892066956,30,0.0,18.27,19.77,20.08,,20.08,-10.0,1.13,1.02,1.13
587.0823192596436,30,0.0,18.27,19.74,20.11,,20.11,-10.0,1.13,1.02,1.13
587.5955216884613,30,0.0,18.27,19.77,20.08,,20.08,-10.0,1.13,1.02,1.13
588.0945703983307,30,0.0,18.27,19.77,20.11,,20.11,-10.0,1.13,1.01,1.13
588.5961458683014,30,0.0,18.27,19.77,20.11,,20.11,-10.0,1.13,1.02,1.13
589.1099236011505,30,0.0,18.27,19.77,20.08,,20.08,-10.0,1.13,1.01,1.13
589.595876455307,30,0.0,18.27,19.74,20.08,,20.08,-10.0,1.13,1.01,1.13
590.0959911346436,30,0.0,18.27,19.74,20.08,,20.08,-10.0,1.13,1.01,1.13
590.5937931537628,30,0.0,18.27,19.74,20.08,,20.08,-10.0,1.13,1.02,1.13
591.096156835556,30,0.0,18.27,19.74,20.08,,20.08,-10.0,1.13,1.02,1.13
591.6071105003357,30,0.0,18.27,19.74,20.08,,20.08,-10.0,1.13,1.01,1.13
592.1066491603851,30,0.0,18.27,19.77,20.08,,20.08,-10.0,1.13,1.01,1.13
592.6038720607758,30,0.0,18.27,19.77,20.08,,20.08,-10.0,1.13,1.01,1.13
593.1037096977234,30,0.0,18.27,19.74,20.08,,20.08,-10.0,1.13,1.01,1.13
593.6059308052063,30,0.0,18.32,19.74,20.08,,20.08,-10.0,1.13,1.01,1.13
594.1043906211853,30,0.0,18.27,19.74,20.08,,20.08,-10.0,1.13,1.01,1.13
594.6017320156097,30,0.0,18.32,19.74,20.08,,20.08,-10.0,1.13,1.01,1.13
595.1161901950836,30,0.0,18.27,19.77,20.08,,20.08,-10.0,1.13,1.02,1.13
595.6147956848145,30,0.0,18.27,19.77,20.08,,20.08,-10.0,1.13,1.02,1.13
596.1137092113495,30,0.0,18.32,19.77,20.08,,20.08,-10.0,1.13,1.02,1.13
596.6152093410492,30,0.0,18.27,19.74,20.08,,20.08,-10.0,1.13,1.02,1.13
597.1132256984711,30,0.0,18.32,19.77,20.08,,20.08,-10.0,1.13,1.02,1.13
597.6125364303589,30,0.0,18.32,19.77,20.08,,20.08,-10.0,1.13,1.02,1.13
598.124514579773,30,0.0,18.27,19.77,20.08,,20.08,-10.0,1.13,1.02,1.13
598.6273491382599,30,0.0,18.27,19.77,20.08,,20.08,-10.0,1.13,1.02,1.13
599.122487783432,30,0.0,18.32,19.77,20.08,,20.08,-10.0,1.13,1.02,1.13
599.6184368133545,30,0.0,18.32,19.77,20.08,,20.08,-10.0,1.13,1.02,1.13
600.1192345619202,30,0.0,18.27,19.77,20.08,,20.08,-10.0,1.13,1.02,1.13
600.6192648410797,30,0.0,18.32,19.77,20.08,,20.08,-10.0,1.13,1.02,1.13
601.1313157081604,30,0.0,18.27,19.74,20.08,,20.08,-10.0,1.13,1.02,1.13
601.6293058395386,30,0.0,18.32,19.77,20.08,,20.08,-10.0,1.13,1.02,1.13
602.1293113231659,30,0.0,18.27,19.74,20.08,,20.08,-10.0,1.13,1.02,1.13
602.6294417381287,30,0.0,18.27,19.77,20.08,,20.08,-10.0,1.13,1.02,1.13
603.1282429695129,30,0.0,18.32,19.77,20.08,,20.08,-10.0,1.13,1.01,1.13
603.6261394023895,30,0.0,18.27,19.77,20.08,,20.08,-10.0,1.13,1.02,1.13
604.1415255069733,30,0.0,18.27,19.77,20.08,,20.08,-10.0,1.13,1.02,1.13
604.6381456851959,30,0.0,18.32,19.77,20.08,,20.08,-10.0,1.13,1.01,1.13
605.1383125782013,30,0.0,18.32,19.77,20.08,,20.08,-10.0,1.13,1.02,1.13
605.6382393836975,30,0.0,18.32,19.77,20.08,,20.08,-10.0,1.13,1.02,1.13
606.1334388256073,30,0.0,18.27,19.74,20.08,,20.08,-10.0,1.13,1.01,1.13
606.6346502304077,30,0.0,18.27,19.77,20.08,,20.08,-10.0,1.13,1.01,1.13
607.1349987983704,30,0.0,18.32,19.77,20.08,,20.08,-10.0,1.13,1.01,1.13
607.6426301002502,30,0.0,18.27,19.74,20.08,,20.08,-10.0,1.13,1.01,1.13
608.1398892402649,30,0.0,18.27,19.74,20.08,,20.08,-10.0,1.13,1.02,1.13
608.6530139446259,30,0.0,18.27,19.74,20.08,,20.08,-10.0,1.13,1.01,1.13
609.1524209976196,30,0.0,18.32,19.77,20.08,,20.08,-10.0,1.13,1.01,1.13
609.6519548892975,30,0.0,18.27,19.74,20.08,,20.08,-10.0,1.13,1.01,1.13
610.1516823768616,30,0.0,18.27,19.77,20.08,,20.08,-10.0,1.13,1.02,1.13
610.6535730361938,30,0.0,18.27,19.74,20.08,,20.08,-10.0,1.13,1.02,1.13
611.1517806053162,30,0.0,18.27,19.77,20.08,,20.08,-10.0,1.13,1.02,1.13
611.6486265659332,30,0.0,18.27,19.77,20.08,,20.08,-10.0,1.13,1.01,1.13
612.1619822978973,30,0.0,18.27,19.74,20.08,,20.08,-10.0,1.13,1.01,1.13
612.6593017578125,30,0.0,18.27,19.77,20.08,,20.08,-10.0,1.13,1.01,1.13
613.1551043987274,30,0.0,18.27,19.74,20.08,,20.08,-10.0,1.13,1.01,1.13
613.6540551185608,30,0.0,18.27,19.74,20.08,,20.08,-10.0,1.13,1.01,1.13
614.1647346019745,30,0.0,18.27,19.74,20.08,,20.08,-10.0,1.13,1.01,1.13
614.6623859405518,30,0.0,18.27,19.74,20.08,,20.08,-10.0,1.13,1.01,1.13
615.1603531837463,30,0.0,18.27,19.74,20.08,,20.08,-10.0,1.13,1.01,1.13
615.6633768081665,30,0.0,18.27,19.74,20.08,,20.08,-10.0,1.13,1.01,1.13
616.1608238220215,30,0.0,18.27,19.74,20.08,,20.08,-10.0,1.13,1.01,1.13
616.6748003959656,30,0.0,18.27,19.74,20.08,,20.08,-10.0,1.13,1.01,1.13
617.172566652298,30,0.0,18.27,19.74,20.08,,20.08,-10.0,1.13,1.01,1.13
617.67231965065,30,0.0,18.27,19.74,20.08,,20.08,-10.0,1.13,1.01,1.12
618.1703970432281,30,0.0,18.27,19.74,20.08,,20.08,-10.0,1.13,1.01,1.13
618.6727857589722,30,0.0,18.27,19.74,20.08,,20.08,-10.0,1.13,1.01,1.13
619.1730303764343,30,0.0,18.27,19.74,20.08,,20.08,-10.0,1.13,1.01,1.12
619.6677622795105,30,0.0,18.27,19.74,20.08,,20.08,-10.0,1.13,1.01,1.12
620.1785137653351,30,0.0,18.27,19.74,20.08,,20.08,-10.0,1.13,1.01,1.12
620.6761915683746,30,0.0,18.27,19.74,20.04,,20.04,-10.0,1.13,1.01,1.12
621.1743004322052,30,0.0,18.27,19.74,20.04,,20.04,-10.0,1.13,1.01,1.12
621.6880855560303,30,0.0,18.27,19.74,20.04,,20.04,-10.0,1.13,1.01,1.12
622.1864454746246,30,0.0,18.27,19.74,20.04,,20.04,-10.0,1.13,1.01,1.12
622.6861882209778,30,0.0,18.27,19.74,20.04,,20.04,-10.0,1.12,1.01,1.12
623.1823971271515,30,0.0,18.27,19.74,20.04,,20.04,-10.0,1.12,1.01,1.12
623.7128493785858,30,0.0,18.27,19.74,20.04,,20.04,-10.0,1.12,1.01,1.12
624.1804800033569,30,0.0,18.27,19.74,20.04,,20.04,-10.0,1.12,1.01,1.12
624.692985534668,30,0.0,18.23,19.74,20.04,,20.04,-10.0,1.13,1.01,1.12
625.1959040164948,30,0.0,18.23,19.74,20.04,,20.04,-10.0,1.12,1.01,1.12
625.694075345993,30,0.0,18.27,19.74,20.04,,20.04,-10.0,1.12,1.01,1.12
626.1905376911163,30,0.0,18.23,19.74,20.04,,20.04,-10.0,1.12,1.01,1.12
626.6894202232361,30,0.0,18.23,19.74,20.04,,20.04,-10.0,1.13,1.01,1.12
627.1897792816162,30,0.0,18.23,19.74,20.04,,20.04,-10.0,1.12,1.01,1.12
627.7024114131927,30,0.0,18.23,19.74,20.04,,20.04,-10.0,1.13,1.01,1.12
628.2028737068176,30,0.0,18.23,19.74,20.04,,20.04,-10.0,1.13,1.01,1.12
628.6988036632538,30,0.0,18.23,19.74,20.04,,20.04,-10.0,1.13,1.01,1.12
629.1954700946808,30,0.0,18.27,19.74,20.04,,20.04,-10.0,1.12,1.01,1.12
629.694658279419,30,0.0,18.27,19.74,20.04,,20.04,-10.0,1.12,1.01,1.12
630.1962556838989,30,0.0,18.27,19.74,20.04,,20.04,-10.0,1.12,1.01,1.12
630.7117943763733,30,0.0,18.23,19.71,20.04,,20.04,-10.0,1.13,1.01,1.12
631.2137243747711,30,0.0,18.23,19.71,20.04,,20.04,-10.0,1.12,1.01,1.12
631.7019596099854,30,0.0,18.23,19.71,20.04,,20.04,-10.0,1.12,1.01,1.12
632.2165250778198,30,0.0,18.23,19.71,20.04,,20.04,-10.0,1.12,1.01,1.12
632.7041623592377,30,0.0,18.23,19.71,20.04,,20.04,-10.0,1.12,1.01,1.12
633.2180273532867,30,0.0,18.23,19.71,20.04,,20.04,-10.0,1.12,1.01,1.12
633.7176504135132,30,0.0,18.27,19.71,20.04,,20.04,-10.0,1.13,1.01,1.12
634.2181351184845,30,0.0,18.27,19.74,20.04,,20.04,-10.0,1.13,1.01,1.12
634.7167999744415,30,0.0,18.23,19.74,20.04,,20.04,-10.0,1.12,1.01,1.12
635.2146940231323,30,0.0,18.23,19.71,20.04,,20.04,-10.0,1.12,1.01,1.12
635.7125718593597,30,0.0,18.23,19.74,20.04,,20.04,-10.0,1.13,1.01,1.12
636.226044178009,30,0.0,18.23,19.74,20.04,,20.04,-10.0,1.13,1.01,1.12
636.7239944934845,30,0.0,18.23,19.71,20.04,,20.04,-10.0,1.13,1.01,1.12
637.2254796028137,30,0.0,18.23,19.71,20.04,,20.04,-10.0,1.12,1.01,1.12
637.7279002666473,30,0.0,18.27,19.71,20.04,,20.04,-10.0,1.12,1.01,1.12
638.230635881424,30,0.0,18.27,19.71,20.04,,20.04,-10.0,1.12,1.01,1.12
638.7310781478882,30,0.0,18.27,19.71,20.04,,20.04,-10.0,1.12,1.01,1.12
639.2294039726257,30,0.0,18.23,19.71,20.04,,20.04,-10.0,1.12,1.01,1.12
639.7649540901184,30,0.0,18.23,19.71,20.04,,20.04,-10.0,1.12,1.01,1.12
640.2306568622589,30,0.0,18.23,19.71,20.04,,20.04,-10.0,1.12,1.01,1.12
640.7307283878326,30,0.0,18.23,19.71,20.04,,20.04,-10.0,1.12,1.01,1.12
641.2299244403839,30,0.0,18.23,19.71,20.04,,20.04,-10.0,1.12,1.01,1.12
641.7297337055206,30,0.0,18.23,19.71,20.04,,20.04,-10.0,1.12,1.01,1.12
642.2431781291962,30,0.0,18.23,19.71,20.04,,20.04,-10.0,1.12,1.01,1.12
642.7410292625427,30,0.0,18.23,19.71,20.04,,20.04,-10.0,1.12,1.01,1.12
643.2364954948425,30,0.0,18.23,19.71,20.04,,20.04,-10.0,1.12,1.01,1.12
643.7392392158508,30,0.0,18.23,19.71,20.04,,20.04,-10.0,1.12,1.01,1.12
644.2379710674286,30,0.0,18.23,19.71,20.04,,20.04,-10.0,1.12,1.01,1.12
644.7360506057739,30,0.0,18.23,19.71,20.04,,20.04,-10.0,1.12,1.01,1.12
645.2482280731201,30,0.0,18.23,19.71,20.04,,20.04,-10.0,1.12,1.01,1.12
645.7500565052032,30,0.0,18.23,19.71,20.04,,20.04,-10.0,1.12,1.01,1.12
646.2391862869263,30,0.0,18.23,19.71,20.04,,20.04,-10.0,1.12,1.01,1.12
646.7517449855804,30,0.0,18.23,19.71,20.04,,20.04,-10.0,1.12,1.01,1.12
647.2518467903137,30,0.0,18.23,19.71,20.04,,20.04,-10.0,1.12,1.01,1.12
647.7553391456604,30,0.0,18.23,19.71,20.04,,20.04,-10.0,1.12,1.01,1.12
648.2550132274628,30,0.0,18.23,19.71,20.04,,20.04,-10.0,1.12,1.01,1.12
648.7507727146149,30,0.0,18.23,19.71,20.04,,20.04,-10.0,1.13,1.01,1.12
649.2508356571198,30,0.0,18.23,19.71,20.04,,20.04,-10.0,1.13,1.01,1.12
649.755095243454,30,0.0,18.23,19.71,20.04,,20.04,-10.0,1.13,1.01,1.12
650.2522768974304,30,0.0,18.27,19.74,20.04,,20.04,-10.0,1.13,1.01,1.12
650.7507750988007,30,0.0,18.23,19.74,20.04,,20.04,-10.0,1.13,1.01,1.12
651.2650558948517,30,0.0,18.23,19.74,20.04,,20.04,-10.0,1.13,1.01,1.12
651.7551121711731,30,0.0,18.23,19.74,20.04,,20.04,-10.0,1.12,1.01,1.12
652.2633874416351,30,0.0,18.23,19.71,20.04,,20.04,-10.0,1.12,1.01,1.12
652.7670555114746,30,0.0,18.27,19.74,20.04,,20.04,-10.0,1.12,1.01,1.12
653.2674133777618,30,0.0,18.27,19.74,20.04,,20.04,-10.0,1.12,1.01,1.12
653.768387556076,30,0.0,18.23,19.74,20.04,,20.04,-10.0,1.12,1.01,1.12
654.2683429718018,30,0.0,18.23,19.74,20.04,,20.04,-10.0,1.12,1.01,1.12
654.7645485401154,30,0.0,18.23,19.74,20.04,,20.04,-10.0,1.12,1.01,1.12
655.2676954269409,30,0.0,18.23,19.74,20.04,,20.04,-10.0,1.12,1.01,1.12
655.7760117053986,30,0.0,18.23,19.71,20.04,,20.04,-10.0,1.12,1.01,1.12
656.2783756256104,30,0.0,18.23,19.74,20.04,,20.04,-10.0,1.12,1.01,1.12
656.7773461341858,30,0.0,18.23,19.74,20.04,,20.04,-10.0,1.12,1.01,1.12
657.2756533622742,30,0.0,18.23,19.74,20.04,,20.04,-10.0,1.12,1.01,1.12
657.7754836082458,30,0.0,18.23,19.74,20.04,,20.04,-10.0,1.12,1.01,1.12
658.2776114940643,30,0.0,18.23,19.74,20.04,,20.04,-10.0,1.12,1.01,1.12
658.7780437469482,30,0.0,18.23,19.74,20.04,,20.04,-10.0,1.12,1.01,1.12
659.2832803726196,30,0.0,18.23,19.74,20.04,,20.04,-10.0,1.12,1.01,1.12
659.7815005779266,30,0.0,18.23,19.74,20.04,,20.04,-10.0,1.12,1.01,1.12
660.2757296562195,30,0.0,18.23,19.74,20.04,,20.04,-10.0,1.12,1.01,1.12
660.7904570102692,30,0.0,18.23,19.74,20.04,,20.04,-10.0,1.12,1.01,1.12
661.2929308414459,30,0.0,18.23,19.74,20.04,,20.04,-10.0,1.12,1.01,1.12
661.7799763679504,30,0.0,18.23,19.74,20.08,,20.08,-10.0,1.12,1.01,1.13
662.2924942970276,30,0.0,18.23,19.74,20.08,,20.08,-10.0,1.12,1.01,1.13
662.7927010059357,30,0.0,18.23,19.74,20.08,,20.08,-10.0,1.12,1.01,1.13
663.2933061122894,30,0.0,18.23,19.74,20.08,,20.08,-10.0,1.12,1.01,1.13
663.7939267158508,30,0.0,18.23,19.74,20.08,,20.08,-10.0,1.12,1.01,1.12
664.2949345111847,30,0.0,18.23,19.74,20.08,,20.08,-10.0,1.12,1.01,1.13
664.7903654575348,30,0.0,18.23,19.74,20.08,,20.08,-10.0,1.12,1.01,1.12
665.29052734375,30,0.0,18.23,19.74,20.08,,20.08,-10.0,1.12,1.01,1.12
665.8025479316711,30,0.0,18.23,19.74,20.04,,20.04,-10.0,1.12,1.01,1.12
666.3024568557739,30,0.0,18.23,19.74,20.04,,20.04,-10.0,1.12,1.01,1.12
666.7975361347198,30,0.0,18.23,19.74,20.04,,20.04,-10.0,1.12,1.01,1.12
667.296222448349,30,0.0,18.23,19.71,20.04,,20.04,-10.0,1.12,1.01,1.12
667.8580100536346,30,0.0,18.23,19.74,20.04,,20.04,-10.0,1.12,1.01,1.12
668.3102548122406,30,0.0,18.23,19.74,20.04,,20.04,-10.0,1.12,1.01,1.12
668.8109815120697,30,0.0,18.23,19.74,20.04,,20.04,-10.0,1.12,1.01,1.12
669.3028018474579,30,0.0,18.23,19.71,20.04,,20.04,-10.0,1.12,1.01,1.12
669.8059730529785,30,0.0,18.23,19.71,20.04,,20.04,-10.0,1.12,1.01,1.12
670.3054440021515,30,0.0,18.23,19.71,20.04,,20.04,-10.0,1.12,1.01,1.12
670.81476354599,30,0.0,18.23,19.71,20.04,,20.04,-10.0,1.12,1.01,1.12
671.3150749206543,30,0.0,18.23,19.71,20.04,,20.04,-10.0,1.12,1.01,1.12
671.8190515041351,30,0.0,18.23,19.71,20.04,,20.04,-10.0,1.12,1.01,1.12
672.317488193512,30,0.0,18.23,19.74,20.04,,20.04,-10.0,1.12,1.01,1.12
672.8435807228088,30,0.0,18.23,19.71,20.04,,20.04,-10.0,1.12,1.01,1.12
673.3260684013367,30,0.0,18.23,19.71,20.04,,20.04,-10.0,1.12,1.01,1.12
673.8217952251434,30,0.0,18.23,19.71,20.04,,20.04,-10.0,1.12,1.01,1.12
674.3211274147034,30,0.0,18.23,19.71,20.04,,20.04,-10.0,1.12,1.01,1.12
674.819757938385,30,0.0,18.23,19.74,20.04,,20.04,-10.0,1.12,1.01,1.12
675.317179441452,30,0.0,18.23,19.71,20.04,,20.04,-10.0,1.12,1.01,1.12
675.8318102359772,30,0.0,18.23,19.71,20.04,,20.04,-10.0,1.12,1.01,1.12
676.3324861526489,30,0.0,18.23,19.71,20.04,,20.04,-10.0,1.12,1.01,1.12
676.8335547447205,30,0.0,18.23,19.71,20.04,,20.04,-10.0,1.12,1.01,1.12
677.3322274684906,30,0.0,18.23,19.71,20.04,,20.04,-10.0,1.12,1.01,1.12
677.8301341533661,30,0.0,18.23,19.71,20.04,,20.04,-10.0,1.12,1.01,1.12
678.3301882743835,30,0.0,18.23,19.71,20.04,,20.04,-10.0,1.12,1.01,1.12
678.8301329612732,30,0.0,18.23,19.71,20.04,,20.04,-10.0,1.12,1.01,1.12
679.3314969539642,30,0.0,18.23,19.71,20.04,,20.04,-10.0,1.12,1.01,1.12
679.834127664566,30,0.0,18.23,19.71,20.04,,20.04,-10.0,1.12,1.01,1.12
680.3328142166138,30,0.0,18.23,19.71,20.04,,20.04,-10.0,1.12,1.01,1.12
680.8318736553192,30,0.0,18.23,19.71,20.04,,20.04,-10.0,1.12,1.01,1.12
681.3322632312775,30,0.0,18.23,19.71,20.04,,20.04,-10.0,1.12,1.01,1.12
681.8464782238007,30,0.0,18.23,19.71,20.04,,20.04,-10.0,1.12,1.01,1.12
682.3449814319611,30,0.0,18.23,19.71,20.04,,20.04,-10.0,1.12,1.01,1.12
682.8440051078796,30,0.0,18.23,19.71,20.04,,20.04,-10.0,1.12,1.01,1.12
683.3412292003632,30,0.0,18.23,19.71,20.04,,20.04,-10.0,1.12,1.01,1.12
683.8391869068146,30,0.0,18.23,19.71,20.04,,20.04,-10.0,1.12,1.01,1.12
684.3407368659973,30,0.0,18.23,19.71,20.0,,20.0,-10.0,1.12,1.01,1.12
684.8554589748383,30,0.0,18.23,19.71,20.0,,20.0,-10.0,1.12,1.01,1.12
685.3565950393677,30,0.0,18.23,19.71,20.04,,20.04,-10.0,1.12,1.01,1.12
685.8555655479431,30,0.0,18.23,19.71,20.04,,20.04,-10.0,1.12,1.01,1.12
686.3542654514313,30,0.0,18.23,19.71,20.0,,20.0,-10.0,1.12,1.01,1.12
686.8544685840607,30,0.0,18.23,19.71,20.0,,20.0,-10.0,1.12,1.01,1.12
687.351845741272,30,0.0,18.23,19.71,20.0,,20.0,-10.0,1.12,1.01,1.12
687.8524448871613,30,0.0,18.23,19.71,20.04,,20.04,-10.0,1.12,1.01,1.12
688.3549113273621,30,0.0,18.23,19.71,20.04,,20.04,-10.0,1.12,1.01,1.12
688.8553433418274,30,0.0,18.23,19.71,20.04,,20.04,-10.0,1.12,1.01,1.12
689.3574857711792,30,0.0,18.23,19.71,20.0,,20.0,-10.0,1.12,1.01,1.12
689.8553767204285,30,0.0,18.23,19.71,20.0,,20.0,-10.0,1.12,1.01,1.12
690.3565895557404,30,0.0,18.23,19.71,20.04,,20.04,-10.0,1.12,1.01,1.12
690.8610818386078,30,0.0,18.23,19.71,20.0,,20.0,-10.0,1.12,1.01,1.12
691.3596429824829,30,0.0,18.23,19.71,20.0,,20.0,-10.0,1.12,1.01,1.12
691.8740332126617,30,0.0,18.23,19.71,20.0,,20.0,-10.0,1.12,1.01,1.12
692.3720762729645,30,0.0,18.23,19.71,20.0,,20.0,-10.0,1.12,1.01,1.12
692.8691139221191,30,0.0,18.23,19.71,20.0,,20.0,-10.0,1.12,1.01,1.12
693.3684375286102,30,0.0,18.23,19.71,20.0,,20.0,-10.0,1.12,1.01,1.12
693.8692328929901,30,0.0,18.23,19.71,20.0,,20.0,-10.0,1.12,1.01,1.12
694.3803811073303,30,0.0,18.23,19.71,20.0,,20.0,-10.0,1.12,1.01,1.12
694.8785417079926,30,0.0,18.23,19.71,20.0,,20.0,-10.0,1.12,1.01,1.12
695.3777182102203,30,0.0,18.23,19.71,20.0,,20.0,-10.0,1.12,1.01,1.12
695.8776156902313,30,0.0,18.23,19.71,20.0,,20.0,-10.0,1.12,1.01,1.12
696.3761456012726,30,0.0,18.23,19.71,20.0,,20.0,-10.0,1.12,1.01,1.12
696.8741419315338,30,0.0,18.23,19.71,20.0,,20.0,-10.0,1.12,1.01,1.12
697.3882954120636,30,0.0,18.23,19.71,20.0,,20.0,-10.0,1.12,1.01,1.12
697.8861300945282,30,0.0,18.23,19.71,20.0,,20.0,-10.0,1.12,1.01,1.12
698.4156286716461,30,0.0,18.23,19.71,20.0,,20.0,-10.0,1.12,1.01,1.12
698.8833422660828,30,0.0,18.23,19.71,20.0,,20.0,-10.0,1.12,1.01,1.12
699.3832058906555,30,0.0,18.23,19.71,20.0,,20.0,-10.0,1.12,1.01,1.12
699.8818943500519,30,0.0,18.23,19.71,20.0,,20.0,-10.0,1.12,1.01,1.12
700.3960683345795,30,0.0,18.23,19.71,20.0,,20.0,-10.0,1.12,1.01,1.12
700.8980808258057,30,0.0,18.23,19.71,20.0,,20.0,-10.0,1.12,1.01,1.12
701.3975801467896,30,0.0,18.23,19.71,20.0,,20.0,-10.0,1.12,1.01,1.12
701.8954019546509,30,0.0,18.23,19.71,20.0,,20.0,-10.0,1.12,1.01,1.12
702.3971674442291,30,0.0,18.23,19.71,20.0,,20.0,-10.0,1.12,1.01,1.12
702.8954389095306,30,0.0,18.23,19.71,20.04,,20.04,-10.0,1.12,1.01,1.12
703.3990783691406,30,0.0,18.23,19.71,20.04,,20.04,-10.0,1.12,1.01,1.12
703.9004440307617,30,0.0,18.23,19.71,20.0,,20.0,-10.0,1.12,1.01,1.12
704.3998458385468,30,0.0,18.23,19.71,20.0,,20.0,-10.0,1.12,1.01,1.12
704.8973195552826,30,0.0,18.23,19.71,20.0,,20.0,-10.0,1.12,1.01,1.12
705.410786151886,30,0.0,18.23,19.71,20.0,,20.0,-10.0,1.12,1.01,1.12
705.9107892513275,30,0.0,18.23,19.71,20.0,,20.0,-10.0,1.12,1.01,1.12
706.4098813533783,30,0.0,18.23,19.71,20.0,,20.0,-10.0,1.12,1.01,1.12
706.9055349826813,30,0.0,18.23,19.71,20.0,,20.0,-10.0,1.12,1.01,1.12
707.4213869571686,30,0.0,18.23,19.71,20.0,,20.0,-10.0,1.12,1.01,1.12
707.9040615558624,30,0.0,18.23,19.71,20.0,,20.0,-10.0,1.12,1.01,1.12
708.4175202846527,30,0.0,18.23,19.71,20.0,,20.0,-10.0,1.12,1.01,1.12
708.9168155193329,30,0.0,18.23,19.71,20.0,,20.0,-10.0,1.12,1.01,1.12
709.4150261878967,30,0.0,18.23,19.71,20.0,,20.0,-10.0,1.13,1.01,1.12
709.9109172821045,30,0.0,18.23,19.71,20.0,,20.0,-10.0,1.12,1.01,1.12
710.413028717041,30,0.0,18.23,19.71,20.0,,20.0,-10.0,1.12,1.01,1.12
710.9113376140594,30,0.0,18.23,19.71,20.0,,20.0,-10.0,1.12,1.01,1.12
711.4240372180939,30,0.0,18.23,19.71,20.0,,20.0,-10.0,1.12,1.01,1.12
711.925500869751,30,0.0,18.27,19.71,20.0,,20.0,-10.0,1.12,1.01,1.12
712.4229981899261,30,0.0,18.27,19.71,20.0,,20.0,-10.0,1.12,1.01,1.12
712.9223845005035,30,0.0,18.23,19.71,20.0,,20.0,-10.0,1.12,1.01,1.12
713.4208228588104,30,0.0,18.23,19.71,20.0,,20.0,-10.0,1.12,1.01,1.12
713.9192793369293,30,0.0,18.23,19.71,20.0,,20.0,-10.0,1.12,1.01,1.12
714.4334802627563,30,0.0,18.23,19.71,20.0,,20.0,-10.0,1.12,1.01,1.12
714.932587146759,30,0.0,18.23,19.71,20.0,,20.0,-10.0,1.12,1.01,1.12
715.4328145980835,30,0.0,18.23,19.71,20.0,,20.0,-10.0,1.12,1.01,1.12
715.9320180416107,30,0.0,18.23,19.71,20.0,,20.0,-10.0,1.12,1.01,1.12
716.4320051670074,30,0.0,18.23,19.71,20.0,,20.0,-10.0,1.12,1.01,1.12
716.9301915168762,30,0.0,18.23,19.71,20.0,,20.0,-10.0,1.12,1.01,1.12
717.4424030780792,30,0.0,18.23,19.71,20.0,,20.0,-10.0,1.12,1.01,1.12
717.943382024765,30,0.0,18.23,19.71,20.0,,20.0,-10.0,1.12,1.01,1.12
718.4404330253601,30,0.0,18.23,19.71,20.0,,20.0,-10.0,1.12,1.01,1.12
718.939528465271,30,0.0,18.23,19.71,20.0,,20.0,-10.0,1.12,1.01,1.12
719.4403622150421,30,0.0,18.23,19.71,20.0,,20.0,-10.0,1.12,1.01,1.12
719.9363646507263,30,0.0,18.23,19.71,20.0,,20.0,-10.0,1.12,1.01,1.12
720.4357917308807,30,0.0,18.23,19.71,20.0,,20.0,-10.0,1.12,1.01,1.12
720.9491286277771,30,0.0,18.23,19.71,20.0,,20.0,-10.0,1.12,1.01,1.12
721.4486427307129,30,0.0,18.23,19.71,20.0,,20.0,-10.0,1.12,1.01,1.12
721.9474275112152,30,0.0,18.23,19.71,20.0,,20.0,-10.0,1.12,1.01,1.12
722.4449734687805,30,0.0,18.23,19.71,20.0,,20.0,-10.0,1.12,1.01,1.12
722.9463248252869,30,0.0,18.23,19.71,20.0,,20.0,-10.0,1.12,1.01,1.12
723.4455733299255,30,0.0,18.23,19.71,20.0,,20.0,-10.0,1.12,1.01,1.12
723.9590299129486,30,0.0,18.23,19.71,20.0,,20.0,-10.0,1.12,1.01,1.12
724.4560513496399,30,0.0,18.23,19.71,20.0,,20.0,-10.0,1.12,1.01,1.12
724.9569840431213,30,0.0,18.23,19.71,20.0,,20.0,-10.0,1.12,1.01,1.12
725.4536521434784,30,0.0,18.23,19.71,20.0,,20.0,-10.0,1.12,1.01,1.12
725.9515705108643,30,0.0,18.23,19.71,20.0,,20.0,-10.0,1.12,1.01,1.12
726.4523236751556,30,0.0,18.23,19.71,20.0,,20.0,-10.0,1.12,1.01,1.12
726.9647188186646,30,0.0,18.23,19.71,20.0,,20.0,-10.0,1.12,1.01,1.12
727.4655499458313,30,0.0,18.23,19.71,20.0,,20.0,-10.0,1.12,1.01,1.12
727.963027715683,30,0.0,18.23,19.71,20.0,,20.0,-10.0,1.12,1.01,1.12
728.4624519348145,30,0.0,18.23,19.71,20.0,,20.0,-10.0,1.12,1.01,1.12
728.9640641212463,30,0.0,18.23,19.71,20.0,,20.0,-10.0,1.12,1.01,1.12
729.4738471508026,30,0.0,18.23,19.71,20.0,,20.0,-10.0,1.12,1.01,1.12
729.9745774269104,30,0.0,18.23,19.71,20.0,,20.0,-10.0,1.12,1.01,1.12
730.4732711315155,30,0.0,18.23,19.71,20.0,,20.0,-10.0,1.12,1.01,1.12
730.9708364009857,30,0.0,18.23,19.71,20.0,,20.0,-10.0,1.12,1.01,1.12
731.4688322544098,30,0.0,18.23,19.71,20.0,,20.0,-10.0,1.12,1.01,1.12
731.9687898159027,30,0.0,18.23,19.71,20.04,,20.04,-10.0,1.12,1.01,1.12
732.4693086147308,30,0.0,18.23,19.71,20.04,,20.04,-10.0,1.12,1.01,1.12
732.9708390235901,30,0.0,18.23,19.71,20.0,,20.0,-10.0,1.12,1.01,1.12
733.4712324142456,30,0.0,18.23,19.71,20.0,,20.0,-10.0,1.12,1.01,1.12
733.9881916046143,30,0.0,18.23,19.71,20.0,,20.0,-10.0,1.12,1.01,1.12
734.4835863113403,30,0.0,18.23,19.71,20.0,,20.0,-10.0,1.12,1.01,1.12
734.9863743782043,30,0.0,18.23,19.71,20.0,,20.0,-10.0,1.12,1.01,1.12
735.4834034442902,30,0.0,18.23,19.71,20.0,,20.0,-10.0,1.12,1.01,1.12
735.9818232059479,30,0.0,18.23,19.71,20.0,,20.0,-10.0,1.12,1.01,1.12
736.4814713001251,30,0.0,18.23,19.71,20.0,,20.0,-10.0,1.12,1.01,1.12
736.9807732105255,30,0.0,18.23,19.71,20.0,,20.0,-10.0,1.12,1.01,1.12
737.4943206310272,30,0.0,18.23,19.71,20.0,,20.0,-10.0,1.12,1.01,1.12
737.9931440353394,30,0.0,18.23,19.71,20.0,,20.0,-10.0,1.12,1.01,1.12
738.4907355308533,30,0.0,18.23,19.71,20.0,,20.0,-10.0,1.12,1.01,1.12
738.9875452518463,30,0.0,18.23,19.71,20.0,,20.0,-10.0,1.12,1.01,1.12
739.4890782833099,30,0.0,18.23,19.71,20.0,,20.0,-10.0,1.12,1.01,1.12
740.002851486206,30,0.0,18.23,19.71,20.04,,20.04,-10.0,1.12,1.01,1.12
740.5004827976227,30,0.0,18.23,19.71,20.0,,20.0,-10.0,1.12,1.01,1.12
741.0000529289246,30,0.0,18.23,19.71,20.0,,20.0,-10.0,1.12,1.01,1.12
741.5011837482452,30,0.0,18.23,19.71,20.0,,20.0,-10.0,1.12,1.01,1.12
742.0356407165527,30,0.0,18.23,19.71,20.0,,20.0,-10.0,1.12,1.01,1.12
742.5046367645264,30,0.0,18.23,19.71,20.0,,20.0,-10.0,1.12,1.01,1.12
742.9998183250427,30,0.0,18.18,19.71,20.0,,20.0,-10.0,1.12,1.01,1.12
743.5025429725647,30,0.0,18.23,19.71,20.04,,20.04,-10.0,1.12,1.01,1.12
744.0006203651428,30,0.0,18.18,19.71,20.0,,20.0,-10.0,1.12,1.01,1.12
744.5008296966553,30,0.0,18.18,19.71,20.04,,20.04,-10.0,1.12,1.01,1.12
745.0156853199005,30,0.0,18.23,19.71,20.04,,20.04,-10.0,1.12,1.01,1.12
745.5128087997437,30,0.0,18.18,19.71,20.04,,20.04,-10.0,1.12,1.01,1.12
746.0111668109894,30,0.0,18.23,19.71,20.04,,20.04,-10.0,1.12,1.0,1.12
746.5107395648956,30,0.0,18.18,19.71,20.04,,20.04,-10.0,1.12,1.01,1.12
747.008770942688,30,0.0,18.18,19.71,20.04,,20.04,-10.0,1.12,1.01,1.12
747.5199108123779,30,0.0,18.18,19.71,20.04,,20.04,-10.0,1.12,1.01,1.12
748.0186502933502,30,0.0,18.18,19.71,20.0,,20.0,-10.0,1.12,1.01,1.12
748.5162422657013,30,0.0,18.18,19.71,20.04,,20.04,-10.0,1.12,1.01,1.12
749.0154829025269,30,0.0,18.18,19.71,20.04,,20.04,-10.0,1.12,1.01,1.12
749.5140345096588,30,0.0,18.18,19.71,20.04,,20.04,-10.0,1.12,1.01,1.12
750.0272126197815,30,0.0,18.18,19.71,20.04,,20.04,-10.0,1.12,1.01,1.12
750.5272371768951,30,0.0,18.18,19.71,20.04,,20.04,-10.0,1.12,1.01,1.12
751.0256190299988,30,0.0,18.18,19.71,20.04,,20.04,-10.0,1.12,1.01,1.12
751.5281739234924,30,0.0,18.18,19.71,20.04,,20.04,-10.0,1.12,1.01,1.12
752.0269606113434,30,0.0,18.18,19.71,20.04,,20.04,-10.0,1.12,1.01,1.12
752.5231311321259,30,0.0,18.18,19.71,20.04,,20.04,-10.0,1.12,1.01,1.12
753.0371203422546,30,0.0,18.18,19.71,20.04,,20.04,-10.0,1.12,1.01,1.12
753.5361893177032,30,0.0,18.18,19.71,20.04,,20.04,-10.0,1.12,1.01,1.12
754.0341300964355,30,0.0,18.18,19.71,20.04,,20.04,-10.0,1.12,1.01,1.12
754.5357730388641,30,0.0,18.18,19.71,20.04,,20.04,-10.0,1.12,1.01,1.12
755.0330646038055,30,0.0,18.18,19.71,20.0,,20.0,-10.0,1.12,1.01,1.12
755.5312378406525,30,0.0,18.18,19.71,20.0,,20.0,-10.0,1.12,1.01,1.12
756.0329475402832,30,0.0,18.18,19.71,20.0,,20.0,-10.0,1.12,1.01,1.12
756.5329473018646,30,0.0,18.18,19.71,20.0,,20.0,-10.0,1.12,1.01,1.12
757.0341477394104,30,0.0,18.18,19.71,20.0,,20.0,-10.0,1.12,1.01,1.12
757.5351123809814,30,0.0,18.18,19.71,20.0,,20.0,-10.0,1.12,1.01,1.12
758.0452704429626,30,0.0,18.18,19.71,20.0,,20.0,-10.0,1.12,1.01,1.12
758.5451140403748,30,0.0,18.18,19.71,20.0,,20.0,-10.0,1.12,1.01,1.12
759.0489318370819,30,0.0,18.18,19.71,20.0,,20.0,-10.0,1.12,1.01,1.12
759.5502970218658,30,0.0,18.18,19.71,20.0,,20.0,-10.0,1.12,1.01,1.12
760.0515825748444,30,0.0,18.18,19.67,20.0,,20.0,-10.0,1.12,1.01,1.12
760.5496435165405,30,0.0,18.18,19.71,20.0,,20.0,-10.0,1.12,1.01,1.12
761.0505867004395,30,0.0,18.18,19.71,20.0,,20.0,-10.0,1.12,1.01,1.12
761.5527324676514,30,0.0,18.18,19.71,20.0,,20.0,-10.0,1.12,1.01,1.12
762.0498471260071,30,0.0,18.18,19.71,20.0,,20.0,-10.0,1.12,1.01,1.12
762.5502727031708,30,0.0,18.18,19.71,20.0,,20.0,-10.0,1.12,1.01,1.12
763.0502943992615,30,0.0,18.18,19.71,20.0,,20.0,-10.0,1.12,1.01,1.12
763.5654513835907,30,0.0,18.18,19.71,20.0,,20.0,-10.0,1.12,1.01,1.12
764.0627090930939,30,0.0,18.18,19.71,20.0,,20.0,-10.0,1.12,1.01,1.12
764.561708688736,30,0.0,18.18,19.71,20.0,,20.0,-10.0,1.12,1.01,1.12
765.0625219345093,30,0.0,18.18,19.71,20.0,,20.0,-10.0,1.12,1.01,1.12
765.5558722019196,30,0.0,18.18,19.71,20.0,,20.0,-10.0,1.12,1.01,1.12
766.0706720352173,30,0.0,18.18,19.71,20.0,,20.0,-10.0,1.12,1.01,1.12
766.5699384212494,30,0.0,18.18,19.71,20.0,,20.0,-10.0,1.12,1.01,1.12
767.0710291862488,30,0.0,18.18,19.71,20.0,,20.0,-10.0,1.12,1.01,1.12
767.572056055069,30,0.0,18.18,19.71,20.0,,20.0,-10.0,1.12,1.01,1.12
768.0708920955658,30,0.0,18.18,19.71,20.0,,20.0,-10.0,1.12,1.01,1.12
768.5681989192963,30,0.0,18.18,19.71,20.0,,20.0,-10.0,1.12,1.01,1.12
769.0661880970001,30,0.0,18.18,19.71,20.0,,20.0,-10.0,1.12,1.01,1.12
769.5672955513,30,0.0,18.18,19.71,20.0,,20.0,-10.0,1.12,1.01,1.12
770.0816316604614,30,0.0,18.18,19.71,20.0,,20.0,-10.0,1.12,1.01,1.12
770.5791909694672,30,0.0,18.18,19.71,20.0,,20.0,-10.0,1.12,1.01,1.12
771.079380273819,30,0.0,18.18,19.71,20.0,,20.0,-10.0,1.12,1.01,1.12
771.5796227455139,30,0.0,18.23,19.71,20.0,,20.0,-10.0,1.12,1.01,1.12
772.0828552246094,30,0.0,18.18,19.71,20.0,,20.0,-10.0,1.12,1.01,1.12
772.5813717842102,30,0.0,18.18,19.71,20.0,,20.0,-10.0,1.12,1.01,1.12
773.0844702720642,30,0.0,18.18,19.71,20.0,,20.0,-10.0,1.12,1.01,1.12
773.5805473327637,30,0.0,18.18,19.67,20.0,,20.0,-10.0,1.12,1.01,1.12
774.0828399658203,30,0.0,18.18,19.67,20.0,,20.0,-10.0,1.12,1.01,1.12
774.5847895145416,30,0.0,18.18,19.71,20.0,,20.0,-10.0,1.12,1.01,1.12
775.0860946178436,30,0.0,18.18,19.67,20.0,,20.0,-10.0,1.12,1.0,1.12
775.5826826095581,30,0.0,18.18,19.71,20.0,,20.0,-10.0,1.12,1.0,1.12
776.0977499485016,30,0.0,18.18,19.67,20.0,,20.0,-10.0,1.12,1.0,1.12
776.5988488197327,30,0.0,18.18,19.67,20.0,,20.0,-10.0,1.12,1.0,1.12
777.0992388725281,30,0.0,18.18,19.67,20.0,,20.0,-10.0,1.12,1.0,1.12
777.610032081604,30,0.0,18.18,19.71,20.0,,20.0,-10.0,1.12,1.0,1.12
778.0984556674957,30,0.0,18.18,19.67,20.0,,20.0,-10.0,1.12,1.0,1.12
778.5967381000519,30,0.0,18.18,19.67,20.0,,20.0,-10.0,1.12,1.0,1.12
779.0944180488586,30,0.0,18.18,19.67,20.0,,20.0,-10.0,1.12,1.0,1.12
779.5931537151337,30,0.0,18.18,19.67,20.0,,20.0,-10.0,1.12,1.0,1.12
780.1078040599823,30,0.0,18.18,19.67,20.0,,20.0,-10.0,1.12,1.0,1.12
780.5962355136871,30,0.0,18.18,19.67,20.0,,20.0,-10.0,1.12,1.0,1.12
781.1097478866577,30,0.0,18.18,19.67,20.0,,20.0,-10.0,1.12,1.0,1.12
781.6106395721436,30,0.0,18.18,19.67,20.0,,20.0,-10.0,1.12,1.0,1.12
782.1093926429749,30,0.0,18.18,19.67,20.0,,20.0,-10.0,1.12,1.01,1.12
782.6102840900421,30,0.0,18.18,19.67,20.0,,20.0,-10.0,1.12,1.01,1.12
783.1102335453033,30,0.0,18.18,19.67,20.0,,20.0,-10.0,1.12,1.0,1.12
783.611368894577,30,0.0,18.18,19.67,20.0,,20.0,-10.0,1.12,1.0,1.12
784.1092698574066,30,0.0,18.18,19.71,20.0,,20.0,-10.0,1.12,1.0,1.12
784.6072196960449,30,0.0,18.18,19.67,20.0,,20.0,-10.0,1.12,1.0,1.12
785.1200730800629,30,0.0,18.18,19.67,20.0,,20.0,-10.0,1.12,1.0,1.12
785.6175203323364,30,0.0,18.23,19.67,20.0,,20.0,-10.0,1.12,1.0,1.12
786.1219403743744,30,0.0,18.23,19.67,19.97,,19.97,-10.0,1.12,1.0,1.12
786.6176595687866,30,0.0,18.23,19.67,20.0,,20.0,-10.0,1.12,1.0,1.11
787.1146492958069,30,0.0,18.18,19.67,20.0,,20.0,-10.0,1.12,1.0,1.12
787.6282353401184,30,0.0,18.18,19.67,19.97,,19.97,-10.0,1.12,1.0,1.11
788.1268782615662,30,0.0,18.18,19.67,19.97,,19.97,-10.0,1.12,1.0,1.11
788.6263604164124,30,0.0,18.18,19.67,19.97,,19.97,-10.0,1.12,1.0,1.11
789.1242995262146,30,0.0,18.18,19.67,19.97,,19.97,-10.0,1.12,1.0,1.11
789.6237440109253,30,0.0,18.18,19.67,19.97,,19.97,-10.0,1.12,1.0,1.11
790.1213946342468,30,0.0,18.18,19.67,19.97,,19.97,-10.0,1.12,1.0,1.11
790.6355752944946,30,0.0,18.18,19.67,19.97,,19.97,-10.0,1.12,1.0,1.11
791.1354014873505,30,0.0,18.18,19.67,20.0,,20.0,-10.0,1.12,1.0,1.11
791.6331293582916,30,0.0,18.18,19.67,20.0,,20.0,-10.0,1.12,1.0,1.11
792.130457162857,30,0.0,18.18,19.67,19.97,,19.97,-10.0,1.12,1.0,1.11
792.6321799755096,30,0.0,18.18,19.67,19.97,,19.97,-10.0,1.12,1.0,1.11
793.1308488845825,30,0.0,18.18,19.67,19.97,,19.97,-10.0,1.12,1.0,1.11
793.6307537555695,30,0.0,18.18,19.67,19.97,,19.97,-10.0,1.12,1.0,1.11
794.1429188251495,30,0.0,18.18,19.67,19.97,,19.97,-10.0,1.12,1.0,1.11
794.6422898769379,30,0.0,18.23,19.67,19.97,,19.97,-10.0,1.12,1.0,1.12
795.1433539390564,30,0.0,18.23,19.67,20.0,,20.0,-10.0,1.12,1.0,1.12
795.6418631076813,30,0.0,18.23,19.67,19.97,,19.97,-10.0,1.12,1.0,1.12
796.1371293067932,30,0.0,18.23,19.67,19.97,,19.97,-10.0,1.12,1.0,1.11
796.6515653133392,30,0.0,18.23,19.67,19.97,,19.97,-10.0,1.12,1.0,1.11
797.1520597934723,30,0.0,18.23,19.67,19.97,,19.97,-10.0,1.12,1.0,1.11
797.6507909297943,30,0.0,18.18,19.67,19.97,,19.97,-10.0,1.12,1.0,1.11
798.1495258808136,30,0.0,18.18,19.67,19.97,,19.97,-10.0,1.12,1.0,1.11
798.6518993377686,30,0.0,18.18,19.67,19.97,,19.97,-10.0,1.12,1.0,1.11
799.1518778800964,30,0.0,18.18,19.67,19.97,,19.97,-10.0,1.12,1.0,1.11
799.6504962444305,30,0.0,18.18,19.67,20.0,,20.0,-10.0,1.12,1.0,1.11
800.1515076160431,30,0.0,18.18,19.67,19.97,,19.97,-10.0,1.12,1.0,1.11
800.6638746261597,30,0.0,18.23,19.67,20.0,,20.0,-10.0,1.12,1.0,1.11
801.1618015766144,30,0.0,18.23,19.67,19.97,,19.97,-10.0,1.12,1.0,1.11
801.6559669971466,30,0.0,18.18,19.67,19.97,,19.97,-10.0,1.12,1.0,1.11
802.1573204994202,30,0.0,18.18,19.67,20.0,,20.0,-10.0,1.12,1.0,1.11
802.6613874435425,30,0.0,18.18,19.67,20.0,,20.0,-10.0,1.12,1.0,1.11
803.1597154140472,30,0.0,18.18,19.67,20.0,,20.0,-10.0,1.12,1.0,1.11
