Temps (s),Consigne (°C),Erreur (°C),Thermistance 1 - T1 (°C),Thermistance 2 - T2 (°C),Thermistance 3 - T3 (°C),T4',Thermistance 3 estimée - T3_moy (°C),Commande (PWM),Voltage T1 (V),Voltage T2 (V),Voltage T3 (V)
1.2396256923675537,30,0.0,28.79,27.52,27.3,,27.3,0.0,2.28,2.17,2.13
1.6146059036254883,30,0.0,28.79,27.52,27.3,,27.3,0.0,2.28,2.17,2.13
1.9743821620941162,30,0.0,28.79,27.52,27.3,,27.3,0.0,2.28,2.17,2.13
2.334650993347168,30,0.0,28.79,27.52,27.3,,27.3,0.0,2.28,2.17,2.13
2.705153465270996,30,0.0,28.74,27.52,27.3,,27.3,0.0,2.27,2.17,2.13
3.066560983657837,30,0.0,28.7,27.52,27.3,,27.3,0.0,2.27,2.17,2.13
3.42895245552063,30,0.0,28.61,27.52,27.3,,27.3,0.0,2.26,2.17,2.13
3.789600133895874,30,0.0,28.56,27.52,27.3,,27.3,0.0,2.25,2.17,2.13
4.147636413574219,30,0.0,28.47,27.52,27.3,,27.3,0.0,2.24,2.17,2.13
4.504617214202881,30,0.0,28.43,27.52,27.3,,27.3,0.0,2.24,2.17,2.13
4.8623576164245605,30,0.0,28.34,27.52,27.3,,27.3,0.0,2.23,2.17,2.13
5.2348432540893555,30,0.0,28.25,27.52,27.3,,27.3,0.0,2.22,2.17,2.13
5.5968177318573,30,0.0,28.21,27.52,27.3,,27.3,0.0,2.21,2.17,2.13
5.970461368560791,30,0.0,28.12,27.52,27.3,,27.3,0.0,2.2,2.17,2.13
6.327460765838623,30,0.0,28.07,27.52,27.3,,27.3,0.0,2.2,2.17,2.13
6.687821865081787,30,0.0,28.03,27.49,27.3,,27.3,0.0,2.19,2.16,2.13
7.044579744338989,30,0.0,27.94,27.49,27.3,,27.3,0.0,2.18,2.16,2.13
7.401040315628052,30,0.0,27.89,27.49,27.3,,27.3,0.0,2.18,2.16,2.13
7.761512517929077,30,0.0,27.85,27.49,27.3,,27.3,0.0,2.17,2.16,2.13
8.117999792098999,30,0.0,27.8,27.49,27.33,,27.33,0.0,2.17,2.16,2.13
8.477847576141357,30,0.0,27.71,27.45,27.33,,27.33,0.0,2.16,2.16,2.13
8.835646390914917,30,0.0,27.67,27.45,27.33,,27.33,0.0,2.16,2.16,2.13
9.193661212921143,30,0.0,27.62,27.45,27.33,,27.33,0.0,2.15,2.16,2.13
9.552151918411255,30,0.0,27.58,27.45,27.33,,27.33,0.0,2.15,2.15,2.13
9.912747859954834,30,0.0,27.53,27.42,27.33,,27.33,0.0,2.14,2.15,2.13
10.2800874710083,30,0.0,27.49,27.42,27.33,,27.33,0.0,2.14,2.15,2.13
10.685342073440552,30,0.0,27.45,27.42,27.33,,27.33,0.0,2.13,2.15,2.13
11.046872615814209,30,0.0,27.4,27.39,27.33,,27.33,0.0,2.13,2.15,2.13
11.421760320663452,30,0.0,27.36,27.39,27.3,,27.3,0.0,2.13,2.15,2.13
12.106181383132935,30,0.0,26.82,27.58,27.72,,27.72,-10.0,2.06,2.17,2.18
12.462662696838379,30,0.0,26.77,27.55,27.68,,27.68,-10.0,2.06,2.17,2.18
12.82366681098938,30,0.0,26.77,27.52,27.68,,27.68,-10.0,2.06,2.17,2.18
13.183318376541138,30,0.0,26.73,27.49,27.65,,27.65,-10.0,2.05,2.16,2.17
13.540484428405762,30,0.0,26.64,27.49,27.65,,27.65,-10.0,2.04,2.16,2.17
13.899074792861938,30,0.0,26.6,27.45,27.65,,27.65,-10.0,2.04,2.16,2.17
14.271633386611938,30,0.0,26.51,27.42,27.61,,27.61,-10.0,2.03,2.15,2.17
14.644975423812866,30,0.0,26.42,27.39,27.61,,27.61,-10.0,2.02,2.15,2.17
15.001760482788086,30,0.0,26.33,27.36,27.58,,27.58,-10.0,2.01,2.14,2.17
15.412189245223999,30,0.0,26.28,27.32,27.58,,27.58,-10.0,2.0,2.14,2.17
15.771531581878662,30,0.0,26.19,27.32,27.54,,27.54,-10.0,1.99,2.14,2.16
16.12975239753723,30,0.0,26.1,27.29,27.54,,27.54,-10.0,1.98,2.13,2.16
16.50153946876526,30,0.0,26.01,27.26,27.54,,27.54,-10.0,1.97,2.13,2.16
16.86278009414673,30,0.0,25.92,27.23,27.51,,27.51,-10.0,1.96,2.12,2.16
17.23458456993103,30,0.0,25.88,27.2,27.51,,27.51,-10.0,1.96,2.12,2.16
17.596946239471436,30,0.0,25.79,27.2,27.51,,27.51,-10.0,1.95,2.12,2.16
17.97031259536743,30,0.0,25.74,27.16,27.47,,27.47,-10.0,1.95,2.11,2.15
18.344624519348145,30,0.0,25.66,27.13,27.47,,27.47,-10.0,1.94,2.11,2.15
18.705540895462036,30,0.0,25.57,27.1,27.47,,27.47,-10.0,1.93,2.1,2.15
19.080878019332886,30,0.0,25.52,27.07,27.44,,27.44,-10.0,1.92,2.1,2.15
19.439168691635132,30,0.0,25.48,27.07,27.44,,27.44,-10.0,1.92,2.1,2.15
19.79922080039978,30,0.0,25.39,27.03,27.44,,27.44,-10.0,1.91,2.09,2.15
20.171958684921265,30,0.0,25.34,27.0,27.44,,27.44,-10.0,1.9,2.09,2.15
20.532374382019043,30,0.0,25.3,26.97,27.4,,27.4,-10.0,1.9,2.08,2.14
20.89477252960205,30,0.0,25.25,26.94,27.4,,27.4,-10.0,1.89,2.08,2.14
21.270092725753784,30,0.0,25.16,26.91,27.4,,27.4,-10.0,1.88,2.08,2.14
21.630158185958862,30,0.0,25.12,26.91,27.37,,27.37,-10.0,1.88,2.07,2.14
21.988221168518066,30,0.0,25.07,26.87,27.37,,27.37,-10.0,1.87,2.07,2.14
22.36157727241516,30,0.0,25.03,26.84,27.37,,27.37,-10.0,1.87,2.06,2.14
22.73664665222168,30,0.0,24.98,26.81,27.33,,27.33,-10.0,1.86,2.06,2.13
23.093934774398804,30,0.0,24.94,26.81,27.33,,27.33,-10.0,1.86,2.06,2.13
23.45368504524231,30,0.0,24.89,26.78,27.33,,27.33,-10.0,1.85,2.05,2.13
23.810018062591553,30,0.0,24.85,26.74,27.3,,27.3,-10.0,1.85,2.05,2.13
24.16851305961609,30,0.0,24.81,26.71,27.3,,27.3,-10.0,1.84,2.04,2.13
24.528164863586426,30,0.0,24.76,26.68,27.26,,27.26,-10.0,1.84,2.04,2.12
24.883477449417114,30,0.0,24.72,26.68,27.26,,27.26,-10.0,1.83,2.04,2.12
25.242050170898438,30,0.0,24.67,26.65,27.26,,27.26,-10.0,1.83,2.03,2.12
25.598968505859375,30,0.0,24.63,26.61,27.23,,27.23,-10.0,1.82,2.03,2.12
25.959359407424927,30,0.0,24.58,26.58,27.23,,27.23,-10.0,1.82,2.02,2.12
26.315893411636353,30,0.0,24.54,26.55,27.19,,27.19,-10.0,1.81,2.02,2.12
26.67632007598877,30,0.0,24.49,26.52,27.19,,27.19,-10.0,1.81,2.02,2.11
27.031801223754883,30,0.0,24.45,26.52,27.19,,27.19,-10.0,1.8,2.01,2.11
27.39095640182495,30,0.0,24.45,26.49,27.16,,27.16,-10.0,1.8,2.01,2.11
27.749312162399292,30,0.0,24.4,26.45,27.16,,27.16,-10.0,1.8,2.0,2.11
28.109517335891724,30,0.0,24.36,26.42,27.13,,27.13,-10.0,1.79,2.0,2.1
28.468760013580322,30,0.0,24.31,26.42,27.13,,27.13,-10.0,1.79,1.99,2.1
28.828890800476074,30,0.0,24.27,26.39,27.09,,27.09,-10.0,1.78,1.99,2.1
29.188437938690186,30,0.0,24.27,26.36,27.09,,27.09,-10.0,1.78,1.99,2.1
29.547653436660767,30,0.0,24.22,26.32,27.09,,27.09,-10.0,1.78,1.98,2.1
29.90776753425598,30,0.0,24.18,26.29,27.06,,27.06,-10.0,1.77,1.98,2.09
30.280708074569702,30,0.0,24.13,26.26,27.06,,27.06,-10.0,1.77,1.97,2.09
30.638601541519165,30,0.0,24.13,26.26,27.02,,27.02,-10.0,1.77,1.97,2.09
30.998044967651367,30,0.0,24.09,26.23,27.02,,27.02,-10.0,1.76,1.97,2.08
31.35754680633545,30,0.0,24.04,26.19,26.99,,26.99,-10.0,1.76,1.96,2.08
31.717467784881592,30,0.0,24.0,26.16,26.99,,26.99,-10.0,1.76,1.96,2.08
32.080684185028076,30,0.0,24.0,26.16,26.95,,26.95,-10.0,1.75,1.96,2.08
32.437541007995605,30,0.0,23.95,26.13,26.92,,26.92,-10.0,1.75,1.96,2.07
32.79865121841431,30,0.0,23.91,26.1,26.92,,26.92,-10.0,1.74,1.95,2.07
33.15599060058594,30,0.0,23.91,26.06,26.92,,26.92,-10.0,1.74,1.95,2.07
33.51722693443298,30,0.0,23.87,26.03,26.88,,26.88,-10.0,1.74,1.94,2.07
33.87875533103943,30,0.0,23.82,26.03,26.85,,26.85,-10.0,1.74,1.94,2.06
34.236939430236816,30,0.0,23.82,26.0,26.85,,26.85,-10.0,1.74,1.94,2.06
34.60991311073303,30,0.0,23.78,25.97,26.81,,26.81,-10.0,1.73,1.93,2.06
34.96593189239502,30,0.0,23.73,25.93,26.81,,26.81,-10.0,1.73,1.93,2.06
35.313854932785034,30,0.0,23.73,25.93,26.78,,26.78,-10.0,1.73,1.93,2.05
35.71558475494385,30,0.0,23.69,25.9,26.78,,26.78,-10.0,1.72,1.92,2.05
36.07428026199341,30,0.0,23.69,25.87,26.74,,26.74,-10.0,1.72,1.92,2.05
36.43190836906433,30,0.0,23.64,25.87,26.74,,26.74,-10.0,1.72,1.92,2.05
36.7906711101532,30,0.0,23.6,25.84,26.71,,26.71,-10.0,1.71,1.91,2.04
37.150596141815186,30,0.0,23.6,25.81,26.71,,26.71,-10.0,1.71,1.91,2.04
37.50723719596863,30,0.0,23.55,25.77,26.67,,26.67,-10.0,1.71,1.9,2.04
37.87011003494263,30,0.0,23.55,25.77,26.67,,26.67,-10.0,1.71,1.9,2.03
38.247708797454834,30,0.0,23.51,25.74,26.64,,26.64,-10.0,1.7,1.9,2.03
38.609238147735596,30,0.0,23.46,25.71,26.6,,26.6,-10.0,1.7,1.89,2.03
38.966378688812256,30,0.0,23.46,25.71,26.6,,26.6,-10.0,1.7,1.89,2.03
39.32660961151123,30,0.0,23.42,25.68,26.57,,26.57,-10.0,1.69,1.89,2.02
39.73383140563965,30,0.0,23.42,25.64,26.57,,26.57,-10.0,1.69,1.88,2.02
40.0769202709198,30,0.0,23.37,25.61,26.53,,26.53,-10.0,1.69,1.88,2.02
40.43525671958923,30,0.0,23.37,25.58,26.5,,26.5,-10.0,1.69,1.87,2.01
40.79556369781494,30,0.0,23.33,25.58,26.5,,26.5,-10.0,1.68,1.87,2.01
41.18409776687622,30,0.0,23.28,25.55,26.46,,26.46,-10.0,1.68,1.87,2.01
41.63619089126587,30,0.0,23.28,25.51,26.46,,26.46,-10.0,1.68,1.86,2.01
42.135990142822266,30,0.0,23.24,25.51,26.43,,26.43,-10.0,1.67,1.86,2.0
42.650431871414185,30,0.0,23.24,25.48,26.43,,26.43,-10.0,1.67,1.86,2.0
43.14961886405945,30,0.0,23.19,25.48,26.39,,26.39,-10.0,1.67,1.85,2.0
43.650670289993286,30,0.0,23.19,25.45,26.36,,26.36,-10.0,1.67,1.85,1.99
44.149168491363525,30,0.0,23.15,25.42,26.36,,26.36,-10.0,1.66,1.85,1.99
44.64543628692627,30,0.0,23.15,25.38,26.32,,26.32,-10.0,1.66,1.84,1.99
45.14333462715149,30,0.0,23.1,25.38,26.32,,26.32,-10.0,1.66,1.84,1.98
45.64409875869751,30,0.0,23.1,25.35,26.29,,26.29,-10.0,1.66,1.84,1.98
46.16177439689636,30,0.0,23.06,25.32,26.25,,26.25,-10.0,1.65,1.83,1.98
46.64645314216614,30,0.0,23.06,25.32,26.25,,26.25,-10.0,1.65,1.83,1.98
47.15767526626587,30,0.0,23.02,25.29,26.22,,26.22,-10.0,1.65,1.83,1.97
47.65393805503845,30,0.0,23.02,25.25,26.18,,26.18,-10.0,1.65,1.82,1.97
48.154359579086304,30,0.0,22.97,25.25,26.18,,26.18,-10.0,1.64,1.82,1.97
48.651795625686646,30,0.0,22.97,25.22,26.15,,26.15,-10.0,1.64,1.82,1.96
49.16751503944397,30,0.0,22.93,25.19,26.12,,26.12,-10.0,1.64,1.81,1.96
49.66339826583862,30,0.0,22.93,25.19,26.12,,26.12,-10.0,1.64,1.81,1.96
50.161128997802734,30,0.0,22.88,25.16,26.08,,26.08,-10.0,1.64,1.81,1.96
50.66088843345642,30,0.0,22.88,25.12,26.08,,26.08,-10.0,1.63,1.81,1.96
51.17413544654846,30,0.0,22.88,25.12,26.05,,26.05,-10.0,1.63,1.8,1.95
51.66043186187744,30,0.0,22.84,25.09,26.01,,26.01,-10.0,1.63,1.8,1.95
52.172712564468384,30,0.0,22.84,25.09,26.01,,26.01,-10.0,1.63,1.79,1.95
52.671860218048096,30,0.0,22.79,25.06,25.98,,25.98,-10.0,1.62,1.79,1.94
53.17325949668884,30,0.0,22.79,25.03,25.98,,25.98,-10.0,1.62,1.79,1.94
53.675185680389404,30,0.0,22.79,25.03,25.94,,25.94,-10.0,1.62,1.78,1.94
54.17426538467407,30,0.0,22.75,24.99,25.94,,25.94,-10.0,1.62,1.78,1.94
54.67218637466431,30,0.0,22.7,24.96,25.91,,25.91,-10.0,1.62,1.78,1.93
55.16939878463745,30,0.0,22.7,24.96,25.91,,25.91,-10.0,1.61,1.78,1.93
55.670101165771484,30,0.0,22.7,24.93,25.87,,25.87,-10.0,1.61,1.77,1.93
56.185502767562866,30,0.0,22.66,24.89,25.84,,25.84,-10.0,1.61,1.77,1.92
56.68615508079529,30,0.0,22.66,24.89,25.84,,25.84,-10.0,1.61,1.77,1.92
57.182241678237915,30,0.0,22.61,24.86,25.8,,25.8,-10.0,1.6,1.76,1.92
57.683014154434204,30,0.0,22.61,24.86,25.8,,25.8,-10.0,1.6,1.76,1.92
58.18120217323303,30,0.0,22.61,24.83,25.77,,25.77,-10.0,1.6,1.76,1.91
58.67932438850403,30,0.0,22.57,24.8,25.77,,25.77,-10.0,1.6,1.75,1.91
59.17967748641968,30,0.0,22.57,24.8,25.73,,25.73,-10.0,1.6,1.75,1.91
59.69517493247986,30,0.0,22.52,24.76,25.7,,25.7,-10.0,1.59,1.75,1.9
60.19773268699646,30,0.0,22.52,24.76,25.7,,25.7,-10.0,1.59,1.74,1.9
60.69398069381714,30,0.0,22.52,24.73,25.66,,25.66,-10.0,1.59,1.74,1.9
61.193058252334595,30,0.0,22.48,24.7,25.66,,25.66,-10.0,1.59,1.74,1.9
61.6908860206604,30,0.0,22.48,24.7,25.63,,25.63,-10.0,1.59,1.74,1.89
62.19211721420288,30,0.0,22.43,24.67,25.59,,25.59,-10.0,1.58,1.74,1.89
62.69404315948486,30,0.0,22.43,24.67,25.59,,25.59,-10.0,1.58,1.74,1.89
63.192838191986084,30,0.0,22.43,24.63,25.56,,25.56,-10.0,1.58,1.73,1.88
63.69444036483765,30,0.0,22.39,24.6,25.56,,25.56,-10.0,1.58,1.73,1.88
64.19408464431763,30,0.0,22.39,24.6,25.52,,25.52,-10.0,1.58,1.73,1.88
64.70742440223694,30,0.0,22.34,24.57,25.49,,25.49,-10.0,1.57,1.72,1.87
65.20497345924377,30,0.0,22.34,24.54,25.49,,25.49,-10.0,1.57,1.72,1.87
65.70180130004883,30,0.0,22.34,24.54,25.45,,25.45,-10.0,1.57,1.72,1.87
66.20484042167664,30,0.0,22.3,24.54,25.45,,25.45,-10.0,1.57,1.71,1.87
66.7032151222229,30,0.0,22.3,24.5,25.42,,25.42,-10.0,1.57,1.71,1.86
67.21493792533875,30,0.0,22.3,24.47,25.42,,25.42,-10.0,1.57,1.71,1.86
67.71324014663696,30,0.0,22.25,24.47,25.38,,25.38,-10.0,1.56,1.71,1.86
68.20943284034729,30,0.0,22.25,24.44,25.38,,25.38,-10.0,1.56,1.7,1.86
68.71316170692444,30,0.0,22.25,24.44,25.35,,25.35,-10.0,1.56,1.7,1.85
69.20899891853333,30,0.0,22.21,24.4,25.31,,25.31,-10.0,1.56,1.7,1.85
69.70876598358154,30,0.0,22.21,24.37,25.31,,25.31,-10.0,1.56,1.69,1.85
70.2239191532135,30,0.0,22.16,24.37,25.28,,25.28,-10.0,1.55,1.69,1.84
70.71908020973206,30,0.0,22.16,24.34,25.28,,25.28,-10.0,1.55,1.69,1.84
71.2178590297699,30,0.0,22.12,24.34,25.24,,25.24,-10.0,1.55,1.69,1.84
71.71622729301453,30,0.0,22.12,24.31,25.24,,25.24,-10.0,1.55,1.68,1.84
72.21706438064575,30,0.0,22.12,24.31,25.21,,25.21,-10.0,1.55,1.68,1.83
72.72870302200317,30,0.0,22.12,24.27,25.21,,25.21,-10.0,1.55,1.68,1.83
73.22732019424438,30,0.0,22.08,24.27,25.17,,25.17,-10.0,1.54,1.67,1.83
73.72559785842896,30,0.0,22.08,24.24,25.17,,25.17,-10.0,1.54,1.67,1.82
74.22780013084412,30,0.0,22.03,24.21,25.14,,25.14,-10.0,1.54,1.67,1.82
74.72201919555664,30,0.0,22.03,24.21,25.1,,25.1,-10.0,1.54,1.67,1.82
75.22293829917908,30,0.0,22.03,24.18,25.1,,25.1,-10.0,1.54,1.66,1.82
75.73581600189209,30,0.0,21.99,24.18,25.07,,25.07,-10.0,1.54,1.66,1.81
76.23333311080933,30,0.0,21.99,24.14,25.07,,25.07,-10.0,1.53,1.66,1.81
76.73471736907959,30,0.0,21.99,24.14,25.03,,25.03,-10.0,1.53,1.66,1.81
77.23196506500244,30,0.0,21.94,24.11,25.03,,25.03,-10.0,1.53,1.65,1.81
77.73413610458374,30,0.0,21.94,24.11,25.0,,25.0,-10.0,1.53,1.65,1.8
78.23330926895142,30,0.0,21.94,24.08,24.96,,24.96,-10.0,1.53,1.65,1.8
78.73204398155212,30,0.0,21.9,24.08,24.96,,24.96,-10.0,1.52,1.65,1.8
79.23301291465759,30,0.0,21.9,24.04,24.93,,24.93,-10.0,1.52,1.64,1.8
79.73577284812927,30,0.0,21.9,24.04,24.93,,24.93,-10.0,1.52,1.64,1.79
80.23549795150757,30,0.0,21.85,24.01,24.93,,24.93,-10.0,1.52,1.64,1.79
80.74956226348877,30,0.0,21.85,24.01,24.89,,24.89,-10.0,1.52,1.64,1.79
81.24764084815979,30,0.0,21.85,23.98,24.89,,24.89,-10.0,1.52,1.63,1.78
81.74406480789185,30,0.0,21.85,23.98,24.85,,24.85,-10.0,1.52,1.63,1.78
82.25480270385742,30,0.0,21.81,23.95,24.82,,24.82,-10.0,1.52,1.63,1.78
82.75465416908264,30,0.0,21.81,23.95,24.82,,24.82,-10.0,1.52,1.63,1.78
83.25331258773804,30,0.0,21.81,23.91,24.78,,24.78,-10.0,1.52,1.62,1.77
83.7523250579834,30,0.0,21.76,23.91,24.78,,24.78,-10.0,1.51,1.62,1.77
84.24836802482605,30,0.0,21.76,23.88,24.75,,24.75,-10.0,1.51,1.62,1.77
84.75267267227173,30,0.0,21.76,23.88,24.75,,24.75,-10.0,1.51,1.62,1.77
85.25166988372803,30,0.0,21.72,23.85,24.71,,24.71,-10.0,1.51,1.61,1.76
85.76218318939209,30,0.0,21.72,23.85,24.71,,24.71,-10.0,1.51,1.61,1.76
86.2606909275055,30,0.0,21.72,23.82,24.68,,24.68,-10.0,1.51,1.61,1.76
86.75921583175659,30,0.0,21.67,23.82,24.68,,24.68,-10.0,1.5,1.61,1.76
87.25773644447327,30,0.0,21.67,23.78,24.64,,24.64,-10.0,1.5,1.6,1.75
87.76792597770691,30,0.0,21.67,23.78,24.64,,24.64,-10.0,1.5,1.6,1.75
88.26527118682861,30,0.0,21.63,23.75,24.61,,24.61,-10.0,1.5,1.6,1.75
88.76389408111572,30,0.0,21.63,23.75,24.61,,24.61,-10.0,1.5,1.6,1.75
89.26329469680786,30,0.0,21.63,23.72,24.57,,24.57,-10.0,1.5,1.59,1.74
89.76251244544983,30,0.0,21.63,23.72,24.57,,24.57,-10.0,1.5,1.59,1.74
90.26564598083496,30,0.0,21.58,23.68,24.54,,24.54,-10.0,1.49,1.59,1.74
90.76544499397278,30,0.0,21.58,23.68,24.54,,24.54,-10.0,1.49,1.59,1.74
91.27493357658386,30,0.0,21.58,23.65,24.5,,24.5,-10.0,1.49,1.58,1.74
91.77673077583313,30,0.0,21.54,23.65,24.5,,24.5,-10.0,1.49,1.58,1.74
92.27482843399048,30,0.0,21.54,23.62,24.47,,24.47,-10.0,1.49,1.58,1.73
92.77517557144165,30,0.0,21.54,23.62,24.47,,24.47,-10.0,1.49,1.58,1.73
93.27777338027954,30,0.0,21.54,23.62,24.43,,24.43,-10.0,1.49,1.57,1.73
93.77751398086548,30,0.0,21.49,23.59,24.43,,24.43,-10.0,1.48,1.57,1.73
94.27604246139526,30,0.0,21.49,23.59,24.4,,24.4,-10.0,1.48,1.57,1.72
94.78824043273926,30,0.0,21.49,23.55,24.4,,24.4,-10.0,1.48,1.57,1.72
95.2890739440918,30,0.0,21.45,23.55,24.36,,24.36,-10.0,1.48,1.57,1.72
95.78817653656006,30,0.0,21.45,23.52,24.36,,24.36,-10.0,1.48,1.56,1.72
96.28689455986023,30,0.0,21.45,23.52,24.33,,24.33,-10.0,1.48,1.56,1.71
96.7853319644928,30,0.0,21.45,23.49,24.33,,24.33,-10.0,1.47,1.56,1.71
97.28386116027832,30,0.0,21.45,23.49,24.29,,24.29,-10.0,1.47,1.56,1.71
97.7968955039978,30,0.0,21.4,23.45,24.29,,24.29,-10.0,1.47,1.55,1.71
98.29565954208374,30,0.0,21.4,23.45,24.26,,24.26,-10.0,1.47,1.55,1.7
98.79556083679199,30,0.0,21.36,23.45,24.26,,24.26,-10.0,1.47,1.55,1.7
99.2925009727478,30,0.0,21.36,23.42,24.22,,24.22,-10.0,1.47,1.55,1.7
99.79705953598022,30,0.0,21.36,23.42,24.22,,24.22,-10.0,1.47,1.55,1.7
100.29443502426147,30,0.0,21.36,23.39,24.22,,24.22,-10.0,1.47,1.54,1.7
100.79377031326294,30,0.0,21.31,23.39,24.19,,24.19,-10.0,1.46,1.54,1.69
101.29535102844238,30,0.0,21.31,23.35,24.19,,24.19,-10.0,1.46,1.54,1.69
101.79536294937134,30,0.0,21.31,23.35,24.15,,24.15,-10.0,1.46,1.54,1.69
102.30822682380676,30,0.0,21.31,23.32,24.15,,24.15,-10.0,1.46,1.54,1.69
102.80213665962219,30,0.0,21.27,23.32,24.12,,24.12,-10.0,1.46,1.53,1.68
103.30125331878662,30,0.0,21.27,23.32,24.12,,24.12,-10.0,1.46,1.53,1.68
103.80157160758972,30,0.0,21.27,23.29,24.12,,24.12,-10.0,1.46,1.53,1.68
104.30434203147888,30,0.0,21.27,23.29,24.08,,24.08,-10.0,1.46,1.53,1.68
104.80500078201294,30,0.0,21.22,23.29,24.08,,24.08,-10.0,1.45,1.53,1.68
105.31783246994019,30,0.0,21.22,23.26,24.05,,24.05,-10.0,1.45,1.52,1.67
105.81690955162048,30,0.0,21.22,23.26,24.05,,24.05,-10.0,1.45,1.52,1.67
106.30476999282837,30,0.0,21.18,23.22,24.05,,24.05,-10.0,1.45,1.52,1.67
106.80736875534058,30,0.0,21.18,23.22,24.01,,24.01,-10.0,1.45,1.52,1.67
107.3080370426178,30,0.0,21.18,23.22,24.01,,24.01,-10.0,1.45,1.52,1.67
107.8091139793396,30,0.0,21.18,23.19,23.98,,23.98,-10.0,1.45,1.52,1.66
108.32197523117065,30,0.0,21.14,23.19,23.98,,23.98,-10.0,1.45,1.52,1.66
108.81887531280518,30,0.0,21.14,23.19,23.94,,23.94,-10.0,1.44,1.51,1.66
109.3226900100708,30,0.0,21.14,23.16,23.94,,23.94,-10.0,1.44,1.51,1.66
109.8259265422821,30,0.0,21.14,23.16,23.94,,23.94,-10.0,1.44,1.51,1.66
110.32291674613953,30,0.0,21.14,23.12,23.9,,23.9,-10.0,1.44,1.51,1.65
110.81828808784485,30,0.0,21.09,23.12,23.9,,23.9,-10.0,1.44,1.51,1.65
111.318443775177,30,0.0,21.09,23.12,23.87,,23.87,-10.0,1.44,1.51,1.65
111.82023215293884,30,0.0,21.09,23.09,23.87,,23.87,-10.0,1.44,1.5,1.65
112.33549904823303,30,0.0,21.05,23.09,23.87,,23.87,-10.0,1.44,1.5,1.64
112.83464217185974,30,0.0,21.05,23.06,23.83,,23.83,-10.0,1.43,1.5,1.64
113.33386850357056,30,0.0,21.05,23.06,23.83,,23.83,-10.0,1.43,1.5,1.64
113.83222031593323,30,0.0,21.05,23.06,23.8,,23.8,-10.0,1.43,1.5,1.64
114.33309316635132,30,0.0,21.05,23.02,23.8,,23.8,-10.0,1.43,1.49,1.64
114.83013415336609,30,0.0,21.0,23.02,23.8,,23.8,-10.0,1.43,1.49,1.63
115.32908129692078,30,0.0,21.0,23.02,23.76,,23.76,-10.0,1.43,1.49,1.63
115.8309395313263,30,0.0,21.0,22.99,23.76,,23.76,-10.0,1.43,1.49,1.63
116.34419322013855,30,0.0,21.0,22.99,23.73,,23.73,-10.0,1.43,1.49,1.63
116.84621572494507,30,0.0,20.96,22.99,23.73,,23.73,-10.0,1.42,1.49,1.63
117.34355688095093,30,0.0,20.96,22.96,23.73,,23.73,-10.0,1.42,1.48,1.63
117.84185886383057,30,0.0,20.96,22.96,23.69,,23.69,-10.0,1.42,1.48,1.62
118.3442792892456,30,0.0,20.96,22.93,23.69,,23.69,-10.0,1.42,1.48,1.62
118.83976340293884,30,0.0,20.91,22.93,23.66,,23.66,-10.0,1.42,1.48,1.62
119.33965015411377,30,0.0,20.91,22.93,23.66,,23.66,-10.0,1.42,1.48,1.62
119.84057426452637,30,0.0,20.91,22.89,23.66,,23.66,-10.0,1.42,1.47,1.62
120.35595154762268,30,0.0,20.91,22.89,23.62,,23.62,-10.0,1.42,1.47,1.61
120.85552763938904,30,0.0,20.91,22.89,23.62,,23.62,-10.0,1.42,1.47,1.61
121.35331583023071,30,0.0,20.87,22.86,23.59,,23.59,-10.0,1.41,1.47,1.61
121.84946918487549,30,0.0,20.87,22.86,23.59,,23.59,-10.0,1.41,1.47,1.61
122.3486979007721,30,0.0,20.87,22.83,23.59,,23.59,-10.0,1.41,1.46,1.61
122.86505007743835,30,0.0,20.87,22.83,23.55,,23.55,-10.0,1.41,1.46,1.6
123.36485815048218,30,0.0,20.82,22.83,23.55,,23.55,-10.0,1.41,1.46,1.6
123.86575436592102,30,0.0,20.82,22.79,23.55,,23.55,-10.0,1.41,1.46,1.6
124.36232709884644,30,0.0,20.82,22.79,23.52,,23.52,-10.0,1.41,1.46,1.6
124.86282134056091,30,0.0,20.82,22.79,23.52,,23.52,-10.0,1.41,1.46,1.6
125.36117792129517,30,0.0,20.82,22.76,23.48,,23.48,-10.0,1.41,1.45,1.59
125.85972380638123,30,0.0,20.82,22.76,23.48,,23.48,-10.0,1.4,1.45,1.59
126.358806848526,30,0.0,20.78,22.76,23.48,,23.48,-10.0,1.4,1.45,1.59
126.87345361709595,30,0.0,20.78,22.73,23.45,,23.45,-10.0,1.4,1.45,1.59
127.37284326553345,30,0.0,20.78,22.73,23.45,,23.45,-10.0,1.4,1.45,1.59
127.87364673614502,30,0.0,20.73,22.73,23.45,,23.45,-10.0,1.4,1.45,1.58
128.37575387954712,30,0.0,20.73,22.69,23.41,,23.41,-10.0,1.4,1.44,1.58
128.87637376785278,30,0.0,20.73,22.69,23.41,,23.41,-10.0,1.4,1.44,1.58
129.38593411445618,30,0.0,20.73,22.66,23.41,,23.41,-10.0,1.4,1.44,1.58
129.87840819358826,30,0.0,20.73,22.66,23.37,,23.37,-10.0,1.4,1.44,1.58
130.37513542175293,30,0.0,20.69,22.66,23.37,,23.37,-10.0,1.39,1.44,1.58
130.87114667892456,30,0.0,20.69,22.66,23.34,,23.34,-10.0,1.39,1.43,1.57
131.37256526947021,30,0.0,20.69,22.63,23.34,,23.34,-10.0,1.39,1.43,1.57
131.88564777374268,30,0.0,20.69,22.63,23.34,,23.34,-10.0,1.39,1.43,1.57
132.38930892944336,30,0.0,20.69,22.63,23.3,,23.3,-10.0,1.39,1.43,1.57
132.88788962364197,30,0.0,20.64,22.59,23.3,,23.3,-10.0,1.39,1.43,1.57
133.3880627155304,30,0.0,20.64,22.59,23.3,,23.3,-10.0,1.39,1.43,1.57
133.8883888721466,30,0.0,20.64,22.56,23.27,,23.27,-10.0,1.39,1.43,1.56
134.38937091827393,30,0.0,20.64,22.56,23.27,,23.27,-10.0,1.39,1.42,1.56
134.88733410835266,30,0.0,20.64,22.56,23.27,,23.27,-10.0,1.39,1.42,1.56
135.3878846168518,30,0.0,20.6,22.53,23.27,,23.27,-10.0,1.38,1.42,1.56
135.88592386245728,30,0.0,20.6,22.53,23.23,,23.23,-10.0,1.38,1.42,1.56
136.39763712882996,30,0.0,20.6,22.53,23.23,,23.23,-10.0,1.38,1.42,1.56
136.89719772338867,30,0.0,20.6,22.53,23.2,,23.2,-10.0,1.38,1.41,1.55
137.3976285457611,30,0.0,20.6,22.53,23.2,,23.2,-10.0,1.38,1.41,1.55
137.89759063720703,30,0.0,20.55,22.5,23.2,,23.2,-10.0,1.38,1.41,1.55
138.39693188667297,30,0.0,20.55,22.46,23.16,,23.16,-10.0,1.38,1.41,1.55
138.89516377449036,30,0.0,20.55,22.46,23.16,,23.16,-10.0,1.38,1.41,1.55
139.39544701576233,30,0.0,20.55,22.46,23.16,,23.16,-10.0,1.38,1.41,1.55
139.89424967765808,30,0.0,20.55,22.46,23.13,,23.13,-10.0,1.38,1.41,1.54
140.4086627960205,30,0.0,20.51,22.46,23.13,,23.13,-10.0,1.37,1.41,1.54
140.9089412689209,30,0.0,20.51,22.43,23.13,,23.13,-10.0,1.37,1.4,1.54
141.41225457191467,30,0.0,20.51,22.43,23.09,,23.09,-10.0,1.37,1.4,1.54
141.89907360076904,30,0.0,20.51,22.4,23.09,,23.09,-10.0,1.37,1.4,1.54
142.41078519821167,30,0.0,20.51,22.4,23.09,,23.09,-10.0,1.37,1.4,1.54
142.91067600250244,30,0.0,20.46,22.4,23.06,,23.06,-10.0,1.37,1.4,1.53
143.41167974472046,30,0.0,20.46,22.36,23.06,,23.06,-10.0,1.37,1.4,1.53
143.91072702407837,30,0.0,20.46,22.36,23.06,,23.06,-10.0,1.37,1.39,1.53
144.40806603431702,30,0.0,20.46,22.36,23.06,,23.06,-10.0,1.37,1.39,1.53
144.90798377990723,30,0.0,20.46,22.36,23.02,,23.02,-10.0,1.37,1.39,1.53
145.42261505126953,30,0.0,20.46,22.33,23.02,,23.02,-10.0,1.37,1.39,1.52
145.92052173614502,30,0.0,20.42,22.33,22.98,,22.98,-10.0,1.36,1.39,1.52
146.424254655838,30,0.0,20.42,22.33,22.98,,22.98,-10.0,1.36,1.38,1.52
146.92323112487793,30,0.0,20.42,22.3,22.98,,22.98,-10.0,1.36,1.38,1.52
147.42532348632812,30,0.0,20.42,22.3,22.95,,22.95,-10.0,1.36,1.38,1.52
147.92177629470825,30,0.0,20.42,22.3,22.95,,22.95,-10.0,1.36,1.38,1.52
148.418958902359,30,0.0,20.37,22.26,22.95,,22.95,-10.0,1.36,1.38,1.52
148.91832637786865,30,0.0,20.37,22.26,22.91,,22.91,-10.0,1.36,1.38,1.52
149.43427896499634,30,0.0,20.37,22.26,22.91,,22.91,-10.0,1.36,1.38,1.52
149.93246841430664,30,0.0,20.37,22.26,22.91,,22.91,-10.0,1.36,1.38,1.52
150.4315755367279,30,0.0,20.37,22.23,22.91,,22.91,-10.0,1.36,1.37,1.51
150.93392658233643,30,0.0,20.33,22.23,22.88,,22.88,-10.0,1.36,1.37,1.51
151.43165493011475,30,0.0,20.33,22.23,22.88,,22.88,-10.0,1.36,1.37,1.51
151.9308099746704,30,0.0,20.33,22.23,22.88,,22.88,-10.0,1.35,1.37,1.51
152.42989993095398,30,0.0,20.33,22.2,22.84,,22.84,-10.0,1.35,1.37,1.51
152.93160772323608,30,0.0,20.33,22.2,22.84,,22.84,-10.0,1.35,1.37,1.51
153.43226051330566,30,0.0,20.33,22.2,22.84,,22.84,-10.0,1.35,1.37,1.51
153.9324414730072,30,0.0,20.33,22.16,22.81,,22.81,-10.0,1.35,1.36,1.5
154.44620060920715,30,0.0,20.29,22.16,22.81,,22.81,-10.0,1.35,1.36,1.5
154.9475498199463,30,0.0,20.29,22.16,22.81,,22.81,-10.0,1.35,1.36,1.5
155.44724369049072,30,0.0,20.29,22.13,22.77,,22.77,-10.0,1.35,1.36,1.5
155.94931316375732,30,0.0,20.29,22.13,22.77,,22.77,-10.0,1.35,1.36,1.5
156.45094871520996,30,0.0,20.29,22.13,22.77,,22.77,-10.0,1.35,1.36,1.5
156.950932264328,30,0.0,20.29,22.13,22.77,,22.77,-10.0,1.35,1.36,1.49
157.44818091392517,30,0.0,20.24,22.1,22.74,,22.74,-10.0,1.34,1.35,1.49
157.9448742866516,30,0.0,20.24,22.1,22.74,,22.74,-10.0,1.34,1.35,1.49
158.45890092849731,30,0.0,20.24,22.1,22.74,,22.74,-10.0,1.34,1.35,1.49
158.95606660842896,30,0.0,20.24,22.06,22.74,,22.74,-10.0,1.34,1.35,1.49
159.45330810546875,30,0.0,20.24,22.06,22.7,,22.7,-10.0,1.34,1.35,1.49
159.9526436328888,30,0.0,20.2,22.06,22.7,,22.7,-10.0,1.34,1.35,1.49
160.4512972831726,30,0.0,20.2,22.06,22.7,,22.7,-10.0,1.34,1.35,1.49
160.95087480545044,30,0.0,20.2,22.06,22.66,,22.66,-10.0,1.34,1.34,1.48
161.46573686599731,30,0.0,20.2,22.03,22.66,,22.66,-10.0,1.34,1.34,1.48
161.9646987915039,30,0.0,20.2,22.03,22.66,,22.66,-10.0,1.34,1.34,1.48
162.46078610420227,30,0.0,20.2,22.03,22.66,,22.66,-10.0,1.34,1.34,1.48
162.95969772338867,30,0.0,20.15,22.0,22.63,,22.63,-10.0,1.33,1.34,1.48
163.45992827415466,30,0.0,20.15,22.0,22.63,,22.63,-10.0,1.33,1.34,1.48
163.97412538528442,30,0.0,20.15,22.0,22.63,,22.63,-10.0,1.33,1.34,1.48
164.47095155715942,30,0.0,20.15,22.0,22.59,,22.59,-10.0,1.33,1.34,1.47
164.97257924079895,30,0.0,20.15,21.96,22.59,,22.59,-10.0,1.33,1.33,1.47
165.47083139419556,30,0.0,20.15,21.96,22.59,,22.59,-10.0,1.33,1.33,1.47
165.96747183799744,30,0.0,20.15,21.96,22.59,,22.59,-10.0,1.33,1.33,1.47
166.46498775482178,30,0.0,20.11,21.96,22.56,,22.56,-10.0,1.33,1.33,1.47
166.9777901172638,30,0.0,20.11,21.93,22.56,,22.56,-10.0,1.33,1.33,1.47
167.47940754890442,30,0.0,20.11,21.93,22.56,,22.56,-10.0,1.33,1.33,1.47
167.97658252716064,30,0.0,20.11,21.93,22.56,,22.56,-10.0,1.33,1.33,1.47
168.47772526741028,30,0.0,20.11,21.93,22.52,,22.52,-10.0,1.33,1.33,1.46
168.97534322738647,30,0.0,20.11,21.93,22.52,,22.52,-10.0,1.33,1.33,1.46
169.47383427619934,30,0.0,20.06,21.9,22.52,,22.52,-10.0,1.32,1.32,1.46
169.97430300712585,30,0.0,20.06,21.9,22.52,,22.52,-10.0,1.32,1.32,1.46
170.48762702941895,30,0.0,20.06,21.9,22.49,,22.49,-10.0,1.32,1.32,1.46
170.98518705368042,30,0.0,20.06,21.9,22.49,,22.49,-10.0,1.32,1.32,1.46
171.48851656913757,30,0.0,20.06,21.86,22.49,,22.49,-10.0,1.32,1.32,1.46
171.98686051368713,30,0.0,20.06,21.86,22.49,,22.49,-10.0,1.32,1.32,1.45
172.48483395576477,30,0.0,20.06,21.86,22.45,,22.45,-10.0,1.32,1.32,1.45
172.98493576049805,30,0.0,20.02,21.86,22.45,,22.45,-10.0,1.32,1.32,1.45
173.49844765663147,30,0.0,20.02,21.83,22.45,,22.45,-10.0,1.32,1.31,1.45
173.99611592292786,30,0.0,20.02,21.83,22.42,,22.42,-10.0,1.32,1.31,1.45
174.49248719215393,30,0.0,20.02,21.83,22.42,,22.42,-10.0,1.32,1.31,1.45
174.99252557754517,30,0.0,20.02,21.83,22.42,,22.42,-10.0,1.32,1.31,1.45
175.4924008846283,30,0.0,20.02,21.83,22.42,,22.42,-10.0,1.32,1.31,1.45
176.00155067443848,30,0.0,19.97,21.8,22.38,,22.38,-10.0,1.31,1.31,1.44
176.50023078918457,30,0.0,19.97,21.8,22.38,,22.38,-10.0,1.31,1.31,1.44
176.99943566322327,30,0.0,19.97,21.8,22.38,,22.38,-10.0,1.31,1.31,1.44
177.4948592185974,30,0.0,19.97,21.76,22.38,,22.38,-10.0,1.31,1.31,1.44
177.996497631073,30,0.0,19.97,21.76,22.34,,22.34,-10.0,1.31,1.3,1.44
178.50823378562927,30,0.0,19.97,21.76,22.34,,22.34,-10.0,1.31,1.3,1.44
179.00515913963318,30,0.0,19.93,21.76,22.34,,22.34,-10.0,1.31,1.3,1.44
179.5042085647583,30,0.0,19.93,21.76,22.34,,22.34,-10.0,1.31,1.3,1.44
180.0077302455902,30,0.0,19.93,21.76,22.31,,22.31,-10.0,1.31,1.3,1.43
180.504962682724,30,0.0,19.93,21.73,22.31,,22.31,-10.0,1.31,1.3,1.43
181.00595998764038,30,0.0,19.93,21.73,22.31,,22.31,-10.0,1.31,1.3,1.43
181.50725841522217,30,0.0,19.93,21.73,22.31,,22.31,-10.0,1.31,1.3,1.43
182.01037788391113,30,0.0,19.93,21.7,22.27,,22.27,-10.0,1.31,1.3,1.43
182.5134768486023,30,0.0,19.93,21.7,22.27,,22.27,-10.0,1.31,1.3,1.43
183.00982475280762,30,0.0,19.88,21.7,22.27,,22.27,-10.0,1.3,1.3,1.43
183.51019954681396,30,0.0,19.88,21.7,22.27,,22.27,-10.0,1.3,1.3,1.43
184.0117964744568,30,0.0,19.88,21.7,22.27,,22.27,-10.0,1.3,1.3,1.42
184.5253553390503,30,0.0,19.88,21.66,22.24,,22.24,-10.0,1.3,1.3,1.42
185.02573251724243,30,0.0,19.88,21.66,22.24,,22.24,-10.0,1.3,1.29,1.42
185.52566123008728,30,0.0,19.88,21.66,22.24,,22.24,-10.0,1.3,1.29,1.42
186.02376008033752,30,0.0,19.88,21.66,22.24,,22.24,-10.0,1.3,1.29,1.42
186.52196884155273,30,0.0,19.88,21.66,22.2,,22.2,-10.0,1.3,1.29,1.42
187.02155089378357,30,0.0,19.88,21.63,22.2,,22.2,-10.0,1.3,1.29,1.42
187.520653963089,30,0.0,19.84,21.63,22.2,,22.2,-10.0,1.3,1.29,1.42
188.03280186653137,30,0.0,19.84,21.63,22.2,,22.2,-10.0,1.3,1.29,1.42
188.5410852432251,30,0.0,19.84,21.63,22.2,,22.2,-10.0,1.3,1.29,1.41
189.02820920944214,30,0.0,19.84,21.6,22.17,,22.17,-10.0,1.3,1.28,1.41
189.52883100509644,30,0.0,19.84,21.6,22.17,,22.17,-10.0,1.3,1.28,1.41
190.02672243118286,30,0.0,19.84,21.6,22.17,,22.17,-10.0,1.3,1.28,1.41
190.5409014225006,30,0.0,19.79,21.6,22.17,,22.17,-10.0,1.3,1.28,1.41
191.04205226898193,30,0.0,19.79,21.6,22.17,,22.17,-10.0,1.3,1.28,1.41
191.54026293754578,30,0.0,19.79,21.56,22.13,,22.13,-10.0,1.3,1.28,1.41
192.03851199150085,30,0.0,19.79,21.56,22.13,,22.13,-10.0,1.3,1.28,1.41
192.53757667541504,30,0.0,19.79,21.56,22.13,,22.13,-10.0,1.3,1.28,1.41
193.03715062141418,30,0.0,19.79,21.56,22.13,,22.13,-10.0,1.3,1.28,1.41
193.54836344718933,30,0.0,19.79,21.53,22.13,,22.13,-10.0,1.3,1.27,1.4
194.04410433769226,30,0.0,19.79,21.53,22.09,,22.09,-10.0,1.3,1.27,1.4
194.54343914985657,30,0.0,19.75,21.53,22.09,,22.09,-10.0,1.3,1.27,1.4
195.04212355613708,30,0.0,19.75,21.53,22.09,,22.09,-10.0,1.29,1.27,1.4
195.54469847679138,30,0.0,19.75,21.5,22.06,,22.06,-10.0,1.29,1.27,1.4
196.04415583610535,30,0.0,19.75,21.5,22.06,,22.06,-10.0,1.29,1.27,1.4
196.5438940525055,30,0.0,19.75,21.5,22.06,,22.06,-10.0,1.29,1.27,1.4
197.06138944625854,30,0.0,19.75,21.5,22.06,,22.06,-10.0,1.29,1.27,1.4
197.54792881011963,30,0.0,19.75,21.5,22.02,,22.02,-10.0,1.29,1.27,1.39
198.04919338226318,30,0.0,19.75,21.46,22.02,,22.02,-10.0,1.29,1.26,1.39
198.56357622146606,30,0.0,19.7,21.46,22.02,,22.02,-10.0,1.29,1.26,1.39
199.06138944625854,30,0.0,19.7,21.46,22.02,,22.02,-10.0,1.29,1.26,1.39
199.56061553955078,30,0.0,19.7,21.46,22.02,,22.02,-10.0,1.29,1.26,1.39
200.0570149421692,30,0.0,19.7,21.46,21.99,,21.99,-10.0,1.29,1.26,1.39
200.55748915672302,30,0.0,19.7,21.46,21.99,,21.99,-10.0,1.29,1.26,1.39
201.07045888900757,30,0.0,19.7,21.43,21.99,,21.99,-10.0,1.29,1.26,1.39
201.56892848014832,30,0.0,19.7,21.43,21.99,,21.99,-10.0,1.29,1.26,1.39
202.0711431503296,30,0.0,19.66,21.43,21.99,,21.99,-10.0,1.29,1.26,1.38
202.57122611999512,30,0.0,19.66,21.43,21.95,,21.95,-10.0,1.28,1.26,1.38
203.06885933876038,30,0.0,19.66,21.43,21.95,,21.95,-10.0,1.28,1.26,1.38
203.56640005111694,30,0.0,19.66,21.4,21.95,,21.95,-10.0,1.28,1.25,1.38
204.06705832481384,30,0.0,19.66,21.4,21.95,,21.95,-10.0,1.28,1.25,1.38
204.5677206516266,30,0.0,19.66,21.4,21.92,,21.92,-10.0,1.28,1.25,1.38
205.07930731773376,30,0.0,19.66,21.4,21.92,,21.92,-10.0,1.28,1.25,1.38
205.57925009727478,30,0.0,19.61,21.4,21.92,,21.92,-10.0,1.28,1.25,1.38
206.07771182060242,30,0.0,19.66,21.4,21.92,,21.92,-10.0,1.28,1.25,1.38
206.57433795928955,30,0.0,19.61,21.36,21.92,,21.92,-10.0,1.28,1.25,1.38
207.08657479286194,30,0.0,19.61,21.36,21.88,,21.88,-10.0,1.28,1.25,1.37
207.58375334739685,30,0.0,19.61,21.36,21.88,,21.88,-10.0,1.28,1.25,1.37
208.08088850975037,30,0.0,19.61,21.36,21.88,,21.88,-10.0,1.28,1.24,1.37
208.58005142211914,30,0.0,19.61,21.36,21.88,,21.88,-10.0,1.28,1.24,1.37
209.08433651924133,30,0.0,19.61,21.33,21.88,,21.88,-10.0,1.28,1.24,1.37
209.5856339931488,30,0.0,19.61,21.33,21.84,,21.84,-10.0,1.28,1.24,1.37
210.0837757587433,30,0.0,19.57,21.29,21.84,,21.84,-10.0,1.28,1.24,1.37
210.59591007232666,30,0.0,19.61,21.29,21.84,,21.84,-10.0,1.27,1.24,1.37
211.09441542625427,30,0.0,19.61,21.29,21.84,,21.84,-10.0,1.27,1.24,1.37
211.59429550170898,30,0.0,19.57,21.29,21.84,,21.84,-10.0,1.27,1.24,1.37
212.0936484336853,30,0.0,19.57,21.29,21.81,,21.81,-10.0,1.27,1.24,1.36
212.5892996788025,30,0.0,19.57,21.29,21.81,,21.81,-10.0,1.27,1.24,1.36
213.1024944782257,30,0.0,19.57,21.29,21.81,,21.81,-10.0,1.27,1.24,1.36
213.6042284965515,30,0.0,19.57,21.26,21.81,,21.81,-10.0,1.27,1.23,1.36
214.10626554489136,30,0.0,19.57,21.26,21.81,,21.81,-10.0,1.27,1.23,1.36
214.60168862342834,30,0.0,19.57,21.26,21.77,,21.77,-10.0,1.27,1.23,1.36
215.10374784469604,30,0.0,19.52,21.26,21.77,,21.77,-10.0,1.27,1.23,1.36
215.60228562355042,30,0.0,19.52,21.26,21.77,,21.77,-10.0,1.27,1.23,1.36
216.10071110725403,30,0.0,19.52,21.23,21.77,,21.77,-10.0,1.27,1.23,1.36
216.59953832626343,30,0.0,19.52,21.23,21.77,,21.77,-10.0,1.27,1.23,1.36
217.11233067512512,30,0.0,19.52,21.23,21.77,,21.77,-10.0,1.27,1.23,1.35
217.6133840084076,30,0.0,19.52,21.23,21.74,,21.74,-10.0,1.27,1.23,1.35
218.1146478652954,30,0.0,19.52,21.23,21.74,,21.74,-10.0,1.27,1.23,1.35
218.61120438575745,30,0.0,19.48,21.23,21.74,,21.74,-10.0,1.26,1.23,1.35
219.11154294013977,30,0.0,19.48,21.23,21.74,,21.74,-10.0,1.26,1.22,1.35
219.6103298664093,30,0.0,19.48,21.19,21.74,,21.74,-10.0,1.26,1.22,1.35
220.1103479862213,30,0.0,19.48,21.19,21.74,,21.74,-10.0,1.26,1.22,1.35
220.62284183502197,30,0.0,19.48,21.19,21.7,,21.7,-10.0,1.26,1.22,1.35
221.12034845352173,30,0.0,19.48,21.19,21.7,,21.7,-10.0,1.26,1.22,1.35
221.62451457977295,30,0.0,19.48,21.19,21.7,,21.7,-10.0,1.26,1.22,1.35
222.12228083610535,30,0.0,19.48,21.19,21.7,,21.7,-10.0,1.26,1.22,1.35
222.62830996513367,30,0.0,19.48,21.19,21.7,,21.7,-10.0,1.26,1.22,1.35
223.12845849990845,30,0.0,19.48,21.16,21.7,,21.7,-10.0,1.26,1.22,1.35
223.62754130363464,30,0.0,19.43,21.16,21.66,,21.66,-10.0,1.26,1.22,1.34
224.1277391910553,30,0.0,19.48,21.16,21.66,,21.66,-10.0,1.26,1.22,1.34
224.62429237365723,30,0.0,19.48,21.16,21.66,,21.66,-10.0,1.26,1.22,1.34
225.12299060821533,30,0.0,19.43,21.16,21.66,,21.66,-10.0,1.26,1.22,1.34
225.62316036224365,30,0.0,19.43,21.13,21.66,,21.66,-10.0,1.26,1.22,1.34
226.1239743232727,30,0.0,19.43,21.13,21.66,,21.66,-10.0,1.26,1.21,1.34
226.63453650474548,30,0.0,19.43,21.13,21.63,,21.63,-10.0,1.26,1.21,1.34
227.13666558265686,30,0.0,19.43,21.13,21.63,,21.63,-10.0,1.26,1.21,1.34
227.63423657417297,30,0.0,19.43,21.13,21.63,,21.63,-10.0,1.26,1.21,1.34
228.13664031028748,30,0.0,19.43,21.13,21.63,,21.63,-10.0,1.25,1.21,1.34
228.63532853126526,30,0.0,19.39,21.13,21.63,,21.63,-10.0,1.26,1.21,1.34
229.13807249069214,30,0.0,19.39,21.09,21.63,,21.63,-10.0,1.25,1.21,1.33
229.6388955116272,30,0.0,19.39,21.09,21.63,,21.63,-10.0,1.25,1.21,1.33
230.13565945625305,30,0.0,19.39,21.09,21.59,,21.59,-10.0,1.25,1.21,1.33
230.63556480407715,30,0.0,19.39,21.09,21.59,,21.59,-10.0,1.25,1.21,1.33
231.13715720176697,30,0.0,19.39,21.09,21.59,,21.59,-10.0,1.25,1.21,1.33
231.6524360179901,30,0.0,19.39,21.09,21.59,,21.59,-10.0,1.25,1.21,1.33
232.1519570350647,30,0.0,19.39,21.09,21.59,,21.59,-10.0,1.25,1.21,1.33
232.6515748500824,30,0.0,19.39,21.06,21.56,,21.56,-10.0,1.25,1.2,1.33
233.15392994880676,30,0.0,19.39,21.06,21.56,,21.56,-10.0,1.25,1.2,1.33
233.64900135993958,30,0.0,19.39,21.06,21.56,,21.56,-10.0,1.25,1.2,1.33
234.1470446586609,30,0.0,19.39,21.06,21.56,,21.56,-10.0,1.25,1.2,1.33
234.64716815948486,30,0.0,19.39,21.06,21.56,,21.56,-10.0,1.25,1.2,1.33
235.15939092636108,30,0.0,19.35,21.06,21.56,,21.56,-10.0,1.25,1.2,1.33
235.6547293663025,30,0.0,19.35,21.06,21.56,,21.56,-10.0,1.25,1.2,1.33
236.15355825424194,30,0.0,19.35,21.06,21.56,,21.56,-10.0,1.25,1.2,1.32
236.65195488929749,30,0.0,19.35,21.03,21.52,,21.52,-10.0,1.25,1.2,1.32
237.15306544303894,30,0.0,19.35,21.03,21.52,,21.52,-10.0,1.25,1.2,1.32
237.666672706604,30,0.0,19.35,21.03,21.52,,21.52,-10.0,1.25,1.2,1.32
238.1670708656311,30,0.0,19.35,21.03,21.52,,21.52,-10.0,1.24,1.2,1.32
238.66582012176514,30,0.0,19.3,20.99,21.52,,21.52,-10.0,1.24,1.2,1.32
239.16705703735352,30,0.0,19.3,20.99,21.49,,21.49,-10.0,1.24,1.19,1.32
239.66466450691223,30,0.0,19.3,20.99,21.49,,21.49,-10.0,1.24,1.19,1.32
240.1622292995453,30,0.0,19.3,20.99,21.49,,21.49,-10.0,1.24,1.19,1.32
240.6617841720581,30,0.0,19.3,20.99,21.49,,21.49,-10.0,1.24,1.19,1.32
241.17639589309692,30,0.0,19.3,20.99,21.49,,21.49,-10.0,1.24,1.19,1.32
241.67399215698242,30,0.0,19.3,20.99,21.49,,21.49,-10.0,1.24,1.19,1.32
242.1747567653656,30,0.0,19.3,20.99,21.49,,21.49,-10.0,1.24,1.19,1.32
242.67544388771057,30,0.0,19.3,20.96,21.49,,21.49,-10.0,1.24,1.19,1.32
243.1766004562378,30,0.0,19.26,20.96,21.49,,21.49,-10.0,1.24,1.19,1.31
243.67380356788635,30,0.0,19.26,20.96,21.45,,21.45,-10.0,1.24,1.19,1.31
244.17465901374817,30,0.0,19.26,20.96,21.45,,21.45,-10.0,1.24,1.19,1.31
244.67494773864746,30,0.0,19.26,20.96,21.45,,21.45,-10.0,1.24,1.19,1.31
245.18801712989807,30,0.0,19.26,20.96,21.45,,21.45,-10.0,1.24,1.19,1.31
245.68660759925842,30,0.0,19.26,20.96,21.45,,21.45,-10.0,1.24,1.19,1.31
246.18665981292725,30,0.0,19.26,20.93,21.45,,21.45,-10.0,1.24,1.19,1.31
246.6865394115448,30,0.0,19.26,20.93,21.41,,21.41,-10.0,1.24,1.18,1.31
247.18359518051147,30,0.0,19.26,20.93,21.41,,21.41,-10.0,1.24,1.18,1.31
247.68212866783142,30,0.0,19.26,20.93,21.41,,21.41,-10.0,1.24,1.18,1.31
248.18328166007996,30,0.0,19.26,20.93,21.41,,21.41,-10.0,1.24,1.18,1.31
248.69620299339294,30,0.0,19.26,20.93,21.41,,21.41,-10.0,1.24,1.18,1.31
249.2019398212433,30,0.0,19.26,20.93,21.41,,21.41,-10.0,1.24,1.18,1.31
249.69555354118347,30,0.0,19.21,20.93,21.38,,21.38,-10.0,1.24,1.18,1.31
250.19315385818481,30,0.0,19.21,20.93,21.41,,21.41,-10.0,1.23,1.18,1.31
250.69288039207458,30,0.0,19.21,20.89,21.38,,21.38,-10.0,1.23,1.18,1.3
251.19539999961853,30,0.0,19.21,20.89,21.38,,21.38,-10.0,1.23,1.18,1.3
251.6936478614807,30,0.0,19.21,20.89,21.38,,21.38,-10.0,1.23,1.18,1.3
252.19207048416138,30,0.0,19.21,20.89,21.38,,21.38,-10.0,1.23,1.18,1.3
252.7078619003296,30,0.0,19.21,20.89,21.38,,21.38,-10.0,1.23,1.18,1.3
253.20632481575012,30,0.0,19.21,20.89,21.38,,21.38,-10.0,1.23,1.18,1.3
253.7035629749298,30,0.0,19.21,20.89,21.38,,21.38,-10.0,1.23,1.18,1.3
254.2027451992035,30,0.0,19.21,20.89,21.34,,21.34,-10.0,1.23,1.18,1.3
254.70051217079163,30,0.0,19.17,20.86,21.34,,21.34,-10.0,1.23,1.18,1.3
255.20066618919373,30,0.0,19.17,20.86,21.34,,21.34,-10.0,1.23,1.17,1.3
255.71659636497498,30,0.0,19.17,20.86,21.34,,21.34,-10.0,1.23,1.17,1.3
256.21766471862793,30,0.0,19.17,20.86,21.34,,21.34,-10.0,1.23,1.17,1.3
256.7149600982666,30,0.0,19.17,20.86,21.34,,21.34,-10.0,1.23,1.17,1.3
257.21399307250977,30,0.0,19.17,20.86,21.34,,21.34,-10.0,1.23,1.17,1.3
257.7134597301483,30,0.0,19.17,20.86,21.31,,21.31,-10.0,1.23,1.17,1.3
258.2126188278198,30,0.0,19.17,20.86,21.31,,21.31,-10.0,1.23,1.17,1.3
258.71085381507874,30,0.0,19.17,20.82,21.31,,21.31,-10.0,1.23,1.17,1.3
259.2257740497589,30,0.0,19.17,20.82,21.31,,21.31,-10.0,1.23,1.17,1.3
259.724365234375,30,0.0,19.17,20.82,21.31,,21.31,-10.0,1.23,1.17,1.3
260.22496938705444,30,0.0,19.17,20.82,21.31,,21.31,-10.0,1.23,1.17,1.3
260.7245442867279,30,0.0,19.17,20.82,21.31,,21.31,-10.0,1.23,1.17,1.3
261.2264323234558,30,0.0,19.12,20.82,21.31,,21.31,-10.0,1.23,1.17,1.3
261.7245845794678,30,0.0,19.12,20.82,21.31,,21.31,-10.0,1.22,1.17,1.3
262.22295022010803,30,0.0,19.12,20.82,21.27,,21.27,-10.0,1.22,1.17,1.29
262.7216205596924,30,0.0,19.12,20.82,21.27,,21.27,-10.0,1.22,1.16,1.29
263.23324489593506,30,0.0,19.12,20.82,21.27,,21.27,-10.0,1.22,1.16,1.29
263.73323369026184,30,0.0,19.12,20.79,21.27,,21.27,-10.0,1.22,1.16,1.29
264.2361967563629,30,0.0,19.12,20.79,21.27,,21.27,-10.0,1.22,1.16,1.29
264.73614978790283,30,0.0,19.12,20.79,21.27,,21.27,-10.0,1.22,1.16,1.29
265.2391529083252,30,0.0,19.12,20.79,21.27,,21.27,-10.0,1.22,1.16,1.29
265.73750948905945,30,0.0,19.12,20.79,21.27,,21.27,-10.0,1.22,1.16,1.29
266.2343056201935,30,0.0,19.08,20.79,21.27,,21.27,-10.0,1.22,1.16,1.29
266.7344877719879,30,0.0,19.08,20.79,21.23,,21.23,-10.0,1.22,1.16,1.29
267.2473599910736,30,0.0,19.08,20.79,21.23,,21.23,-10.0,1.22,1.16,1.29
267.74924874305725,30,0.0,19.08,20.79,21.23,,21.23,-10.0,1.22,1.16,1.29
268.2464220523834,30,0.0,19.08,20.76,21.23,,21.23,-10.0,1.22,1.16,1.29
268.7450497150421,30,0.0,19.08,20.76,21.23,,21.23,-10.0,1.22,1.16,1.29
269.24383449554443,30,0.0,19.08,20.76,21.23,,21.23,-10.0,1.22,1.16,1.29
269.74092531204224,30,0.0,19.08,20.76,21.23,,21.23,-10.0,1.22,1.16,1.29
270.25480246543884,30,0.0,19.08,20.76,21.23,,21.23,-10.0,1.22,1.16,1.29
270.7555706501007,30,0.0,19.08,20.76,21.2,,21.2,-10.0,1.22,1.16,1.28
271.25170397758484,30,0.0,19.08,20.76,21.2,,21.2,-10.0,1.22,1.16,1.28
271.75570821762085,30,0.0,19.08,20.76,21.2,,21.2,-10.0,1.22,1.16,1.28
272.2539732456207,30,0.0,19.08,20.72,21.2,,21.2,-10.0,1.22,1.16,1.28
272.75110816955566,30,0.0,19.08,20.72,21.2,,21.2,-10.0,1.22,1.15,1.28
273.248904466629,30,0.0,19.08,20.72,21.2,,21.2,-10.0,1.22,1.15,1.28
273.76122975349426,30,0.0,19.08,20.72,21.2,,21.2,-10.0,1.22,1.15,1.28
274.25998067855835,30,0.0,19.08,20.72,21.2,,21.2,-10.0,1.22,1.15,1.28
274.76001715660095,30,0.0,19.03,20.72,21.16,,21.16,-10.0,1.21,1.15,1.28
275.2618775367737,30,0.0,19.03,20.72,21.16,,21.16,-10.0,1.21,1.15,1.28
275.7616798877716,30,0.0,19.03,20.72,21.16,,21.16,-10.0,1.21,1.15,1.28
276.260214805603,30,0.0,19.03,20.72,21.16,,21.16,-10.0,1.21,1.15,1.28
276.7605423927307,30,0.0,19.03,20.69,21.16,,21.16,-10.0,1.21,1.15,1.28
277.2735159397125,30,0.0,19.03,20.72,21.16,,21.16,-10.0,1.21,1.15,1.28
277.7734513282776,30,0.0,19.03,20.69,21.16,,21.16,-10.0,1.21,1.15,1.28
278.2736074924469,30,0.0,19.03,20.69,21.13,,21.13,-10.0,1.21,1.15,1.27
278.77371978759766,30,0.0,19.03,20.69,21.13,,21.13,-10.0,1.21,1.15,1.27
279.2698926925659,30,0.0,19.03,20.69,21.13,,21.13,-10.0,1.21,1.15,1.27
279.7706046104431,30,0.0,19.03,20.69,21.13,,21.13,-10.0,1.21,1.15,1.27
280.26877880096436,30,0.0,18.99,20.69,21.13,,21.13,-10.0,1.21,1.15,1.27
280.77239871025085,30,0.0,19.03,20.69,21.13,,21.13,-10.0,1.21,1.14,1.27
281.2859618663788,30,0.0,19.03,20.69,21.13,,21.13,-10.0,1.21,1.14,1.27
281.7843089103699,30,0.0,19.03,20.66,21.09,,21.09,-10.0,1.21,1.14,1.27
282.28419303894043,30,0.0,18.99,20.66,21.09,,21.09,-10.0,1.21,1.14,1.27
282.7820963859558,30,0.0,18.99,20.66,21.09,,21.09,-10.0,1.21,1.14,1.27
283.2832922935486,30,0.0,18.99,20.66,21.09,,21.09,-10.0,1.21,1.14,1.27
283.7807788848877,30,0.0,18.99,20.66,21.09,,21.09,-10.0,1.21,1.14,1.27
284.28162360191345,30,0.0,18.99,20.66,21.09,,21.09,-10.0,1.21,1.14,1.27
284.78082847595215,30,0.0,18.99,20.62,21.09,,21.09,-10.0,1.21,1.14,1.27
285.2951407432556,30,0.0,18.99,20.62,21.09,,21.09,-10.0,1.21,1.14,1.27
285.79684352874756,30,0.0,18.99,20.62,21.09,,21.09,-10.0,1.21,1.14,1.26
286.2833938598633,30,0.0,18.99,20.62,21.05,,21.05,-10.0,1.21,1.14,1.26
286.7976379394531,30,0.0,18.99,20.62,21.05,,21.05,-10.0,1.21,1.14,1.26
287.2973039150238,30,0.0,18.99,20.62,21.05,,21.05,-10.0,1.21,1.14,1.26
287.7971794605255,30,0.0,18.99,20.62,21.05,,21.05,-10.0,1.21,1.14,1.26
288.29763531684875,30,0.0,18.99,20.62,21.05,,21.05,-10.0,1.21,1.14,1.26
288.7980692386627,30,0.0,18.99,20.59,21.05,,21.05,-10.0,1.21,1.14,1.26
289.296245098114,30,0.0,18.99,20.59,21.05,,21.05,-10.0,1.21,1.14,1.26
289.79494643211365,30,0.0,18.99,20.59,21.02,,21.02,-10.0,1.21,1.13,1.26
290.3070168495178,30,0.0,18.99,20.62,21.02,,21.02,-10.0,1.21,1.13,1.26
290.79713797569275,30,0.0,18.99,20.59,21.02,,21.02,-10.0,1.21,1.13,1.26
291.3079719543457,30,0.0,18.99,20.59,21.02,,21.02,-10.0,1.21,1.13,1.26
291.8068747520447,30,0.0,18.99,20.59,21.02,,21.02,-10.0,1.2,1.13,1.26
292.3055124282837,30,0.0,18.99,20.59,21.02,,21.02,-10.0,1.2,1.13,1.26
292.80532121658325,30,0.0,18.99,20.59,21.02,,21.02,-10.0,1.2,1.13,1.26
293.3029270172119,30,0.0,18.94,20.59,21.02,,21.02,-10.0,1.2,1.13,1.26
293.8043189048767,30,0.0,18.94,20.55,20.98,,20.98,-10.0,1.2,1.13,1.25
294.3180818557739,30,0.0,18.94,20.55,20.98,,20.98,-10.0,1.2,1.13,1.25
294.8163628578186,30,0.0,18.94,20.55,20.98,,20.98,-10.0,1.2,1.13,1.25
295.3144724369049,30,0.0,18.94,20.55,20.98,,20.98,-10.0,1.2,1.13,1.25
295.81330609321594,30,0.0,18.94,20.55,20.98,,20.98,-10.0,1.2,1.13,1.25
296.31484961509705,30,0.0,18.94,20.55,20.98,,20.98,-10.0,1.2,1.13,1.25
296.8151047229767,30,0.0,18.94,20.55,20.98,,20.98,-10.0,1.2,1.13,1.25
297.31480383872986,30,0.0,18.94,20.55,20.98,,20.98,-10.0,1.2,1.13,1.25
297.82853984832764,30,0.0,18.94,20.55,20.98,,20.98,-10.0,1.2,1.13,1.25
298.3283748626709,30,0.0,18.94,20.55,20.98,,20.98,-10.0,1.2,1.13,1.25
298.82502937316895,30,0.0,18.94,20.55,20.98,,20.98,-10.0,1.2,1.13,1.25
299.32572412490845,30,0.0,18.9,20.52,20.98,,20.98,-10.0,1.2,1.13,1.25
299.8268036842346,30,0.0,18.9,20.52,20.98,,20.98,-10.0,1.2,1.12,1.25
300.32556414604187,30,0.0,18.9,20.52,20.98,,20.98,-10.0,1.2,1.12,1.25
300.8227846622467,30,0.0,18.9,20.52,20.98,,20.98,-10.0,1.2,1.12,1.25
301.32464718818665,30,0.0,18.9,20.52,20.95,,20.95,-10.0,1.2,1.12,1.25
301.8255398273468,30,0.0,18.9,20.52,20.95,,20.95,-10.0,1.2,1.12,1.25
302.33960700035095,30,0.0,18.9,20.52,20.95,,20.95,-10.0,1.2,1.12,1.25
302.8395845890045,30,0.0,18.9,20.52,20.95,,20.95,-10.0,1.2,1.12,1.25
303.3356976509094,30,0.0,18.9,20.52,20.91,,20.91,-10.0,1.2,1.12,1.24
303.8367507457733,30,0.0,18.9,20.52,20.91,,20.91,-10.0,1.2,1.12,1.24
304.3378279209137,30,0.0,18.9,20.52,20.91,,20.91,-10.0,1.2,1.12,1.24
304.83438324928284,30,0.0,18.9,20.49,20.91,,20.91,-10.0,1.2,1.12,1.24
305.33686566352844,30,0.0,18.9,20.49,20.91,,20.91,-10.0,1.19,1.12,1.24
305.83997344970703,30,0.0,18.9,20.52,20.91,,20.91,-10.0,1.19,1.12,1.24
306.3415298461914,30,0.0,18.9,20.49,20.91,,20.91,-10.0,1.19,1.12,1.24
306.84342861175537,30,0.0,18.85,20.49,20.91,,20.91,-10.0,1.19,1.12,1.24
307.34186005592346,30,0.0,18.85,20.49,20.91,,20.91,-10.0,1.2,1.12,1.24
307.8550627231598,30,0.0,18.85,20.49,20.91,,20.91,-10.0,1.19,1.12,1.24
308.3524169921875,30,0.0,18.85,20.49,20.87,,20.87,-10.0,1.19,1.12,1.24
308.85474276542664,30,0.0,18.85,20.49,20.87,,20.87,-10.0,1.19,1.12,1.24
309.3499970436096,30,0.0,18.85,20.49,20.87,,20.87,-10.0,1.19,1.12,1.24
309.8463759422302,30,0.0,18.85,20.49,20.87,,20.87,-10.0,1.19,1.12,1.24
310.360636472702,30,0.0,18.85,20.49,20.87,,20.87,-10.0,1.19,1.12,1.24
310.85853362083435,30,0.0,18.85,20.49,20.87,,20.87,-10.0,1.19,1.12,1.24
311.358922958374,30,0.0,18.85,20.45,20.87,,20.87,-10.0,1.19,1.11,1.24
311.8558990955353,30,0.0,18.85,20.45,20.87,,20.87,-10.0,1.19,1.11,1.24
312.3568286895752,30,0.0,18.85,20.45,20.87,,20.87,-10.0,1.19,1.11,1.24
312.8538043498993,30,0.0,18.85,20.45,20.87,,20.87,-10.0,1.19,1.11,1.24
313.3587532043457,30,0.0,18.85,20.45,20.87,,20.87,-10.0,1.19,1.11,1.24
313.85974860191345,30,0.0,18.85,20.45,20.87,,20.87,-10.0,1.19,1.11,1.24
314.36004543304443,30,0.0,18.85,20.45,20.87,,20.87,-10.0,1.19,1.11,1.24
314.8612458705902,30,0.0,18.85,20.45,20.87,,20.87,-10.0,1.19,1.11,1.24
315.36312460899353,30,0.0,18.85,20.45,20.87,,20.87,-10.0,1.19,1.11,1.23
315.86230754852295,30,0.0,18.81,20.45,20.84,,20.84,-10.0,1.19,1.11,1.23
316.37481212615967,30,0.0,18.81,20.45,20.84,,20.84,-10.0,1.19,1.11,1.23
316.87278032302856,30,0.0,18.81,20.45,20.84,,20.84,-10.0,1.19,1.11,1.23
317.372261762619,30,0.0,18.81,20.42,20.84,,20.84,-10.0,1.19,1.11,1.23
317.87170362472534,30,0.0,18.81,20.45,20.84,,20.84,-10.0,1.19,1.11,1.23
318.372935295105,30,0.0,18.81,20.42,20.84,,20.84,-10.0,1.19,1.11,1.23
318.87329506874084,30,0.0,18.81,20.42,20.84,,20.84,-10.0,1.19,1.11,1.23
319.3725805282593,30,0.0,18.81,20.42,20.84,,20.84,-10.0,1.19,1.11,1.23
319.88638520240784,30,0.0,18.81,20.42,20.84,,20.84,-10.0,1.19,1.11,1.23
320.38658928871155,30,0.0,18.81,20.42,20.84,,20.84,-10.0,1.19,1.11,1.23
320.886501789093,30,0.0,18.81,20.42,20.84,,20.84,-10.0,1.19,1.11,1.23
321.38418674468994,30,0.0,18.76,20.42,20.84,,20.84,-10.0,1.19,1.11,1.23
321.8843050003052,30,0.0,18.81,20.42,20.84,,20.84,-10.0,1.19,1.11,1.23
322.3838379383087,30,0.0,18.81,20.42,20.84,,20.84,-10.0,1.19,1.11,1.23
322.8861105442047,30,0.0,18.81,20.42,20.8,,20.8,-10.0,1.19,1.11,1.23
323.3852469921112,30,0.0,18.81,20.42,20.8,,20.8,-10.0,1.19,1.11,1.23
323.8845179080963,30,0.0,18.76,20.39,20.8,,20.8,-10.0,1.19,1.1,1.23
324.3921871185303,30,0.0,18.81,20.39,20.8,,20.8,-10.0,1.19,1.1,1.23
324.8935971260071,30,0.0,18.81,20.39,20.8,,20.8,-10.0,1.19,1.1,1.23
325.39422512054443,30,0.0,18.81,20.39,20.8,,20.8,-10.0,1.19,1.1,1.23
325.8928804397583,30,0.0,18.81,20.39,20.8,,20.8,-10.0,1.19,1.1,1.23
326.3909647464752,30,0.0,18.81,20.39,20.8,,20.8,-10.0,1.19,1.1,1.23
326.8915636539459,30,0.0,18.81,20.39,20.8,,20.8,-10.0,1.19,1.1,1.23
327.40693187713623,30,0.0,18.81,20.39,20.76,,20.76,-10.0,1.19,1.1,1.23
327.9079623222351,30,0.0,18.81,20.39,20.8,,20.8,-10.0,1.19,1.1,1.23
328.40534710884094,30,0.0,18.76,20.39,20.76,,20.76,-10.0,1.19,1.1,1.23
328.9070420265198,30,0.0,18.76,20.39,20.76,,20.76,-10.0,1.19,1.1,1.23
329.4051921367645,30,0.0,18.76,20.39,20.76,,20.76,-10.0,1.18,1.1,1.22
329.90605759620667,30,0.0,18.76,20.39,20.76,,20.76,-10.0,1.18,1.1,1.22
330.40600514411926,30,0.0,18.76,20.35,20.76,,20.76,-10.0,1.18,1.1,1.22
330.90431475639343,30,0.0,18.76,20.39,20.76,,20.76,-10.0,1.18,1.1,1.22
331.4048285484314,30,0.0,18.76,20.39,20.76,,20.76,-10.0,1.19,1.1,1.22
331.9164752960205,30,0.0,18.76,20.39,20.76,,20.76,-10.0,1.19,1.1,1.22
332.4144253730774,30,0.0,18.76,20.35,20.76,,20.76,-10.0,1.18,1.1,1.22
332.9163706302643,30,0.0,18.76,20.35,20.76,,20.76,-10.0,1.18,1.1,1.22
333.4194915294647,30,0.0,18.76,20.35,20.76,,20.76,-10.0,1.18,1.1,1.22
333.917279958725,30,0.0,18.76,20.35,20.76,,20.76,-10.0,1.18,1.1,1.22
334.42031383514404,30,0.0,18.76,20.35,20.76,,20.76,-10.0,1.18,1.1,1.22
334.9189088344574,30,0.0,18.76,20.35,20.76,,20.76,-10.0,1.18,1.1,1.22
335.4167902469635,30,0.0,18.76,20.35,20.76,,20.76,-10.0,1.18,1.1,1.22
335.91721749305725,30,0.0,18.76,20.35,20.73,,20.73,-10.0,1.18,1.1,1.22
336.42995738983154,30,0.0,18.76,20.35,20.73,,20.73,-10.0,1.18,1.1,1.22
336.92940735816956,30,0.0,18.76,20.35,20.73,,20.73,-10.0,1.18,1.1,1.22
337.427542924881,30,0.0,18.76,20.32,20.73,,20.73,-10.0,1.18,1.09,1.22
337.9243769645691,30,0.0,18.72,20.32,20.73,,20.73,-10.0,1.18,1.09,1.22
338.4286518096924,30,0.0,18.72,20.32,20.73,,20.73,-10.0,1.18,1.09,1.22
338.9242465496063,30,0.0,18.72,20.32,20.76,,20.76,-10.0,1.18,1.09,1.22
339.4244923591614,30,0.0,18.72,20.32,20.73,,20.73,-10.0,1.18,1.09,1.22
339.9376184940338,30,0.0,18.72,20.32,20.73,,20.73,-10.0,1.18,1.09,1.22
340.4361231327057,30,0.0,18.72,20.32,20.73,,20.73,-10.0,1.18,1.09,1.22
340.9318337440491,30,0.0,18.72,20.32,20.73,,20.73,-10.0,1.18,1.09,1.22
341.4322748184204,30,0.0,18.72,20.32,20.73,,20.73,-10.0,1.18,1.09,1.22
341.93496465682983,30,0.0,18.72,20.32,20.73,,20.73,-10.0,1.18,1.09,1.22
342.4326901435852,30,0.0,18.72,20.32,20.73,,20.73,-10.0,1.18,1.09,1.22
342.93458557128906,30,0.0,18.72,20.32,20.73,,20.73,-10.0,1.18,1.09,1.22
343.4489572048187,30,0.0,18.72,20.32,20.73,,20.73,-10.0,1.18,1.09,1.21
343.94830536842346,30,0.0,18.72,20.32,20.73,,20.73,-10.0,1.18,1.09,1.21
344.4485411643982,30,0.0,18.72,20.32,20.69,,20.69,-10.0,1.18,1.09,1.21
344.9469919204712,30,0.0,18.67,20.32,20.69,,20.69,-10.0,1.18,1.09,1.21
345.4421606063843,30,0.0,18.67,20.32,20.69,,20.69,-10.0,1.18,1.09,1.21
345.95610094070435,30,0.0,18.67,20.32,20.69,,20.69,-10.0,1.17,1.09,1.21
346.4558210372925,30,0.0,18.67,20.28,20.69,,20.69,-10.0,1.17,1.09,1.21
346.9550335407257,30,0.0,18.67,20.28,20.69,,20.69,-10.0,1.17,1.09,1.21
347.45473408699036,30,0.0,18.72,20.28,20.69,,20.69,-10.0,1.17,1.09,1.21
347.9557967185974,30,0.0,18.67,20.28,20.69,,20.69,-10.0,1.17,1.09,1.21
348.4555170536041,30,0.0,18.67,20.28,20.69,,20.69,-10.0,1.17,1.09,1.21
348.95457005500793,30,0.0,18.67,20.28,20.69,,20.69,-10.0,1.17,1.09,1.21
349.4533202648163,30,0.0,18.67,20.28,20.69,,20.69,-10.0,1.17,1.09,1.21
349.95408391952515,30,0.0,18.67,20.28,20.69,,20.69,-10.0,1.17,1.09,1.21
350.45456433296204,30,0.0,18.67,20.28,20.66,,20.66,-10.0,1.17,1.09,1.21
350.9685900211334,30,0.0,18.67,20.28,20.66,,20.66,-10.0,1.17,1.09,1.21
351.4644570350647,30,0.0,18.67,20.28,20.66,,20.66,-10.0,1.17,1.09,1.21
351.96498823165894,30,0.0,18.67,20.28,20.66,,20.66,-10.0,1.17,1.09,1.21
352.4668118953705,30,0.0,18.67,20.25,20.66,,20.66,-10.0,1.17,1.09,1.21
352.9653389453888,30,0.0,18.67,20.25,20.66,,20.66,-10.0,1.17,1.09,1.21
353.46395897865295,30,0.0,18.67,20.25,20.66,,20.66,-10.0,1.17,1.09,1.21
353.9633734226227,30,0.0,18.67,20.25,20.66,,20.66,-10.0,1.17,1.09,1.21
354.47589468955994,30,0.0,18.67,20.25,20.66,,20.66,-10.0,1.17,1.09,1.21
354.97592210769653,30,0.0,18.67,20.25,20.66,,20.66,-10.0,1.17,1.09,1.21
355.47430872917175,30,0.0,18.67,20.25,20.66,,20.66,-10.0,1.17,1.09,1.21
355.9743866920471,30,0.0,18.67,20.25,20.66,,20.66,-10.0,1.17,1.09,1.21
356.47360014915466,30,0.0,18.67,20.25,20.66,,20.66,-10.0,1.17,1.09,1.21
356.97332429885864,30,0.0,18.67,20.25,20.66,,20.66,-10.0,1.17,1.09,1.2
357.47640681266785,30,0.0,18.67,20.25,20.62,,20.62,-10.0,1.17,1.09,1.2
357.97725462913513,30,0.0,18.67,20.25,20.62,,20.62,-10.0,1.17,1.09,1.2
358.47762989997864,30,0.0,18.67,20.25,20.62,,20.62,-10.0,1.17,1.09,1.2
358.97840428352356,30,0.0,18.63,20.25,20.62,,20.62,-10.0,1.17,1.09,1.2
359.49554920196533,30,0.0,18.67,20.25,20.62,,20.62,-10.0,1.17,1.09,1.2
359.9945089817047,30,0.0,18.63,20.22,20.62,,20.62,-10.0,1.17,1.08,1.2
360.494202375412,30,0.0,18.63,20.22,20.62,,20.62,-10.0,1.17,1.08,1.2
360.9887070655823,30,0.0,18.67,20.22,20.62,,20.62,-10.0,1.17,1.08,1.2
361.48696970939636,30,0.0,18.67,20.22,20.62,,20.62,-10.0,1.17,1.08,1.2
361.9894495010376,30,0.0,18.67,20.22,20.62,,20.62,-10.0,1.17,1.08,1.2
362.48910641670227,30,0.0,18.63,20.22,20.62,,20.62,-10.0,1.17,1.08,1.2
363.00211000442505,30,0.0,18.63,20.22,20.62,,20.62,-10.0,1.17,1.08,1.2
363.50067162513733,30,0.0,18.63,20.22,20.62,,20.62,-10.0,1.17,1.08,1.2
364.00434970855713,30,0.0,18.63,20.22,20.58,,20.58,-10.0,1.17,1.08,1.2
364.50466561317444,30,0.0,18.63,20.22,20.58,,20.58,-10.0,1.17,1.08,1.2
365.00384974479675,30,0.0,18.63,20.22,20.58,,20.58,-10.0,1.17,1.08,1.2
365.5022985935211,30,0.0,18.63,20.22,20.58,,20.58,-10.0,1.17,1.08,1.2
366.00895380973816,30,0.0,18.63,20.22,20.58,,20.58,-10.0,1.17,1.08,1.2
366.5084614753723,30,0.0,18.63,20.22,20.58,,20.58,-10.0,1.17,1.08,1.2
367.0069329738617,30,0.0,18.63,20.22,20.58,,20.58,-10.0,1.17,1.08,1.2
367.50851130485535,30,0.0,18.63,20.18,20.58,,20.58,-10.0,1.17,1.08,1.2
368.0066342353821,30,0.0,18.63,20.18,20.58,,20.58,-10.0,1.17,1.08,1.2
368.50657534599304,30,0.0,18.63,20.18,20.58,,20.58,-10.0,1.17,1.08,1.2
369.0173707008362,30,0.0,18.63,20.18,20.58,,20.58,-10.0,1.17,1.08,1.2
369.5163404941559,30,0.0,18.63,20.18,20.58,,20.58,-10.0,1.17,1.08,1.2
370.01638007164,30,0.0,18.63,20.18,20.55,,20.55,-10.0,1.17,1.08,1.2
370.5142230987549,30,0.0,18.63,20.18,20.55,,20.55,-10.0,1.17,1.08,1.2
371.01381492614746,30,0.0,18.63,20.18,20.55,,20.55,-10.0,1.17,1.08,1.19
371.512179851532,30,0.0,18.63,20.18,20.55,,20.55,-10.0,1.17,1.08,1.19
372.0265130996704,30,0.0,18.63,20.18,20.55,,20.55,-10.0,1.17,1.08,1.19
372.51355743408203,30,0.0,18.63,20.18,20.55,,20.55,-10.0,1.17,1.08,1.19
373.0172293186188,30,0.0,18.63,20.18,20.55,,20.55,-10.0,1.17,1.08,1.19
373.5177183151245,30,0.0,18.63,20.18,20.55,,20.55,-10.0,1.17,1.08,1.19
374.02764892578125,30,0.0,18.63,20.18,20.55,,20.55,-10.0,1.17,1.08,1.19
374.5283887386322,30,0.0,18.63,20.18,20.55,,20.55,-10.0,1.17,1.08,1.19
375.0253403186798,30,0.0,18.63,20.18,20.55,,20.55,-10.0,1.16,1.08,1.19
375.52483677864075,30,0.0,18.63,20.18,20.55,,20.55,-10.0,1.17,1.08,1.19
376.02385425567627,30,0.0,18.63,20.18,20.55,,20.55,-10.0,1.17,1.08,1.19
376.53828048706055,30,0.0,18.58,20.18,20.55,,20.55,-10.0,1.17,1.08,1.19
377.03810477256775,30,0.0,18.58,20.18,20.55,,20.55,-10.0,1.17,1.08,1.19
377.5346999168396,30,0.0,18.58,20.15,20.55,,20.55,-10.0,1.17,1.08,1.19
378.0392014980316,30,0.0,18.58,20.18,20.55,,20.55,-10.0,1.16,1.07,1.19
378.53758239746094,30,0.0,18.58,20.15,20.55,,20.55,-10.0,1.16,1.07,1.19
379.04028511047363,30,0.0,18.58,20.15,20.51,,20.51,-10.0,1.16,1.07,1.19
379.5440354347229,30,0.0,18.58,20.15,20.51,,20.51,-10.0,1.16,1.07,1.19
380.0443902015686,30,0.0,18.58,20.15,20.51,,20.51,-10.0,1.16,1.07,1.19
380.5458981990814,30,0.0,18.58,20.15,20.51,,20.51,-10.0,1.16,1.07,1.19
381.0493412017822,30,0.0,18.58,20.15,20.55,,20.55,-10.0,1.16,1.07,1.19
381.549987077713,30,0.0,18.58,20.15,20.51,,20.51,-10.0,1.16,1.07,1.19
382.04576778411865,30,0.0,18.58,20.15,20.51,,20.51,-10.0,1.16,1.07,1.19
382.6544954776764,30,0.0,18.58,20.15,20.51,,20.51,-10.0,1.16,1.07,1.19
383.08107233047485,30,0.0,18.58,20.15,20.51,,20.51,-10.0,1.16,1.07,1.19
383.54465770721436,30,0.0,18.58,20.15,20.51,,20.51,-10.0,1.16,1.07,1.19
384.0439052581787,30,0.0,18.58,20.15,20.51,,20.51,-10.0,1.16,1.07,1.19
384.5579707622528,30,0.0,18.58,20.15,20.51,,20.51,-10.0,1.16,1.07,1.19
385.05365467071533,30,0.0,18.58,20.15,20.51,,20.51,-10.0,1.16,1.07,1.19
385.55264115333557,30,0.0,18.58,20.15,20.51,,20.51,-10.0,1.16,1.07,1.19
386.051451921463,30,0.0,18.58,20.15,20.51,,20.51,-10.0,1.16,1.07,1.19
386.5501868724823,30,0.0,18.58,20.15,20.51,,20.51,-10.0,1.16,1.07,1.19
387.06509828567505,30,0.0,18.58,20.15,20.51,,20.51,-10.0,1.16,1.07,1.19
387.56384682655334,30,0.0,18.58,20.15,20.51,,20.51,-10.0,1.16,1.07,1.19
388.0645761489868,30,0.0,18.58,20.15,20.51,,20.51,-10.0,1.16,1.07,1.19
388.5626311302185,30,0.0,18.58,20.11,20.51,,20.51,-10.0,1.16,1.07,1.18
389.05904388427734,30,0.0,18.58,20.11,20.51,,20.51,-10.0,1.16,1.07,1.18
389.55814504623413,30,0.0,18.58,20.15,20.48,,20.48,-10.0,1.16,1.07,1.18
390.0738105773926,30,0.0,18.58,20.11,20.48,,20.48,-10.0,1.16,1.07,1.18
390.57361578941345,30,0.0,18.58,20.15,20.48,,20.48,-10.0,1.16,1.07,1.18
391.07275438308716,30,0.0,18.58,20.15,20.48,,20.48,-10.0,1.16,1.07,1.18
391.5718171596527,30,0.0,18.58,20.11,20.48,,20.48,-10.0,1.16,1.07,1.18
392.07101917266846,30,0.0,18.58,20.11,20.48,,20.48,-10.0,1.16,1.07,1.18
392.5687310695648,30,0.0,18.58,20.11,20.48,,20.48,-10.0,1.16,1.07,1.18
393.0723376274109,30,0.0,18.58,20.11,20.48,,20.48,-10.0,1.16,1.07,1.18
393.58357548713684,30,0.0,18.58,20.11,20.48,,20.48,-10.0,1.16,1.07,1.18
394.0837752819061,30,0.0,18.58,20.11,20.48,,20.48,-10.0,1.16,1.07,1.18
394.5845582485199,30,0.0,18.58,20.11,20.48,,20.48,-10.0,1.16,1.07,1.18
395.082505941391,30,0.0,18.58,20.11,20.48,,20.48,-10.0,1.16,1.07,1.18
395.5816078186035,30,0.0,18.54,20.11,20.48,,20.48,-10.0,1.16,1.07,1.18
396.07754397392273,30,0.0,18.54,20.11,20.48,,20.48,-10.0,1.16,1.07,1.18
396.5796859264374,30,0.0,18.54,20.11,20.48,,20.48,-10.0,1.16,1.07,1.18
397.08026909828186,30,0.0,18.54,20.11,20.48,,20.48,-10.0,1.16,1.07,1.18
397.581702709198,30,0.0,18.54,20.11,20.48,,20.48,-10.0,1.16,1.07,1.18
398.0916953086853,30,0.0,18.54,20.11,20.48,,20.48,-10.0,1.16,1.07,1.18
398.595321893692,30,0.0,18.54,20.11,20.48,,20.48,-10.0,1.16,1.07,1.18
399.09447503089905,30,0.0,18.54,20.11,20.48,,20.48,-10.0,1.16,1.07,1.18
399.5949475765228,30,0.0,18.54,20.11,20.44,,20.44,-10.0,1.16,1.07,1.18
400.09225153923035,30,0.0,18.54,20.11,20.44,,20.44,-10.0,1.16,1.07,1.18
400.5894501209259,30,0.0,18.54,20.11,20.44,,20.44,-10.0,1.16,1.07,1.18
401.0904972553253,30,0.0,18.54,20.11,20.44,,20.44,-10.0,1.16,1.07,1.18
401.6040654182434,30,0.0,18.54,20.11,20.44,,20.44,-10.0,1.16,1.06,1.18
402.10155272483826,30,0.0,18.54,20.11,20.44,,20.44,-10.0,1.16,1.06,1.18
402.60019159317017,30,0.0,18.54,20.08,20.44,,20.44,-10.0,1.16,1.06,1.18
403.0956552028656,30,0.0,18.54,20.08,20.44,,20.44,-10.0,1.16,1.06,1.18
403.59968090057373,30,0.0,18.54,20.08,20.44,,20.44,-10.0,1.16,1.06,1.18
404.0988857746124,30,0.0,18.54,20.08,20.44,,20.44,-10.0,1.16,1.06,1.18
404.60346579551697,30,0.0,18.54,20.08,20.44,,20.44,-10.0,1.16,1.06,1.18
405.1051037311554,30,0.0,18.54,20.08,20.44,,20.44,-10.0,1.16,1.06,1.18
405.6088035106659,30,0.0,18.54,20.08,20.44,,20.44,-10.0,1.16,1.06,1.18
406.1105754375458,30,0.0,18.54,20.08,20.44,,20.44,-10.0,1.16,1.06,1.18
406.6093382835388,30,0.0,18.54,20.08,20.44,,20.44,-10.0,1.16,1.06,1.18
407.1074147224426,30,0.0,18.54,20.08,20.44,,20.44,-10.0,1.16,1.06,1.18
407.60737919807434,30,0.0,18.54,20.08,20.44,,20.44,-10.0,1.16,1.06,1.18
408.12174105644226,30,0.0,18.54,20.08,20.44,,20.44,-10.0,1.16,1.06,1.18
408.61944127082825,30,0.0,18.54,20.08,20.44,,20.44,-10.0,1.16,1.06,1.18
409.117413520813,30,0.0,18.54,20.08,20.44,,20.44,-10.0,1.16,1.06,1.18
409.61801171302795,30,0.0,18.54,20.08,20.44,,20.44,-10.0,1.16,1.06,1.18
410.11717438697815,30,0.0,18.54,20.08,20.44,,20.44,-10.0,1.16,1.06,1.18
410.6148896217346,30,0.0,18.54,20.08,20.44,,20.44,-10.0,1.16,1.06,1.18
411.11563777923584,30,0.0,18.54,20.08,20.44,,20.44,-10.0,1.16,1.06,1.18
411.62975883483887,30,0.0,18.54,20.08,20.44,,20.44,-10.0,1.16,1.06,1.18
412.1288409233093,30,0.0,18.54,20.08,20.4,,20.4,-10.0,1.16,1.06,1.18
412.6265392303467,30,0.0,18.54,20.05,20.4,,20.4,-10.0,1.16,1.06,1.18
413.1276822090149,30,0.0,18.54,20.08,20.4,,20.4,-10.0,1.16,1.06,1.18
413.6267304420471,30,0.0,18.54,20.05,20.4,,20.4,-10.0,1.16,1.06,1.17
414.13878417015076,30,0.0,18.54,20.05,20.4,,20.4,-10.0,1.16,1.06,1.17
414.635617017746,30,0.0,18.54,20.05,20.4,,20.4,-10.0,1.16,1.06,1.17
415.13906240463257,30,0.0,18.54,20.05,20.4,,20.4,-10.0,1.16,1.06,1.17
415.63801527023315,30,0.0,18.54,20.05,20.4,,20.4,-10.0,1.16,1.06,1.17
416.13715410232544,30,0.0,18.54,20.08,20.4,,20.4,-10.0,1.16,1.06,1.17
416.6367721557617,30,0.0,18.54,20.05,20.4,,20.4,-10.0,1.15,1.06,1.17
417.1359398365021,30,0.0,18.5,20.05,20.4,,20.4,-10.0,1.15,1.06,1.17
417.6358013153076,30,0.0,18.54,20.05,20.4,,20.4,-10.0,1.15,1.06,1.17
418.13545322418213,30,0.0,18.54,20.05,20.4,,20.4,-10.0,1.15,1.06,1.17
418.6366446018219,30,0.0,18.5,20.05,20.4,,20.4,-10.0,1.15,1.06,1.17
419.148321390152,30,0.0,18.5,20.05,20.4,,20.4,-10.0,1.15,1.06,1.17
419.6514711380005,30,0.0,18.5,20.05,20.4,,20.4,-10.0,1.15,1.06,1.17
420.1563370227814,30,0.0,18.5,20.05,20.4,,20.4,-10.0,1.15,1.06,1.17
420.65457558631897,30,0.0,18.5,20.05,20.4,,20.4,-10.0,1.15,1.06,1.17
421.15128564834595,30,0.0,18.5,20.05,20.4,,20.4,-10.0,1.15,1.06,1.17
421.653559923172,30,0.0,18.5,20.05,20.4,,20.4,-10.0,1.15,1.06,1.17
422.1516692638397,30,0.0,18.5,20.05,20.4,,20.4,-10.0,1.16,1.06,1.17
422.6511981487274,30,0.0,18.5,20.05,20.4,,20.4,-10.0,1.15,1.06,1.17
423.14986753463745,30,0.0,18.5,20.05,20.4,,20.4,-10.0,1.15,1.06,1.17
423.66219449043274,30,0.0,18.5,20.05,20.4,,20.4,-10.0,1.16,1.06,1.17
424.16431069374084,30,0.0,18.5,20.05,20.37,,20.37,-10.0,1.16,1.05,1.17
424.6604323387146,30,0.0,18.5,20.05,20.37,,20.37,-10.0,1.15,1.06,1.17
425.16097831726074,30,0.0,18.5,20.05,20.37,,20.37,-10.0,1.15,1.05,1.17
425.65796542167664,30,0.0,18.5,20.05,20.37,,20.37,-10.0,1.15,1.05,1.17
426.1589472293854,30,0.0,18.5,20.01,20.37,,20.37,-10.0,1.15,1.05,1.17
426.6574420928955,30,0.0,18.5,20.01,20.37,,20.37,-10.0,1.15,1.05,1.17
427.1716408729553,30,0.0,18.5,20.01,20.37,,20.37,-10.0,1.15,1.05,1.17
427.6727833747864,30,0.0,18.5,20.01,20.37,,20.37,-10.0,1.15,1.05,1.17
428.17352414131165,30,0.0,18.5,20.01,20.37,,20.37,-10.0,1.15,1.05,1.17
428.6733980178833,30,0.0,18.5,20.01,20.37,,20.37,-10.0,1.15,1.05,1.17
429.17635560035706,30,0.0,18.5,20.01,20.37,,20.37,-10.0,1.15,1.05,1.17
429.67392897605896,30,0.0,18.5,20.01,20.37,,20.37,-10.0,1.15,1.05,1.17
430.17189478874207,30,0.0,18.5,20.01,20.37,,20.37,-10.0,1.15,1.05,1.17
430.67546010017395,30,0.0,18.5,20.05,20.37,,20.37,-10.0,1.15,1.05,1.17
431.1756203174591,30,0.0,18.5,20.01,20.37,,20.37,-10.0,1.15,1.05,1.17
431.67602729797363,30,0.0,18.5,20.01,20.37,,20.37,-10.0,1.15,1.05,1.17
432.17373156547546,30,0.0,18.5,20.01,20.37,,20.37,-10.0,1.15,1.05,1.17
432.6743700504303,30,0.0,18.5,20.01,20.37,,20.37,-10.0,1.15,1.05,1.17
433.1883165836334,30,0.0,18.5,20.01,20.37,,20.37,-10.0,1.15,1.05,1.17
433.6867091655731,30,0.0,18.5,20.01,20.37,,20.37,-10.0,1.15,1.05,1.17
434.1884717941284,30,0.0,18.5,20.01,20.37,,20.37,-10.0,1.15,1.05,1.17
434.68820428848267,30,0.0,18.5,20.01,20.37,,20.37,-10.0,1.15,1.05,1.17
435.1879825592041,30,0.0,18.5,20.01,20.37,,20.37,-10.0,1.15,1.05,1.17
435.6855523586273,30,0.0,18.5,20.01,20.37,,20.37,-10.0,1.15,1.05,1.16
436.182790517807,30,0.0,18.45,20.01,20.33,,20.33,-10.0,1.15,1.05,1.16
436.69537258148193,30,0.0,18.5,20.01,20.37,,20.37,-10.0,1.15,1.05,1.16
437.19781374931335,30,0.0,18.5,20.01,20.37,,20.37,-10.0,1.15,1.05,1.16
437.6978750228882,30,0.0,18.5,20.01,20.37,,20.37,-10.0,1.15,1.05,1.16
438.1944718360901,30,0.0,18.5,20.01,20.33,,20.33,-10.0,1.15,1.05,1.16
438.68952536582947,30,0.0,18.5,20.01,20.33,,20.33,-10.0,1.15,1.05,1.16
439.20358991622925,30,0.0,18.5,19.98,20.33,,20.33,-10.0,1.15,1.05,1.16
439.70477294921875,30,0.0,18.5,20.01,20.33,,20.33,-10.0,1.15,1.05,1.16
440.2046220302582,30,0.0,18.45,19.98,20.33,,20.33,-10.0,1.15,1.05,1.16
440.7045478820801,30,0.0,18.45,19.98,20.33,,20.33,-10.0,1.15,1.05,1.16
441.2017538547516,30,0.0,18.45,19.98,20.33,,20.33,-10.0,1.15,1.05,1.16
441.7004678249359,30,0.0,18.45,19.98,20.33,,20.33,-10.0,1.15,1.05,1.16
442.2001283168793,30,0.0,18.45,19.98,20.33,,20.33,-10.0,1.15,1.05,1.16
442.71343326568604,30,0.0,18.45,19.98,20.33,,20.33,-10.0,1.15,1.05,1.16
443.2108998298645,30,0.0,18.45,19.98,20.33,,20.33,-10.0,1.15,1.05,1.16
443.71139001846313,30,0.0,18.45,19.98,20.33,,20.33,-10.0,1.15,1.05,1.16
444.20864152908325,30,0.0,18.45,19.98,20.33,,20.33,-10.0,1.15,1.05,1.16
444.7054581642151,30,0.0,18.45,19.98,20.33,,20.33,-10.0,1.15,1.05,1.16
445.2185869216919,30,0.0,18.45,19.98,20.33,,20.33,-10.0,1.15,1.05,1.16
445.71544671058655,30,0.0,18.45,19.98,20.33,,20.33,-10.0,1.15,1.05,1.16
446.2138628959656,30,0.0,18.45,19.98,20.33,,20.33,-10.0,1.15,1.05,1.16
446.7116057872772,30,0.0,18.45,19.98,20.33,,20.33,-10.0,1.15,1.05,1.16
447.2243950366974,30,0.0,18.45,19.98,20.33,,20.33,-10.0,1.15,1.05,1.16
447.72425985336304,30,0.0,18.45,19.98,20.33,,20.33,-10.0,1.15,1.05,1.16
448.22348976135254,30,0.0,18.45,19.98,20.33,,20.33,-10.0,1.15,1.05,1.16
448.71774530410767,30,0.0,18.45,19.98,20.33,,20.33,-10.0,1.15,1.05,1.16
449.2205288410187,30,0.0,18.45,19.98,20.33,,20.33,-10.0,1.15,1.05,1.16
449.7197542190552,30,0.0,18.45,19.98,20.33,,20.33,-10.0,1.15,1.05,1.16
450.23552107810974,30,0.0,18.45,19.98,20.29,,20.29,-10.0,1.15,1.05,1.16
450.7217507362366,30,0.0,18.45,19.98,20.29,,20.29,-10.0,1.15,1.05,1.16
451.22330021858215,30,0.0,18.45,19.98,20.33,,20.33,-10.0,1.15,1.05,1.16
451.73660945892334,30,0.0,18.45,19.98,20.33,,20.33,-10.0,1.15,1.05,1.16
452.2356197834015,30,0.0,18.45,19.98,20.29,,20.29,-10.0,1.15,1.05,1.16
452.73393273353577,30,0.0,18.45,19.98,20.33,,20.33,-10.0,1.15,1.05,1.16
453.23202657699585,30,0.0,18.45,19.98,20.33,,20.33,-10.0,1.15,1.05,1.16
453.73187589645386,30,0.0,18.45,19.98,20.33,,20.33,-10.0,1.15,1.05,1.16
454.23203587532043,30,0.0,18.45,19.98,20.33,,20.33,-10.0,1.15,1.04,1.16
454.7321665287018,30,0.0,18.45,19.98,20.33,,20.33,-10.0,1.15,1.05,1.16
455.23361325263977,30,0.0,18.45,19.98,20.33,,20.33,-10.0,1.15,1.05,1.16
455.74609184265137,30,0.0,18.45,19.94,20.29,,20.29,-10.0,1.15,1.05,1.16
456.2456920146942,30,0.0,18.45,19.94,20.33,,20.33,-10.0,1.15,1.05,1.16
456.74743247032166,30,0.0,18.45,19.98,20.29,,20.29,-10.0,1.15,1.05,1.16
457.2444989681244,30,0.0,18.45,19.94,20.29,,20.29,-10.0,1.15,1.05,1.16
457.742648601532,30,0.0,18.41,19.94,20.29,,20.29,-10.0,1.15,1.04,1.16
458.24453234672546,30,0.0,18.41,19.98,20.29,,20.29,-10.0,1.15,1.04,1.16
458.74830746650696,30,0.0,18.41,19.98,20.29,,20.29,-10.0,1.15,1.04,1.16
459.2476770877838,30,0.0,18.41,19.98,20.29,,20.29,-10.0,1.15,1.04,1.16
459.7509717941284,30,0.0,18.41,19.94,20.29,,20.29,-10.0,1.14,1.04,1.16
460.2521986961365,30,0.0,18.41,19.94,20.29,,20.29,-10.0,1.14,1.04,1.16
460.76155638694763,30,0.0,18.41,19.94,20.29,,20.29,-10.0,1.14,1.04,1.16
461.25806188583374,30,0.0,18.41,19.94,20.29,,20.29,-10.0,1.14,1.04,1.16
461.7585835456848,30,0.0,18.41,19.94,20.29,,20.29,-10.0,1.14,1.04,1.16
462.25895953178406,30,0.0,18.41,19.94,20.29,,20.29,-10.0,1.14,1.04,1.16
462.7574825286865,30,0.0,18.41,19.94,20.29,,20.29,-10.0,1.14,1.04,1.16
463.25959396362305,30,0.0,18.41,19.94,20.29,,20.29,-10.0,1.14,1.04,1.16
463.75945830345154,30,0.0,18.41,19.94,20.29,,20.29,-10.0,1.14,1.04,1.16
464.2563965320587,30,0.0,18.41,19.94,20.29,,20.29,-10.0,1.14,1.04,1.16
464.770875453949,30,0.0,18.41,19.94,20.29,,20.29,-10.0,1.14,1.04,1.16
465.2718343734741,30,0.0,18.41,19.94,20.29,,20.29,-10.0,1.14,1.04,1.16
465.7725443840027,30,0.0,18.41,19.94,20.29,,20.29,-10.0,1.14,1.04,1.16
466.27087235450745,30,0.0,18.41,19.94,20.29,,20.29,-10.0,1.14,1.04,1.16
466.7656960487366,30,0.0,18.41,19.94,20.29,,20.29,-10.0,1.14,1.04,1.16
467.27918553352356,30,0.0,18.41,19.94,20.29,,20.29,-10.0,1.14,1.04,1.16
467.76579093933105,30,0.0,18.41,19.94,20.29,,20.29,-10.0,1.14,1.04,1.16
468.2792718410492,30,0.0,18.41,19.94,20.29,,20.29,-10.0,1.14,1.04,1.16
468.77829694747925,30,0.0,18.41,19.94,20.29,,20.29,-10.0,1.14,1.04,1.16
469.27693009376526,30,0.0,18.41,19.94,20.29,,20.29,-10.0,1.14,1.04,1.16
469.7745020389557,30,0.0,18.41,19.91,20.29,,20.29,-10.0,1.14,1.04,1.16
470.2859137058258,30,0.0,18.41,19.94,20.29,,20.29,-10.0,1.14,1.04,1.16
470.78344774246216,30,0.0,18.41,19.94,20.29,,20.29,-10.0,1.14,1.04,1.15
471.28223490715027,30,0.0,18.41,19.91,20.26,,20.26,-10.0,1.14,1.04,1.15
471.77909684181213,30,0.0,18.41,19.91,20.26,,20.26,-10.0,1.14,1.04,1.15
472.2898802757263,30,0.0,18.41,19.94,20.26,,20.26,-10.0,1.14,1.04,1.15
472.78946113586426,30,0.0,18.41,19.94,20.26,,20.26,-10.0,1.14,1.04,1.15
473.2884314060211,30,0.0,18.41,19.94,20.26,,20.26,-10.0,1.14,1.04,1.15
473.78679633140564,30,0.0,18.41,19.91,20.26,,20.26,-10.0,1.14,1.04,1.15
474.28739380836487,30,0.0,18.41,19.91,20.26,,20.26,-10.0,1.14,1.04,1.15
474.79598903656006,30,0.0,18.41,19.91,20.26,,20.26,-10.0,1.14,1.04,1.15
475.29724287986755,30,0.0,18.41,19.91,20.26,,20.26,-10.0,1.14,1.04,1.15
475.796395778656,30,0.0,18.41,19.91,20.26,,20.26,-10.0,1.14,1.04,1.15
476.2939717769623,30,0.0,18.41,19.91,20.26,,20.26,-10.0,1.14,1.04,1.15
476.79433703422546,30,0.0,18.41,19.91,20.26,,20.26,-10.0,1.14,1.04,1.15
477.2984251976013,30,0.0,18.41,19.91,20.26,,20.26,-10.0,1.14,1.04,1.15
477.8009922504425,30,0.0,18.41,19.91,20.26,,20.26,-10.0,1.14,1.04,1.15
478.2996156215668,30,0.0,18.41,19.91,20.26,,20.26,-10.0,1.14,1.04,1.15
478.79726910591125,30,0.0,18.41,19.91,20.26,,20.26,-10.0,1.14,1.04,1.15
479.30160117149353,30,0.0,18.41,19.91,20.26,,20.26,-10.0,1.14,1.04,1.15
479.8018684387207,30,0.0,18.41,19.91,20.26,,20.26,-10.0,1.14,1.04,1.15
480.3133113384247,30,0.0,18.41,19.91,20.26,,20.26,-10.0,1.14,1.04,1.15
480.8133029937744,30,0.0,18.41,19.91,20.26,,20.26,-10.0,1.14,1.04,1.15
481.3150415420532,30,0.0,18.41,19.91,20.26,,20.26,-10.0,1.14,1.04,1.15
481.8165068626404,30,0.0,18.41,19.91,20.26,,20.26,-10.0,1.14,1.04,1.15
482.3145489692688,30,0.0,18.41,19.91,20.26,,20.26,-10.0,1.14,1.04,1.15
482.81468749046326,30,0.0,18.41,19.91,20.26,,20.26,-10.0,1.14,1.04,1.15
483.3126001358032,30,0.0,18.41,19.91,20.26,,20.26,-10.0,1.14,1.04,1.15
483.8133354187012,30,0.0,18.41,19.91,20.26,,20.26,-10.0,1.14,1.04,1.15
484.31169843673706,30,0.0,18.36,19.91,20.26,,20.26,-10.0,1.14,1.04,1.15
484.82556915283203,30,0.0,18.36,19.91,20.26,,20.26,-10.0,1.14,1.04,1.15
485.3223240375519,30,0.0,18.36,19.91,20.26,,20.26,-10.0,1.14,1.04,1.15
485.8220582008362,30,0.0,18.36,19.91,20.26,,20.26,-10.0,1.14,1.04,1.15
486.31941080093384,30,0.0,18.41,19.91,20.26,,20.26,-10.0,1.14,1.04,1.15
486.8202383518219,30,0.0,18.36,19.91,20.26,,20.26,-10.0,1.14,1.04,1.15
487.32061290740967,30,0.0,18.41,19.91,20.26,,20.26,-10.0,1.14,1.04,1.15
487.8198561668396,30,0.0,18.36,19.91,20.26,,20.26,-10.0,1.14,1.04,1.15
488.32991456985474,30,0.0,18.36,19.91,20.26,,20.26,-10.0,1.14,1.04,1.15
488.83232283592224,30,0.0,18.36,19.91,20.26,,20.26,-10.0,1.14,1.04,1.15
489.33173394203186,30,0.0,18.41,19.91,20.26,,20.26,-10.0,1.14,1.04,1.15
489.8329322338104,30,0.0,18.36,19.91,20.26,,20.26,-10.0,1.14,1.04,1.15
490.32994294166565,30,0.0,18.36,19.91,20.26,,20.26,-10.0,1.14,1.04,1.15
490.82911372184753,30,0.0,18.36,19.91,20.26,,20.26,-10.0,1.14,1.04,1.15
491.34238839149475,30,0.0,18.36,19.91,20.26,,20.26,-10.0,1.14,1.04,1.15
491.8424515724182,30,0.0,18.36,19.91,20.26,,20.26,-10.0,1.14,1.04,1.15
492.33942222595215,30,0.0,18.36,19.91,20.26,,20.26,-10.0,1.14,1.04,1.15
492.83765959739685,30,0.0,18.36,19.91,20.26,,20.26,-10.0,1.14,1.04,1.15
493.33806467056274,30,0.0,18.36,19.91,20.26,,20.26,-10.0,1.14,1.04,1.15
493.84015107154846,30,0.0,18.36,19.91,20.26,,20.26,-10.0,1.14,1.04,1.15
494.34053134918213,30,0.0,18.36,19.91,20.26,,20.26,-10.0,1.14,1.04,1.15
494.83996868133545,30,0.0,18.36,19.91,20.26,,20.26,-10.0,1.14,1.04,1.15
495.3420362472534,30,0.0,18.36,19.91,20.26,,20.26,-10.0,1.14,1.04,1.15
495.85425901412964,30,0.0,18.36,19.91,20.26,,20.26,-10.0,1.14,1.04,1.15
496.3542387485504,30,0.0,18.36,19.91,20.26,,20.26,-10.0,1.14,1.04,1.15
496.85387229919434,30,0.0,18.36,19.91,20.26,,20.26,-10.0,1.14,1.04,1.15
497.3525996208191,30,0.0,18.36,19.91,20.22,,20.22,-10.0,1.14,1.03,1.15
497.85265278816223,30,0.0,18.36,19.91,20.22,,20.22,-10.0,1.14,1.04,1.15
498.3514540195465,30,0.0,18.36,19.91,20.22,,20.22,-10.0,1.14,1.04,1.15
498.84917545318604,30,0.0,18.36,19.91,20.22,,20.22,-10.0,1.14,1.03,1.15
499.36285948753357,30,0.0,18.36,19.88,20.26,,20.26,-10.0,1.14,1.04,1.15
499.8633098602295,30,0.0,18.36,19.88,20.22,,20.22,-10.0,1.14,1.04,1.15
500.3603079319,30,0.0,18.36,19.88,20.26,,20.26,-10.0,1.14,1.03,1.15
500.85968375205994,30,0.0,18.36,19.88,20.22,,20.22,-10.0,1.14,1.03,1.15
501.35831475257874,30,0.0,18.36,19.91,20.22,,20.22,-10.0,1.14,1.03,1.15
501.85736441612244,30,0.0,18.36,19.91,20.22,,20.22,-10.0,1.14,1.03,1.15
502.3583445549011,30,0.0,18.36,19.88,20.22,,20.22,-10.0,1.14,1.04,1.15
502.87268114089966,30,0.0,18.36,19.88,20.22,,20.22,-10.0,1.14,1.03,1.15
503.37226486206055,30,0.0,18.36,19.88,20.22,,20.22,-10.0,1.14,1.03,1.15
503.8680610656738,30,0.0,18.36,19.88,20.22,,20.22,-10.0,1.14,1.03,1.15
504.3653280735016,30,0.0,18.36,19.88,20.22,,20.22,-10.0,1.14,1.03,1.15
504.92864871025085,30,0.0,18.36,19.88,20.22,,20.22,-10.0,1.14,1.03,1.15
505.3786141872406,30,0.0,18.36,19.88,20.22,,20.22,-10.0,1.14,1.03,1.15
505.8758339881897,30,0.0,18.36,19.88,20.22,,20.22,-10.0,1.14,1.03,1.15
506.3757588863373,30,0.0,18.36,19.88,20.22,,20.22,-10.0,1.14,1.03,1.15
506.8753180503845,30,0.0,18.36,19.88,20.22,,20.22,-10.0,1.14,1.03,1.15
507.3722493648529,30,0.0,18.36,19.88,20.22,,20.22,-10.0,1.14,1.03,1.15
507.8871567249298,30,0.0,18.36,19.88,20.22,,20.22,-10.0,1.14,1.03,1.15
508.39022564888,30,0.0,18.36,19.88,20.22,,20.22,-10.0,1.14,1.03,1.15
508.88301157951355,30,0.0,18.36,19.88,20.22,,20.22,-10.0,1.14,1.03,1.15
509.3826370239258,30,0.0,18.36,19.88,20.22,,20.22,-10.0,1.14,1.03,1.15
509.8803131580353,30,0.0,18.36,19.88,20.22,,20.22,-10.0,1.14,1.03,1.15
510.3792722225189,30,0.0,18.36,19.88,20.22,,20.22,-10.0,1.14,1.03,1.15
510.89320063591003,30,0.0,18.36,19.88,20.22,,20.22,-10.0,1.14,1.03,1.15
511.3924102783203,30,0.0,18.36,19.88,20.22,,20.22,-10.0,1.14,1.03,1.14
511.8916277885437,30,0.0,18.36,19.88,20.22,,20.22,-10.0,1.14,1.03,1.15
512.3873159885406,30,0.0,18.36,19.88,20.22,,20.22,-10.0,1.14,1.03,1.15
512.8880043029785,30,0.0,18.36,19.88,20.22,,20.22,-10.0,1.14,1.03,1.15
513.3869552612305,30,0.0,18.36,19.88,20.22,,20.22,-10.0,1.14,1.03,1.14
513.9029757976532,30,0.0,18.36,19.88,20.22,,20.22,-10.0,1.14,1.03,1.15
514.4015958309174,30,0.0,18.36,19.88,20.22,,20.22,-10.0,1.14,1.03,1.14
514.9000651836395,30,0.0,18.36,19.88,20.22,,20.22,-10.0,1.14,1.03,1.14
515.4014406204224,30,0.0,18.36,19.88,20.22,,20.22,-10.0,1.14,1.03,1.15
515.9003119468689,30,0.0,18.36,19.88,20.19,,20.19,-10.0,1.14,1.03,1.15
516.3992512226105,30,0.0,18.36,19.88,20.22,,20.22,-10.0,1.14,1.03,1.14
516.9006221294403,30,0.0,18.36,19.88,20.19,,20.19,-10.0,1.14,1.03,1.14
517.4034292697906,30,0.0,18.36,19.88,20.19,,20.19,-10.0,1.14,1.03,1.14
517.9031479358673,30,0.0,18.36,19.88,20.19,,20.19,-10.0,1.14,1.03,1.14
518.4063124656677,30,0.0,18.36,19.88,20.19,,20.19,-10.0,1.14,1.03,1.14
518.9037382602692,30,0.0,18.36,19.88,20.19,,20.19,-10.0,1.14,1.03,1.14
519.4175148010254,30,0.0,18.36,19.88,20.19,,20.19,-10.0,1.14,1.03,1.14
519.9177012443542,30,0.0,18.36,19.88,20.19,,20.19,-10.0,1.14,1.03,1.14
520.4186661243439,30,0.0,18.36,19.88,20.19,,20.19,-10.0,1.14,1.03,1.14
520.9137902259827,30,0.0,18.36,19.88,20.19,,20.19,-10.0,1.14,1.03,1.14
521.4101812839508,30,0.0,18.36,19.88,20.19,,20.19,-10.0,1.14,1.03,1.14
521.9106559753418,30,0.0,18.36,19.88,20.19,,20.19,-10.0,1.14,1.03,1.14
522.4246609210968,30,0.0,18.36,19.88,20.19,,20.19,-10.0,1.14,1.03,1.14
522.9226746559143,30,0.0,18.36,19.88,20.19,,20.19,-10.0,1.14,1.03,1.14
523.4217073917389,30,0.0,18.36,19.88,20.19,,20.19,-10.0,1.14,1.03,1.14
523.9225735664368,30,0.0,18.36,19.88,20.19,,20.19,-10.0,1.14,1.03,1.14
524.4227247238159,30,0.0,18.36,19.84,20.19,,20.19,-10.0,1.14,1.03,1.14
524.9192724227905,30,0.0,18.36,19.88,20.19,,20.19,-10.0,1.14,1.03,1.14
525.4338183403015,30,0.0,18.36,19.88,20.19,,20.19,-10.0,1.14,1.03,1.14
525.9345662593842,30,0.0,18.36,19.88,20.19,,20.19,-10.0,1.14,1.03,1.14
526.4326219558716,30,0.0,18.36,19.84,20.19,,20.19,-10.0,1.14,1.03,1.14
526.9259922504425,30,0.0,18.36,19.84,20.19,,20.19,-10.0,1.14,1.03,1.14
527.425363779068,30,0.0,18.36,19.88,20.19,,20.19,-10.0,1.14,1.03,1.14
527.9386825561523,30,0.0,18.36,19.84,20.19,,20.19,-10.0,1.14,1.03,1.14
528.4374163150787,30,0.0,18.36,19.84,20.19,,20.19,-10.0,1.14,1.03,1.14
528.9359953403473,30,0.0,18.36,19.88,20.19,,20.19,-10.0,1.14,1.03,1.14
529.4323039054871,30,0.0,18.36,19.88,20.19,,20.19,-10.0,1.14,1.03,1.14
529.931690454483,30,0.0,18.36,19.88,20.19,,20.19,-10.0,1.14,1.03,1.14
530.4468247890472,30,0.0,18.36,19.84,20.19,,20.19,-10.0,1.14,1.03,1.14
530.9439852237701,30,0.0,18.36,19.84,20.19,,20.19,-10.0,1.14,1.03,1.14
531.4422652721405,30,0.0,18.36,19.84,20.19,,20.19,-10.0,1.14,1.03,1.14
531.9422504901886,30,0.0,18.36,19.84,20.19,,20.19,-10.0,1.14,1.03,1.14
532.4410741329193,30,0.0,18.36,19.84,20.19,,20.19,-10.0,1.14,1.03,1.14
532.9525980949402,30,0.0,18.36,19.84,20.19,,20.19,-10.0,1.14,1.03,1.14
533.4530141353607,30,0.0,18.36,19.84,20.19,,20.19,-10.0,1.14,1.03,1.14
533.9490320682526,30,0.0,18.36,19.84,20.19,,20.19,-10.0,1.14,1.03,1.14
534.4468042850494,30,0.0,18.36,19.84,20.19,,20.19,-10.0,1.14,1.03,1.14
534.9501812458038,30,0.0,18.36,19.84,20.19,,20.19,-10.0,1.14,1.03,1.14
535.4521577358246,30,0.0,18.36,19.84,20.19,,20.19,-10.0,1.14,1.03,1.14
535.9483172893524,30,0.0,18.36,19.84,20.19,,20.19,-10.0,1.14,1.03,1.14
536.4495797157288,30,0.0,18.36,19.84,20.19,,20.19,-10.0,1.14,1.03,1.14
536.9643445014954,30,0.0,18.36,19.84,20.19,,20.19,-10.0,1.14,1.03,1.14
537.4596338272095,30,0.0,18.36,19.84,20.19,,20.19,-10.0,1.14,1.03,1.14
537.9573209285736,30,0.0,18.36,19.84,20.19,,20.19,-10.0,1.14,1.03,1.14
538.4565541744232,30,0.0,18.36,19.84,20.19,,20.19,-10.0,1.14,1.03,1.14
538.9555249214172,30,0.0,18.36,19.84,20.15,,20.15,-10.0,1.14,1.03,1.14
539.4642717838287,30,0.0,18.36,19.84,20.19,,20.19,-10.0,1.14,1.03,1.14
539.9646348953247,30,0.0,18.36,19.84,20.19,,20.19,-10.0,1.14,1.03,1.14
540.4627883434296,30,0.0,18.36,19.84,20.19,,20.19,-10.0,1.14,1.03,1.14
540.9651274681091,30,0.0,18.36,19.84,20.19,,20.19,-10.0,1.14,1.03,1.14
541.4645960330963,30,0.0,18.36,19.84,20.19,,20.19,-10.0,1.14,1.03,1.14
541.964747428894,30,0.0,18.36,19.84,20.19,,20.19,-10.0,1.14,1.03,1.14
542.4653167724609,30,0.0,18.36,19.84,20.19,,20.19,-10.0,1.14,1.03,1.14
542.9796543121338,30,0.0,18.36,19.84,20.19,,20.19,-10.0,1.14,1.03,1.14
543.4816229343414,30,0.0,18.36,19.84,20.19,,20.19,-10.0,1.14,1.03,1.14
543.9815950393677,30,0.0,18.32,19.84,20.19,,20.19,-10.0,1.14,1.02,1.14
544.4779832363129,30,0.0,18.36,19.84,20.19,,20.19,-10.0,1.14,1.03,1.14
544.9763407707214,30,0.0,18.36,19.84,20.19,,20.19,-10.0,1.13,1.03,1.14
545.474258184433,30,0.0,18.32,19.81,20.19,,20.19,-10.0,1.13,1.03,1.14
545.9853925704956,30,0.0,18.36,19.81,20.19,,20.19,-10.0,1.14,1.03,1.14
546.4879794120789,30,0.0,18.36,19.84,20.19,,20.19,-10.0,1.13,1.03,1.14
546.9901747703552,30,0.0,18.32,19.84,20.19,,20.19,-10.0,1.14,1.02,1.14
547.4924504756927,30,0.0,18.32,19.81,20.19,,20.19,-10.0,1.13,1.03,1.14
547.9917221069336,30,0.0,18.32,19.84,20.19,,20.19,-10.0,1.13,1.02,1.14
548.491619348526,30,0.0,18.32,19.84,20.19,,20.19,-10.0,1.13,1.03,1.14
548.9896385669708,30,0.0,18.32,19.81,20.19,,20.19,-10.0,1.13,1.03,1.14
549.4895825386047,30,0.0,18.32,19.81,20.19,,20.19,-10.0,1.13,1.03,1.14
549.9885153770447,30,0.0,18.32,19.84,20.19,,20.19,-10.0,1.14,1.03,1.14
550.4874241352081,30,0.0,18.32,19.81,20.19,,20.19,-10.0,1.13,1.03,1.14
551.0022218227386,30,0.0,18.32,19.84,20.19,,20.19,-10.0,1.13,1.02,1.14
551.5020098686218,30,0.0,18.32,19.81,20.19,,20.19,-10.0,1.13,1.02,1.14
552.0009460449219,30,0.0,18.32,19.81,20.19,,20.19,-10.0,1.13,1.02,1.14
552.4985980987549,30,0.0,18.36,19.81,20.19,,20.19,-10.0,1.13,1.02,1.14
552.9978404045105,30,0.0,18.32,19.81,20.19,,20.19,-10.0,1.13,1.03,1.14
553.4963192939758,30,0.0,18.32,19.84,20.19,,20.19,-10.0,1.13,1.03,1.14
554.008287191391,30,0.0,18.32,19.81,20.19,,20.19,-10.0,1.13,1.02,1.14
554.506894826889,30,0.0,18.32,19.84,20.19,,20.19,-10.0,1.13,1.03,1.14
555.0051763057709,30,0.0,18.32,19.84,20.19,,20.19,-10.0,1.13,1.02,1.14
555.5017507076263,30,0.0,18.32,19.84,20.19,,20.19,-10.0,1.13,1.03,1.14
556.0043108463287,30,0.0,18.32,19.84,20.19,,20.19,-10.0,1.13,1.02,1.14
556.5024633407593,30,0.0,18.32,19.81,20.19,,20.19,-10.0,1.13,1.03,1.14
557.0163187980652,30,0.0,18.32,19.81,20.15,,20.15,-10.0,1.13,1.02,1.14
557.5174508094788,30,0.0,18.32,19.84,20.19,,20.19,-10.0,1.13,1.02,1.14
558.0165798664093,30,0.0,18.32,19.84,20.15,,20.15,-10.0,1.13,1.02,1.14
558.5144629478455,30,0.0,18.32,19.84,20.15,,20.15,-10.0,1.14,1.02,1.14
559.0150845050812,30,0.0,18.32,19.84,20.15,,20.15,-10.0,1.14,1.02,1.14
559.5145285129547,30,0.0,18.32,19.81,20.15,,20.15,-10.0,1.13,1.02,1.14
560.0145592689514,30,0.0,18.32,19.81,20.15,,20.15,-10.0,1.13,1.02,1.14
560.5157504081726,30,0.0,18.32,19.81,20.15,,20.15,-10.0,1.13,1.02,1.14
561.014812707901,30,0.0,18.32,19.81,20.15,,20.15,-10.0,1.13,1.02,1.14
561.5285704135895,30,0.0,18.32,19.84,20.15,,20.15,-10.0,1.13,1.02,1.14
562.0277016162872,30,0.0,18.32,19.81,20.15,,20.15,-10.0,1.13,1.02,1.14
562.5244812965393,30,0.0,18.32,19.81,20.15,,20.15,-10.0,1.13,1.02,1.14
563.0239865779877,30,0.0,18.32,19.81,20.15,,20.15,-10.0,1.13,1.03,1.14
563.5220437049866,30,0.0,18.32,19.84,20.15,,20.15,-10.0,1.13,1.03,1.14
564.032793045044,30,0.0,18.32,19.81,20.15,,20.15,-10.0,1.13,1.03,1.14
564.533549785614,30,0.0,18.32,19.84,20.15,,20.15,-10.0,1.13,1.03,1.14
565.0329556465149,30,0.0,18.32,19.84,20.15,,20.15,-10.0,1.13,1.02,1.14
565.5351645946503,30,0.0,18.32,19.84,20.19,,20.19,-10.0,1.13,1.03,1.14
566.0308027267456,30,0.0,18.32,19.84,20.19,,20.19,-10.0,1.13,1.02,1.14
566.5307791233063,30,0.0,18.32,19.84,20.15,,20.15,-10.0,1.13,1.03,1.14
567.0300989151001,30,0.0,18.32,19.84,20.15,,20.15,-10.0,1.13,1.03,1.14
567.5426089763641,30,0.0,18.32,19.84,20.15,,20.15,-10.0,1.13,1.03,1.14
568.0433707237244,30,0.0,18.32,19.84,20.15,,20.15,-10.0,1.13,1.03,1.14
568.5404689311981,30,0.0,18.32,19.84,20.15,,20.15,-10.0,1.13,1.03,1.14
569.0422992706299,30,0.0,18.32,19.84,20.15,,20.15,-10.0,1.13,1.03,1.14
569.5395934581757,30,0.0,18.32,19.84,20.15,,20.15,-10.0,1.13,1.03,1.14
570.0410718917847,30,0.0,18.32,19.84,20.15,,20.15,-10.0,1.13,1.02,1.14
570.539256811142,30,0.0,18.32,19.81,20.15,,20.15,-10.0,1.13,1.03,1.14
571.0552525520325,30,0.0,18.32,19.84,20.15,,20.15,-10.0,1.13,1.03,1.14
571.5521221160889,30,0.0,18.32,19.81,20.19,,20.19,-10.0,1.13,1.03,1.14
572.0479416847229,30,0.0,18.32,19.81,20.15,,20.15,-10.0,1.13,1.02,1.14
572.5463500022888,30,0.0,18.32,19.84,20.15,,20.15,-10.0,1.13,1.02,1.14
573.0500364303589,30,0.0,18.32,19.84,20.19,,20.19,-10.0,1.13,1.02,1.14
573.5484282970428,30,0.0,18.32,19.81,20.15,,20.15,-10.0,1.13,1.02,1.14
574.0619146823883,30,0.0,18.32,19.81,20.15,,20.15,-10.0,1.13,1.02,1.14
574.5627000331879,30,0.0,18.32,19.81,20.15,,20.15,-10.0,1.13,1.02,1.14
575.0601058006287,30,0.0,18.32,19.81,20.15,,20.15,-10.0,1.13,1.02,1.14
575.5567953586578,30,0.0,18.32,19.81,20.15,,20.15,-10.0,1.13,1.02,1.14
576.054235458374,30,0.0,18.32,19.81,20.15,,20.15,-10.0,1.13,1.02,1.14
576.5574734210968,30,0.0,18.32,19.81,20.15,,20.15,-10.0,1.13,1.02,1.14
577.0662026405334,30,0.0,18.32,19.81,20.15,,20.15,-10.0,1.13,1.02,1.14
577.5649445056915,30,0.0,18.32,19.81,20.15,,20.15,-10.0,1.13,1.02,1.14
578.0637862682343,30,0.0,18.32,19.81,20.15,,20.15,-10.0,1.13,1.02,1.14
578.5635724067688,30,0.0,18.32,19.81,20.15,,20.15,-10.0,1.13,1.02,1.14
579.0629122257233,30,0.0,18.32,19.81,20.15,,20.15,-10.0,1.13,1.02,1.14
579.574599981308,30,0.0,18.32,19.81,20.19,,20.19,-10.0,1.13,1.02,1.14
580.0756301879883,30,0.0,18.32,19.81,20.15,,20.15,-10.0,1.13,1.02,1.14
580.5731129646301,30,0.0,18.32,19.81,20.15,,20.15,-10.0,1.13,1.02,1.14
581.073891878128,30,0.0,18.32,19.81,20.15,,20.15,-10.0,1.13,1.02,1.14
581.5750722885132,30,0.0,18.32,19.81,20.15,,20.15,-10.0,1.13,1.02,1.14
582.077440738678,30,0.0,18.32,19.81,20.15,,20.15,-10.0,1.13,1.02,1.14
582.5727863311768,30,0.0,18.32,19.81,20.15,,20.15,-10.0,1.13,1.02,1.14
583.0862421989441,30,0.0,18.32,19.81,20.15,,20.15,-10.0,1.13,1.02,1.14
583.5883302688599,30,0.0,18.32,19.81,20.15,,20.15,-10.0,1.13,1.02,1.14
584.0875298976898,30,0.0,18.32,19.81,20.15,,20.15,-10.0,1.13,1.02,1.14
584.5855314731598,30,0.0,18.32,19.81,20.15,,20.15,-10.0,1.13,1.02,1.14
585.0874226093292,30,0.0,18.32,19.81,20.15,,20.15,-10.0,1.13,1.02,1.14
585.5871765613556,30,0.0,18.32,19.81,20.15,,20.15,-10.0,1.13,1.02,1.14
586.0842101573944,30,0.0,18.32,19.81,20.15,,20.15,-10.0,1.13,1.02,1.14
586.582311630249,30,0.0,18.32,19.81,20.15,,20.15,-10.0,1.13,1.02,1.14
587.096179485321,30,0.0,18.32,19.81,20.15,,20.15,-10.0,1.13,1.02,1.14
587.5961065292358,30,0.0,18.32,19.81,20.15,,20.15,-10.0,1.13,1.02,1.14
588.0952124595642,30,0.0,18.32,19.81,20.15,,20.15,-10.0,1.13,1.02,1.14
588.5934884548187,30,0.0,18.32,19.81,20.15,,20.15,-10.0,1.13,1.02,1.14
589.0916917324066,30,0.0,18.32,19.81,20.15,,20.15,-10.0,1.13,1.02,1.14
589.590589761734,30,0.0,18.32,19.81,20.15,,20.15,-10.0,1.13,1.02,1.14
590.1048908233643,30,0.0,18.32,19.81,20.15,,20.15,-10.0,1.13,1.02,1.14
590.6079800128937,30,0.0,18.32,19.81,20.15,,20.15,-10.0,1.13,1.02,1.14
591.1071391105652,30,0.0,18.32,19.81,20.15,,20.15,-10.0,1.13,1.02,1.14
591.6040554046631,30,0.0,18.32,19.81,20.15,,20.15,-10.0,1.13,1.02,1.14
592.105545759201,30,0.0,18.32,19.81,20.15,,20.15,-10.0,1.13,1.02,1.14
592.6035311222076,30,0.0,18.32,19.81,20.15,,20.15,-10.0,1.13,1.02,1.14
593.0993239879608,30,0.0,18.32,19.81,20.15,,20.15,-10.0,1.13,1.02,1.14
593.6145310401917,30,0.0,18.32,19.81,20.15,,20.15,-10.0,1.13,1.02,1.14
594.1150703430176,30,0.0,18.32,19.81,20.15,,20.15,-10.0,1.13,1.02,1.14
594.6171910762787,30,0.0,18.32,19.81,20.15,,20.15,-10.0,1.13,1.02,1.14
595.1180274486542,30,0.0,18.32,19.81,20.15,,20.15,-10.0,1.13,1.02,1.14
595.6172790527344,30,0.0,18.32,19.81,20.15,,20.15,-10.0,1.13,1.02,1.14
596.1149208545685,30,0.0,18.32,19.81,20.15,,20.15,-10.0,1.13,1.02,1.14
596.6144595146179,30,0.0,18.32,19.81,20.15,,20.15,-10.0,1.13,1.02,1.14
597.1132235527039,30,0.0,18.32,19.81,20.15,,20.15,-10.0,1.13,1.02,1.14
597.6249537467957,30,0.0,18.32,19.81,20.15,,20.15,-10.0,1.13,1.02,1.14
598.1242206096649,30,0.0,18.32,19.81,20.15,,20.15,-10.0,1.13,1.02,1.14
598.6219840049744,30,0.0,18.32,19.81,20.11,,20.11,-10.0,1.13,1.02,1.14
599.1174564361572,30,0.0,18.32,19.81,20.15,,20.15,-10.0,1.13,1.02,1.13
599.6171674728394,30,0.0,18.32,19.81,20.15,,20.15,-10.0,1.13,1.02,1.13
600.1320230960846,30,0.0,18.32,19.81,20.15,,20.15,-10.0,1.13,1.02,1.13
600.6295545101166,30,0.0,18.32,19.81,20.15,,20.15,-10.0,1.13,1.02,1.13
601.1249136924744,30,0.0,18.32,19.81,20.15,,20.15,-10.0,1.13,1.02,1.14
601.6566796302795,30,0.0,18.32,19.81,20.15,,20.15,-10.0,1.13,1.02,1.14
602.1287322044373,30,0.0,18.32,19.81,20.15,,20.15,-10.0,1.13,1.02,1.13
602.6269290447235,30,0.0,18.32,19.81,20.15,,20.15,-10.0,1.13,1.02,1.14
603.1259269714355,30,0.0,18.32,19.81,20.15,,20.15,-10.0,1.13,1.02,1.14
603.6311769485474,30,0.0,18.32,19.81,20.15,,20.15,-10.0,1.13,1.02,1.14
604.1307001113892,30,0.0,18.32,19.81,20.15,,20.15,-10.0,1.13,1.02,1.13
604.6309239864349,30,0.0,18.27,19.81,20.15,,20.15,-10.0,1.13,1.02,1.14
605.1306502819061,30,0.0,18.27,19.81,20.15,,20.15,-10.0,1.13,1.02,1.14
605.6453359127045,30,0.0,18.32,19.81,20.15,,20.15,-10.0,1.13,1.02,1.14
606.144636631012,30,0.0,18.27,19.81,20.15,,20.15,-10.0,1.13,1.02,1.13
606.644617319107,30,0.0,18.32,19.81,20.15,,20.15,-10.0,1.13,1.02,1.14
607.1435220241547,30,0.0,18.32,19.81,20.15,,20.15,-10.0,1.13,1.02,1.14
607.6446304321289,30,0.0,18.32,19.81,20.15,,20.15,-10.0,1.13,1.02,1.14
608.1425406932831,30,0.0,18.32,19.81,20.15,,20.15,-10.0,1.13,1.02,1.14
608.6544144153595,30,0.0,18.32,19.81,20.15,,20.15,-10.0,1.13,1.02,1.14
609.152384519577,30,0.0,18.32,19.81,20.15,,20.15,-10.0,1.13,1.02,1.13
609.6528384685516,30,0.0,18.32,19.81,20.15,,20.15,-10.0,1.13,1.02,1.14
610.1534581184387,30,0.0,18.32,19.81,20.15,,20.15,-10.0,1.13,1.02,1.14
610.6597278118134,30,0.0,18.32,19.81,20.11,,20.11,-10.0,1.13,1.02,1.14
611.1601724624634,30,0.0,18.32,19.81,20.15,,20.15,-10.0,1.13,1.02,1.13
611.6629250049591,30,0.0,18.32,19.81,20.15,,20.15,-10.0,1.13,1.02,1.13
612.1639659404755,30,0.0,18.32,19.77,20.11,,20.11,-10.0,1.13,1.02,1.14
612.6622014045715,30,0.0,18.32,19.77,20.11,,20.11,-10.0,1.13,1.02,1.14
613.1621322631836,30,0.0,18.32,19.77,20.11,,20.11,-10.0,1.13,1.02,1.13
613.660031080246,30,0.0,18.32,19.77,20.11,,20.11,-10.0,1.13,1.02,1.13
614.1618020534515,30,0.0,18.32,19.77,20.11,,20.11,-10.0,1.13,1.02,1.13
614.6616199016571,30,0.0,18.27,19.77,20.11,,20.11,-10.0,1.13,1.02,1.13
615.1595413684845,30,0.0,18.32,19.81,20.11,,20.11,-10.0,1.13,1.02,1.13
615.6593599319458,30,0.0,18.32,19.81,20.11,,20.11,-10.0,1.13,1.02,1.13
616.1716592311859,30,0.0,18.27,19.77,20.11,,20.11,-10.0,1.13,1.02,1.13
616.6686136722565,30,0.0,18.32,19.77,20.11,,20.11,-10.0,1.13,1.02,1.13
617.1707508563995,30,0.0,18.32,19.77,20.11,,20.11,-10.0,1.13,1.02,1.13
617.6744310855865,30,0.0,18.32,19.81,20.11,,20.11,-10.0,1.13,1.02,1.13
618.1702919006348,30,0.0,18.32,19.81,20.11,,20.11,-10.0,1.13,1.02,1.13
618.6723184585571,30,0.0,18.32,19.77,20.11,,20.11,-10.0,1.13,1.02,1.13
619.1695437431335,30,0.0,18.27,19.81,20.11,,20.11,-10.0,1.13,1.02,1.13
619.681628704071,30,0.0,18.32,19.77,20.11,,20.11,-10.0,1.13,1.02,1.13
620.182231426239,30,0.0,18.27,19.77,20.11,,20.11,-10.0,1.13,1.02,1.13
620.6798720359802,30,0.0,18.32,19.81,20.11,,20.11,-10.0,1.13,1.02,1.13
621.1797077655792,30,0.0,18.27,19.77,20.11,,20.11,-10.0,1.13,1.02,1.13
621.6794607639313,30,0.0,18.27,19.77,20.11,,20.11,-10.0,1.13,1.02,1.13
622.1787722110748,30,0.0,18.27,19.77,20.11,,20.11,-10.0,1.13,1.02,1.13
622.6917479038239,30,0.0,18.27,19.77,20.11,,20.11,-10.0,1.13,1.02,1.13
623.190544128418,30,0.0,18.27,19.77,20.11,,20.11,-10.0,1.13,1.02,1.13
623.6935341358185,30,0.0,18.27,19.77,20.11,,20.11,-10.0,1.13,1.02,1.13
624.1880204677582,30,0.0,18.27,19.77,20.11,,20.11,-10.0,1.13,1.02,1.13
624.6885402202606,30,0.0,18.27,19.77,20.11,,20.11,-10.0,1.13,1.02,1.13
625.1874830722809,30,0.0,18.27,19.77,20.11,,20.11,-10.0,1.13,1.02,1.13
625.7004046440125,30,0.0,18.27,19.77,20.11,,20.11,-10.0,1.13,1.02,1.13
626.201441526413,30,0.0,18.27,19.77,20.11,,20.11,-10.0,1.13,1.02,1.13
626.7010526657104,30,0.0,18.27,19.77,20.11,,20.11,-10.0,1.13,1.02,1.13
627.1978447437286,30,0.0,18.27,19.77,20.11,,20.11,-10.0,1.13,1.02,1.13
627.6977496147156,30,0.0,18.27,19.77,20.11,,20.11,-10.0,1.13,1.02,1.13
628.1997148990631,30,0.0,18.27,19.77,20.11,,20.11,-10.0,1.13,1.02,1.13
628.6949059963226,30,0.0,18.27,19.77,20.11,,20.11,-10.0,1.13,1.02,1.13
629.1962587833405,30,0.0,18.27,19.77,20.11,,20.11,-10.0,1.13,1.02,1.13
629.6975104808807,30,0.0,18.27,19.77,20.11,,20.11,-10.0,1.13,1.02,1.13
630.2115368843079,30,0.0,18.27,19.77,20.11,,20.11,-10.0,1.13,1.02,1.13
630.7105522155762,30,0.0,18.27,19.77,20.11,,20.11,-10.0,1.13,1.02,1.13
631.2123260498047,30,0.0,18.27,19.77,20.11,,20.11,-10.0,1.13,1.02,1.13
631.7116827964783,30,0.0,18.27,19.77,20.11,,20.11,-10.0,1.13,1.02,1.13
632.2095251083374,30,0.0,18.27,19.77,20.11,,20.11,-10.0,1.13,1.02,1.13
632.7098677158356,30,0.0,18.27,19.77,20.11,,20.11,-10.0,1.13,1.02,1.13
633.2092907428741,30,0.0,18.27,19.77,20.11,,20.11,-10.0,1.13,1.02,1.13
633.7064988613129,30,0.0,18.27,19.77,20.11,,20.11,-10.0,1.13,1.02,1.13
634.2180552482605,30,0.0,18.27,19.77,20.11,,20.11,-10.0,1.13,1.02,1.13
634.7180588245392,30,0.0,18.27,19.77,20.11,,20.11,-10.0,1.13,1.02,1.13
635.2177920341492,30,0.0,18.27,19.77,20.11,,20.11,-10.0,1.13,1.02,1.13
635.7165815830231,30,0.0,18.27,19.77,20.11,,20.11,-10.0,1.13,1.02,1.13
636.226574420929,30,0.0,18.27,19.77,20.11,,20.11,-10.0,1.13,1.02,1.13
636.7292313575745,30,0.0,18.27,19.77,20.11,,20.11,-10.0,1.13,1.02,1.13
637.228036403656,30,0.0,18.27,19.77,20.11,,20.11,-10.0,1.13,1.02,1.13
637.7278599739075,30,0.0,18.27,19.77,20.11,,20.11,-10.0,1.13,1.02,1.13
638.2248346805573,30,0.0,18.27,19.77,20.11,,20.11,-10.0,1.13,1.02,1.13
638.722761631012,30,0.0,18.27,19.77,20.11,,20.11,-10.0,1.13,1.02,1.13
639.224692106247,30,0.0,18.27,19.77,20.11,,20.11,-10.0,1.13,1.02,1.13
639.7229297161102,30,0.0,18.27,19.77,20.11,,20.11,-10.0,1.13,1.02,1.13
640.2271459102631,30,0.0,18.27,19.77,20.11,,20.11,-10.0,1.13,1.02,1.13
640.7260556221008,30,0.0,18.27,19.77,20.11,,20.11,-10.0,1.13,1.02,1.13
641.239572763443,30,0.0,18.27,19.77,20.11,,20.11,-10.0,1.13,1.02,1.13
641.7363283634186,30,0.0,18.27,19.77,20.11,,20.11,-10.0,1.13,1.02,1.13
642.2365908622742,30,0.0,18.27,19.77,20.11,,20.11,-10.0,1.13,1.02,1.13
642.7353799343109,30,0.0,18.27,19.77,20.08,,20.08,-10.0,1.13,1.02,1.13
643.2356278896332,30,0.0,18.27,19.77,20.11,,20.11,-10.0,1.13,1.02,1.13
643.7369248867035,30,0.0,18.27,19.77,20.11,,20.11,-10.0,1.13,1.02,1.13
644.2409403324127,30,0.0,18.27,19.77,20.11,,20.11,-10.0,1.13,1.01,1.13
644.7371499538422,30,0.0,18.27,19.77,20.08,,20.08,-10.0,1.13,1.01,1.13
645.2521777153015,30,0.0,18.27,19.77,20.11,,20.11,-10.0,1.13,1.02,1.13
645.7536599636078,30,0.0,18.27,19.77,20.08,,20.08,-10.0,1.13,1.01,1.13
646.2525749206543,30,0.0,18.27,19.77,20.08,,20.08,-10.0,1.13,1.02,1.13
646.7547624111176,30,0.0,18.27,19.77,20.08,,20.08,-10.0,1.13,1.02,1.13
647.2553243637085,30,0.0,18.27,19.77,20.08,,20.08,-10.0,1.13,1.02,1.13
647.7531116008759,30,0.0,18.27,19.77,20.11,,20.11,-10.0,1.13,1.02,1.13
648.2514595985413,30,0.0,18.27,19.77,20.08,,20.08,-10.0,1.13,1.02,1.13
648.750860452652,30,0.0,18.27,19.77,20.08,,20.08,-10.0,1.13,1.02,1.13
649.2499647140503,30,0.0,18.27,19.77,20.08,,20.08,-10.0,1.13,1.02,1.13
649.7503633499146,30,0.0,18.27,19.77,20.08,,20.08,-10.0,1.13,1.02,1.13
650.2646863460541,30,0.0,18.27,19.77,20.08,,20.08,-10.0,1.13,1.02,1.13
650.7607877254486,30,0.0,18.27,19.77,20.08,,20.08,-10.0,1.13,1.02,1.13
651.2619330883026,30,0.0,18.27,19.77,20.08,,20.08,-10.0,1.13,1.02,1.13
651.7595431804657,30,0.0,18.27,19.77,20.08,,20.08,-10.0,1.13,1.02,1.13
652.2586534023285,30,0.0,18.27,19.77,20.08,,20.08,-10.0,1.13,1.02,1.13
652.7584869861603,30,0.0,18.27,19.74,20.08,,20.08,-10.0,1.13,1.02,1.13
653.2699503898621,30,0.0,18.27,19.77,20.08,,20.08,-10.0,1.13,1.02,1.13
653.771568775177,30,0.0,18.27,19.77,20.08,,20.08,-10.0,1.13,1.02,1.13
654.2699136734009,30,0.0,18.27,19.77,20.08,,20.08,-10.0,1.13,1.02,1.13
654.7671830654144,30,0.0,18.27,19.77,20.08,,20.08,-10.0,1.13,1.02,1.13
655.2692759037018,30,0.0,18.27,19.77,20.08,,20.08,-10.0,1.13,1.02,1.13
655.7701482772827,30,0.0,18.27,19.77,20.08,,20.08,-10.0,1.13,1.02,1.13
656.2680864334106,30,0.0,18.27,19.77,20.08,,20.08,-10.0,1.13,1.02,1.13
656.7680757045746,30,0.0,18.27,19.77,20.08,,20.08,-10.0,1.13,1.02,1.13
657.2830531597137,30,0.0,18.27,19.77,20.08,,20.08,-10.0,1.13,1.02,1.13
657.7837805747986,30,0.0,18.27,19.77,20.08,,20.08,-10.0,1.13,1.02,1.13
658.2789063453674,30,0.0,18.27,19.77,20.08,,20.08,-10.0,1.13,1.01,1.13
658.7796447277069,30,0.0,18.27,19.77,20.08,,20.08,-10.0,1.13,1.02,1.13
659.2796018123627,30,0.0,18.27,19.77,20.08,,20.08,-10.0,1.13,1.01,1.13
659.7771351337433,30,0.0,18.27,19.74,20.08,,20.08,-10.0,1.13,1.02,1.13
660.2771832942963,30,0.0,18.27,19.74,20.08,,20.08,-10.0,1.13,1.01,1.13
660.7927565574646,30,0.0,18.27,19.74,20.08,,20.08,-10.0,1.13,1.01,1.13
661.2905678749084,30,0.0,18.27,19.77,20.08,,20.08,-10.0,1.13,1.02,1.13
661.7964725494385,30,0.0,18.27,19.74,20.08,,20.08,-10.0,1.13,1.01,1.13
662.2970683574677,30,0.0,18.27,19.74,20.08,,20.08,-10.0,1.13,1.01,1.13
662.7847368717194,30,0.0,18.27,19.74,20.08,,20.08,-10.0,1.13,1.01,1.13
663.2975764274597,30,0.0,18.27,19.74,20.08,,20.08,-10.0,1.13,1.01,1.13
663.7980403900146,30,0.0,18.27,19.74,20.08,,20.08,-10.0,1.13,1.01,1.13
664.296877861023,30,0.0,18.27,19.74,20.08,,20.08,-10.0,1.13,1.01,1.13
664.7947111129761,30,0.0,18.27,19.74,20.08,,20.08,-10.0,1.13,1.01,1.13
665.2926805019379,30,0.0,18.27,19.74,20.08,,20.08,-10.0,1.13,1.01,1.13
665.7916684150696,30,0.0,18.27,19.74,20.08,,20.08,-10.0,1.13,1.01,1.13
666.30601811409,30,0.0,18.27,19.74,20.08,,20.08,-10.0,1.13,1.01,1.13
666.8049886226654,30,0.0,18.27,19.74,20.08,,20.08,-10.0,1.13,1.01,1.13
667.3051075935364,30,0.0,18.27,19.74,20.08,,20.08,-10.0,1.13,1.01,1.13
667.8034551143646,30,0.0,18.27,19.74,20.08,,20.08,-10.0,1.13,1.01,1.13
668.3026168346405,30,0.0,18.27,19.74,20.08,,20.08,-10.0,1.13,1.01,1.13
668.8022832870483,30,0.0,18.27,19.74,20.08,,20.08,-10.0,1.13,1.01,1.13
669.3020684719086,30,0.0,18.27,19.74,20.08,,20.08,-10.0,1.13,1.01,1.13
669.8180434703827,30,0.0,18.27,19.74,20.08,,20.08,-10.0,1.13,1.01,1.13
670.3172175884247,30,0.0,18.27,19.74,20.08,,20.08,-10.0,1.13,1.01,1.13
670.8170652389526,30,0.0,18.27,19.74,20.08,,20.08,-10.0,1.13,1.01,1.13
671.3133449554443,30,0.0,18.27,19.74,20.08,,20.08,-10.0,1.13,1.01,1.13
671.8091764450073,30,0.0,18.27,19.74,20.08,,20.08,-10.0,1.13,1.01,1.13
672.3397917747498,30,0.0,18.27,19.74,20.08,,20.08,-10.0,1.13,1.01,1.13
672.822363615036,30,0.0,18.27,19.74,20.08,,20.08,-10.0,1.13,1.01,1.13
673.3200571537018,30,0.0,18.27,19.74,20.08,,20.08,-10.0,1.13,1.01,1.13
673.8190910816193,30,0.0,18.27,19.74,20.08,,20.08,-10.0,1.12,1.01,1.13
674.3182663917542,30,0.0,18.23,19.74,20.08,,20.08,-10.0,1.12,1.01,1.13
674.8171243667603,30,0.0,18.27,19.74,20.08,,20.08,-10.0,1.12,1.01,1.13
675.3335950374603,30,0.0,18.27,19.74,20.08,,20.08,-10.0,1.12,1.01,1.13
675.8304078578949,30,0.0,18.23,19.74,20.08,,20.08,-10.0,1.13,1.01,1.13
676.3279843330383,30,0.0,18.23,19.74,20.08,,20.08,-10.0,1.12,1.01,1.13
676.8289797306061,30,0.0,18.23,19.74,20.08,,20.08,-10.0,1.13,1.01,1.13
677.3355102539062,30,0.0,18.23,19.74,20.08,,20.08,-10.0,1.13,1.01,1.13
677.8346440792084,30,0.0,18.23,19.74,20.08,,20.08,-10.0,1.12,1.01,1.13
678.3338658809662,30,0.0,18.23,19.74,20.08,,20.08,-10.0,1.12,1.01,1.13
678.8343200683594,30,0.0,18.23,19.74,20.08,,20.08,-10.0,1.12,1.01,1.13
679.3304915428162,30,0.0,18.23,19.74,20.08,,20.08,-10.0,1.12,1.01,1.13
679.84361743927,30,0.0,18.23,19.74,20.08,,20.08,-10.0,1.12,1.01,1.13
680.3427917957306,30,0.0,18.23,19.74,20.08,,20.08,-10.0,1.12,1.01,1.13
680.8431069850922,30,0.0,18.23,19.74,20.08,,20.08,-10.0,1.13,1.01,1.13
681.3428990840912,30,0.0,18.23,19.74,20.08,,20.08,-10.0,1.12,1.01,1.13
681.8427641391754,30,0.0,18.23,19.74,20.08,,20.08,-10.0,1.13,1.01,1.13
682.3408057689667,30,0.0,18.23,19.74,20.08,,20.08,-10.0,1.12,1.01,1.13
682.8431529998779,30,0.0,18.23,19.74,20.08,,20.08,-10.0,1.12,1.01,1.13
683.3404150009155,30,0.0,18.23,19.74,20.08,,20.08,-10.0,1.12,1.01,1.13
683.840354681015,30,0.0,18.23,19.74,20.08,,20.08,-10.0,1.12,1.01,1.13
684.3429684638977,30,0.0,18.23,19.74,20.08,,20.08,-10.0,1.12,1.01,1.13
684.8440611362457,30,0.0,18.23,19.74,20.08,,20.08,-10.0,1.12,1.01,1.12
685.3880896568298,30,0.0,18.23,19.74,20.08,,20.08,-10.0,1.12,1.01,1.12
685.8543047904968,30,0.0,18.23,19.74,20.04,,20.04,-10.0,1.12,1.02,1.12
686.3537299633026,30,0.0,18.23,19.74,20.04,,20.04,-10.0,1.13,1.01,1.12
686.8555507659912,30,0.0,18.23,19.74,20.04,,20.04,-10.0,1.13,1.01,1.12
687.3565359115601,30,0.0,18.23,19.74,20.04,,20.04,-10.0,1.13,1.01,1.12
687.8553438186646,30,0.0,18.23,19.74,20.04,,20.04,-10.0,1.12,1.01,1.12
688.3673613071442,30,0.0,18.23,19.74,20.04,,20.04,-10.0,1.12,1.01,1.12
688.864577293396,30,0.0,18.27,19.74,20.04,,20.04,-10.0,1.12,1.01,1.12
689.3671052455902,30,0.0,18.27,19.74,20.04,,20.04,-10.0,1.12,1.01,1.12
689.8642613887787,30,0.0,18.23,19.74,20.04,,20.04,-10.0,1.12,1.01,1.12
690.3633410930634,30,0.0,18.23,19.74,20.04,,20.04,-10.0,1.12,1.01,1.12
690.8592603206635,30,0.0,18.23,19.74,20.04,,20.04,-10.0,1.12,1.01,1.12
691.3615100383759,30,0.0,18.23,19.74,20.04,,20.04,-10.0,1.12,1.01,1.12
691.8747134208679,30,0.0,18.23,19.74,20.04,,20.04,-10.0,1.12,1.01,1.12
692.3733067512512,30,0.0,18.23,19.74,20.04,,20.04,-10.0,1.12,1.01,1.12
692.8716204166412,30,0.0,18.23,19.74,20.04,,20.04,-10.0,1.12,1.01,1.12
693.3726477622986,30,0.0,18.23,19.74,20.04,,20.04,-10.0,1.12,1.01,1.12
693.8719832897186,30,0.0,18.23,19.74,20.04,,20.04,-10.0,1.12,1.01,1.12
694.3697409629822,30,0.0,18.23,19.74,20.04,,20.04,-10.0,1.13,1.01,1.12
694.8746716976166,30,0.0,18.27,19.74,20.04,,20.04,-10.0,1.12,1.01,1.12
695.3838798999786,30,0.0,18.23,19.74,20.04,,20.04,-10.0,1.12,1.01,1.12
695.8832995891571,30,0.0,18.23,19.74,20.04,,20.04,-10.0,1.12,1.01,1.12
696.3863399028778,30,0.0,18.27,19.74,20.04,,20.04,-10.0,1.12,1.01,1.12
696.8881783485413,30,0.0,18.23,19.74,20.04,,20.04,-10.0,1.12,1.01,1.12
697.386958360672,30,0.0,18.27,19.74,20.04,,20.04,-10.0,1.12,1.01,1.12
697.8870804309845,30,0.0,18.23,19.74,20.04,,20.04,-10.0,1.13,1.01,1.12
698.3872463703156,30,0.0,18.23,19.74,20.04,,20.04,-10.0,1.13,1.01,1.12
698.9091682434082,30,0.0,18.27,19.74,20.04,,20.04,-10.0,1.13,1.01,1.12
699.3854691982269,30,0.0,18.23,19.74,20.04,,20.04,-10.0,1.13,1.01,1.12
699.8845641613007,30,0.0,18.23,19.74,20.04,,20.04,-10.0,1.13,1.01,1.12
700.4011602401733,30,0.0,18.27,19.74,20.04,,20.04,-10.0,1.13,1.01,1.12
700.9000029563904,30,0.0,18.23,19.74,20.04,,20.04,-10.0,1.12,1.01,1.12
701.3986284732819,30,0.0,18.23,19.74,20.04,,20.04,-10.0,1.13,1.01,1.12
701.9001078605652,30,0.0,18.23,19.74,20.04,,20.04,-10.0,1.13,1.01,1.12
702.3980238437653,30,0.0,18.23,19.74,20.04,,20.04,-10.0,1.12,1.01,1.12
702.8957347869873,30,0.0,18.23,19.74,20.04,,20.04,-10.0,1.12,1.01,1.12
703.3930242061615,30,0.0,18.27,19.74,20.04,,20.04,-10.0,1.12,1.01,1.12
703.9079732894897,30,0.0,18.27,19.74,20.04,,20.04,-10.0,1.12,1.01,1.12
704.409565448761,30,0.0,18.23,19.74,20.04,,20.04,-10.0,1.12,1.01,1.12
704.9064385890961,30,0.0,18.23,19.74,20.04,,20.04,-10.0,1.12,1.01,1.12
705.404333114624,30,0.0,18.27,19.74,20.04,,20.04,-10.0,1.13,1.01,1.12
705.901921749115,30,0.0,18.23,19.74,20.04,,20.04,-10.0,1.13,1.01,1.12
706.4020125865936,30,0.0,18.27,19.74,20.04,,20.04,-10.0,1.12,1.01,1.12
706.9161310195923,30,0.0,18.23,19.74,20.04,,20.04,-10.0,1.12,1.01,1.12
707.4125316143036,30,0.0,18.23,19.74,20.04,,20.04,-10.0,1.12,1.01,1.12
707.9124269485474,30,0.0,18.23,19.74,20.04,,20.04,-10.0,1.12,1.01,1.12
708.414311170578,30,0.0,18.23,19.74,20.04,,20.04,-10.0,1.13,1.01,1.12
708.9092020988464,30,0.0,18.27,19.74,20.08,,20.08,-10.0,1.12,1.01,1.12
709.4230110645294,30,0.0,18.27,19.74,20.04,,20.04,-10.0,1.13,1.01,1.12
709.9221050739288,30,0.0,18.23,19.74,20.04,,20.04,-10.0,1.12,1.01,1.12
710.419004201889,30,0.0,18.23,19.74,20.04,,20.04,-10.0,1.13,1.01,1.12
710.9192991256714,30,0.0,18.27,19.74,20.04,,20.04,-10.0,1.13,1.01,1.12
711.4276919364929,30,0.0,18.27,19.74,20.04,,20.04,-10.0,1.12,1.01,1.12
711.9232380390167,30,0.0,18.27,19.74,20.04,,20.04,-10.0,1.12,1.01,1.12
712.4225950241089,30,0.0,18.27,19.74,20.04,,20.04,-10.0,1.13,1.01,1.12
712.9212560653687,30,0.0,18.27,19.74,20.04,,20.04,-10.0,1.13,1.01,1.12
713.4328746795654,30,0.0,18.27,19.74,20.04,,20.04,-10.0,1.13,1.01,1.12
713.9330382347107,30,0.0,18.27,19.74,20.04,,20.04,-10.0,1.13,1.01,1.12
714.4295485019684,30,0.0,18.23,19.74,20.04,,20.04,-10.0,1.13,1.01,1.12
714.9275085926056,30,0.0,18.23,19.74,20.04,,20.04,-10.0,1.13,1.01,1.12
715.4310908317566,30,0.0,18.27,19.74,20.04,,20.04,-10.0,1.13,1.01,1.12
715.9267127513885,30,0.0,18.27,19.74,20.04,,20.04,-10.0,1.13,1.01,1.12
716.4402866363525,30,0.0,18.23,19.74,20.04,,20.04,-10.0,1.13,1.01,1.12
716.9288828372955,30,0.0,18.27,19.74,20.04,,20.04,-10.0,1.12,1.01,1.12
717.441570520401,30,0.0,18.27,19.71,20.04,,20.04,-10.0,1.12,1.01,1.12
717.940922498703,30,0.0,18.27,19.74,20.04,,20.04,-10.0,1.12,1.01,1.12
718.4372959136963,30,0.0,18.27,19.74,20.04,,20.04,-10.0,1.13,1.01,1.12
718.9367322921753,30,0.0,18.23,19.74,20.04,,20.04,-10.0,1.13,1.01,1.12
719.4356021881104,30,0.0,18.23,19.74,20.04,,20.04,-10.0,1.12,1.01,1.12
719.9494745731354,30,0.0,18.23,19.74,20.04,,20.04,-10.0,1.13,1.01,1.12
720.4474129676819,30,0.0,18.27,19.74,20.04,,20.04,-10.0,1.13,1.01,1.12
720.9476289749146,30,0.0,18.23,19.74,20.04,,20.04,-10.0,1.13,1.01,1.12
721.447464466095,30,0.0,18.23,19.74,20.04,,20.04,-10.0,1.12,1.01,1.12
721.9463911056519,30,0.0,18.23,19.74,20.04,,20.04,-10.0,1.13,1.01,1.12
722.447268486023,30,0.0,18.23,19.74,20.04,,20.04,-10.0,1.13,1.01,1.12
722.9451777935028,30,0.0,18.23,19.74,20.04,,20.04,-10.0,1.13,1.01,1.12
723.4577164649963,30,0.0,18.27,19.74,20.04,,20.04,-10.0,1.13,1.01,1.12
723.9575140476227,30,0.0,18.23,19.74,20.04,,20.04,-10.0,1.12,1.01,1.12
724.4529993534088,30,0.0,18.23,19.74,20.04,,20.04,-10.0,1.12,1.01,1.12
724.951842546463,30,0.0,18.23,19.74,20.04,,20.04,-10.0,1.12,1.01,1.12
725.4644935131073,30,0.0,18.23,19.74,20.04,,20.04,-10.0,1.12,1.01,1.12
725.9620523452759,30,0.0,18.23,19.74,20.04,,20.04,-10.0,1.12,1.01,1.12
726.4584617614746,30,0.0,18.27,19.74,20.04,,20.04,-10.0,1.13,1.01,1.12
726.96142411232,30,0.0,18.23,19.74,20.04,,20.04,-10.0,1.12,1.01,1.12
727.4601266384125,30,0.0,18.23,19.74,20.04,,20.04,-10.0,1.12,1.01,1.12
727.9592087268829,30,0.0,18.23,19.74,20.04,,20.04,-10.0,1.12,1.01,1.12
728.4594566822052,30,0.0,18.23,19.74,20.04,,20.04,-10.0,1.13,1.01,1.12
728.9677922725677,30,0.0,18.23,19.74,20.04,,20.04,-10.0,1.12,1.01,1.12
729.4701647758484,30,0.0,18.23,19.74,20.04,,20.04,-10.0,1.12,1.01,1.12
729.967031955719,30,0.0,18.23,19.74,20.04,,20.04,-10.0,1.13,1.01,1.12
730.4657096862793,30,0.0,18.23,19.74,20.04,,20.04,-10.0,1.13,1.01,1.12
730.9669816493988,30,0.0,18.23,19.74,20.04,,20.04,-10.0,1.12,1.01,1.12
731.4673237800598,30,0.0,18.23,19.74,20.04,,20.04,-10.0,1.12,1.01,1.12
731.9684188365936,30,0.0,18.27,19.74,20.04,,20.04,-10.0,1.12,1.01,1.12
732.4833233356476,30,0.0,18.23,19.74,20.04,,20.04,-10.0,1.12,1.01,1.12
732.9813387393951,30,0.0,18.23,19.74,20.04,,20.04,-10.0,1.12,1.01,1.12
733.4810872077942,30,0.0,18.23,19.74,20.04,,20.04,-10.0,1.12,1.01,1.12
733.9754402637482,30,0.0,18.23,19.74,20.04,,20.04,-10.0,1.12,1.01,1.12
734.4771885871887,30,0.0,18.23,19.74,20.04,,20.04,-10.0,1.12,1.01,1.12
734.9840595722198,30,0.0,18.23,19.74,20.04,,20.04,-10.0,1.12,1.01,1.12
735.4827435016632,30,0.0,18.23,19.74,20.04,,20.04,-10.0,1.12,1.01,1.12
735.9848580360413,30,0.0,18.23,19.74,20.04,,20.04,-10.0,1.12,1.01,1.12
736.4835205078125,30,0.0,18.23,19.74,20.04,,20.04,-10.0,1.12,1.01,1.12
736.9823777675629,30,0.0,18.23,19.74,20.04,,20.04,-10.0,1.12,1.01,1.12
