Temps (s),Consigne (°C),Erreur (°C),Thermistance 1 - T1 (°C),Thermistance 2 - T2 (°C),Thermistance 3 - T3 (°C),T4',Thermistance 3 estimée - T3_moy (°C),Commande (PWM),Voltage T1 (V),Voltage T2 (V),Voltage T3 (V)
1.3045942783355713,30,0.0,22.03,21.83,21.13,,21.13,-10.0,1.54,1.31,1.27
1.668595314025879,30,0.0,22.03,21.83,21.13,,21.13,-10.0,1.54,1.31,1.27
2.037313938140869,30,0.0,22.03,21.83,21.13,,21.13,-10.0,1.54,1.31,1.27
2.5392680168151855,30,0.0,21.99,21.83,21.13,,21.13,-10.0,1.53,1.31,1.27
3.035891532897949,30,0.0,21.99,21.83,21.16,,21.16,-10.0,1.53,1.31,1.28
3.5352590084075928,30,0.0,21.94,21.83,21.16,,21.16,-10.0,1.53,1.31,1.28
4.034787654876709,30,0.0,21.85,21.83,21.16,,21.16,-10.0,1.52,1.31,1.28
4.533752202987671,30,0.0,21.81,21.8,21.16,,21.16,-10.0,1.52,1.31,1.28
5.0475242137908936,30,0.0,21.72,21.8,21.2,,21.2,-10.0,1.51,1.31,1.28
5.5503010749816895,30,0.0,21.67,21.8,21.2,,21.2,-10.0,1.5,1.31,1.28
6.046340465545654,30,0.0,21.63,21.83,21.23,,21.23,-10.0,1.5,1.31,1.29
6.542693614959717,30,0.0,21.54,21.8,21.23,,21.23,-10.0,1.49,1.31,1.29
7.046452760696411,30,0.0,21.49,21.8,21.23,,21.23,-10.0,1.48,1.31,1.29
7.548556327819824,30,0.0,21.45,21.8,21.27,,21.27,-10.0,1.48,1.31,1.29
8.048292875289917,30,0.0,21.36,21.8,21.27,,21.27,-10.0,1.47,1.31,1.29
8.551795482635498,30,0.0,21.31,21.8,21.31,,21.31,-10.0,1.46,1.31,1.3
9.058521509170532,30,0.0,21.27,21.8,21.31,,21.31,-10.0,1.46,1.31,1.3
9.558931350708008,30,0.0,21.22,21.8,21.31,,21.31,-10.0,1.45,1.31,1.3
10.053378582000732,30,0.0,21.18,21.8,21.34,,21.34,-10.0,1.45,1.31,1.3
10.552124977111816,30,0.0,21.14,21.8,21.34,,21.34,-10.0,1.44,1.31,1.3
11.060652732849121,30,0.0,21.09,21.8,21.38,,21.38,-10.0,1.44,1.31,1.3
11.55777621269226,30,0.0,21.05,21.8,21.38,,21.38,-10.0,1.43,1.31,1.3
12.058774471282959,30,0.0,21.0,21.76,21.41,,21.41,-10.0,1.43,1.3,1.31
12.560489177703857,30,0.0,20.96,21.76,21.41,,21.41,-10.0,1.42,1.31,1.31
13.057083368301392,30,0.0,20.91,21.76,21.41,,21.41,-10.0,1.42,1.31,1.31
13.557982683181763,30,0.0,20.87,21.76,21.45,,21.45,-10.0,1.41,1.3,1.31
14.070066213607788,30,0.0,20.82,21.76,21.45,,21.45,-10.0,1.41,1.3,1.31
14.572290420532227,30,0.0,20.82,21.76,21.45,,21.45,-10.0,1.41,1.3,1.31
15.063357830047607,30,0.0,20.78,21.76,21.49,,21.49,-10.0,1.4,1.3,1.32
15.571298122406006,30,0.0,20.73,21.76,21.49,,21.49,-10.0,1.4,1.3,1.32
16.06664490699768,30,0.0,20.69,21.76,21.49,,21.49,-10.0,1.39,1.3,1.32
16.568151473999023,30,0.0,20.69,21.73,21.52,,21.52,-10.0,1.39,1.3,1.32
17.0679132938385,30,0.0,20.64,21.73,21.52,,21.52,-10.0,1.39,1.3,1.32
17.577662229537964,30,0.0,20.6,21.73,21.56,,21.56,-10.0,1.38,1.3,1.32
18.08488631248474,30,0.0,20.6,21.73,21.56,,21.56,-10.0,1.38,1.3,1.33
18.58678889274597,30,0.0,20.55,21.7,21.56,,21.56,-10.0,1.38,1.3,1.33
19.075637340545654,30,0.0,20.51,21.7,21.56,,21.56,-10.0,1.38,1.3,1.33
19.57579779624939,30,0.0,20.51,21.7,21.56,,21.56,-10.0,1.37,1.3,1.33
20.089370250701904,30,0.0,20.46,21.7,21.59,,21.59,-10.0,1.37,1.3,1.33
20.577253103256226,30,0.0,20.46,21.7,21.59,,21.59,-10.0,1.37,1.29,1.33
21.087311267852783,30,0.0,20.42,21.7,21.59,,21.59,-10.0,1.36,1.29,1.33
21.588712692260742,30,0.0,20.42,21.66,21.59,,21.59,-10.0,1.36,1.29,1.33
22.08690881729126,30,0.0,20.37,21.66,21.59,,21.59,-10.0,1.36,1.29,1.33
22.59044909477234,30,0.0,20.37,21.66,21.63,,21.63,-10.0,1.36,1.29,1.33
23.08614420890808,30,0.0,20.33,21.66,21.63,,21.63,-10.0,1.35,1.29,1.34
23.58890128135681,30,0.0,20.33,21.63,21.63,,21.63,-10.0,1.35,1.29,1.34
24.087136030197144,30,0.0,20.29,21.63,21.63,,21.63,-10.0,1.35,1.29,1.34
24.59934091567993,30,0.0,20.29,21.63,21.63,,21.63,-10.0,1.35,1.29,1.34
25.0918390750885,30,0.0,20.24,21.63,21.66,,21.66,-10.0,1.35,1.29,1.34
25.594592332839966,30,0.0,20.24,21.6,21.66,,21.66,-10.0,1.34,1.28,1.34
26.105230808258057,30,0.0,20.2,21.6,21.66,,21.66,-10.0,1.34,1.28,1.34
26.599918842315674,30,0.0,20.2,21.6,21.66,,21.66,-10.0,1.34,1.28,1.34
27.09970784187317,30,0.0,20.2,21.6,21.66,,21.66,-10.0,1.34,1.28,1.34
27.608731985092163,30,0.0,20.2,21.6,21.66,,21.66,-10.0,1.33,1.28,1.34
28.10530948638916,30,0.0,20.15,21.6,21.7,,21.7,-10.0,1.33,1.28,1.34
28.602149724960327,30,0.0,20.11,21.56,21.7,,21.7,-10.0,1.33,1.28,1.34
29.1116681098938,30,0.0,20.11,21.56,21.7,,21.7,-10.0,1.33,1.28,1.35
29.60743021965027,30,0.0,20.11,21.56,21.7,,21.7,-10.0,1.33,1.28,1.35
30.11017656326294,30,0.0,20.11,21.53,21.7,,21.7,-10.0,1.33,1.27,1.35
30.60713267326355,30,0.0,20.06,21.53,21.7,,21.7,-10.0,1.32,1.27,1.35
31.11816716194153,30,0.0,20.06,21.53,21.7,,21.7,-10.0,1.32,1.27,1.35
31.618195295333862,30,0.0,20.02,21.53,21.7,,21.7,-10.0,1.32,1.27,1.35
32.1197292804718,30,0.0,20.02,21.53,21.7,,21.7,-10.0,1.32,1.27,1.35
32.62118339538574,30,0.0,20.02,21.5,21.7,,21.7,-10.0,1.32,1.27,1.35
33.12079858779907,30,0.0,19.97,21.5,21.7,,21.7,-10.0,1.31,1.27,1.35
33.6195650100708,30,0.0,19.97,21.5,21.7,,21.7,-10.0,1.31,1.27,1.35
34.1185667514801,30,0.0,19.97,21.5,21.7,,21.7,-10.0,1.31,1.27,1.35
34.619619607925415,30,0.0,19.93,21.5,21.7,,21.7,-10.0,1.31,1.26,1.35
35.12778830528259,30,0.0,19.93,21.46,21.7,,21.7,-10.0,1.31,1.26,1.35
35.629677057266235,30,0.0,19.93,21.46,21.7,,21.7,-10.0,1.31,1.26,1.35
36.12794351577759,30,0.0,19.93,21.46,21.7,,21.7,-10.0,1.31,1.26,1.35
36.62447190284729,30,0.0,19.88,21.46,21.7,,21.7,-10.0,1.3,1.26,1.35
37.12570858001709,30,0.0,19.88,21.46,21.7,,21.7,-10.0,1.3,1.26,1.35
37.622153997421265,30,0.0,19.88,21.43,21.7,,21.7,-10.0,1.3,1.26,1.35
38.13659715652466,30,0.0,19.84,21.43,21.7,,21.7,-10.0,1.3,1.26,1.35
38.63874340057373,30,0.0,19.84,21.43,21.7,,21.7,-10.0,1.3,1.26,1.35
39.13327193260193,30,0.0,19.84,21.43,21.7,,21.7,-10.0,1.3,1.25,1.35
39.63191294670105,30,0.0,19.84,21.43,21.7,,21.7,-10.0,1.3,1.25,1.35
40.13070058822632,30,0.0,19.79,21.4,21.7,,21.7,-10.0,1.3,1.25,1.35
40.631184577941895,30,0.0,19.79,21.4,21.7,,21.7,-10.0,1.3,1.25,1.35
41.143277406692505,30,0.0,19.79,21.4,21.7,,21.7,-10.0,1.3,1.25,1.35
41.64169263839722,30,0.0,19.79,21.4,21.7,,21.7,-10.0,1.29,1.25,1.35
42.13977551460266,30,0.0,19.75,21.4,21.7,,21.7,-10.0,1.29,1.25,1.35
42.639676570892334,30,0.0,19.75,21.4,21.7,,21.7,-10.0,1.29,1.25,1.35
43.1389594078064,30,0.0,19.75,21.36,21.7,,21.7,-10.0,1.29,1.25,1.35
43.650543451309204,30,0.0,19.75,21.36,21.7,,21.7,-10.0,1.29,1.24,1.35
44.149473667144775,30,0.0,19.7,21.33,21.7,,21.7,-10.0,1.29,1.24,1.35
44.64582920074463,30,0.0,19.7,21.33,21.7,,21.7,-10.0,1.29,1.24,1.35
45.14208149909973,30,0.0,19.7,21.33,21.7,,21.7,-10.0,1.29,1.24,1.35
45.655741453170776,30,0.0,19.7,21.33,21.7,,21.7,-10.0,1.29,1.24,1.35
46.153761863708496,30,0.0,19.7,21.33,21.7,,21.7,-10.0,1.29,1.24,1.35
46.65071249008179,30,0.0,19.66,21.29,21.7,,21.7,-10.0,1.28,1.24,1.35
47.20975136756897,30,0.0,19.66,21.29,21.7,,21.7,-10.0,1.28,1.24,1.35
47.649900913238525,30,0.0,19.66,21.29,21.7,,21.7,-10.0,1.28,1.24,1.35
48.16349959373474,30,0.0,19.66,21.29,21.66,,21.66,-10.0,1.28,1.24,1.35
48.659255504608154,30,0.0,19.61,21.29,21.66,,21.66,-10.0,1.28,1.24,1.34
49.15744924545288,30,0.0,19.61,21.29,21.66,,21.66,-10.0,1.28,1.23,1.34
49.668795585632324,30,0.0,19.61,21.26,21.66,,21.66,-10.0,1.28,1.23,1.34
50.168577671051025,30,0.0,19.61,21.26,21.66,,21.66,-10.0,1.28,1.23,1.34
50.669413328170776,30,0.0,19.61,21.26,21.66,,21.66,-10.0,1.28,1.23,1.34
51.16776466369629,30,0.0,19.57,21.26,21.66,,21.66,-10.0,1.28,1.23,1.34
51.66788697242737,30,0.0,19.57,21.23,21.66,,21.66,-10.0,1.27,1.23,1.34
52.164527893066406,30,0.0,19.57,21.23,21.66,,21.66,-10.0,1.27,1.23,1.34
52.66190719604492,30,0.0,19.57,21.23,21.63,,21.63,-10.0,1.27,1.23,1.34
53.17693114280701,30,0.0,19.57,21.23,21.63,,21.63,-10.0,1.27,1.23,1.34
53.67565107345581,30,0.0,19.57,21.23,21.63,,21.63,-10.0,1.27,1.23,1.34
54.17163681983948,30,0.0,19.57,21.23,21.63,,21.63,-10.0,1.27,1.22,1.34
54.684152364730835,30,0.0,19.52,21.23,21.63,,21.63,-10.0,1.27,1.22,1.34
55.18000793457031,30,0.0,19.52,21.19,21.63,,21.63,-10.0,1.27,1.22,1.34
55.67768883705139,30,0.0,19.52,21.19,21.63,,21.63,-10.0,1.27,1.22,1.34
56.192999601364136,30,0.0,19.52,21.19,21.63,,21.63,-10.0,1.27,1.22,1.34
56.6748788356781,30,0.0,19.52,21.19,21.59,,21.59,-10.0,1.27,1.22,1.33
57.18723106384277,30,0.0,19.52,21.16,21.59,,21.59,-10.0,1.27,1.22,1.33
57.6869900226593,30,0.0,19.48,21.16,21.59,,21.59,-10.0,1.27,1.22,1.33
58.185484409332275,30,0.0,19.48,21.16,21.59,,21.59,-10.0,1.27,1.22,1.33
58.682363986968994,30,0.0,19.48,21.16,21.59,,21.59,-10.0,1.26,1.22,1.33
59.18083620071411,30,0.0,19.48,21.16,21.59,,21.59,-10.0,1.26,1.22,1.33
59.69439744949341,30,0.0,19.48,21.13,21.59,,21.59,-10.0,1.26,1.22,1.33
60.19270133972168,30,0.0,19.48,21.13,21.56,,21.56,-10.0,1.26,1.21,1.33
60.68719005584717,30,0.0,19.48,21.13,21.56,,21.56,-10.0,1.26,1.21,1.33
61.185046672821045,30,0.0,19.48,21.13,21.56,,21.56,-10.0,1.26,1.21,1.33
61.695892095565796,30,0.0,19.43,21.13,21.56,,21.56,-10.0,1.26,1.21,1.33
62.1946964263916,30,0.0,19.43,21.13,21.56,,21.56,-10.0,1.26,1.21,1.33
62.69277882575989,30,0.0,19.43,21.09,21.56,,21.56,-10.0,1.26,1.21,1.33
63.19244694709778,30,0.0,19.43,21.09,21.56,,21.56,-10.0,1.26,1.21,1.33
63.69259428977966,30,0.0,19.43,21.09,21.56,,21.56,-10.0,1.26,1.21,1.33
64.20476865768433,30,0.0,19.39,21.09,21.56,,21.56,-10.0,1.26,1.21,1.33
64.7041687965393,30,0.0,19.39,21.09,21.52,,21.52,-10.0,1.25,1.21,1.32
65.20121479034424,30,0.0,19.39,21.09,21.52,,21.52,-10.0,1.25,1.21,1.32
65.71161818504333,30,0.0,19.39,21.06,21.52,,21.52,-10.0,1.25,1.2,1.32
66.20721077919006,30,0.0,19.39,21.06,21.52,,21.52,-10.0,1.25,1.2,1.32
66.70419096946716,30,0.0,19.39,21.06,21.52,,21.52,-10.0,1.25,1.2,1.32
67.20668911933899,30,0.0,19.39,21.06,21.52,,21.52,-10.0,1.25,1.2,1.32
67.71723437309265,30,0.0,19.39,21.06,21.52,,21.52,-10.0,1.25,1.2,1.32
68.2154335975647,30,0.0,19.39,21.06,21.49,,21.49,-10.0,1.25,1.2,1.32
68.71269869804382,30,0.0,19.39,21.03,21.49,,21.49,-10.0,1.25,1.2,1.32
69.21160793304443,30,0.0,19.35,21.06,21.49,,21.49,-10.0,1.25,1.2,1.32
69.71154570579529,30,0.0,19.35,21.03,21.49,,21.49,-10.0,1.25,1.2,1.32
70.21070194244385,30,0.0,19.35,21.03,21.49,,21.49,-10.0,1.25,1.2,1.32
70.7214093208313,30,0.0,19.35,21.03,21.49,,21.49,-10.0,1.25,1.2,1.32
71.21588635444641,30,0.0,19.35,21.03,21.49,,21.49,-10.0,1.24,1.2,1.32
71.7136652469635,30,0.0,19.3,21.03,21.49,,21.49,-10.0,1.24,1.2,1.32
72.22755217552185,30,0.0,19.3,21.03,21.45,,21.45,-10.0,1.24,1.2,1.31
72.72482204437256,30,0.0,19.3,20.99,21.45,,21.45,-10.0,1.24,1.19,1.31
73.22360014915466,30,0.0,19.3,20.99,21.45,,21.45,-10.0,1.24,1.19,1.31
73.71970129013062,30,0.0,19.3,20.99,21.45,,21.45,-10.0,1.24,1.19,1.31
74.23409628868103,30,0.0,19.3,20.99,21.45,,21.45,-10.0,1.24,1.19,1.31
74.73314905166626,30,0.0,19.3,20.99,21.45,,21.45,-10.0,1.24,1.19,1.31
75.23067879676819,30,0.0,19.26,20.96,21.41,,21.41,-10.0,1.24,1.19,1.31
75.72782850265503,30,0.0,19.26,20.96,21.45,,21.45,-10.0,1.24,1.19,1.31
76.2385003566742,30,0.0,19.26,20.96,21.45,,21.45,-10.0,1.24,1.19,1.31
76.7352831363678,30,0.0,19.26,20.96,21.41,,21.41,-10.0,1.24,1.19,1.31
77.23219919204712,30,0.0,19.26,20.96,21.41,,21.41,-10.0,1.24,1.19,1.31
77.72979879379272,30,0.0,19.26,20.96,21.41,,21.41,-10.0,1.24,1.19,1.31
78.2381501197815,30,0.0,19.26,20.96,21.41,,21.41,-10.0,1.24,1.19,1.31
78.74760222434998,30,0.0,19.26,20.93,21.41,,21.41,-10.0,1.24,1.18,1.31
79.23415732383728,30,0.0,19.26,20.93,21.41,,21.41,-10.0,1.24,1.18,1.31
79.78870868682861,30,0.0,19.21,20.93,21.41,,21.41,-10.0,1.24,1.18,1.3
80.24300408363342,30,0.0,19.21,20.93,21.38,,21.38,-10.0,1.23,1.18,1.3
80.74248719215393,30,0.0,19.21,20.93,21.38,,21.38,-10.0,1.23,1.18,1.3
81.23778033256531,30,0.0,19.21,20.93,21.38,,21.38,-10.0,1.23,1.18,1.3
81.74815368652344,30,0.0,19.21,20.93,21.38,,21.38,-10.0,1.23,1.18,1.3
82.24565982818604,30,0.0,19.21,20.89,21.38,,21.38,-10.0,1.23,1.18,1.3
82.74212336540222,30,0.0,19.21,20.89,21.38,,21.38,-10.0,1.23,1.18,1.3
83.2508635520935,30,0.0,19.21,20.89,21.34,,21.34,-10.0,1.23,1.18,1.3
83.74900317192078,30,0.0,19.21,20.89,21.34,,21.34,-10.0,1.23,1.18,1.3
84.25610494613647,30,0.0,19.17,20.89,21.34,,21.34,-10.0,1.23,1.18,1.3
84.76093578338623,30,0.0,19.17,20.89,21.34,,21.34,-10.0,1.23,1.17,1.3
85.25809168815613,30,0.0,19.17,20.86,21.34,,21.34,-10.0,1.23,1.17,1.3
85.75805878639221,30,0.0,19.17,20.86,21.34,,21.34,-10.0,1.23,1.17,1.3
86.25482177734375,30,0.0,19.17,20.86,21.34,,21.34,-10.0,1.23,1.17,1.3
86.75375008583069,30,0.0,19.17,20.86,21.34,,21.34,-10.0,1.23,1.17,1.3
87.26521110534668,30,0.0,19.17,20.86,21.34,,21.34,-10.0,1.23,1.17,1.3
87.76271104812622,30,0.0,19.17,20.86,21.34,,21.34,-10.0,1.23,1.17,1.3
88.25929546356201,30,0.0,19.17,20.86,21.31,,21.31,-10.0,1.23,1.17,1.3
88.76004600524902,30,0.0,19.17,20.86,21.31,,21.31,-10.0,1.23,1.17,1.3
89.2739794254303,30,0.0,19.12,20.82,21.31,,21.31,-10.0,1.22,1.17,1.3
89.77178263664246,30,0.0,19.17,20.82,21.31,,21.31,-10.0,1.22,1.17,1.3
90.26782941818237,30,0.0,19.12,20.82,21.31,,21.31,-10.0,1.22,1.17,1.3
90.76560187339783,30,0.0,19.12,20.82,21.31,,21.31,-10.0,1.22,1.17,1.3
91.27746319770813,30,0.0,19.12,20.82,21.31,,21.31,-10.0,1.22,1.17,1.3
91.77591109275818,30,0.0,19.12,20.82,21.31,,21.31,-10.0,1.22,1.17,1.29
92.27385234832764,30,0.0,19.12,20.82,21.27,,21.27,-10.0,1.22,1.17,1.29
92.77208185195923,30,0.0,19.12,20.82,21.27,,21.27,-10.0,1.22,1.16,1.29
93.27079319953918,30,0.0,19.12,20.79,21.27,,21.27,-10.0,1.22,1.16,1.29
93.78468465805054,30,0.0,19.12,20.79,21.27,,21.27,-10.0,1.22,1.16,1.29
94.31319212913513,30,0.0,19.08,20.79,21.27,,21.27,-10.0,1.22,1.16,1.29
94.7790219783783,30,0.0,19.08,20.79,21.27,,21.27,-10.0,1.22,1.16,1.29
95.27522134780884,30,0.0,19.08,20.79,21.27,,21.27,-10.0,1.22,1.16,1.29
95.77732014656067,30,0.0,19.08,20.79,21.27,,21.27,-10.0,1.22,1.16,1.29
96.29073572158813,30,0.0,19.08,20.79,21.23,,21.23,-10.0,1.22,1.16,1.29
96.79005765914917,30,0.0,19.08,20.76,21.23,,21.23,-10.0,1.22,1.16,1.29
97.28946614265442,30,0.0,19.08,20.76,21.23,,21.23,-10.0,1.22,1.16,1.29
97.78857398033142,30,0.0,19.08,20.76,21.23,,21.23,-10.0,1.22,1.16,1.29
98.2847330570221,30,0.0,19.08,20.76,21.23,,21.23,-10.0,1.22,1.16,1.29
98.7960729598999,30,0.0,19.08,20.76,21.23,,21.23,-10.0,1.22,1.16,1.29
99.29144597053528,30,0.0,19.08,20.76,21.23,,21.23,-10.0,1.22,1.16,1.28
99.78890991210938,30,0.0,19.08,20.76,21.2,,21.2,-10.0,1.22,1.16,1.28
100.30270075798035,30,0.0,19.08,20.72,21.2,,21.2,-10.0,1.21,1.16,1.28
100.8010630607605,30,0.0,19.08,20.72,21.2,,21.2,-10.0,1.21,1.15,1.28
101.29789209365845,30,0.0,19.03,20.72,21.2,,21.2,-10.0,1.21,1.15,1.28
101.79539442062378,30,0.0,19.03,20.72,21.2,,21.2,-10.0,1.21,1.15,1.28
102.3086268901825,30,0.0,19.03,20.72,21.2,,21.2,-10.0,1.21,1.15,1.28
102.80589056015015,30,0.0,19.03,20.72,21.2,,21.2,-10.0,1.21,1.15,1.28
103.30398321151733,30,0.0,19.03,20.72,21.2,,21.2,-10.0,1.21,1.15,1.28
103.80087280273438,30,0.0,19.03,20.72,21.2,,21.2,-10.0,1.21,1.15,1.28
104.2994921207428,30,0.0,19.03,20.72,21.2,,21.2,-10.0,1.21,1.15,1.28
104.8157434463501,30,0.0,19.03,20.72,21.16,,21.16,-10.0,1.21,1.15,1.28
105.31109547615051,30,0.0,19.03,20.69,21.16,,21.16,-10.0,1.21,1.15,1.28
105.81208181381226,30,0.0,19.03,20.69,21.16,,21.16,-10.0,1.21,1.15,1.28
106.31134629249573,30,0.0,19.03,20.69,21.16,,21.16,-10.0,1.21,1.15,1.28
106.81009078025818,30,0.0,19.03,20.69,21.16,,21.16,-10.0,1.21,1.15,1.28
107.31268692016602,30,0.0,18.99,20.69,21.16,,21.16,-10.0,1.21,1.15,1.28
107.81091046333313,30,0.0,18.99,20.69,21.16,,21.16,-10.0,1.21,1.15,1.27
108.32194399833679,30,0.0,18.99,20.69,21.13,,21.13,-10.0,1.21,1.15,1.27
108.82069683074951,30,0.0,18.99,20.69,21.13,,21.13,-10.0,1.21,1.15,1.27
109.32134985923767,30,0.0,18.99,20.69,21.13,,21.13,-10.0,1.21,1.15,1.27
109.82055330276489,30,0.0,18.99,20.66,21.13,,21.13,-10.0,1.21,1.14,1.27
110.31820034980774,30,0.0,18.99,20.66,21.13,,21.13,-10.0,1.21,1.14,1.27
110.81736922264099,30,0.0,18.99,20.66,21.13,,21.13,-10.0,1.21,1.14,1.27
111.33196330070496,30,0.0,18.99,20.66,21.13,,21.13,-10.0,1.21,1.14,1.27
111.83077001571655,30,0.0,18.99,20.66,21.13,,21.13,-10.0,1.21,1.14,1.27
112.33092474937439,30,0.0,18.99,20.66,21.09,,21.09,-10.0,1.21,1.14,1.27
112.82467412948608,30,0.0,18.99,20.66,21.09,,21.09,-10.0,1.21,1.14,1.27
113.33704781532288,30,0.0,18.99,20.66,21.09,,21.09,-10.0,1.21,1.14,1.27
113.84056568145752,30,0.0,18.99,20.62,21.09,,21.09,-10.0,1.21,1.14,1.27
114.33824491500854,30,0.0,18.99,20.62,21.09,,21.09,-10.0,1.21,1.14,1.27
114.83296608924866,30,0.0,18.94,20.62,21.09,,21.09,-10.0,1.2,1.14,1.27
115.33470106124878,30,0.0,18.99,20.62,21.05,,21.05,-10.0,1.2,1.14,1.26
115.83019351959229,30,0.0,18.99,20.59,21.05,,21.05,-10.0,1.2,1.14,1.26
116.34118127822876,30,0.0,18.94,20.62,21.05,,21.05,-10.0,1.2,1.13,1.26
116.84276700019836,30,0.0,18.94,20.59,21.05,,21.05,-10.0,1.2,1.14,1.26
117.41347670555115,30,0.0,18.94,20.59,21.05,,21.05,-10.0,1.2,1.13,1.26
117.84045720100403,30,0.0,18.94,20.59,21.05,,21.05,-10.0,1.2,1.13,1.26
118.33935689926147,30,0.0,18.94,20.59,21.05,,21.05,-10.0,1.2,1.13,1.26
118.85301446914673,30,0.0,18.94,20.59,21.02,,21.02,-10.0,1.2,1.13,1.26
119.35182595252991,30,0.0,18.94,20.59,21.02,,21.02,-10.0,1.2,1.13,1.26
119.85481023788452,30,0.0,18.94,20.59,21.02,,21.02,-10.0,1.2,1.13,1.26
120.35238265991211,30,0.0,18.94,20.59,21.02,,21.02,-10.0,1.2,1.13,1.26
120.8437864780426,30,0.0,18.94,20.59,21.02,,21.02,-10.0,1.2,1.13,1.26
121.34677004814148,30,0.0,18.94,20.55,21.02,,21.02,-10.0,1.2,1.13,1.26
121.84608626365662,30,0.0,18.9,20.55,21.02,,21.02,-10.0,1.2,1.13,1.26
122.35528612136841,30,0.0,18.9,20.55,21.02,,21.02,-10.0,1.2,1.13,1.26
122.85108351707458,30,0.0,18.9,20.55,20.98,,20.98,-10.0,1.2,1.13,1.25
123.35016894340515,30,0.0,18.9,20.55,20.98,,20.98,-10.0,1.2,1.13,1.25
123.85209107398987,30,0.0,18.9,20.55,20.98,,20.98,-10.0,1.2,1.13,1.25
124.3669970035553,30,0.0,18.9,20.55,20.98,,20.98,-10.0,1.2,1.13,1.25
124.8646969795227,30,0.0,18.9,20.55,20.98,,20.98,-10.0,1.2,1.13,1.25
125.359934091568,30,0.0,18.9,20.55,20.98,,20.98,-10.0,1.2,1.13,1.25
125.85895705223083,30,0.0,18.9,20.52,20.98,,20.98,-10.0,1.2,1.13,1.25
126.3711986541748,30,0.0,18.9,20.52,20.98,,20.98,-10.0,1.2,1.12,1.25
126.86752414703369,30,0.0,18.9,20.52,20.98,,20.98,-10.0,1.2,1.12,1.25
127.36581349372864,30,0.0,18.9,20.52,20.98,,20.98,-10.0,1.2,1.12,1.25
127.86439800262451,30,0.0,18.9,20.52,20.98,,20.98,-10.0,1.2,1.12,1.25
128.37823796272278,30,0.0,18.9,20.52,20.98,,20.98,-10.0,1.2,1.12,1.25
128.8758463859558,30,0.0,18.9,20.52,20.95,,20.95,-10.0,1.2,1.12,1.25
129.37301516532898,30,0.0,18.9,20.49,20.95,,20.95,-10.0,1.19,1.12,1.25
129.87252235412598,30,0.0,18.9,20.49,20.95,,20.95,-10.0,1.2,1.12,1.25
130.37167143821716,30,0.0,18.9,20.49,20.95,,20.95,-10.0,1.19,1.12,1.25
130.88351154327393,30,0.0,18.9,20.49,20.91,,20.91,-10.0,1.19,1.12,1.24
131.38067722320557,30,0.0,18.85,20.49,20.91,,20.91,-10.0,1.19,1.12,1.24
131.8791058063507,30,0.0,18.85,20.49,20.91,,20.91,-10.0,1.19,1.12,1.24
132.3748824596405,30,0.0,18.85,20.49,20.91,,20.91,-10.0,1.19,1.12,1.24
132.88948464393616,30,0.0,18.85,20.49,20.91,,20.91,-10.0,1.19,1.12,1.24
133.3858118057251,30,0.0,18.85,20.49,20.91,,20.91,-10.0,1.19,1.12,1.24
133.88271403312683,30,0.0,18.85,20.49,20.91,,20.91,-10.0,1.19,1.12,1.24
134.39154744148254,30,0.0,18.85,20.49,20.91,,20.91,-10.0,1.19,1.12,1.24
134.8934986591339,30,0.0,18.85,20.49,20.91,,20.91,-10.0,1.19,1.11,1.24
135.39305973052979,30,0.0,18.85,20.45,20.87,,20.87,-10.0,1.19,1.11,1.24
135.89326238632202,30,0.0,18.85,20.45,20.87,,20.87,-10.0,1.19,1.11,1.24
136.39113116264343,30,0.0,18.85,20.45,20.87,,20.87,-10.0,1.19,1.11,1.24
136.8881754875183,30,0.0,18.85,20.45,20.87,,20.87,-10.0,1.19,1.11,1.24
137.4001760482788,30,0.0,18.85,20.45,20.87,,20.87,-10.0,1.19,1.11,1.24
137.8993706703186,30,0.0,18.85,20.45,20.87,,20.87,-10.0,1.19,1.11,1.24
138.3957164287567,30,0.0,18.85,20.45,20.87,,20.87,-10.0,1.19,1.11,1.24
138.9041621685028,30,0.0,18.81,20.45,20.87,,20.87,-10.0,1.19,1.11,1.24
139.40147066116333,30,0.0,18.81,20.45,20.87,,20.87,-10.0,1.19,1.11,1.24
139.89692497253418,30,0.0,18.85,20.45,20.84,,20.84,-10.0,1.19,1.11,1.24
140.39596724510193,30,0.0,18.81,20.42,20.84,,20.84,-10.0,1.19,1.11,1.23
140.90778303146362,30,0.0,18.81,20.42,20.84,,20.84,-10.0,1.19,1.11,1.23
141.40698337554932,30,0.0,18.81,20.42,20.84,,20.84,-10.0,1.19,1.11,1.23
141.9038951396942,30,0.0,18.81,20.42,20.84,,20.84,-10.0,1.19,1.11,1.23
142.403333902359,30,0.0,18.81,20.42,20.84,,20.84,-10.0,1.19,1.11,1.23
142.9060742855072,30,0.0,18.81,20.42,20.84,,20.84,-10.0,1.19,1.11,1.23
143.41439700126648,30,0.0,18.81,20.42,20.84,,20.84,-10.0,1.19,1.11,1.23
143.91000628471375,30,0.0,18.81,20.42,20.84,,20.84,-10.0,1.19,1.11,1.23
144.4096806049347,30,0.0,18.81,20.42,20.84,,20.84,-10.0,1.19,1.11,1.23
144.91046118736267,30,0.0,18.81,20.39,20.8,,20.8,-10.0,1.19,1.1,1.23
145.42169904708862,30,0.0,18.81,20.39,20.8,,20.8,-10.0,1.19,1.1,1.23
145.92113327980042,30,0.0,18.81,20.39,20.8,,20.8,-10.0,1.19,1.1,1.23
146.41623854637146,30,0.0,18.76,20.39,20.8,,20.8,-10.0,1.19,1.1,1.23
146.9154543876648,30,0.0,18.76,20.39,20.8,,20.8,-10.0,1.19,1.1,1.23
147.43121933937073,30,0.0,18.81,20.39,20.8,,20.8,-10.0,1.19,1.1,1.23
147.92614459991455,30,0.0,18.76,20.39,20.8,,20.8,-10.0,1.18,1.1,1.23
148.42164850234985,30,0.0,18.76,20.39,20.8,,20.8,-10.0,1.18,1.1,1.23
148.91863799095154,30,0.0,18.76,20.39,20.8,,20.8,-10.0,1.18,1.1,1.23
149.42976641654968,30,0.0,18.76,20.39,20.8,,20.8,-10.0,1.18,1.1,1.23
149.9243574142456,30,0.0,18.76,20.39,20.8,,20.8,-10.0,1.18,1.1,1.23
150.4217426776886,30,0.0,18.76,20.39,20.8,,20.8,-10.0,1.18,1.1,1.23
150.9320788383484,30,0.0,18.76,20.39,20.8,,20.8,-10.0,1.18,1.1,1.22
151.42948484420776,30,0.0,18.76,20.39,20.76,,20.76,-10.0,1.18,1.1,1.22
151.92618536949158,30,0.0,18.76,20.35,20.76,,20.76,-10.0,1.18,1.1,1.22
152.440509557724,30,0.0,18.76,20.35,20.76,,20.76,-10.0,1.18,1.1,1.22
152.94270491600037,30,0.0,18.76,20.35,20.76,,20.76,-10.0,1.18,1.1,1.22
153.4383668899536,30,0.0,18.76,20.35,20.76,,20.76,-10.0,1.18,1.1,1.22
153.9351508617401,30,0.0,18.76,20.35,20.76,,20.76,-10.0,1.18,1.1,1.22
154.43316268920898,30,0.0,18.76,20.35,20.76,,20.76,-10.0,1.18,1.1,1.22
154.94840168952942,30,0.0,18.76,20.35,20.76,,20.76,-10.0,1.18,1.1,1.22
155.44692134857178,30,0.0,18.76,20.35,20.76,,20.76,-10.0,1.18,1.1,1.22
155.94474530220032,30,0.0,18.76,20.35,20.76,,20.76,-10.0,1.18,1.1,1.22
156.43812608718872,30,0.0,18.76,20.35,20.76,,20.76,-10.0,1.18,1.09,1.22
156.95321416854858,30,0.0,18.72,20.35,20.76,,20.76,-10.0,1.18,1.09,1.22
157.45163774490356,30,0.0,18.72,20.35,20.73,,20.73,-10.0,1.18,1.09,1.22
157.94732642173767,30,0.0,18.72,20.32,20.73,,20.73,-10.0,1.18,1.09,1.22
158.49630761146545,30,0.0,18.72,20.32,20.73,,20.73,-10.0,1.18,1.09,1.22
158.97823023796082,30,0.0,18.72,20.32,20.73,,20.73,-10.0,1.18,1.09,1.22
159.4716513156891,30,0.0,18.72,20.32,20.73,,20.73,-10.0,1.18,1.09,1.22
159.96129989624023,30,0.0,18.72,20.32,20.73,,20.73,-10.0,1.18,1.09,1.22
160.45269012451172,30,0.0,18.72,20.32,20.73,,20.73,-10.0,1.18,1.09,1.22
160.95010042190552,30,0.0,18.72,20.32,20.73,,20.73,-10.0,1.18,1.09,1.22
161.45674300193787,30,0.0,18.72,20.32,20.73,,20.73,-10.0,1.18,1.09,1.22
161.9580295085907,30,0.0,18.72,20.32,20.73,,20.73,-10.0,1.18,1.09,1.21
162.46488738059998,30,0.0,18.72,20.32,20.69,,20.69,-10.0,1.18,1.09,1.21
162.96106719970703,30,0.0,18.72,20.32,20.69,,20.69,-10.0,1.18,1.09,1.21
163.45805549621582,30,0.0,18.72,20.28,20.69,,20.69,-10.0,1.18,1.09,1.21
163.96548104286194,30,0.0,18.72,20.28,20.69,,20.69,-10.0,1.18,1.09,1.21
164.46248316764832,30,0.0,18.67,20.28,20.69,,20.69,-10.0,1.18,1.09,1.21
164.97340083122253,30,0.0,18.67,20.28,20.69,,20.69,-10.0,1.17,1.09,1.21
165.47343635559082,30,0.0,18.67,20.28,20.69,,20.69,-10.0,1.18,1.09,1.21
165.97414135932922,30,0.0,18.67,20.28,20.69,,20.69,-10.0,1.17,1.09,1.21
166.47591280937195,30,0.0,18.67,20.28,20.69,,20.69,-10.0,1.17,1.09,1.21
166.9733419418335,30,0.0,18.67,20.28,20.69,,20.69,-10.0,1.17,1.09,1.21
167.47732424736023,30,0.0,18.67,20.28,20.69,,20.69,-10.0,1.17,1.09,1.21
167.9790918827057,30,0.0,18.67,20.28,20.69,,20.69,-10.0,1.17,1.09,1.21
168.48138546943665,30,0.0,18.67,20.28,20.69,,20.69,-10.0,1.17,1.09,1.21
168.9827537536621,30,0.0,18.67,20.28,20.69,,20.69,-10.0,1.17,1.09,1.21
169.47597527503967,30,0.0,18.67,20.25,20.69,,20.69,-10.0,1.17,1.09,1.21
169.97617626190186,30,0.0,18.67,20.25,20.66,,20.66,-10.0,1.17,1.09,1.21
170.47644019126892,30,0.0,18.67,20.25,20.66,,20.66,-10.0,1.17,1.09,1.21
170.98792004585266,30,0.0,18.67,20.25,20.66,,20.66,-10.0,1.17,1.09,1.21
171.4849796295166,30,0.0,18.67,20.25,20.66,,20.66,-10.0,1.17,1.09,1.21
171.99148559570312,30,0.0,18.67,20.28,20.66,,20.66,-10.0,1.17,1.09,1.21
172.484801530838,30,0.0,18.67,20.25,20.66,,20.66,-10.0,1.17,1.09,1.21
172.99595975875854,30,0.0,18.67,20.25,20.66,,20.66,-10.0,1.17,1.09,1.21
173.49489641189575,30,0.0,18.67,20.25,20.66,,20.66,-10.0,1.17,1.09,1.21
173.9972083568573,30,0.0,18.67,20.25,20.66,,20.66,-10.0,1.17,1.09,1.21
174.48615217208862,30,0.0,18.67,20.25,20.66,,20.66,-10.0,1.17,1.09,1.21
174.9921875,30,0.0,18.67,20.25,20.66,,20.66,-10.0,1.17,1.09,1.21
175.4896912574768,30,0.0,18.63,20.25,20.66,,20.66,-10.0,1.17,1.09,1.21
175.9934434890747,30,0.0,18.63,20.25,20.66,,20.66,-10.0,1.17,1.09,1.21
176.49428296089172,30,0.0,18.63,20.25,20.66,,20.66,-10.0,1.17,1.09,1.21
176.99540090560913,30,0.0,18.63,20.25,20.66,,20.66,-10.0,1.17,1.09,1.21
177.49520635604858,30,0.0,18.63,20.25,20.66,,20.66,-10.0,1.17,1.09,1.21
177.99812507629395,30,0.0,18.63,20.25,20.66,,20.66,-10.0,1.17,1.09,1.21
178.51102709770203,30,0.0,18.63,20.22,20.66,,20.66,-10.0,1.17,1.08,1.2
179.0019130706787,30,0.0,18.63,20.22,20.62,,20.62,-10.0,1.17,1.08,1.2
179.50102376937866,30,0.0,18.63,20.22,20.66,,20.66,-10.0,1.17,1.08,1.21
180.00064206123352,30,0.0,18.63,20.22,20.66,,20.66,-10.0,1.17,1.08,1.21
180.51426219940186,30,0.0,18.63,20.22,20.62,,20.62,-10.0,1.17,1.08,1.2
181.01503467559814,30,0.0,18.63,20.22,20.62,,20.62,-10.0,1.17,1.08,1.2
181.51389169692993,30,0.0,18.63,20.22,20.62,,20.62,-10.0,1.17,1.08,1.2
182.01271414756775,30,0.0,18.63,20.22,20.62,,20.62,-10.0,1.17,1.08,1.2
182.51091766357422,30,0.0,18.63,20.22,20.62,,20.62,-10.0,1.17,1.08,1.2
183.01087951660156,30,0.0,18.63,20.22,20.62,,20.62,-10.0,1.17,1.08,1.2
183.57328009605408,30,0.0,18.63,20.22,20.62,,20.62,-10.0,1.17,1.08,1.2
184.0110764503479,30,0.0,18.63,20.22,20.62,,20.62,-10.0,1.17,1.08,1.2
184.52469420433044,30,0.0,18.63,20.22,20.62,,20.62,-10.0,1.17,1.08,1.2
185.0251064300537,30,0.0,18.63,20.22,20.62,,20.62,-10.0,1.17,1.08,1.2
185.52700924873352,30,0.0,18.63,20.22,20.62,,20.62,-10.0,1.17,1.08,1.2
186.02087998390198,30,0.0,18.63,20.22,20.62,,20.62,-10.0,1.17,1.08,1.2
186.52428269386292,30,0.0,18.63,20.22,20.62,,20.62,-10.0,1.17,1.08,1.2
187.02491903305054,30,0.0,18.63,20.22,20.58,,20.58,-10.0,1.17,1.08,1.2
187.52330255508423,30,0.0,18.63,20.22,20.58,,20.58,-10.0,1.17,1.08,1.2
188.03380942344666,30,0.0,18.63,20.18,20.58,,20.58,-10.0,1.17,1.08,1.2
188.5345389842987,30,0.0,18.63,20.22,20.58,,20.58,-10.0,1.17,1.08,1.2
189.03382563591003,30,0.0,18.63,20.22,20.58,,20.58,-10.0,1.17,1.08,1.2
189.53180170059204,30,0.0,18.63,20.22,20.58,,20.58,-10.0,1.17,1.08,1.2
190.03017497062683,30,0.0,18.63,20.18,20.58,,20.58,-10.0,1.17,1.08,1.2
190.5301570892334,30,0.0,18.63,20.18,20.58,,20.58,-10.0,1.17,1.08,1.2
191.04487562179565,30,0.0,18.63,20.18,20.58,,20.58,-10.0,1.17,1.08,1.2
191.54596590995789,30,0.0,18.63,20.18,20.58,,20.58,-10.0,1.17,1.08,1.2
192.0443470478058,30,0.0,18.63,20.18,20.58,,20.58,-10.0,1.17,1.08,1.2
192.54255533218384,30,0.0,18.63,20.18,20.58,,20.58,-10.0,1.17,1.08,1.2
193.04009079933167,30,0.0,18.63,20.18,20.58,,20.58,-10.0,1.17,1.08,1.2
193.53787183761597,30,0.0,18.63,20.18,20.58,,20.58,-10.0,1.17,1.08,1.2
194.03832268714905,30,0.0,18.63,20.18,20.58,,20.58,-10.0,1.17,1.08,1.2
194.55108880996704,30,0.0,18.58,20.18,20.58,,20.58,-10.0,1.17,1.08,1.2
195.054030418396,30,0.0,18.58,20.18,20.55,,20.55,-10.0,1.17,1.08,1.19
195.55333375930786,30,0.0,18.58,20.18,20.55,,20.55,-10.0,1.16,1.08,1.19
196.04414248466492,30,0.0,18.58,20.18,20.55,,20.55,-10.0,1.16,1.08,1.19
196.55121088027954,30,0.0,18.58,20.18,20.55,,20.55,-10.0,1.16,1.08,1.19
197.0500283241272,30,0.0,18.58,20.15,20.55,,20.55,-10.0,1.16,1.07,1.19
197.63250827789307,30,0.0,18.58,20.15,20.55,,20.55,-10.0,1.16,1.07,1.19
198.05057525634766,30,0.0,18.58,20.15,20.55,,20.55,-10.0,1.16,1.07,1.19
198.55096054077148,30,0.0,18.58,20.15,20.55,,20.55,-10.0,1.16,1.07,1.19
199.06189513206482,30,0.0,18.58,20.15,20.55,,20.55,-10.0,1.16,1.07,1.19
199.56236028671265,30,0.0,18.58,20.15,20.55,,20.55,-10.0,1.16,1.07,1.19
200.0608856678009,30,0.0,18.58,20.15,20.55,,20.55,-10.0,1.16,1.07,1.19
200.55765986442566,30,0.0,18.58,20.15,20.55,,20.55,-10.0,1.16,1.07,1.19
201.05730295181274,30,0.0,18.58,20.15,20.55,,20.55,-10.0,1.16,1.07,1.19
201.5723798274994,30,0.0,18.58,20.15,20.55,,20.55,-10.0,1.16,1.07,1.19
202.07445979118347,30,0.0,18.58,20.15,20.55,,20.55,-10.0,1.16,1.07,1.19
202.56070756912231,30,0.0,18.58,20.15,20.55,,20.55,-10.0,1.16,1.07,1.19
203.06206250190735,30,0.0,18.54,20.15,20.55,,20.55,-10.0,1.16,1.07,1.19
203.57394003868103,30,0.0,18.58,20.15,20.51,,20.51,-10.0,1.16,1.07,1.19
204.07564210891724,30,0.0,18.58,20.15,20.51,,20.51,-10.0,1.16,1.07,1.19
204.5740852355957,30,0.0,18.54,20.15,20.51,,20.51,-10.0,1.16,1.07,1.19
205.07379007339478,30,0.0,18.54,20.15,20.51,,20.51,-10.0,1.16,1.07,1.19
205.57169032096863,30,0.0,18.54,20.11,20.51,,20.51,-10.0,1.16,1.07,1.19
206.07009625434875,30,0.0,18.54,20.11,20.51,,20.51,-10.0,1.16,1.07,1.19
206.58442544937134,30,0.0,18.54,20.11,20.51,,20.51,-10.0,1.16,1.07,1.19
207.08383131027222,30,0.0,18.54,20.11,20.51,,20.51,-10.0,1.16,1.07,1.19
207.58507442474365,30,0.0,18.54,20.11,20.51,,20.51,-10.0,1.16,1.07,1.19
208.08301520347595,30,0.0,18.54,20.11,20.51,,20.51,-10.0,1.16,1.07,1.19
208.58015513420105,30,0.0,18.54,20.11,20.51,,20.51,-10.0,1.16,1.07,1.19
209.08009028434753,30,0.0,18.54,20.11,20.51,,20.51,-10.0,1.16,1.07,1.19
209.59262919425964,30,0.0,18.54,20.11,20.51,,20.51,-10.0,1.16,1.07,1.19
210.09264016151428,30,0.0,18.54,20.11,20.51,,20.51,-10.0,1.16,1.07,1.19
210.5921506881714,30,0.0,18.54,20.11,20.51,,20.51,-10.0,1.16,1.07,1.19
211.09294080734253,30,0.0,18.54,20.11,20.51,,20.51,-10.0,1.16,1.07,1.19
211.5908718109131,30,0.0,18.54,20.11,20.51,,20.51,-10.0,1.16,1.07,1.19
212.091233253479,30,0.0,18.54,20.11,20.51,,20.51,-10.0,1.16,1.07,1.19
212.59209179878235,30,0.0,18.54,20.11,20.51,,20.51,-10.0,1.16,1.07,1.19
213.09122562408447,30,0.0,18.54,20.08,20.51,,20.51,-10.0,1.16,1.06,1.19
213.60540103912354,30,0.0,18.54,20.08,20.48,,20.48,-10.0,1.16,1.06,1.18
214.10173511505127,30,0.0,18.54,20.08,20.48,,20.48,-10.0,1.16,1.07,1.18
214.60036325454712,30,0.0,18.54,20.08,20.48,,20.48,-10.0,1.16,1.06,1.18
215.10013556480408,30,0.0,18.54,20.08,20.48,,20.48,-10.0,1.16,1.06,1.18
215.59941363334656,30,0.0,18.54,20.08,20.48,,20.48,-10.0,1.16,1.06,1.18
216.09690356254578,30,0.0,18.5,20.08,20.48,,20.48,-10.0,1.16,1.06,1.18
216.61058974266052,30,0.0,18.54,20.11,20.48,,20.48,-10.0,1.16,1.06,1.18
217.1114411354065,30,0.0,18.5,20.08,20.48,,20.48,-10.0,1.15,1.06,1.18
217.60843181610107,30,0.0,18.5,20.08,20.48,,20.48,-10.0,1.15,1.06,1.18
218.10738492012024,30,0.0,18.54,20.08,20.48,,20.48,-10.0,1.15,1.06,1.18
218.60433912277222,30,0.0,18.54,20.08,20.48,,20.48,-10.0,1.15,1.06,1.18
219.10581135749817,30,0.0,18.5,20.08,20.48,,20.48,-10.0,1.15,1.06,1.18
219.60620856285095,30,0.0,18.5,20.08,20.48,,20.48,-10.0,1.15,1.06,1.18
220.11979126930237,30,0.0,18.5,20.08,20.48,,20.48,-10.0,1.15,1.06,1.18
220.61912178993225,30,0.0,18.5,20.08,20.48,,20.48,-10.0,1.15,1.06,1.18
221.118510723114,30,0.0,18.5,20.08,20.48,,20.48,-10.0,1.15,1.06,1.18
221.61886835098267,30,0.0,18.5,20.08,20.48,,20.48,-10.0,1.15,1.06,1.18
222.11895203590393,30,0.0,18.5,20.08,20.48,,20.48,-10.0,1.15,1.06,1.18
222.6175022125244,30,0.0,18.5,20.05,20.48,,20.48,-10.0,1.15,1.06,1.18
223.1169240474701,30,0.0,18.5,20.08,20.48,,20.48,-10.0,1.15,1.06,1.18
223.61900973320007,30,0.0,18.5,20.05,20.48,,20.48,-10.0,1.15,1.06,1.18
224.1326458454132,30,0.0,18.5,20.05,20.44,,20.44,-10.0,1.15,1.06,1.18
224.63389372825623,30,0.0,18.5,20.05,20.44,,20.44,-10.0,1.15,1.06,1.18
225.1313443183899,30,0.0,18.5,20.05,20.44,,20.44,-10.0,1.15,1.06,1.18
225.6301290988922,30,0.0,18.5,20.05,20.44,,20.44,-10.0,1.15,1.06,1.18
226.12805724143982,30,0.0,18.5,20.05,20.44,,20.44,-10.0,1.15,1.06,1.18
226.6272156238556,30,0.0,18.5,20.05,20.44,,20.44,-10.0,1.15,1.06,1.18
227.1263828277588,30,0.0,18.5,20.05,20.44,,20.44,-10.0,1.15,1.06,1.18
227.6282877922058,30,0.0,18.5,20.05,20.44,,20.44,-10.0,1.15,1.06,1.18
228.12965655326843,30,0.0,18.5,20.05,20.44,,20.44,-10.0,1.15,1.06,1.18
228.64435601234436,30,0.0,18.5,20.05,20.44,,20.44,-10.0,1.15,1.06,1.18
229.13369345664978,30,0.0,18.5,20.05,20.44,,20.44,-10.0,1.15,1.06,1.18
229.63301730155945,30,0.0,18.5,20.05,20.44,,20.44,-10.0,1.15,1.06,1.18
230.1481909751892,30,0.0,18.5,20.05,20.44,,20.44,-10.0,1.15,1.06,1.18
230.64714455604553,30,0.0,18.5,20.05,20.44,,20.44,-10.0,1.15,1.06,1.18
231.14638876914978,30,0.0,18.5,20.05,20.44,,20.44,-10.0,1.15,1.06,1.18
231.6418740749359,30,0.0,18.5,20.05,20.44,,20.44,-10.0,1.15,1.06,1.18
232.1413290500641,30,0.0,18.5,20.05,20.44,,20.44,-10.0,1.15,1.06,1.18
232.64106011390686,30,0.0,18.5,20.05,20.44,,20.44,-10.0,1.15,1.06,1.18
233.1537582874298,30,0.0,18.5,20.05,20.44,,20.44,-10.0,1.15,1.06,1.18
233.6508822441101,30,0.0,18.45,20.05,20.44,,20.44,-10.0,1.15,1.06,1.17
234.15006065368652,30,0.0,18.45,20.05,20.4,,20.4,-10.0,1.15,1.06,1.17
234.64779996871948,30,0.0,18.45,20.05,20.4,,20.4,-10.0,1.15,1.06,1.17
235.14830136299133,30,0.0,18.45,20.05,20.4,,20.4,-10.0,1.15,1.06,1.17
235.6537001132965,30,0.0,18.45,20.05,20.4,,20.4,-10.0,1.15,1.06,1.17
236.1504933834076,30,0.0,18.45,20.05,20.4,,20.4,-10.0,1.15,1.06,1.17
236.65174913406372,30,0.0,18.45,20.05,20.4,,20.4,-10.0,1.15,1.06,1.17
237.15306186676025,30,0.0,18.45,20.01,20.4,,20.4,-10.0,1.15,1.06,1.17
237.66807675361633,30,0.0,18.45,20.05,20.4,,20.4,-10.0,1.15,1.06,1.17
238.16951513290405,30,0.0,18.45,20.01,20.4,,20.4,-10.0,1.15,1.06,1.17
238.65724873542786,30,0.0,18.45,20.01,20.4,,20.4,-10.0,1.15,1.05,1.17
239.16961526870728,30,0.0,18.45,20.01,20.4,,20.4,-10.0,1.15,1.05,1.17
239.66879057884216,30,0.0,18.45,20.01,20.4,,20.4,-10.0,1.15,1.05,1.17
240.16767048835754,30,0.0,18.45,20.01,20.4,,20.4,-10.0,1.15,1.05,1.17
240.66931986808777,30,0.0,18.45,20.01,20.4,,20.4,-10.0,1.15,1.05,1.17
241.17053890228271,30,0.0,18.45,20.01,20.4,,20.4,-10.0,1.15,1.05,1.17
241.6693012714386,30,0.0,18.45,20.01,20.4,,20.4,-10.0,1.15,1.05,1.17
242.16735410690308,30,0.0,18.45,20.01,20.4,,20.4,-10.0,1.15,1.05,1.17
242.68158507347107,30,0.0,18.45,20.01,20.4,,20.4,-10.0,1.15,1.05,1.17
243.1791477203369,30,0.0,18.45,20.01,20.4,,20.4,-10.0,1.15,1.05,1.17
243.67562627792358,30,0.0,18.45,20.01,20.4,,20.4,-10.0,1.15,1.05,1.17
244.17523622512817,30,0.0,18.45,20.01,20.37,,20.37,-10.0,1.15,1.05,1.17
244.67428064346313,30,0.0,18.45,20.01,20.4,,20.4,-10.0,1.15,1.05,1.17
245.17313313484192,30,0.0,18.45,20.01,20.37,,20.37,-10.0,1.15,1.05,1.17
245.684903383255,30,0.0,18.45,20.01,20.4,,20.4,-10.0,1.15,1.05,1.17
246.18860340118408,30,0.0,18.45,19.98,20.37,,20.37,-10.0,1.15,1.05,1.17
246.68832421302795,30,0.0,18.45,19.98,20.37,,20.37,-10.0,1.15,1.05,1.17
247.18639397621155,30,0.0,18.45,19.98,20.37,,20.37,-10.0,1.15,1.05,1.17
247.68491649627686,30,0.0,18.45,19.98,20.37,,20.37,-10.0,1.15,1.05,1.17
248.18603777885437,30,0.0,18.45,19.98,20.37,,20.37,-10.0,1.15,1.05,1.17
248.6873903274536,30,0.0,18.45,19.98,20.37,,20.37,-10.0,1.15,1.05,1.17
249.18805027008057,30,0.0,18.45,19.98,20.37,,20.37,-10.0,1.15,1.05,1.17
249.69955396652222,30,0.0,18.45,19.98,20.37,,20.37,-10.0,1.15,1.05,1.17
250.18645977973938,30,0.0,18.45,19.98,20.37,,20.37,-10.0,1.15,1.05,1.17
250.68770170211792,30,0.0,18.45,19.98,20.37,,20.37,-10.0,1.15,1.05,1.16
251.20117735862732,30,0.0,18.45,19.98,20.33,,20.33,-10.0,1.15,1.05,1.17
251.69901967048645,30,0.0,18.45,19.98,20.33,,20.33,-10.0,1.15,1.05,1.16
252.19664669036865,30,0.0,18.45,19.98,20.33,,20.33,-10.0,1.15,1.05,1.16
252.69383883476257,30,0.0,18.45,19.98,20.37,,20.37,-10.0,1.15,1.05,1.16
253.20633506774902,30,0.0,18.45,19.98,20.37,,20.37,-10.0,1.15,1.05,1.16
253.70759844779968,30,0.0,18.45,19.98,20.33,,20.33,-10.0,1.15,1.05,1.16
254.21007823944092,30,0.0,18.45,19.98,20.33,,20.33,-10.0,1.15,1.05,1.16
254.70717239379883,30,0.0,18.45,19.98,20.33,,20.33,-10.0,1.15,1.05,1.16
255.2078492641449,30,0.0,18.45,19.98,20.33,,20.33,-10.0,1.15,1.05,1.16
255.70212864875793,30,0.0,18.45,19.98,20.33,,20.33,-10.0,1.15,1.05,1.16
256.2032296657562,30,0.0,18.41,19.98,20.33,,20.33,-10.0,1.15,1.05,1.16
256.71519660949707,30,0.0,18.41,19.98,20.33,,20.33,-10.0,1.15,1.05,1.16
257.21621108055115,30,0.0,18.45,19.98,20.33,,20.33,-10.0,1.15,1.05,1.16
257.71549940109253,30,0.0,18.41,19.94,20.33,,20.33,-10.0,1.15,1.05,1.16
258.2158932685852,30,0.0,18.45,19.94,20.33,,20.33,-10.0,1.15,1.05,1.16
258.7143609523773,30,0.0,18.41,19.94,20.33,,20.33,-10.0,1.15,1.05,1.16
259.21459102630615,30,0.0,18.41,19.98,20.33,,20.33,-10.0,1.15,1.05,1.16
259.7143728733063,30,0.0,18.41,19.98,20.29,,20.29,-10.0,1.15,1.04,1.16
260.21381855010986,30,0.0,18.41,19.98,20.29,,20.29,-10.0,1.15,1.04,1.16
260.7274034023285,30,0.0,18.41,19.98,20.29,,20.29,-10.0,1.15,1.04,1.16
261.22870802879333,30,0.0,18.41,19.94,20.29,,20.29,-10.0,1.14,1.04,1.16
261.7297132015228,30,0.0,18.45,19.94,20.29,,20.29,-10.0,1.14,1.04,1.16
262.2323019504547,30,0.0,18.45,19.94,20.29,,20.29,-10.0,1.14,1.04,1.16
262.730753660202,30,0.0,18.45,19.94,20.29,,20.29,-10.0,1.14,1.04,1.16
263.23346495628357,30,0.0,18.41,19.94,20.29,,20.29,-10.0,1.14,1.04,1.16
263.7300446033478,30,0.0,18.41,19.94,20.29,,20.29,-10.0,1.14,1.04,1.16
264.23280358314514,30,0.0,18.41,19.94,20.29,,20.29,-10.0,1.14,1.04,1.16
264.72775316238403,30,0.0,18.41,19.94,20.29,,20.29,-10.0,1.14,1.04,1.16
265.22796988487244,30,0.0,18.41,19.94,20.29,,20.29,-10.0,1.14,1.04,1.16
265.7411639690399,30,0.0,18.41,19.94,20.29,,20.29,-10.0,1.14,1.04,1.16
266.2410879135132,30,0.0,18.41,19.94,20.29,,20.29,-10.0,1.14,1.04,1.16
266.7403573989868,30,0.0,18.41,19.94,20.29,,20.29,-10.0,1.14,1.04,1.15
267.2383005619049,30,0.0,18.41,19.94,20.29,,20.29,-10.0,1.14,1.04,1.16
267.738755941391,30,0.0,18.41,19.91,20.29,,20.29,-10.0,1.14,1.04,1.16
268.2351851463318,30,0.0,18.41,19.91,20.29,,20.29,-10.0,1.14,1.04,1.16
268.7385241985321,30,0.0,18.41,19.91,20.26,,20.26,-10.0,1.14,1.04,1.16
269.23813700675964,30,0.0,18.41,19.91,20.26,,20.26,-10.0,1.14,1.04,1.15
269.73892283439636,30,0.0,18.41,19.91,20.26,,20.26,-10.0,1.14,1.04,1.15
270.2522506713867,30,0.0,18.41,19.91,20.26,,20.26,-10.0,1.14,1.04,1.15
270.74217677116394,30,0.0,18.41,19.91,20.26,,20.26,-10.0,1.14,1.04,1.15
271.2543239593506,30,0.0,18.41,19.91,20.26,,20.26,-10.0,1.14,1.04,1.15
271.7538945674896,30,0.0,18.41,19.91,20.26,,20.26,-10.0,1.14,1.04,1.15
272.2517948150635,30,0.0,18.41,19.91,20.26,,20.26,-10.0,1.14,1.04,1.15
272.7501006126404,30,0.0,18.41,19.91,20.26,,20.26,-10.0,1.14,1.04,1.15
273.2491147518158,30,0.0,18.41,19.91,20.26,,20.26,-10.0,1.14,1.04,1.15
273.7489094734192,30,0.0,18.41,19.91,20.26,,20.26,-10.0,1.14,1.04,1.15
274.2641751766205,30,0.0,18.41,19.91,20.26,,20.26,-10.0,1.14,1.04,1.15
274.7627365589142,30,0.0,18.41,19.91,20.26,,20.26,-10.0,1.14,1.04,1.15
275.26266646385193,30,0.0,18.41,19.91,20.26,,20.26,-10.0,1.14,1.04,1.15
275.7606210708618,30,0.0,18.41,19.91,20.26,,20.26,-10.0,1.14,1.04,1.15
276.266318321228,30,0.0,18.41,19.91,20.26,,20.26,-10.0,1.14,1.04,1.15
276.77236700057983,30,0.0,18.41,19.91,20.26,,20.26,-10.0,1.14,1.04,1.15
277.2716341018677,30,0.0,18.41,19.91,20.26,,20.26,-10.0,1.14,1.04,1.15
277.7742865085602,30,0.0,18.41,19.91,20.26,,20.26,-10.0,1.14,1.04,1.15
278.2624034881592,30,0.0,18.36,19.91,20.26,,20.26,-10.0,1.14,1.04,1.15
278.76311922073364,30,0.0,18.36,19.91,20.26,,20.26,-10.0,1.14,1.04,1.15
279.26540994644165,30,0.0,18.36,19.91,20.26,,20.26,-10.0,1.14,1.04,1.15
279.7796835899353,30,0.0,18.36,19.91,20.26,,20.26,-10.0,1.14,1.04,1.15
280.2783875465393,30,0.0,18.36,19.91,20.22,,20.22,-10.0,1.14,1.04,1.15
280.7734808921814,30,0.0,18.41,19.91,20.22,,20.22,-10.0,1.14,1.04,1.15
281.27698278427124,30,0.0,18.36,19.91,20.22,,20.22,-10.0,1.14,1.04,1.15
281.77806663513184,30,0.0,18.36,19.91,20.22,,20.22,-10.0,1.14,1.04,1.15
282.2808201313019,30,0.0,18.36,19.88,20.22,,20.22,-10.0,1.14,1.04,1.15
282.7775094509125,30,0.0,18.36,19.88,20.22,,20.22,-10.0,1.14,1.03,1.15
283.27521109580994,30,0.0,18.36,19.88,20.22,,20.22,-10.0,1.14,1.04,1.15
283.7891409397125,30,0.0,18.36,19.88,20.22,,20.22,-10.0,1.14,1.03,1.15
284.2916977405548,30,0.0,18.36,19.88,20.22,,20.22,-10.0,1.14,1.03,1.15
284.78773379325867,30,0.0,18.36,19.88,20.22,,20.22,-10.0,1.14,1.03,1.15
285.28814339637756,30,0.0,18.36,19.88,20.22,,20.22,-10.0,1.14,1.03,1.15
285.7885365486145,30,0.0,18.36,19.88,20.22,,20.22,-10.0,1.14,1.03,1.15
286.2885618209839,30,0.0,18.36,19.88,20.22,,20.22,-10.0,1.14,1.03,1.15
286.78968262672424,30,0.0,18.36,19.88,20.22,,20.22,-10.0,1.14,1.03,1.15
287.2898142337799,30,0.0,18.36,19.88,20.22,,20.22,-10.0,1.14,1.03,1.15
287.78768610954285,30,0.0,18.36,19.88,20.22,,20.22,-10.0,1.14,1.03,1.15
288.2994065284729,30,0.0,18.36,19.88,20.22,,20.22,-10.0,1.14,1.03,1.15
288.8021881580353,30,0.0,18.36,19.88,20.22,,20.22,-10.0,1.14,1.03,1.15
289.3017637729645,30,0.0,18.36,19.88,20.22,,20.22,-10.0,1.14,1.03,1.15
289.80185079574585,30,0.0,18.36,19.88,20.22,,20.22,-10.0,1.14,1.03,1.15
290.3013262748718,30,0.0,18.36,19.88,20.22,,20.22,-10.0,1.14,1.03,1.15
290.79888439178467,30,0.0,18.36,19.88,20.22,,20.22,-10.0,1.14,1.03,1.15
291.29629468917847,30,0.0,18.36,19.88,20.22,,20.22,-10.0,1.14,1.03,1.15
291.81106996536255,30,0.0,18.36,19.88,20.22,,20.22,-10.0,1.14,1.03,1.15
292.3095817565918,30,0.0,18.36,19.88,20.22,,20.22,-10.0,1.14,1.03,1.15
292.8086061477661,30,0.0,18.36,19.88,20.22,,20.22,-10.0,1.14,1.03,1.15
293.307190656662,30,0.0,18.36,19.88,20.22,,20.22,-10.0,1.14,1.03,1.15
293.80689001083374,30,0.0,18.36,19.88,20.22,,20.22,-10.0,1.14,1.03,1.15
294.31693601608276,30,0.0,18.36,19.88,20.22,,20.22,-10.0,1.14,1.03,1.15
294.81319189071655,30,0.0,18.36,19.88,20.22,,20.22,-10.0,1.14,1.03,1.15
295.3121042251587,30,0.0,18.36,19.88,20.22,,20.22,-10.0,1.14,1.03,1.15
295.80910658836365,30,0.0,18.32,19.88,20.22,,20.22,-10.0,1.14,1.03,1.15
296.3101296424866,30,0.0,18.32,19.88,20.22,,20.22,-10.0,1.13,1.03,1.15
296.81108570098877,30,0.0,18.32,19.88,20.22,,20.22,-10.0,1.14,1.03,1.15
297.3254117965698,30,0.0,18.32,19.88,20.22,,20.22,-10.0,1.13,1.03,1.15
297.8242449760437,30,0.0,18.32,19.88,20.22,,20.22,-10.0,1.13,1.03,1.15
298.3220679759979,30,0.0,18.32,19.88,20.22,,20.22,-10.0,1.13,1.03,1.15
298.81905341148376,30,0.0,18.32,19.88,20.22,,20.22,-10.0,1.13,1.03,1.15
299.3196773529053,30,0.0,18.32,19.88,20.22,,20.22,-10.0,1.13,1.03,1.15
299.8323829174042,30,0.0,18.32,19.88,20.22,,20.22,-10.0,1.13,1.03,1.15
300.32980012893677,30,0.0,18.32,19.88,20.22,,20.22,-10.0,1.13,1.03,1.15
300.8302233219147,30,0.0,18.32,19.88,20.22,,20.22,-10.0,1.13,1.03,1.15
301.33329796791077,30,0.0,18.32,19.88,20.22,,20.22,-10.0,1.13,1.03,1.15
301.83353185653687,30,0.0,18.32,19.84,20.22,,20.22,-10.0,1.13,1.03,1.15
302.33199191093445,30,0.0,18.32,19.84,20.22,,20.22,-10.0,1.13,1.03,1.15
302.83537220954895,30,0.0,18.32,19.88,20.22,,20.22,-10.0,1.13,1.03,1.15
303.33225774765015,30,0.0,18.32,19.84,20.22,,20.22,-10.0,1.13,1.03,1.15
303.83396458625793,30,0.0,18.32,19.88,20.22,,20.22,-10.0,1.13,1.03,1.15
304.33320212364197,30,0.0,18.32,19.88,20.22,,20.22,-10.0,1.13,1.03,1.15
304.8316059112549,30,0.0,18.32,19.84,20.22,,20.22,-10.0,1.13,1.03,1.15
305.34626364707947,30,0.0,18.32,19.84,20.22,,20.22,-10.0,1.13,1.03,1.15
305.848477602005,30,0.0,18.32,19.84,20.22,,20.22,-10.0,1.13,1.03,1.15
306.347505569458,30,0.0,18.32,19.84,20.22,,20.22,-10.0,1.13,1.03,1.15
306.8487298488617,30,0.0,18.32,19.88,20.22,,20.22,-10.0,1.13,1.03,1.15
307.3454306125641,30,0.0,18.32,19.84,20.22,,20.22,-10.0,1.13,1.03,1.15
307.84816455841064,30,0.0,18.32,19.84,20.22,,20.22,-10.0,1.13,1.03,1.15
308.3463017940521,30,0.0,18.32,19.84,20.22,,20.22,-10.0,1.13,1.03,1.15
308.8451361656189,30,0.0,18.32,19.84,20.22,,20.22,-10.0,1.13,1.03,1.15
309.34629559516907,30,0.0,18.32,19.84,20.22,,20.22,-10.0,1.13,1.03,1.15
309.8587656021118,30,0.0,18.32,19.84,20.22,,20.22,-10.0,1.13,1.03,1.15
310.35906291007996,30,0.0,18.32,19.84,20.22,,20.22,-10.0,1.13,1.03,1.15
310.86195635795593,30,0.0,18.32,19.84,20.22,,20.22,-10.0,1.13,1.03,1.15
311.3602304458618,30,0.0,18.32,19.84,20.22,,20.22,-10.0,1.13,1.03,1.15
311.86199426651,30,0.0,18.32,19.84,20.22,,20.22,-10.0,1.13,1.03,1.15
312.36195158958435,30,0.0,18.32,19.84,20.22,,20.22,-10.0,1.13,1.03,1.15
312.86047983169556,30,0.0,18.32,19.84,20.22,,20.22,-10.0,1.13,1.03,1.14
313.35898423194885,30,0.0,18.32,19.84,20.22,,20.22,-10.0,1.13,1.03,1.15
313.8650019168854,30,0.0,18.32,19.84,20.22,,20.22,-10.0,1.13,1.03,1.14
314.3634774684906,30,0.0,18.32,19.84,20.22,,20.22,-10.0,1.13,1.03,1.14
314.86367082595825,30,0.0,18.32,19.84,20.22,,20.22,-10.0,1.13,1.03,1.14
315.3611042499542,30,0.0,18.32,19.84,20.22,,20.22,-10.0,1.13,1.03,1.15
315.86224341392517,30,0.0,18.32,19.84,20.19,,20.19,-10.0,1.13,1.03,1.15
316.3627197742462,30,0.0,18.32,19.84,20.19,,20.19,-10.0,1.13,1.03,1.15
316.87505888938904,30,0.0,18.32,19.84,20.19,,20.19,-10.0,1.13,1.03,1.14
317.37324929237366,30,0.0,18.32,19.84,20.19,,20.19,-10.0,1.13,1.03,1.14
317.8721206188202,30,0.0,18.32,19.84,20.19,,20.19,-10.0,1.13,1.03,1.14
318.3724820613861,30,0.0,18.32,19.84,20.19,,20.19,-10.0,1.13,1.03,1.14
318.87330651283264,30,0.0,18.32,19.84,20.19,,20.19,-10.0,1.13,1.03,1.14
319.3706798553467,30,0.0,18.32,19.84,20.19,,20.19,-10.0,1.13,1.03,1.14
319.87437677383423,30,0.0,18.32,19.84,20.19,,20.19,-10.0,1.13,1.03,1.14
320.3747260570526,30,0.0,18.32,19.84,20.19,,20.19,-10.0,1.13,1.03,1.14
320.8759994506836,30,0.0,18.32,19.84,20.19,,20.19,-10.0,1.13,1.03,1.14
321.3907735347748,30,0.0,18.32,19.84,20.19,,20.19,-10.0,1.13,1.03,1.14
321.8910882472992,30,0.0,18.32,19.84,20.19,,20.19,-10.0,1.13,1.03,1.14
322.39214611053467,30,0.0,18.32,19.84,20.19,,20.19,-10.0,1.13,1.03,1.14
322.89094638824463,30,0.0,18.27,19.84,20.19,,20.19,-10.0,1.13,1.03,1.14
323.3930206298828,30,0.0,18.32,19.84,20.19,,20.19,-10.0,1.13,1.03,1.14
323.891793012619,30,0.0,18.32,19.84,20.19,,20.19,-10.0,1.13,1.03,1.14
324.39300298690796,30,0.0,18.27,19.84,20.19,,20.19,-10.0,1.13,1.03,1.14
324.8888273239136,30,0.0,18.27,19.84,20.19,,20.19,-10.0,1.13,1.03,1.14
325.3870975971222,30,0.0,18.27,19.84,20.19,,20.19,-10.0,1.13,1.03,1.14
325.8897919654846,30,0.0,18.27,19.84,20.19,,20.19,-10.0,1.13,1.03,1.14
326.39328026771545,30,0.0,18.27,19.84,20.19,,20.19,-10.0,1.13,1.03,1.14
326.8929195404053,30,0.0,18.27,19.84,20.19,,20.19,-10.0,1.13,1.03,1.14
327.39277601242065,30,0.0,18.32,19.84,20.19,,20.19,-10.0,1.13,1.03,1.14
327.9060904979706,30,0.0,18.27,19.84,20.19,,20.19,-10.0,1.13,1.03,1.14
328.40288829803467,30,0.0,18.32,19.84,20.19,,20.19,-10.0,1.13,1.03,1.14
328.90397357940674,30,0.0,18.32,19.84,20.19,,20.19,-10.0,1.13,1.03,1.14
329.40202593803406,30,0.0,18.32,19.84,20.19,,20.19,-10.0,1.13,1.03,1.14
329.90048837661743,30,0.0,18.32,19.84,20.19,,20.19,-10.0,1.13,1.03,1.14
330.40261220932007,30,0.0,18.32,19.84,20.19,,20.19,-10.0,1.13,1.02,1.14
330.91451025009155,30,0.0,18.32,19.84,20.19,,20.19,-10.0,1.13,1.03,1.14
331.4030339717865,30,0.0,18.32,19.84,20.19,,20.19,-10.0,1.13,1.02,1.14
331.9101982116699,30,0.0,18.27,19.81,20.19,,20.19,-10.0,1.13,1.03,1.14
332.40979766845703,30,0.0,18.32,19.81,20.19,,20.19,-10.0,1.13,1.03,1.14
332.91105222702026,30,0.0,18.32,19.84,20.19,,20.19,-10.0,1.13,1.02,1.14
333.4116005897522,30,0.0,18.27,19.84,20.19,,20.19,-10.0,1.13,1.02,1.14
333.9104084968567,30,0.0,18.32,19.84,20.19,,20.19,-10.0,1.13,1.03,1.14
334.42173981666565,30,0.0,18.32,19.84,20.19,,20.19,-10.0,1.13,1.02,1.14
334.9188275337219,30,0.0,18.32,19.81,20.19,,20.19,-10.0,1.13,1.03,1.14
335.41863536834717,30,0.0,18.32,19.84,20.19,,20.19,-10.0,1.13,1.03,1.14
335.91909885406494,30,0.0,18.32,19.84,20.19,,20.19,-10.0,1.13,1.03,1.14
336.4314432144165,30,0.0,18.32,19.84,20.19,,20.19,-10.0,1.13,1.03,1.14
336.92059206962585,30,0.0,18.32,19.84,20.19,,20.19,-10.0,1.13,1.03,1.14
337.43156266212463,30,0.0,18.27,19.84,20.19,,20.19,-10.0,1.13,1.03,1.14
337.931702375412,30,0.0,18.32,19.84,20.19,,20.19,-10.0,1.13,1.03,1.14
338.42721700668335,30,0.0,18.32,19.84,20.19,,20.19,-10.0,1.13,1.03,1.14
338.9264461994171,30,0.0,18.32,19.84,20.19,,20.19,-10.0,1.13,1.03,1.14
339.42541432380676,30,0.0,18.32,19.84,20.19,,20.19,-10.0,1.13,1.03,1.14
339.94042801856995,30,0.0,18.32,19.84,20.19,,20.19,-10.0,1.13,1.03,1.14
340.44182991981506,30,0.0,18.32,19.84,20.19,,20.19,-10.0,1.13,1.03,1.14
340.9382960796356,30,0.0,18.27,19.84,20.19,,20.19,-10.0,1.13,1.03,1.14
341.4363651275635,30,0.0,18.32,19.84,20.19,,20.19,-10.0,1.13,1.03,1.14
341.9345350265503,30,0.0,18.32,19.84,20.19,,20.19,-10.0,1.13,1.03,1.14
342.4353036880493,30,0.0,18.32,19.84,20.19,,20.19,-10.0,1.13,1.03,1.14
342.9463450908661,30,0.0,18.32,19.84,20.19,,20.19,-10.0,1.13,1.03,1.14
343.44333696365356,30,0.0,18.32,19.84,20.19,,20.19,-10.0,1.13,1.03,1.14
343.9399197101593,30,0.0,18.32,19.84,20.19,,20.19,-10.0,1.13,1.03,1.14
344.43789410591125,30,0.0,18.32,19.84,20.19,,20.19,-10.0,1.13,1.02,1.14
344.952517747879,30,0.0,18.32,19.84,20.19,,20.19,-10.0,1.13,1.03,1.14
345.4518036842346,30,0.0,18.32,19.84,20.19,,20.19,-10.0,1.13,1.02,1.14
345.95406126976013,30,0.0,18.32,19.84,20.19,,20.19,-10.0,1.13,1.03,1.14
346.4564998149872,30,0.0,18.32,19.81,20.19,,20.19,-10.0,1.13,1.02,1.14
346.94373297691345,30,0.0,18.27,19.81,20.19,,20.19,-10.0,1.13,1.03,1.14
347.44649481773376,30,0.0,18.27,19.81,20.19,,20.19,-10.0,1.13,1.02,1.14
347.9479377269745,30,0.0,18.27,19.84,20.19,,20.19,-10.0,1.13,1.02,1.14
348.4606809616089,30,0.0,18.27,19.84,20.19,,20.19,-10.0,1.13,1.02,1.14
348.96096539497375,30,0.0,18.27,19.81,20.19,,20.19,-10.0,1.13,1.02,1.14
349.4579436779022,30,0.0,18.27,19.81,20.19,,20.19,-10.0,1.13,1.02,1.14
349.9583706855774,30,0.0,18.27,19.81,20.19,,20.19,-10.0,1.13,1.02,1.14
350.45530676841736,30,0.0,18.27,19.81,20.19,,20.19,-10.0,1.13,1.02,1.14
350.9544560909271,30,0.0,18.27,19.81,20.19,,20.19,-10.0,1.13,1.02,1.14
351.46617674827576,30,0.0,18.27,19.81,20.19,,20.19,-10.0,1.13,1.02,1.14
351.9659960269928,30,0.0,18.27,19.81,20.19,,20.19,-10.0,1.13,1.02,1.14
352.4651939868927,30,0.0,18.27,19.81,20.19,,20.19,-10.0,1.13,1.02,1.14
352.9620122909546,30,0.0,18.27,19.81,20.19,,20.19,-10.0,1.13,1.02,1.14
353.4618241786957,30,0.0,18.27,19.81,20.19,,20.19,-10.0,1.13,1.02,1.14
353.96175146102905,30,0.0,18.27,19.81,20.19,,20.19,-10.0,1.13,1.02,1.14
354.47622513771057,30,0.0,18.27,19.81,20.19,,20.19,-10.0,1.13,1.02,1.14
354.9765462875366,30,0.0,18.27,19.81,20.19,,20.19,-10.0,1.13,1.02,1.14
355.47388076782227,30,0.0,18.27,19.81,20.19,,20.19,-10.0,1.13,1.02,1.14
355.9741497039795,30,0.0,18.27,19.81,20.19,,20.19,-10.0,1.13,1.02,1.14
356.4751195907593,30,0.0,18.27,19.81,20.19,,20.19,-10.0,1.13,1.02,1.14
356.9732003211975,30,0.0,18.27,19.81,20.19,,20.19,-10.0,1.13,1.02,1.14
357.47399973869324,30,0.0,18.27,19.81,20.19,,20.19,-10.0,1.13,1.02,1.14
357.9752662181854,30,0.0,18.27,19.81,20.19,,20.19,-10.0,1.13,1.02,1.14
358.47625613212585,30,0.0,18.27,19.81,20.19,,20.19,-10.0,1.13,1.02,1.14
358.9754104614258,30,0.0,18.27,19.81,20.19,,20.19,-10.0,1.13,1.02,1.14
359.4861559867859,30,0.0,18.27,19.81,20.19,,20.19,-10.0,1.13,1.02,1.14
359.9865047931671,30,0.0,18.27,19.81,20.19,,20.19,-10.0,1.13,1.02,1.14
360.4863615036011,30,0.0,18.27,19.81,20.19,,20.19,-10.0,1.13,1.02,1.14
360.98442125320435,30,0.0,18.27,19.81,20.19,,20.19,-10.0,1.13,1.02,1.14
361.4835705757141,30,0.0,18.27,19.81,20.15,,20.15,-10.0,1.13,1.02,1.14
361.990483045578,30,0.0,18.27,19.81,20.15,,20.15,-10.0,1.13,1.02,1.14
362.4907021522522,30,0.0,18.27,19.81,20.15,,20.15,-10.0,1.13,1.02,1.14
362.9941203594208,30,0.0,18.27,19.81,20.15,,20.15,-10.0,1.13,1.02,1.14
363.4896378517151,30,0.0,18.27,19.81,20.15,,20.15,-10.0,1.13,1.02,1.14
364.00087809562683,30,0.0,18.27,19.81,20.15,,20.15,-10.0,1.13,1.02,1.14
364.49858140945435,30,0.0,18.27,19.81,20.15,,20.15,-10.0,1.13,1.02,1.14
364.9981687068939,30,0.0,18.27,19.81,20.15,,20.15,-10.0,1.13,1.02,1.14
365.4965977668762,30,0.0,18.27,19.81,20.15,,20.15,-10.0,1.13,1.02,1.14
365.9951469898224,30,0.0,18.27,19.81,20.15,,20.15,-10.0,1.13,1.02,1.14
366.507080078125,30,0.0,18.27,19.81,20.15,,20.15,-10.0,1.13,1.02,1.14
367.00413489341736,30,0.0,18.27,19.81,20.15,,20.15,-10.0,1.13,1.02,1.14
367.5077440738678,30,0.0,18.27,19.81,20.15,,20.15,-10.0,1.13,1.02,1.14
368.0083918571472,30,0.0,18.27,19.81,20.15,,20.15,-10.0,1.13,1.02,1.14
368.5079617500305,30,0.0,18.27,19.81,20.15,,20.15,-10.0,1.13,1.02,1.14
369.00796151161194,30,0.0,18.27,19.77,20.15,,20.15,-10.0,1.13,1.02,1.14
369.5094599723816,30,0.0,18.27,19.81,20.15,,20.15,-10.0,1.13,1.02,1.14
370.00698685646057,30,0.0,18.27,19.81,20.15,,20.15,-10.0,1.13,1.02,1.14
370.50734090805054,30,0.0,18.27,19.77,20.15,,20.15,-10.0,1.13,1.02,1.14
371.0226867198944,30,0.0,18.27,19.77,20.15,,20.15,-10.0,1.13,1.02,1.14
371.52277731895447,30,0.0,18.27,19.77,20.15,,20.15,-10.0,1.13,1.02,1.14
372.02086091041565,30,0.0,18.27,19.77,20.15,,20.15,-10.0,1.13,1.02,1.14
372.5181739330292,30,0.0,18.27,19.77,20.15,,20.15,-10.0,1.13,1.02,1.14
373.0217101573944,30,0.0,18.27,19.77,20.15,,20.15,-10.0,1.13,1.02,1.14
373.5226867198944,30,0.0,18.27,19.77,20.15,,20.15,-10.0,1.13,1.02,1.13
374.02169251441956,30,0.0,18.27,19.77,20.15,,20.15,-10.0,1.13,1.02,1.14
374.5189890861511,30,0.0,18.27,19.77,20.15,,20.15,-10.0,1.13,1.02,1.14
375.0239055156708,30,0.0,18.27,19.77,20.15,,20.15,-10.0,1.13,1.02,1.14
375.5237498283386,30,0.0,18.27,19.77,20.15,,20.15,-10.0,1.13,1.02,1.14
376.02476501464844,30,0.0,18.27,19.77,20.15,,20.15,-10.0,1.13,1.02,1.13
376.5283954143524,30,0.0,18.27,19.77,20.15,,20.15,-10.0,1.13,1.02,1.13
377.0295286178589,30,0.0,18.27,19.77,20.15,,20.15,-10.0,1.13,1.02,1.14
377.5259897708893,30,0.0,18.27,19.77,20.15,,20.15,-10.0,1.13,1.02,1.14
378.0391528606415,30,0.0,18.27,19.77,20.15,,20.15,-10.0,1.13,1.02,1.14
378.5389337539673,30,0.0,18.27,19.77,20.15,,20.15,-10.0,1.13,1.02,1.13
379.04022121429443,30,0.0,18.27,19.77,20.15,,20.15,-10.0,1.13,1.02,1.14
379.5396807193756,30,0.0,18.27,19.77,20.15,,20.15,-10.0,1.12,1.02,1.14
380.0393662452698,30,0.0,18.27,19.77,20.15,,20.15,-10.0,1.13,1.02,1.13
380.53928804397583,30,0.0,18.27,19.77,20.15,,20.15,-10.0,1.12,1.02,1.14
381.03994369506836,30,0.0,18.23,19.77,20.15,,20.15,-10.0,1.13,1.02,1.14
381.5390729904175,30,0.0,18.23,19.77,20.15,,20.15,-10.0,1.13,1.02,1.14
382.05196380615234,30,0.0,18.23,19.77,20.15,,20.15,-10.0,1.12,1.02,1.14
382.547913312912,30,0.0,18.23,19.77,20.15,,20.15,-10.0,1.13,1.02,1.14
383.0474772453308,30,0.0,18.27,19.77,20.15,,20.15,-10.0,1.12,1.02,1.14
383.54614186286926,30,0.0,18.27,19.77,20.15,,20.15,-10.0,1.13,1.02,1.14
384.04640316963196,30,0.0,18.27,19.77,20.15,,20.15,-10.0,1.13,1.02,1.14
384.54622983932495,30,0.0,18.23,19.77,20.15,,20.15,-10.0,1.13,1.02,1.14
385.0455892086029,30,0.0,18.23,19.77,20.15,,20.15,-10.0,1.13,1.02,1.14
385.5606439113617,30,0.0,18.23,19.77,20.15,,20.15,-10.0,1.12,1.02,1.14
386.0573625564575,30,0.0,18.23,19.77,20.15,,20.15,-10.0,1.13,1.02,1.14
386.55692434310913,30,0.0,18.27,19.77,20.15,,20.15,-10.0,1.12,1.02,1.14
387.0551793575287,30,0.0,18.23,19.77,20.15,,20.15,-10.0,1.12,1.02,1.14
387.55218148231506,30,0.0,18.23,19.77,20.15,,20.15,-10.0,1.13,1.02,1.14
388.0668375492096,30,0.0,18.23,19.77,20.15,,20.15,-10.0,1.12,1.02,1.14
388.5673680305481,30,0.0,18.23,19.77,20.15,,20.15,-10.0,1.12,1.02,1.14
389.06652212142944,30,0.0,18.23,19.77,20.15,,20.15,-10.0,1.12,1.02,1.14
389.56800270080566,30,0.0,18.23,19.77,20.15,,20.15,-10.0,1.12,1.02,1.14
390.06549096107483,30,0.0,18.23,19.77,20.15,,20.15,-10.0,1.12,1.02,1.14
390.56822395324707,30,0.0,18.23,19.77,20.15,,20.15,-10.0,1.12,1.02,1.14
391.0668110847473,30,0.0,18.23,19.77,20.15,,20.15,-10.0,1.12,1.02,1.13
391.5652208328247,30,0.0,18.23,19.77,20.11,,20.11,-10.0,1.12,1.02,1.14
392.0651741027832,30,0.0,18.23,19.77,20.11,,20.11,-10.0,1.12,1.02,1.13
392.5643746852875,30,0.0,18.23,19.77,20.11,,20.11,-10.0,1.13,1.02,1.13
393.0660409927368,30,0.0,18.23,19.77,20.11,,20.11,-10.0,1.13,1.02,1.13
393.575888633728,30,0.0,18.23,19.77,20.11,,20.11,-10.0,1.12,1.02,1.13
394.07942366600037,30,0.0,18.27,19.77,20.11,,20.11,-10.0,1.12,1.02,1.13
394.57924365997314,30,0.0,18.23,19.77,20.11,,20.11,-10.0,1.12,1.02,1.13
395.0795783996582,30,0.0,18.27,19.77,20.11,,20.11,-10.0,1.12,1.02,1.13
395.5803978443146,30,0.0,18.27,19.77,20.11,,20.11,-10.0,1.12,1.02,1.13
396.0789043903351,30,0.0,18.23,19.77,20.11,,20.11,-10.0,1.12,1.02,1.13
396.57705092430115,30,0.0,18.23,19.77,20.11,,20.11,-10.0,1.12,1.02,1.13
397.08955907821655,30,0.0,18.23,19.77,20.11,,20.11,-10.0,1.12,1.02,1.13
397.5922667980194,30,0.0,18.23,19.77,20.11,,20.11,-10.0,1.12,1.02,1.13
398.08899188041687,30,0.0,18.23,19.77,20.11,,20.11,-10.0,1.12,1.01,1.13
398.59107303619385,30,0.0,18.23,19.77,20.11,,20.11,-10.0,1.12,1.02,1.13
399.0853431224823,30,0.0,18.23,19.77,20.11,,20.11,-10.0,1.12,1.02,1.13
399.5844819545746,30,0.0,18.23,19.77,20.11,,20.11,-10.0,1.12,1.02,1.13
400.09886932373047,30,0.0,18.23,19.77,20.11,,20.11,-10.0,1.12,1.02,1.13
400.597496509552,30,0.0,18.23,19.77,20.11,,20.11,-10.0,1.12,1.02,1.13
401.09499430656433,30,0.0,18.23,19.77,20.11,,20.11,-10.0,1.12,1.02,1.13
401.5979337692261,30,0.0,18.23,19.74,20.11,,20.11,-10.0,1.12,1.02,1.13
402.0995223522186,30,0.0,18.23,19.74,20.11,,20.11,-10.0,1.12,1.01,1.13
402.59554862976074,30,0.0,18.23,19.77,20.11,,20.11,-10.0,1.12,1.02,1.13
403.0931987762451,30,0.0,18.23,19.74,20.11,,20.11,-10.0,1.12,1.01,1.13
403.6074593067169,30,0.0,18.23,19.74,20.11,,20.11,-10.0,1.12,1.01,1.13
404.10524439811707,30,0.0,18.23,19.74,20.11,,20.11,-10.0,1.12,1.01,1.13
404.60161304473877,30,0.0,18.23,19.74,20.11,,20.11,-10.0,1.12,1.01,1.13
405.1027510166168,30,0.0,18.23,19.74,20.11,,20.11,-10.0,1.12,1.01,1.13
405.6019113063812,30,0.0,18.23,19.74,20.08,,20.08,-10.0,1.12,1.01,1.13
406.1016902923584,30,0.0,18.23,19.74,20.08,,20.08,-10.0,1.12,1.01,1.13
406.60206961631775,30,0.0,18.23,19.74,20.08,,20.08,-10.0,1.12,1.01,1.13
407.1132781505585,30,0.0,18.23,19.74,20.08,,20.08,-10.0,1.12,1.01,1.13
407.6124882698059,30,0.0,18.23,19.74,20.08,,20.08,-10.0,1.13,1.01,1.13
408.11000895500183,30,0.0,18.23,19.74,20.08,,20.08,-10.0,1.13,1.01,1.13
408.6073179244995,30,0.0,18.23,19.74,20.08,,20.08,-10.0,1.12,1.01,1.13
409.1191291809082,30,0.0,18.23,19.74,20.08,,20.08,-10.0,1.12,1.01,1.13
409.6160669326782,30,0.0,18.23,19.74,20.08,,20.08,-10.0,1.12,1.01,1.13
410.1141622066498,30,0.0,18.23,19.74,20.08,,20.08,-10.0,1.12,1.01,1.13
410.6150555610657,30,0.0,18.23,19.74,20.08,,20.08,-10.0,1.12,1.01,1.13
411.11522579193115,30,0.0,18.23,19.74,20.08,,20.08,-10.0,1.12,1.01,1.13
411.6298203468323,30,0.0,18.23,19.74,20.08,,20.08,-10.0,1.12,1.01,1.13
412.13071942329407,30,0.0,18.23,19.74,20.08,,20.08,-10.0,1.12,1.01,1.13
412.6309106349945,30,0.0,18.23,19.74,20.08,,20.08,-10.0,1.12,1.01,1.13
413.1312108039856,30,0.0,18.23,19.74,20.08,,20.08,-10.0,1.12,1.01,1.13
413.62989258766174,30,0.0,18.23,19.74,20.08,,20.08,-10.0,1.12,1.01,1.13
414.1281690597534,30,0.0,18.23,19.71,20.08,,20.08,-10.0,1.12,1.01,1.13
414.6311740875244,30,0.0,18.23,19.74,20.08,,20.08,-10.0,1.12,1.01,1.13
415.1290111541748,30,0.0,18.23,19.74,20.08,,20.08,-10.0,1.12,1.01,1.13
415.64167165756226,30,0.0,18.23,19.74,20.08,,20.08,-10.0,1.12,1.01,1.13
416.14019107818604,30,0.0,18.23,19.74,20.08,,20.08,-10.0,1.12,1.01,1.13
416.6389579772949,30,0.0,18.23,19.74,20.08,,20.08,-10.0,1.12,1.01,1.13
417.1397588253021,30,0.0,18.23,19.74,20.08,,20.08,-10.0,1.12,1.01,1.13
417.64143347740173,30,0.0,18.23,19.71,20.08,,20.08,-10.0,1.12,1.01,1.13
418.14358282089233,30,0.0,18.23,19.74,20.08,,20.08,-10.0,1.12,1.01,1.13
418.6411097049713,30,0.0,18.23,19.71,20.08,,20.08,-10.0,1.12,1.01,1.13
419.1434745788574,30,0.0,18.23,19.74,20.08,,20.08,-10.0,1.12,1.01,1.13
419.63998007774353,30,0.0,18.23,19.71,20.08,,20.08,-10.0,1.12,1.01,1.13
420.15087151527405,30,0.0,18.23,19.71,20.08,,20.08,-10.0,1.12,1.01,1.13
420.6533679962158,30,0.0,18.23,19.71,20.08,,20.08,-10.0,1.12,1.01,1.12
421.15461015701294,30,0.0,18.23,19.71,20.08,,20.08,-10.0,1.12,1.01,1.12
421.655558347702,30,0.0,18.23,19.71,20.08,,20.08,-10.0,1.12,1.01,1.13
422.154993057251,30,0.0,18.23,19.74,20.08,,20.08,-10.0,1.12,1.01,1.13
422.65169858932495,30,0.0,18.23,19.74,20.08,,20.08,-10.0,1.12,1.01,1.12
423.14913988113403,30,0.0,18.23,19.74,20.08,,20.08,-10.0,1.12,1.01,1.13
423.6488811969757,30,0.0,18.23,19.71,20.08,,20.08,-10.0,1.12,1.01,1.13
424.16399121284485,30,0.0,18.23,19.71,20.08,,20.08,-10.0,1.12,1.01,1.12
424.66295075416565,30,0.0,18.23,19.71,20.08,,20.08,-10.0,1.12,1.01,1.12
425.16055846214294,30,0.0,18.23,19.71,20.08,,20.08,-10.0,1.12,1.01,1.12
425.66065096855164,30,0.0,18.23,19.71,20.08,,20.08,-10.0,1.12,1.01,1.12
426.15706992149353,30,0.0,18.23,19.71,20.08,,20.08,-10.0,1.12,1.01,1.13
426.6580858230591,30,0.0,18.23,19.71,20.08,,20.08,-10.0,1.12,1.01,1.13
427.1579031944275,30,0.0,18.23,19.71,20.08,,20.08,-10.0,1.12,1.01,1.13
427.67144656181335,30,0.0,18.23,19.71,20.08,,20.08,-10.0,1.12,1.01,1.13
428.1714804172516,30,0.0,18.23,19.71,20.08,,20.08,-10.0,1.12,1.01,1.13
428.66876101493835,30,0.0,18.23,19.71,20.08,,20.08,-10.0,1.12,1.01,1.13
429.17054414749146,30,0.0,18.23,19.71,20.08,,20.08,-10.0,1.12,1.01,1.13
429.66983675956726,30,0.0,18.23,19.71,20.08,,20.08,-10.0,1.12,1.01,1.13
430.16955971717834,30,0.0,18.23,19.71,20.08,,20.08,-10.0,1.12,1.01,1.13
430.6684365272522,30,0.0,18.23,19.71,20.08,,20.08,-10.0,1.12,1.01,1.13
431.1810677051544,30,0.0,18.23,19.71,20.08,,20.08,-10.0,1.12,1.01,1.13
431.6797173023224,30,0.0,18.23,19.71,20.08,,20.08,-10.0,1.12,1.01,1.13
432.17835998535156,30,0.0,18.23,19.71,20.08,,20.08,-10.0,1.12,1.01,1.13
432.67653369903564,30,0.0,18.23,19.71,20.08,,20.08,-10.0,1.12,1.01,1.13
433.1751832962036,30,0.0,18.23,19.71,20.08,,20.08,-10.0,1.12,1.01,1.13
433.67486786842346,30,0.0,18.23,19.71,20.08,,20.08,-10.0,1.12,1.01,1.13
434.175989151001,30,0.0,18.23,19.71,20.08,,20.08,-10.0,1.12,1.01,1.13
434.68970942497253,30,0.0,18.23,19.71,20.08,,20.08,-10.0,1.12,1.01,1.13
435.1888008117676,30,0.0,18.23,19.71,20.08,,20.08,-10.0,1.12,1.01,1.13
435.689181804657,30,0.0,18.18,19.71,20.08,,20.08,-10.0,1.12,1.01,1.12
436.18722772598267,30,0.0,18.23,19.71,20.08,,20.08,-10.0,1.12,1.01,1.13
436.68381237983704,30,0.0,18.23,19.71,20.08,,20.08,-10.0,1.12,1.01,1.13
437.1832790374756,30,0.0,18.23,19.74,20.08,,20.08,-10.0,1.12,1.01,1.13
437.6960108280182,30,0.0,18.23,19.74,20.08,,20.08,-10.0,1.12,1.01,1.13
438.19471049308777,30,0.0,18.23,19.71,20.08,,20.08,-10.0,1.12,1.01,1.13
438.69586396217346,30,0.0,18.23,19.71,20.08,,20.08,-10.0,1.12,1.01,1.13
439.1968491077423,30,0.0,18.23,19.71,20.08,,20.08,-10.0,1.12,1.01,1.13
439.6944913864136,30,0.0,18.23,19.71,20.08,,20.08,-10.0,1.12,1.01,1.13
440.19224309921265,30,0.0,18.23,19.71,20.08,,20.08,-10.0,1.12,1.01,1.13
440.6937611103058,30,0.0,18.18,19.71,20.08,,20.08,-10.0,1.12,1.01,1.13
441.205459356308,30,0.0,18.18,19.71,20.04,,20.04,-10.0,1.12,1.01,1.12
441.7042396068573,30,0.0,18.18,19.71,20.08,,20.08,-10.0,1.12,1.01,1.12
442.205060005188,30,0.0,18.18,19.71,20.08,,20.08,-10.0,1.12,1.01,1.12
442.70339035987854,30,0.0,18.18,19.71,20.08,,20.08,-10.0,1.12,1.01,1.12
443.199595451355,30,0.0,18.18,19.71,20.04,,20.04,-10.0,1.12,1.01,1.12
443.7143063545227,30,0.0,18.18,19.71,20.08,,20.08,-10.0,1.12,1.01,1.12
444.21308755874634,30,0.0,18.18,19.71,20.08,,20.08,-10.0,1.12,1.01,1.12
444.71518087387085,30,0.0,18.18,19.71,20.08,,20.08,-10.0,1.12,1.01,1.12
445.21844029426575,30,0.0,18.18,19.71,20.08,,20.08,-10.0,1.12,1.01,1.13
445.71965765953064,30,0.0,18.18,19.71,20.08,,20.08,-10.0,1.12,1.01,1.13
446.20841360092163,30,0.0,18.18,19.71,20.04,,20.04,-10.0,1.12,1.01,1.13
446.7226176261902,30,0.0,18.18,19.71,20.08,,20.08,-10.0,1.12,1.01,1.13
447.2229714393616,30,0.0,18.18,19.71,20.08,,20.08,-10.0,1.12,1.01,1.12
447.7206783294678,30,0.0,18.18,19.71,20.08,,20.08,-10.0,1.12,1.01,1.12
448.2186815738678,30,0.0,18.18,19.71,20.04,,20.04,-10.0,1.12,1.01,1.12
448.71825408935547,30,0.0,18.18,19.71,20.04,,20.04,-10.0,1.12,1.01,1.13
449.2170102596283,30,0.0,18.18,19.71,20.04,,20.04,-10.0,1.12,1.01,1.13
449.71697878837585,30,0.0,18.18,19.71,20.04,,20.04,-10.0,1.12,1.01,1.13
450.23146295547485,30,0.0,18.18,19.71,20.08,,20.08,-10.0,1.12,1.01,1.12
450.73113656044006,30,0.0,18.18,19.71,20.04,,20.04,-10.0,1.12,1.01,1.12
451.2298836708069,30,0.0,18.18,19.71,20.04,,20.04,-10.0,1.12,1.01,1.12
451.72967553138733,30,0.0,18.18,19.71,20.04,,20.04,-10.0,1.12,1.01,1.12
452.2269606590271,30,0.0,18.18,19.71,20.04,,20.04,-10.0,1.12,1.01,1.12
452.7257490158081,30,0.0,18.18,19.71,20.04,,20.04,-10.0,1.12,1.01,1.12
453.2387089729309,30,0.0,18.18,19.71,20.04,,20.04,-10.0,1.12,1.01,1.12
453.7347946166992,30,0.0,18.18,19.71,20.04,,20.04,-10.0,1.12,1.01,1.12
454.2348806858063,30,0.0,18.23,19.71,20.04,,20.04,-10.0,1.12,1.01,1.12
454.7356986999512,30,0.0,18.23,19.71,20.04,,20.04,-10.0,1.12,1.01,1.12
455.2348611354828,30,0.0,18.23,19.71,20.04,,20.04,-10.0,1.12,1.01,1.12
455.7326214313507,30,0.0,18.18,19.71,20.04,,20.04,-10.0,1.12,1.01,1.12
456.234765291214,30,0.0,18.18,19.71,20.04,,20.04,-10.0,1.12,1.01,1.12
456.7473771572113,30,0.0,18.18,19.71,20.04,,20.04,-10.0,1.12,1.01,1.12
457.2450144290924,30,0.0,18.18,19.71,20.04,,20.04,-10.0,1.12,1.01,1.12
457.74632716178894,30,0.0,18.18,19.71,20.04,,20.04,-10.0,1.12,1.01,1.12
458.2412362098694,30,0.0,18.18,19.71,20.08,,20.08,-10.0,1.12,1.01,1.12
458.7448306083679,30,0.0,18.18,19.71,20.08,,20.08,-10.0,1.12,1.01,1.12
459.2426881790161,30,0.0,18.18,19.71,20.08,,20.08,-10.0,1.12,1.01,1.12
459.74407601356506,30,0.0,18.18,19.71,20.08,,20.08,-10.0,1.12,1.01,1.12
460.257741689682,30,0.0,18.18,19.71,20.08,,20.08,-10.0,1.12,1.01,1.12
460.7556092739105,30,0.0,18.18,19.71,20.08,,20.08,-10.0,1.12,1.01,1.12
461.2520070075989,30,0.0,18.18,19.71,20.04,,20.04,-10.0,1.12,1.01,1.12
461.7526366710663,30,0.0,18.18,19.71,20.08,,20.08,-10.0,1.12,1.01,1.13
462.251665353775,30,0.0,18.18,19.71,20.04,,20.04,-10.0,1.12,1.01,1.12
462.7510814666748,30,0.0,18.18,19.71,20.04,,20.04,-10.0,1.12,1.01,1.12
463.26735043525696,30,0.0,18.18,19.71,20.08,,20.08,-10.0,1.12,1.01,1.12
463.7672839164734,30,0.0,18.18,19.71,20.04,,20.04,-10.0,1.12,1.01,1.13
464.2700741291046,30,0.0,18.18,19.71,20.04,,20.04,-10.0,1.12,1.01,1.13
464.7577693462372,30,0.0,18.18,19.71,20.04,,20.04,-10.0,1.12,1.01,1.12
465.25943994522095,30,0.0,18.18,19.71,20.04,,20.04,-10.0,1.12,1.01,1.12
465.76439905166626,30,0.0,18.18,19.71,20.04,,20.04,-10.0,1.12,1.01,1.12
466.2625012397766,30,0.0,18.18,19.71,20.04,,20.04,-10.0,1.12,1.01,1.12
466.7774214744568,30,0.0,18.18,19.71,20.04,,20.04,-10.0,1.12,1.01,1.12
467.2773666381836,30,0.0,18.18,19.71,20.04,,20.04,-10.0,1.12,1.01,1.12
467.7685556411743,30,0.0,18.18,19.71,20.04,,20.04,-10.0,1.12,1.01,1.12
468.26910948753357,30,0.0,18.18,19.71,20.08,,20.08,-10.0,1.12,1.01,1.12
468.77815675735474,30,0.0,18.18,19.71,20.04,,20.04,-10.0,1.12,1.01,1.12
469.26904010772705,30,0.0,18.18,19.71,20.04,,20.04,-10.0,1.12,1.01,1.12
469.77618980407715,30,0.0,18.18,19.71,20.04,,20.04,-10.0,1.12,1.01,1.12
470.28881430625916,30,0.0,18.18,19.71,20.04,,20.04,-10.0,1.12,1.01,1.12
470.7806475162506,30,0.0,18.18,19.71,20.04,,20.04,-10.0,1.12,1.01,1.12
471.2800838947296,30,0.0,18.18,19.71,20.04,,20.04,-10.0,1.12,1.01,1.12
471.7839071750641,30,0.0,18.18,19.71,20.04,,20.04,-10.0,1.12,1.01,1.12
472.28722167015076,30,0.0,18.18,19.71,20.04,,20.04,-10.0,1.12,1.01,1.12
472.7853558063507,30,0.0,18.18,19.71,20.04,,20.04,-10.0,1.12,1.01,1.12
473.2843687534332,30,0.0,18.18,19.71,20.04,,20.04,-10.0,1.12,1.01,1.12
473.7859206199646,30,0.0,18.18,19.71,20.04,,20.04,-10.0,1.12,1.01,1.12
474.2888972759247,30,0.0,18.18,19.71,20.04,,20.04,-10.0,1.12,1.01,1.12
474.7932198047638,30,0.0,18.18,19.71,20.04,,20.04,-10.0,1.12,1.01,1.12
475.2915461063385,30,0.0,18.18,19.71,20.08,,20.08,-10.0,1.12,1.01,1.12
475.79419708251953,30,0.0,18.18,19.71,20.04,,20.04,-10.0,1.12,1.01,1.12
476.2953712940216,30,0.0,18.18,19.71,20.04,,20.04,-10.0,1.12,1.01,1.12
476.7957196235657,30,0.0,18.18,19.71,20.04,,20.04,-10.0,1.12,1.01,1.12
477.3001492023468,30,0.0,18.18,19.71,20.04,,20.04,-10.0,1.12,1.01,1.12
477.7992250919342,30,0.0,18.18,19.71,20.04,,20.04,-10.0,1.12,1.01,1.12
478.2968239784241,30,0.0,18.18,19.71,20.04,,20.04,-10.0,1.12,1.01,1.12
478.8005003929138,30,0.0,18.18,19.71,20.04,,20.04,-10.0,1.12,1.01,1.12
479.29856634140015,30,0.0,18.18,19.71,20.04,,20.04,-10.0,1.12,1.01,1.12
479.7973313331604,30,0.0,18.18,19.71,20.04,,20.04,-10.0,1.12,1.01,1.12
480.29853987693787,30,0.0,18.18,19.71,20.04,,20.04,-10.0,1.12,1.01,1.12
480.799378156662,30,0.0,18.18,19.71,20.04,,20.04,-10.0,1.12,1.01,1.12
481.3014106750488,30,0.0,18.18,19.71,20.04,,20.04,-10.0,1.12,1.01,1.12
481.8030655384064,30,0.0,18.18,19.71,20.04,,20.04,-10.0,1.12,1.01,1.12
482.3049645423889,30,0.0,18.18,19.71,20.04,,20.04,-10.0,1.12,1.01,1.12
482.8185877799988,30,0.0,18.18,19.71,20.04,,20.04,-10.0,1.12,1.01,1.12
483.31726908683777,30,0.0,18.18,19.71,20.04,,20.04,-10.0,1.12,1.01,1.12
483.81661772727966,30,0.0,18.18,19.71,20.04,,20.04,-10.0,1.12,1.01,1.12
484.3144121170044,30,0.0,18.23,19.71,20.04,,20.04,-10.0,1.12,1.01,1.12
484.81698346138,30,0.0,18.23,19.71,20.04,,20.04,-10.0,1.12,1.01,1.12
485.31528878211975,30,0.0,18.18,19.71,20.04,,20.04,-10.0,1.12,1.01,1.12
485.8137831687927,30,0.0,18.18,19.71,20.04,,20.04,-10.0,1.12,1.01,1.12
486.3272032737732,30,0.0,18.18,19.71,20.04,,20.04,-10.0,1.12,1.01,1.12
486.82647132873535,30,0.0,18.18,19.71,20.04,,20.04,-10.0,1.12,1.01,1.12
487.3252794742584,30,0.0,18.18,19.71,20.04,,20.04,-10.0,1.12,1.01,1.12
487.82463240623474,30,0.0,18.18,19.71,20.04,,20.04,-10.0,1.12,1.01,1.12
488.32173562049866,30,0.0,18.18,19.71,20.04,,20.04,-10.0,1.12,1.01,1.12
488.82335901260376,30,0.0,18.18,19.71,20.04,,20.04,-10.0,1.12,1.01,1.12
489.32421493530273,30,0.0,18.18,19.71,20.04,,20.04,-10.0,1.12,1.01,1.12
489.83861231803894,30,0.0,18.18,19.71,20.04,,20.04,-10.0,1.12,1.01,1.12
490.3358657360077,30,0.0,18.18,19.71,20.04,,20.04,-10.0,1.12,1.01,1.12
490.84392762184143,30,0.0,18.18,19.71,20.04,,20.04,-10.0,1.12,1.01,1.12
491.3356993198395,30,0.0,18.18,19.71,20.04,,20.04,-10.0,1.12,1.01,1.12
491.8334355354309,30,0.0,18.18,19.71,20.04,,20.04,-10.0,1.12,1.01,1.12
492.33321809768677,30,0.0,18.18,19.71,20.04,,20.04,-10.0,1.12,1.01,1.12
492.8318786621094,30,0.0,18.18,19.71,20.04,,20.04,-10.0,1.12,1.01,1.12
493.3354046344757,30,0.0,18.18,19.71,20.04,,20.04,-10.0,1.12,1.01,1.12
493.83561396598816,30,0.0,18.18,19.71,20.04,,20.04,-10.0,1.12,1.01,1.12
494.35440325737,30,0.0,18.18,19.71,20.04,,20.04,-10.0,1.12,1.01,1.12
494.8488419055939,30,0.0,18.18,19.71,20.04,,20.04,-10.0,1.12,1.01,1.12
495.3490421772003,30,0.0,18.18,19.71,20.04,,20.04,-10.0,1.12,1.01,1.12
495.8498582839966,30,0.0,18.18,19.71,20.04,,20.04,-10.0,1.12,1.01,1.12
496.3474178314209,30,0.0,18.18,19.71,20.04,,20.04,-10.0,1.12,1.01,1.12
496.8482758998871,30,0.0,18.18,19.71,20.04,,20.04,-10.0,1.12,1.01,1.12
497.35314869880676,30,0.0,18.18,19.71,20.04,,20.04,-10.0,1.12,1.01,1.12
497.853723526001,30,0.0,18.18,19.71,20.04,,20.04,-10.0,1.12,1.01,1.12
498.36020708084106,30,0.0,18.18,19.71,20.04,,20.04,-10.0,1.12,1.01,1.12
498.8612778186798,30,0.0,18.18,19.71,20.04,,20.04,-10.0,1.12,1.01,1.12
499.35812044143677,30,0.0,18.18,19.71,20.04,,20.04,-10.0,1.12,1.01,1.12
499.8577125072479,30,0.0,18.18,19.71,20.04,,20.04,-10.0,1.12,1.01,1.12
500.3607339859009,30,0.0,18.18,19.71,20.04,,20.04,-10.0,1.12,1.01,1.12
500.86453771591187,30,0.0,18.18,19.71,20.04,,20.04,-10.0,1.12,1.01,1.12
501.3547418117523,30,0.0,18.18,19.71,20.04,,20.04,-10.0,1.12,1.0,1.12
501.85888934135437,30,0.0,18.18,19.71,20.04,,20.04,-10.0,1.12,1.0,1.12
502.36128187179565,30,0.0,18.18,19.71,20.0,,20.0,-10.0,1.12,1.01,1.12
502.86743569374084,30,0.0,18.18,19.71,20.0,,20.0,-10.0,1.12,1.01,1.12
503.36142778396606,30,0.0,18.18,19.71,20.0,,20.0,-10.0,1.12,1.01,1.12
503.86408591270447,30,0.0,18.18,19.71,20.0,,20.0,-10.0,1.12,1.01,1.12
504.3703103065491,30,0.0,18.18,19.71,20.04,,20.04,-10.0,1.12,1.01,1.12
504.8677451610565,30,0.0,18.18,19.71,20.04,,20.04,-10.0,1.12,1.01,1.12
505.3694067001343,30,0.0,18.18,19.71,20.04,,20.04,-10.0,1.12,1.0,1.12
505.8764650821686,30,0.0,18.18,19.71,20.0,,20.0,-10.0,1.12,1.0,1.12
506.36805725097656,30,0.0,18.18,19.71,20.0,,20.0,-10.0,1.12,1.01,1.12
506.88340425491333,30,0.0,18.18,19.67,20.0,,20.0,-10.0,1.12,1.0,1.12
507.3714790344238,30,0.0,18.18,19.71,20.0,,20.0,-10.0,1.12,1.0,1.12
507.87897849082947,30,0.0,18.18,19.67,20.0,,20.0,-10.0,1.12,1.0,1.12
508.385689496994,30,0.0,18.18,19.71,20.04,,20.04,-10.0,1.12,1.0,1.12
508.87628054618835,30,0.0,18.18,19.67,20.0,,20.0,-10.0,1.12,1.01,1.12
509.4106571674347,30,0.0,18.18,19.71,20.04,,20.04,-10.0,1.12,1.0,1.12
509.8772556781769,30,0.0,18.18,19.71,20.04,,20.04,-10.0,1.12,1.01,1.12
510.39215874671936,30,0.0,18.18,19.71,20.0,,20.0,-10.0,1.12,1.01,1.12
510.8798186779022,30,0.0,18.18,19.67,20.0,,20.0,-10.0,1.12,1.01,1.12
511.3850362300873,30,0.0,18.18,19.71,20.0,,20.0,-10.0,1.12,1.0,1.12
511.89242124557495,30,0.0,18.18,19.71,20.0,,20.0,-10.0,1.12,1.0,1.12
512.3885750770569,30,0.0,18.18,19.71,20.04,,20.04,-10.0,1.12,1.0,1.12
512.8882057666779,30,0.0,18.18,19.67,20.04,,20.04,-10.0,1.12,1.0,1.12
513.3961913585663,30,0.0,18.18,19.67,20.04,,20.04,-10.0,1.12,1.0,1.12
513.9008185863495,30,0.0,18.18,19.67,20.04,,20.04,-10.0,1.12,1.01,1.12
514.3944313526154,30,0.0,18.18,19.67,20.0,,20.0,-10.0,1.12,1.0,1.12
514.8994708061218,30,0.0,18.18,19.67,20.04,,20.04,-10.0,1.12,1.0,1.12
515.4032294750214,30,0.0,18.18,19.67,20.04,,20.04,-10.0,1.12,1.0,1.12
515.9039964675903,30,0.0,18.18,19.67,20.0,,20.0,-10.0,1.12,1.0,1.12
516.405770778656,30,0.0,18.18,19.67,20.04,,20.04,-10.0,1.12,1.0,1.12
516.9026863574982,30,0.0,18.18,19.67,20.0,,20.0,-10.0,1.12,1.0,1.12
517.4013931751251,30,0.0,18.18,19.71,20.0,,20.0,-10.0,1.12,1.0,1.12
517.9001107215881,30,0.0,18.18,19.67,20.0,,20.0,-10.0,1.12,1.0,1.12
518.4093463420868,30,0.0,18.18,19.71,20.0,,20.0,-10.0,1.12,1.0,1.12
518.9035468101501,30,0.0,18.18,19.67,20.04,,20.04,-10.0,1.12,1.0,1.12
519.409336566925,30,0.0,18.18,19.71,20.04,,20.04,-10.0,1.12,1.01,1.12
519.9072103500366,30,0.0,18.18,19.67,20.04,,20.04,-10.0,1.12,1.01,1.12
520.4102365970612,30,0.0,18.18,19.71,20.04,,20.04,-10.0,1.12,1.01,1.12
520.9084715843201,30,0.0,18.18,19.71,20.04,,20.04,-10.0,1.12,1.0,1.12
521.418416261673,30,0.0,18.18,19.71,20.0,,20.0,-10.0,1.12,1.01,1.12
521.9191234111786,30,0.0,18.18,19.71,20.0,,20.0,-10.0,1.12,1.01,1.12
522.417388677597,30,0.0,18.18,19.67,20.0,,20.0,-10.0,1.12,1.01,1.12
522.9172492027283,30,0.0,18.18,19.71,20.0,,20.0,-10.0,1.12,1.01,1.12
523.4158849716187,30,0.0,18.18,19.67,20.0,,20.0,-10.0,1.12,1.01,1.12
523.9145739078522,30,0.0,18.18,19.71,20.0,,20.0,-10.0,1.12,1.0,1.12
524.4268112182617,30,0.0,18.18,19.71,20.0,,20.0,-10.0,1.12,1.01,1.12
524.9238908290863,30,0.0,18.18,19.67,20.0,,20.0,-10.0,1.12,1.01,1.12
525.426168680191,30,0.0,18.18,19.67,20.0,,20.0,-10.0,1.12,1.01,1.12
525.924015045166,30,0.0,18.18,19.67,20.0,,20.0,-10.0,1.12,1.0,1.12
526.4268491268158,30,0.0,18.18,19.71,20.0,,20.0,-10.0,1.12,1.0,1.12
526.9242193698883,30,0.0,18.18,19.71,20.0,,20.0,-10.0,1.12,1.0,1.12
527.4226877689362,30,0.0,18.18,19.67,20.0,,20.0,-10.0,1.12,1.0,1.12
527.9336612224579,30,0.0,18.18,19.67,20.0,,20.0,-10.0,1.12,1.0,1.12
528.4290573596954,30,0.0,18.18,19.67,20.0,,20.0,-10.0,1.12,1.0,1.12
528.9317088127136,30,0.0,18.23,19.67,20.0,,20.0,-10.0,1.12,1.0,1.12
529.4311125278473,30,0.0,18.18,19.67,20.0,,20.0,-10.0,1.12,1.0,1.12
529.9333643913269,30,0.0,18.18,19.67,20.0,,20.0,-10.0,1.12,1.0,1.12
530.430721282959,30,0.0,18.18,19.67,20.0,,20.0,-10.0,1.12,1.0,1.12
530.9443092346191,30,0.0,18.18,19.67,20.0,,20.0,-10.0,1.12,1.0,1.12
531.4457051753998,30,0.0,18.18,19.67,20.0,,20.0,-10.0,1.12,1.0,1.12
531.9440922737122,30,0.0,18.18,19.67,20.0,,20.0,-10.0,1.12,1.0,1.12
532.4421033859253,30,0.0,18.18,19.67,20.0,,20.0,-10.0,1.12,1.0,1.12
532.942129611969,30,0.0,18.18,19.67,20.0,,20.0,-10.0,1.12,1.0,1.12
533.4418666362762,30,0.0,18.18,19.67,20.0,,20.0,-10.0,1.12,1.0,1.12
533.9428548812866,30,0.0,18.18,19.67,20.0,,20.0,-10.0,1.12,1.0,1.12
534.4445757865906,30,0.0,18.18,19.67,20.0,,20.0,-10.0,1.12,1.0,1.12
534.9453980922699,30,0.0,18.18,19.67,20.0,,20.0,-10.0,1.12,1.0,1.12
535.446159362793,30,0.0,18.18,19.67,20.0,,20.0,-10.0,1.12,1.0,1.12
535.9591455459595,30,0.0,18.18,19.67,20.0,,20.0,-10.0,1.12,1.0,1.12
536.458468914032,30,0.0,18.18,19.67,20.0,,20.0,-10.0,1.12,1.0,1.12
536.9580843448639,30,0.0,18.18,19.67,20.0,,20.0,-10.0,1.12,1.0,1.12
537.4601728916168,30,0.0,18.18,19.67,20.0,,20.0,-10.0,1.12,1.0,1.12
537.9610323905945,30,0.0,18.18,19.67,20.0,,20.0,-10.0,1.12,1.0,1.12
538.4580221176147,30,0.0,18.18,19.67,20.0,,20.0,-10.0,1.12,1.0,1.12
538.9579493999481,30,0.0,18.18,19.67,20.0,,20.0,-10.0,1.12,1.0,1.12
539.4552190303802,30,0.0,18.18,19.67,20.0,,20.0,-10.0,1.12,1.0,1.12
539.9717481136322,30,0.0,18.18,19.67,20.04,,20.04,-10.0,1.12,1.01,1.12
540.469673871994,30,0.0,18.18,19.67,20.04,,20.04,-10.0,1.12,1.0,1.12
540.9673340320587,30,0.0,18.18,19.67,20.0,,20.0,-10.0,1.12,1.0,1.12
541.4673969745636,30,0.0,18.18,19.67,20.04,,20.04,-10.0,1.12,1.0,1.12
541.9683468341827,30,0.0,18.18,19.71,20.04,,20.04,-10.0,1.12,1.0,1.12
542.4669072628021,30,0.0,18.18,19.67,20.0,,20.0,-10.0,1.12,1.0,1.12
542.9649538993835,30,0.0,18.18,19.67,20.04,,20.04,-10.0,1.12,1.0,1.12
543.4783868789673,30,0.0,18.18,19.67,20.04,,20.04,-10.0,1.12,1.0,1.12
543.9770295619965,30,0.0,18.18,19.67,20.04,,20.04,-10.0,1.12,1.0,1.12
544.4754519462585,30,0.0,18.18,19.67,20.04,,20.04,-10.0,1.12,1.0,1.12
544.9751307964325,30,0.0,18.18,19.67,20.04,,20.04,-10.0,1.12,1.0,1.12
545.4750113487244,30,0.0,18.18,19.67,20.0,,20.0,-10.0,1.12,1.0,1.12
545.9762723445892,30,0.0,18.18,19.67,20.0,,20.0,-10.0,1.12,1.0,1.12
546.4771499633789,30,0.0,18.18,19.67,20.0,,20.0,-10.0,1.12,1.0,1.12
546.9777731895447,30,0.0,18.18,19.67,20.0,,20.0,-10.0,1.12,1.0,1.12
547.4764297008514,30,0.0,18.18,19.67,20.0,,20.0,-10.0,1.12,1.0,1.12
547.9909410476685,30,0.0,18.18,19.67,20.0,,20.0,-10.0,1.12,1.0,1.12
548.4894087314606,30,0.0,18.18,19.67,20.0,,20.0,-10.0,1.12,1.0,1.12
548.9886665344238,30,0.0,18.18,19.67,20.0,,20.0,-10.0,1.12,1.0,1.12
549.488849401474,30,0.0,18.18,19.67,20.0,,20.0,-10.0,1.12,1.0,1.12
549.9859793186188,30,0.0,18.18,19.67,20.0,,20.0,-10.0,1.12,1.0,1.12
550.4841980934143,30,0.0,18.18,19.67,20.0,,20.0,-10.0,1.12,1.0,1.12
550.9971330165863,30,0.0,18.18,19.67,20.0,,20.0,-10.0,1.12,1.0,1.12
551.4954736232758,30,0.0,18.18,19.67,20.0,,20.0,-10.0,1.12,1.0,1.12
551.9945900440216,30,0.0,18.18,19.67,20.0,,20.0,-10.0,1.12,1.0,1.12
552.5129816532135,30,0.0,18.18,19.67,20.0,,20.0,-10.0,1.12,1.0,1.12
553.0454897880554,30,0.0,18.18,19.67,20.0,,20.0,-10.0,1.12,1.0,1.12
553.4997568130493,30,0.0,18.18,19.67,20.0,,20.0,-10.0,1.12,1.0,1.12
553.9979975223541,30,0.0,18.18,19.67,20.0,,20.0,-10.0,1.12,1.0,1.12
554.4969832897186,30,0.0,18.18,19.67,20.0,,20.0,-10.0,1.12,1.0,1.12
554.9983487129211,30,0.0,18.18,19.67,20.0,,20.0,-10.0,1.12,1.0,1.12
555.4982767105103,30,0.0,18.18,19.67,20.0,,20.0,-10.0,1.12,1.0,1.12
556.0134000778198,30,0.0,18.18,19.67,20.0,,20.0,-10.0,1.12,1.0,1.12
556.5108523368835,30,0.0,18.18,19.67,20.0,,20.0,-10.0,1.12,1.0,1.12
557.0120947360992,30,0.0,18.18,19.67,20.0,,20.0,-10.0,1.12,1.0,1.12
557.5073509216309,30,0.0,18.18,19.67,20.0,,20.0,-10.0,1.12,1.0,1.12
558.008031129837,30,0.0,18.18,19.67,20.0,,20.0,-10.0,1.12,1.0,1.12
558.5060660839081,30,0.0,18.23,19.67,20.0,,20.0,-10.0,1.12,1.0,1.12
559.0197463035583,30,0.0,18.23,19.67,20.0,,20.0,-10.0,1.12,1.0,1.12
559.5200698375702,30,0.0,18.18,19.67,20.0,,20.0,-10.0,1.12,1.0,1.12
560.0192070007324,30,0.0,18.18,19.67,20.0,,20.0,-10.0,1.12,1.0,1.12
560.5178892612457,30,0.0,18.18,19.67,19.97,,19.97,-10.0,1.12,1.0,1.12
561.018313407898,30,0.0,18.18,19.67,20.0,,20.0,-10.0,1.12,1.0,1.11
561.5183897018433,30,0.0,18.18,19.67,19.97,,19.97,-10.0,1.12,1.0,1.11
562.0173342227936,30,0.0,18.18,19.67,20.0,,20.0,-10.0,1.12,1.0,1.11
562.5172700881958,30,0.0,18.18,19.67,20.0,,20.0,-10.0,1.12,1.0,1.11
563.029214143753,30,0.0,18.18,19.67,20.0,,20.0,-10.0,1.12,1.0,1.11
563.5311315059662,30,0.0,18.18,19.67,20.0,,20.0,-10.0,1.12,1.0,1.12
564.0311963558197,30,0.0,18.18,19.67,20.0,,20.0,-10.0,1.12,1.0,1.12
564.5319828987122,30,0.0,18.18,19.67,20.0,,20.0,-10.0,1.12,1.0,1.12
565.0317199230194,30,0.0,18.18,19.67,20.0,,20.0,-10.0,1.12,1.0,1.12
565.5336952209473,30,0.0,18.18,19.67,20.0,,20.0,-10.0,1.12,1.0,1.12
566.0320472717285,30,0.0,18.18,19.67,20.0,,20.0,-10.0,1.12,1.0,1.12
566.5306823253632,30,0.0,18.18,19.67,20.0,,20.0,-10.0,1.12,1.0,1.12
567.0276749134064,30,0.0,18.18,19.67,20.0,,20.0,-10.0,1.12,1.0,1.11
567.5301549434662,30,0.0,18.18,19.67,20.0,,20.0,-10.0,1.12,1.0,1.12
568.0438232421875,30,0.0,18.18,19.67,19.97,,19.97,-10.0,1.12,1.0,1.12
568.5453701019287,30,0.0,18.18,19.67,19.97,,19.97,-10.0,1.12,1.0,1.12
569.0448956489563,30,0.0,18.18,19.67,19.97,,19.97,-10.0,1.12,1.0,1.11
569.545245885849,30,0.0,18.18,19.67,19.97,,19.97,-10.0,1.12,1.0,1.11
570.0455551147461,30,0.0,18.18,19.67,19.97,,19.97,-10.0,1.12,1.0,1.11
570.5448815822601,30,0.0,18.18,19.67,19.97,,19.97,-10.0,1.12,1.0,1.11
571.0428199768066,30,0.0,18.18,19.67,19.97,,19.97,-10.0,1.12,1.0,1.11
571.5414476394653,30,0.0,18.18,19.67,19.97,,19.97,-10.0,1.12,1.0,1.11
572.0417046546936,30,0.0,18.18,19.67,19.97,,19.97,-10.0,1.12,1.0,1.11
572.5517587661743,30,0.0,18.18,19.64,19.97,,19.97,-10.0,1.12,1.0,1.11
573.0463678836823,30,0.0,18.18,19.64,19.97,,19.97,-10.0,1.12,1.0,1.11
573.5587387084961,30,0.0,18.18,19.64,19.97,,19.97,-10.0,1.12,1.0,1.11
574.0584163665771,30,0.0,18.18,19.64,19.97,,19.97,-10.0,1.12,1.0,1.11
574.5558216571808,30,0.0,18.18,19.64,19.97,,19.97,-10.0,1.12,1.0,1.11
575.0571463108063,30,0.0,18.18,19.67,19.97,,19.97,-10.0,1.12,1.0,1.11
575.5588788986206,30,0.0,18.18,19.64,19.97,,19.97,-10.0,1.12,1.0,1.11
576.0586981773376,30,0.0,18.18,19.64,19.97,,19.97,-10.0,1.12,1.0,1.11
576.5569107532501,30,0.0,18.18,19.64,19.97,,19.97,-10.0,1.12,1.0,1.11
577.0608332157135,30,0.0,18.18,19.64,19.97,,19.97,-10.0,1.12,1.0,1.11
577.5600328445435,30,0.0,18.18,19.64,19.97,,19.97,-10.0,1.12,1.0,1.11
578.0607101917267,30,0.0,18.18,19.64,19.97,,19.97,-10.0,1.12,1.0,1.11
578.5731871128082,30,0.0,18.18,19.64,19.97,,19.97,-10.0,1.12,1.0,1.11
579.0743870735168,30,0.0,18.18,19.64,19.97,,19.97,-10.0,1.12,1.0,1.11
579.5739185810089,30,0.0,18.18,19.64,19.97,,19.97,-10.0,1.12,1.0,1.11
580.0738286972046,30,0.0,18.18,19.64,19.97,,19.97,-10.0,1.12,1.0,1.11
580.573009967804,30,0.0,18.18,19.64,19.97,,19.97,-10.0,1.12,1.0,1.11
581.0721044540405,30,0.0,18.18,19.64,19.97,,19.97,-10.0,1.12,1.0,1.11
581.5718116760254,30,0.0,18.18,19.64,19.97,,19.97,-10.0,1.12,1.0,1.11
582.068706035614,30,0.0,18.18,19.64,19.97,,19.97,-10.0,1.12,1.0,1.11
582.5840141773224,30,0.0,18.18,19.64,19.97,,19.97,-10.0,1.12,1.0,1.11
583.0854353904724,30,0.0,18.18,19.64,19.97,,19.97,-10.0,1.12,1.0,1.11
583.5717022418976,30,0.0,18.18,19.64,19.97,,19.97,-10.0,1.12,1.0,1.11
584.0862352848053,30,0.0,18.18,19.64,19.97,,19.97,-10.0,1.12,1.0,1.11
584.5829744338989,30,0.0,18.18,19.64,19.97,,19.97,-10.0,1.12,1.0,1.11
585.0857484340668,30,0.0,18.18,19.64,19.97,,19.97,-10.0,1.12,1.0,1.11
585.5827627182007,30,0.0,18.18,19.64,19.97,,19.97,-10.0,1.12,1.0,1.11
586.0803003311157,30,0.0,18.18,19.64,19.97,,19.97,-10.0,1.12,1.0,1.11
586.5828185081482,30,0.0,18.18,19.64,19.97,,19.97,-10.0,1.12,1.0,1.11
587.0816552639008,30,0.0,18.18,19.64,19.97,,19.97,-10.0,1.12,1.0,1.11
587.5968225002289,30,0.0,18.18,19.64,19.97,,19.97,-10.0,1.12,1.0,1.11
588.094094991684,30,0.0,18.18,19.64,19.97,,19.97,-10.0,1.12,1.0,1.11
588.5963344573975,30,0.0,18.18,19.64,19.97,,19.97,-10.0,1.12,1.0,1.11
589.0965011119843,30,0.0,18.18,19.64,19.97,,19.97,-10.0,1.12,1.0,1.11
589.596301317215,30,0.0,18.14,19.64,19.93,,19.93,-10.0,1.12,1.0,1.11
590.09428191185,30,0.0,18.14,19.64,19.93,,19.93,-10.0,1.12,1.0,1.11
590.5930023193359,30,0.0,18.14,19.64,19.93,,19.93,-10.0,1.12,1.0,1.11
591.092488527298,30,0.0,18.18,19.64,19.93,,19.93,-10.0,1.12,1.0,1.11
591.6079261302948,30,0.0,18.14,19.64,19.93,,19.93,-10.0,1.12,1.0,1.11
592.1060769557953,30,0.0,18.18,19.64,19.93,,19.93,-10.0,1.12,1.0,1.11
592.6028332710266,30,0.0,18.14,19.64,19.93,,19.93,-10.0,1.11,1.0,1.11
593.1015219688416,30,0.0,18.14,19.64,19.93,,19.93,-10.0,1.12,1.0,1.11
593.6019506454468,30,0.0,18.14,19.64,19.97,,19.97,-10.0,1.11,1.0,1.11
594.1014416217804,30,0.0,18.14,19.64,19.97,,19.97,-10.0,1.12,1.0,1.11
594.6011650562286,30,0.0,18.18,19.64,19.97,,19.97,-10.0,1.11,1.0,1.11
595.1134359836578,30,0.0,18.18,19.64,19.97,,19.97,-10.0,1.12,1.0,1.11
595.6089940071106,30,0.0,18.14,19.64,19.97,,19.97,-10.0,1.12,1.0,1.11
596.106912612915,30,0.0,18.14,19.64,19.97,,19.97,-10.0,1.11,1.0,1.11
596.6068742275238,30,0.0,18.14,19.64,19.97,,19.97,-10.0,1.11,1.0,1.11
597.1211700439453,30,0.0,18.14,19.64,19.97,,19.97,-10.0,1.12,1.0,1.11
597.6254196166992,30,0.0,18.14,19.64,19.97,,19.97,-10.0,1.12,1.0,1.11
598.1192653179169,30,0.0,18.14,19.64,19.97,,19.97,-10.0,1.11,1.0,1.11
598.6214628219604,30,0.0,18.14,19.64,19.97,,19.97,-10.0,1.11,1.0,1.11
599.1217882633209,30,0.0,18.14,19.64,19.97,,19.97,-10.0,1.11,1.0,1.11
599.6235358715057,30,0.0,18.14,19.64,19.97,,19.97,-10.0,1.11,1.0,1.11
600.1223468780518,30,0.0,18.14,19.64,19.97,,19.97,-10.0,1.11,1.0,1.11
600.6184566020966,30,0.0,18.14,19.64,19.97,,19.97,-10.0,1.12,0.99,1.11
601.1210796833038,30,0.0,18.14,19.64,19.97,,19.97,-10.0,1.12,0.99,1.11
601.6327795982361,30,0.0,18.14,19.64,19.97,,19.97,-10.0,1.12,0.99,1.11
602.1315805912018,30,0.0,18.14,19.6,19.97,,19.97,-10.0,1.11,0.99,1.11
602.6281242370605,30,0.0,18.14,19.64,19.97,,19.97,-10.0,1.11,0.99,1.11
603.1281585693359,30,0.0,18.18,19.6,19.97,,19.97,-10.0,1.11,0.99,1.11
603.6307866573334,30,0.0,18.14,19.64,19.97,,19.97,-10.0,1.11,1.0,1.11
604.1288166046143,30,0.0,18.14,19.6,19.97,,19.97,-10.0,1.11,0.99,1.11
604.6427352428436,30,0.0,18.14,19.64,19.97,,19.97,-10.0,1.11,1.0,1.11
605.1425321102142,30,0.0,18.14,19.64,19.97,,19.97,-10.0,1.11,0.99,1.11
605.641033411026,30,0.0,18.14,19.64,19.97,,19.97,-10.0,1.11,1.0,1.11
606.1455984115601,30,0.0,18.14,19.64,19.97,,19.97,-10.0,1.11,0.99,1.11
606.6424925327301,30,0.0,18.14,19.6,19.93,,19.93,-10.0,1.11,1.0,1.11
607.1449983119965,30,0.0,18.14,19.6,19.97,,19.97,-10.0,1.11,0.99,1.11
607.6462271213531,30,0.0,18.14,19.64,19.93,,19.93,-10.0,1.11,0.99,1.11
608.1466636657715,30,0.0,18.14,19.6,19.93,,19.93,-10.0,1.11,1.0,1.11
608.6487784385681,30,0.0,18.14,19.64,19.97,,19.97,-10.0,1.11,0.99,1.11
609.1497051715851,30,0.0,18.14,19.64,19.93,,19.93,-10.0,1.11,1.0,1.11
609.6505982875824,30,0.0,18.14,19.64,19.93,,19.93,-10.0,1.11,0.99,1.11
610.147693157196,30,0.0,18.14,19.64,19.93,,19.93,-10.0,1.11,0.99,1.11
610.6457672119141,30,0.0,18.14,19.64,19.93,,19.93,-10.0,1.11,0.99,1.11
611.1482236385345,30,0.0,18.14,19.64,19.93,,19.93,-10.0,1.11,1.0,1.11
611.6597967147827,30,0.0,18.14,19.6,19.93,,19.93,-10.0,1.11,1.0,1.11
612.1582117080688,30,0.0,18.14,19.64,19.93,,19.93,-10.0,1.11,0.99,1.11
612.659423828125,30,0.0,18.14,19.64,19.93,,19.93,-10.0,1.11,1.0,1.11
613.1596767902374,30,0.0,18.14,19.64,19.93,,19.93,-10.0,1.11,0.99,1.11
613.6599559783936,30,0.0,18.14,19.64,19.93,,19.93,-10.0,1.11,1.0,1.11
614.1597151756287,30,0.0,18.14,19.64,19.97,,19.97,-10.0,1.11,1.0,1.11
614.6585087776184,30,0.0,18.14,19.64,19.93,,19.93,-10.0,1.11,1.0,1.11
615.1565494537354,30,0.0,18.14,19.64,19.93,,19.93,-10.0,1.11,0.99,1.11
615.6720666885376,30,0.0,18.14,19.64,19.93,,19.93,-10.0,1.11,0.99,1.11
616.1722056865692,30,0.0,18.14,19.64,19.93,,19.93,-10.0,1.11,0.99,1.11
616.6705822944641,30,0.0,18.14,19.64,19.97,,19.97,-10.0,1.11,1.0,1.11
617.1718184947968,30,0.0,18.14,19.64,19.93,,19.93,-10.0,1.11,1.0,1.11
617.6695215702057,30,0.0,18.14,19.64,19.93,,19.93,-10.0,1.11,1.0,1.11
618.1708543300629,30,0.0,18.14,19.64,19.93,,19.93,-10.0,1.11,1.0,1.11
618.6798248291016,30,0.0,18.14,19.64,19.93,,19.93,-10.0,1.11,1.0,1.11
619.1789696216583,30,0.0,18.14,19.64,19.93,,19.93,-10.0,1.11,0.99,1.11
619.6794571876526,30,0.0,18.14,19.64,19.93,,19.93,-10.0,1.11,0.99,1.11
620.1823599338531,30,0.0,18.14,19.64,19.93,,19.93,-10.0,1.11,1.0,1.11
620.6838300228119,30,0.0,18.14,19.64,19.93,,19.93,-10.0,1.11,0.99,1.11
621.1790397167206,30,0.0,18.14,19.64,19.93,,19.93,-10.0,1.11,0.99,1.11
621.6766822338104,30,0.0,18.14,19.6,19.93,,19.93,-10.0,1.11,0.99,1.11
622.1757130622864,30,0.0,18.14,19.64,19.93,,19.93,-10.0,1.11,0.99,1.11
622.6759450435638,30,0.0,18.14,19.6,19.93,,19.93,-10.0,1.11,1.0,1.11
623.1779708862305,30,0.0,18.14,19.6,19.93,,19.93,-10.0,1.11,0.99,1.11
623.6927807331085,30,0.0,18.14,19.64,19.93,,19.93,-10.0,1.11,0.99,1.11
624.1911010742188,30,0.0,18.14,19.6,19.93,,19.93,-10.0,1.11,0.99,1.11
624.6924240589142,30,0.0,18.14,19.6,19.93,,19.93,-10.0,1.11,0.99,1.11
625.1943500041962,30,0.0,18.14,19.64,19.93,,19.93,-10.0,1.11,0.99,1.11
625.6927099227905,30,0.0,18.14,19.6,19.93,,19.93,-10.0,1.11,0.99,1.11
626.1901161670685,30,0.0,18.14,19.6,19.93,,19.93,-10.0,1.11,0.99,1.11
626.6910355091095,30,0.0,18.14,19.6,19.93,,19.93,-10.0,1.11,0.99,1.11
627.1899037361145,30,0.0,18.14,19.6,19.93,,19.93,-10.0,1.11,0.99,1.11
627.6899654865265,30,0.0,18.14,19.6,19.93,,19.93,-10.0,1.11,0.99,1.11
628.2041776180267,30,0.0,18.14,19.6,19.93,,19.93,-10.0,1.11,0.99,1.11
628.7037446498871,30,0.0,18.14,19.6,19.93,,19.93,-10.0,1.11,0.99,1.11
629.2034361362457,30,0.0,18.14,19.6,19.93,,19.93,-10.0,1.11,0.99,1.11
629.7019975185394,30,0.0,18.14,19.6,19.93,,19.93,-10.0,1.11,1.0,1.11
630.203782081604,30,0.0,18.14,19.6,19.93,,19.93,-10.0,1.11,0.99,1.11
630.7019364833832,30,0.0,18.14,19.6,19.93,,19.93,-10.0,1.11,0.99,1.11
631.2031350135803,30,0.0,18.14,19.64,19.93,,19.93,-10.0,1.11,0.99,1.11
631.7046818733215,30,0.0,18.14,19.6,19.93,,19.93,-10.0,1.11,0.99,1.11
632.2058970928192,30,0.0,18.14,19.6,19.93,,19.93,-10.0,1.11,0.99,1.11
632.7040424346924,30,0.0,18.14,19.6,19.93,,19.93,-10.0,1.11,0.99,1.11
633.2050659656525,30,0.0,18.14,19.6,19.93,,19.93,-10.0,1.11,0.99,1.11
633.7179310321808,30,0.0,18.14,19.6,19.93,,19.93,-10.0,1.11,0.99,1.11
634.2085790634155,30,0.0,18.14,19.6,19.93,,19.93,-10.0,1.11,0.99,1.11
634.7135155200958,30,0.0,18.14,19.6,19.93,,19.93,-10.0,1.11,0.99,1.11
635.2162864208221,30,0.0,18.14,19.6,19.93,,19.93,-10.0,1.11,0.99,1.11
635.7148089408875,30,0.0,18.14,19.6,19.93,,19.93,-10.0,1.11,0.99,1.11
636.2125172615051,30,0.0,18.14,19.6,19.93,,19.93,-10.0,1.11,0.99,1.11
636.722888469696,30,0.0,18.14,19.6,19.93,,19.93,-10.0,1.11,0.99,1.11
637.2229073047638,30,0.0,18.14,19.6,19.93,,19.93,-10.0,1.11,0.99,1.11
637.7166883945465,30,0.0,18.14,19.6,19.93,,19.93,-10.0,1.11,0.99,1.11
638.2185726165771,30,0.0,18.14,19.6,19.93,,19.93,-10.0,1.11,0.99,1.11
638.7196898460388,30,0.0,18.14,19.6,19.93,,19.93,-10.0,1.11,0.99,1.11
639.2239534854889,30,0.0,18.14,19.6,19.93,,19.93,-10.0,1.11,0.99,1.11
639.722580909729,30,0.0,18.14,19.6,19.89,,19.89,-10.0,1.11,0.99,1.1
640.2222549915314,30,0.0,18.14,19.6,19.89,,19.89,-10.0,1.11,0.99,1.1
640.7362749576569,30,0.0,18.14,19.6,19.89,,19.89,-10.0,1.11,0.99,1.1
641.2367196083069,30,0.0,18.14,19.6,19.89,,19.89,-10.0,1.11,0.99,1.11
641.7328941822052,30,0.0,18.14,19.6,19.89,,19.89,-10.0,1.11,0.99,1.11
642.2343366146088,30,0.0,18.14,19.6,19.89,,19.89,-10.0,1.11,0.99,1.11
642.7338869571686,30,0.0,18.14,19.6,19.89,,19.89,-10.0,1.11,0.99,1.11
643.2326390743256,30,0.0,18.14,19.6,19.89,,19.89,-10.0,1.11,0.99,1.1
643.7484056949615,30,0.0,18.14,19.6,19.89,,19.89,-10.0,1.11,0.99,1.1
644.245765209198,30,0.0,18.14,19.6,19.89,,19.89,-10.0,1.11,0.99,1.1
644.7934515476227,30,0.0,18.14,19.6,19.89,,19.89,-10.0,1.11,0.99,1.1
645.2880160808563,30,0.0,18.14,19.6,19.89,,19.89,-10.0,1.11,0.99,1.1
645.7414536476135,30,0.0,18.14,19.6,19.89,,19.89,-10.0,1.11,0.99,1.1
646.2412166595459,30,0.0,18.14,19.6,19.89,,19.89,-10.0,1.11,0.99,1.1
646.7408485412598,30,0.0,18.14,19.6,19.89,,19.89,-10.0,1.11,0.99,1.1
647.2532296180725,30,0.0,18.14,19.6,19.89,,19.89,-10.0,1.11,0.99,1.1
647.756751537323,30,0.0,18.14,19.6,19.89,,19.89,-10.0,1.11,0.99,1.1
648.2656087875366,30,0.0,18.14,19.6,19.89,,19.89,-10.0,1.11,0.99,1.1
648.7613701820374,30,0.0,18.14,19.6,19.89,,19.89,-10.0,1.11,0.99,1.1
649.2581465244293,30,0.0,18.14,19.6,19.89,,19.89,-10.0,1.11,0.99,1.1
649.74729180336,30,0.0,18.14,19.6,19.89,,19.89,-10.0,1.11,0.99,1.1
650.3265156745911,30,0.0,18.14,19.6,19.89,,19.89,-10.0,1.11,0.99,1.1
650.7942786216736,30,0.0,18.14,19.6,19.89,,19.89,-10.0,1.11,0.99,1.1
651.2616510391235,30,0.0,18.14,19.6,19.89,,19.89,-10.0,1.11,0.99,1.1
651.7606115341187,30,0.0,18.14,19.6,19.89,,19.89,-10.0,1.11,0.99,1.1
652.2610621452332,30,0.0,18.14,19.6,19.89,,19.89,-10.0,1.11,0.99,1.1
652.7571394443512,30,0.0,18.14,19.6,19.93,,19.93,-10.0,1.11,0.99,1.1
653.2572979927063,30,0.0,18.14,19.6,19.89,,19.89,-10.0,1.11,0.99,1.1
653.7729234695435,30,0.0,18.14,19.6,19.89,,19.89,-10.0,1.11,0.99,1.1
654.2690579891205,30,0.0,18.14,19.6,19.89,,19.89,-10.0,1.11,0.99,1.1
654.7737159729004,30,0.0,18.14,19.6,19.89,,19.89,-10.0,1.11,0.99,1.1
655.2701873779297,30,0.0,18.14,19.6,19.89,,19.89,-10.0,1.11,0.99,1.1
655.7676463127136,30,0.0,18.14,19.6,19.89,,19.89,-10.0,1.11,0.99,1.1
656.2661521434784,30,0.0,18.14,19.6,19.89,,19.89,-10.0,1.11,0.99,1.1
656.767263174057,30,0.0,18.14,19.6,19.89,,19.89,-10.0,1.11,0.99,1.1
657.2790977954865,30,0.0,18.14,19.6,19.89,,19.89,-10.0,1.11,0.99,1.1
657.778192281723,30,0.0,18.14,19.6,19.89,,19.89,-10.0,1.11,0.99,1.1
658.2743120193481,30,0.0,18.14,19.6,19.89,,19.89,-10.0,1.11,0.99,1.1
658.7733192443848,30,0.0,18.14,19.57,19.89,,19.89,-10.0,1.11,0.99,1.1
659.2841658592224,30,0.0,18.14,19.6,19.89,,19.89,-10.0,1.11,0.99,1.1
659.786922454834,30,0.0,18.14,19.6,19.89,,19.89,-10.0,1.11,0.99,1.1
660.2872366905212,30,0.0,18.14,19.6,19.89,,19.89,-10.0,1.11,0.99,1.1
660.7878170013428,30,0.0,18.14,19.6,19.89,,19.89,-10.0,1.11,0.99,1.1
661.287228345871,30,0.0,18.14,19.57,19.89,,19.89,-10.0,1.11,0.99,1.1
661.7839546203613,30,0.0,18.14,19.57,19.89,,19.89,-10.0,1.11,0.99,1.1
662.2851777076721,30,0.0,18.14,19.57,19.89,,19.89,-10.0,1.11,0.99,1.1
662.7837274074554,30,0.0,18.14,19.57,19.89,,19.89,-10.0,1.11,0.99,1.1
663.2962346076965,30,0.0,18.14,19.57,19.89,,19.89,-10.0,1.11,0.99,1.1
663.7985084056854,30,0.0,18.14,19.57,19.89,,19.89,-10.0,1.11,0.99,1.1
664.2972176074982,30,0.0,18.14,19.57,19.89,,19.89,-10.0,1.11,0.99,1.1
664.7972552776337,30,0.0,18.14,19.57,19.89,,19.89,-10.0,1.11,0.99,1.1
665.2946536540985,30,0.0,18.14,19.57,19.89,,19.89,-10.0,1.11,0.99,1.1
665.7913417816162,30,0.0,18.14,19.57,19.89,,19.89,-10.0,1.11,0.99,1.1
666.307156085968,30,0.0,18.14,19.57,19.89,,19.89,-10.0,1.11,0.99,1.1
666.8048813343048,30,0.0,18.14,19.57,19.89,,19.89,-10.0,1.11,0.99,1.1
667.302971124649,30,0.0,18.14,19.57,19.89,,19.89,-10.0,1.11,0.99,1.1
667.8032851219177,30,0.0,18.14,19.57,19.89,,19.89,-10.0,1.11,0.99,1.1
668.30220246315,30,0.0,18.14,19.57,19.89,,19.89,-10.0,1.11,0.99,1.1
668.8022301197052,30,0.0,18.14,19.57,19.89,,19.89,-10.0,1.11,0.99,1.1
669.2995736598969,30,0.0,18.14,19.57,19.89,,19.89,-10.0,1.11,0.99,1.1
669.8018832206726,30,0.0,18.14,19.57,19.89,,19.89,-10.0,1.11,0.99,1.1
670.3168299198151,30,0.0,18.14,19.57,19.89,,19.89,-10.0,1.11,0.99,1.1
670.8165190219879,30,0.0,18.14,19.57,19.89,,19.89,-10.0,1.11,0.99,1.1
671.3152809143066,30,0.0,18.14,19.57,19.89,,19.89,-10.0,1.11,0.99,1.1
671.813826084137,30,0.0,18.14,19.57,19.89,,19.89,-10.0,1.11,0.99,1.1
672.3130626678467,30,0.0,18.14,19.57,19.89,,19.89,-10.0,1.11,0.99,1.1
672.8111882209778,30,0.0,18.14,19.57,19.89,,19.89,-10.0,1.11,0.99,1.1
673.3111505508423,30,0.0,18.14,19.57,19.89,,19.89,-10.0,1.11,0.99,1.1
673.8257937431335,30,0.0,18.09,19.57,19.89,,19.89,-10.0,1.11,0.99,1.1
674.3256425857544,30,0.0,18.14,19.57,19.89,,19.89,-10.0,1.11,0.99,1.1
674.8231024742126,30,0.0,18.14,19.57,19.89,,19.89,-10.0,1.11,0.99,1.1
675.3242239952087,30,0.0,18.14,19.6,19.89,,19.89,-10.0,1.11,0.99,1.1
675.8211193084717,30,0.0,18.09,19.57,19.89,,19.89,-10.0,1.11,0.99,1.1
676.3220369815826,30,0.0,18.09,19.57,19.89,,19.89,-10.0,1.11,0.99,1.1
676.8218846321106,30,0.0,18.09,19.57,19.89,,19.89,-10.0,1.11,0.99,1.1
677.3352658748627,30,0.0,18.14,19.57,19.89,,19.89,-10.0,1.11,0.99,1.1
677.832807302475,30,0.0,18.14,19.57,19.89,,19.89,-10.0,1.11,0.99,1.1
678.3343415260315,30,0.0,18.14,19.57,19.89,,19.89,-10.0,1.11,0.99,1.1
678.8314323425293,30,0.0,18.09,19.57,19.86,,19.86,-10.0,1.11,0.99,1.1
679.3335843086243,30,0.0,18.09,19.57,19.86,,19.86,-10.0,1.11,0.99,1.1
679.8312394618988,30,0.0,18.09,19.57,19.86,,19.86,-10.0,1.11,0.99,1.1
680.329841375351,30,0.0,18.09,19.57,19.86,,19.86,-10.0,1.11,0.99,1.1
680.8330745697021,30,0.0,18.09,19.57,19.86,,19.86,-10.0,1.11,0.99,1.1
681.3352599143982,30,0.0,18.09,19.57,19.86,,19.86,-10.0,1.11,0.99,1.1
681.8343751430511,30,0.0,18.09,19.57,19.86,,19.86,-10.0,1.11,0.99,1.1
682.3361523151398,30,0.0,18.09,19.57,19.86,,19.86,-10.0,1.11,0.99,1.1
682.8364658355713,30,0.0,18.09,19.57,19.89,,19.89,-10.0,1.11,0.99,1.1
683.3368489742279,30,0.0,18.09,19.57,19.89,,19.89,-10.0,1.11,0.99,1.1
683.8513972759247,30,0.0,18.09,19.57,19.89,,19.89,-10.0,1.11,0.99,1.1
684.3474164009094,30,0.0,18.09,19.57,19.86,,19.86,-10.0,1.11,0.99,1.1
684.8449943065643,30,0.0,18.09,19.57,19.86,,19.86,-10.0,1.11,0.99,1.1
685.3451654911041,30,0.0,18.09,19.57,19.86,,19.86,-10.0,1.11,0.99,1.1
685.8584339618683,30,0.0,18.09,19.57,19.86,,19.86,-10.0,1.11,0.99,1.1
686.3548812866211,30,0.0,18.09,19.57,19.86,,19.86,-10.0,1.11,0.99,1.1
686.8543179035187,30,0.0,18.09,19.57,19.86,,19.86,-10.0,1.11,0.99,1.1
687.3512828350067,30,0.0,18.09,19.57,19.86,,19.86,-10.0,1.11,0.99,1.1
687.8638396263123,30,0.0,18.09,19.57,19.86,,19.86,-10.0,1.11,0.99,1.1
688.358972787857,30,0.0,18.09,19.57,19.86,,19.86,-10.0,1.11,0.99,1.1
688.8571827411652,30,0.0,18.09,19.57,19.86,,19.86,-10.0,1.11,0.99,1.1
689.3584454059601,30,0.0,18.09,19.57,19.86,,19.86,-10.0,1.11,0.99,1.1
689.8554830551147,30,0.0,18.09,19.57,19.86,,19.86,-10.0,1.11,0.99,1.1
690.3691761493683,30,0.0,18.09,19.57,19.86,,19.86,-10.0,1.11,0.99,1.1
690.8564395904541,30,0.0,18.09,19.57,19.86,,19.86,-10.0,1.11,0.99,1.1
691.3699154853821,30,0.0,18.09,19.57,19.86,,19.86,-10.0,1.11,0.99,1.1
691.86683177948,30,0.0,18.09,19.57,19.86,,19.86,-10.0,1.11,0.99,1.1
692.3686830997467,30,0.0,18.09,19.57,19.86,,19.86,-10.0,1.11,0.99,1.1
692.8738327026367,30,0.0,18.09,19.57,19.86,,19.86,-10.0,1.11,0.99,1.1
693.3715324401855,30,0.0,18.09,19.57,19.86,,19.86,-10.0,1.11,0.99,1.1
693.8711647987366,30,0.0,18.09,19.57,19.86,,19.86,-10.0,1.11,0.99,1.1
694.3719084262848,30,0.0,18.09,19.57,19.86,,19.86,-10.0,1.11,0.99,1.1
694.8673579692841,30,0.0,18.09,19.57,19.86,,19.86,-10.0,1.11,0.99,1.1
695.3800718784332,30,0.0,18.09,19.57,19.86,,19.86,-10.0,1.11,0.99,1.1
695.881441116333,30,0.0,18.09,19.57,19.86,,19.86,-10.0,1.11,0.99,1.1
696.378331899643,30,0.0,18.09,19.57,19.86,,19.86,-10.0,1.11,0.99,1.1
696.8780198097229,30,0.0,18.09,19.57,19.86,,19.86,-10.0,1.11,0.99,1.1
697.3783707618713,30,0.0,18.09,19.57,19.86,,19.86,-10.0,1.11,0.99,1.1
697.878496170044,30,0.0,18.09,19.57,19.86,,19.86,-10.0,1.11,0.99,1.1
698.3905971050262,30,0.0,18.09,19.57,19.86,,19.86,-10.0,1.11,0.99,1.1
698.8797090053558,30,0.0,18.09,19.57,19.86,,19.86,-10.0,1.11,0.99,1.1
699.3939394950867,30,0.0,18.09,19.57,19.86,,19.86,-10.0,1.11,0.99,1.1
699.8934195041656,30,0.0,18.09,19.57,19.86,,19.86,-10.0,1.11,0.99,1.1
700.3906943798065,30,0.0,18.09,19.57,19.86,,19.86,-10.0,1.11,0.98,1.1
700.8886475563049,30,0.0,18.09,19.57,19.86,,19.86,-10.0,1.11,0.99,1.1
701.3872809410095,30,0.0,18.09,19.57,19.86,,19.86,-10.0,1.11,0.99,1.1
701.8868491649628,30,0.0,18.09,19.57,19.86,,19.86,-10.0,1.11,0.99,1.1
702.3878765106201,30,0.0,18.09,19.54,19.86,,19.86,-10.0,1.11,0.99,1.1
702.9002976417542,30,0.0,18.09,19.54,19.86,,19.86,-10.0,1.11,0.99,1.1
703.398161649704,30,0.0,18.09,19.57,19.86,,19.86,-10.0,1.11,0.98,1.1
703.894882440567,30,0.0,18.09,19.54,19.86,,19.86,-10.0,1.11,0.99,1.1
704.3959608078003,30,0.0,18.09,19.57,19.86,,19.86,-10.0,1.11,0.99,1.1
704.8948812484741,30,0.0,18.09,19.57,19.86,,19.86,-10.0,1.11,0.98,1.1
705.3978865146637,30,0.0,18.09,19.57,19.86,,19.86,-10.0,1.11,0.98,1.1
705.8973069190979,30,0.0,18.09,19.57,19.86,,19.86,-10.0,1.11,0.98,1.1
706.3990526199341,30,0.0,18.09,19.54,19.86,,19.86,-10.0,1.11,0.98,1.1
706.9130845069885,30,0.0,18.09,19.54,19.86,,19.86,-10.0,1.11,0.98,1.1
707.4139950275421,30,0.0,18.09,19.54,19.86,,19.86,-10.0,1.11,0.98,1.1
707.913907289505,30,0.0,18.09,19.54,19.86,,19.86,-10.0,1.11,0.98,1.1
708.4140796661377,30,0.0,18.09,19.54,19.86,,19.86,-10.0,1.11,0.98,1.1
708.9159140586853,30,0.0,18.09,19.57,19.86,,19.86,-10.0,1.11,0.98,1.1
709.4091050624847,30,0.0,18.05,19.54,19.86,,19.86,-10.0,1.11,0.98,1.1
709.9093594551086,30,0.0,18.09,19.54,19.86,,19.86,-10.0,1.1,0.98,1.1
710.4083650112152,30,0.0,18.09,19.54,19.86,,19.86,-10.0,1.11,0.98,1.1
710.9224796295166,30,0.0,18.09,19.54,19.86,,19.86,-10.0,1.11,0.98,1.1
711.4241051673889,30,0.0,18.09,19.54,19.86,,19.86,-10.0,1.11,0.98,1.1
711.9233894348145,30,0.0,18.09,19.54,19.86,,19.86,-10.0,1.11,0.98,1.1
712.4233965873718,30,0.0,18.09,19.54,19.86,,19.86,-10.0,1.11,0.98,1.1
712.9251291751862,30,0.0,18.05,19.54,19.86,,19.86,-10.0,1.11,0.98,1.1
713.424741268158,30,0.0,18.09,19.54,19.86,,19.86,-10.0,1.11,0.98,1.09
713.9246966838837,30,0.0,18.09,19.54,19.86,,19.86,-10.0,1.11,0.98,1.1
714.4210398197174,30,0.0,18.09,19.54,19.86,,19.86,-10.0,1.11,0.98,1.09
714.9217877388,30,0.0,18.09,19.54,19.86,,19.86,-10.0,1.11,0.98,1.1
715.4374256134033,30,0.0,18.09,19.54,19.86,,19.86,-10.0,1.11,0.98,1.09
715.93541431427,30,0.0,18.09,19.54,19.86,,19.86,-10.0,1.11,0.98,1.1
716.4364142417908,30,0.0,18.09,19.54,19.86,,19.86,-10.0,1.11,0.98,1.1
716.9340071678162,30,0.0,18.09,19.54,19.86,,19.86,-10.0,1.11,0.98,1.1
717.4327635765076,30,0.0,18.09,19.54,19.82,,19.82,-10.0,1.11,0.98,1.1
717.9324774742126,30,0.0,18.09,19.54,19.86,,19.86,-10.0,1.11,0.98,1.09
718.4307091236115,30,0.0,18.09,19.54,19.82,,19.82,-10.0,1.11,0.98,1.09
718.9328255653381,30,0.0,18.05,19.54,19.86,,19.86,-10.0,1.11,0.98,1.09
719.4442706108093,30,0.0,18.09,19.54,19.82,,19.82,-10.0,1.11,0.98,1.09
719.9432225227356,30,0.0,18.09,19.54,19.82,,19.82,-10.0,1.11,0.98,1.09
720.4426386356354,30,0.0,18.09,19.54,19.82,,19.82,-10.0,1.11,0.98,1.09
720.9417390823364,30,0.0,18.09,19.54,19.82,,19.82,-10.0,1.11,0.98,1.09
721.4404151439667,30,0.0,18.05,19.54,19.82,,19.82,-10.0,1.1,0.98,1.09
721.9447922706604,30,0.0,18.09,19.54,19.82,,19.82,-10.0,1.1,0.98,1.09
722.4480319023132,30,0.0,18.09,19.54,19.86,,19.86,-10.0,1.1,0.98,1.09
722.9487659931183,30,0.0,18.09,19.54,19.82,,19.82,-10.0,1.1,0.98,1.09
723.4502449035645,30,0.0,18.05,19.54,19.82,,19.82,-10.0,1.1,0.98,1.09
723.9511988162994,30,0.0,18.05,19.54,19.82,,19.82,-10.0,1.11,0.98,1.09
724.4498603343964,30,0.0,18.05,19.54,19.82,,19.82,-10.0,1.11,0.98,1.09
724.9515242576599,30,0.0,18.09,19.54,19.82,,19.82,-10.0,1.1,0.98,1.09
725.454206943512,30,0.0,18.05,19.54,19.82,,19.82,-10.0,1.11,0.98,1.09
725.9549775123596,30,0.0,18.05,19.54,19.82,,19.82,-10.0,1.11,0.98,1.09
726.4533836841583,30,0.0,18.05,19.54,19.82,,19.82,-10.0,1.1,0.98,1.09
726.965982913971,30,0.0,18.09,19.54,19.82,,19.82,-10.0,1.11,0.98,1.09
727.465145111084,30,0.0,18.05,19.54,19.82,,19.82,-10.0,1.11,0.98,1.09
727.9625594615936,30,0.0,18.09,19.54,19.82,,19.82,-10.0,1.1,0.98,1.09
728.4596211910248,30,0.0,18.09,19.54,19.82,,19.82,-10.0,1.11,0.98,1.09
728.9597268104553,30,0.0,18.05,19.54,19.82,,19.82,-10.0,1.1,0.98,1.09
729.4629626274109,30,0.0,18.09,19.54,19.82,,19.82,-10.0,1.11,0.98,1.09
729.9641230106354,30,0.0,18.05,19.54,19.82,,19.82,-10.0,1.1,0.98,1.09
730.4623746871948,30,0.0,18.05,19.54,19.82,,19.82,-10.0,1.1,0.98,1.09
730.9644360542297,30,0.0,18.05,19.54,19.82,,19.82,-10.0,1.11,0.98,1.09
731.4762940406799,30,0.0,18.05,19.54,19.82,,19.82,-10.0,1.11,0.98,1.09
731.9717054367065,30,0.0,18.09,19.54,19.82,,19.82,-10.0,1.11,0.98,1.09
732.4733023643494,30,0.0,18.05,19.54,19.82,,19.82,-10.0,1.11,0.98,1.09
732.9699304103851,30,0.0,18.05,19.54,19.82,,19.82,-10.0,1.1,0.98,1.09
733.4710023403168,30,0.0,18.05,19.54,19.82,,19.82,-10.0,1.11,0.98,1.09
733.9718244075775,30,0.0,18.05,19.54,19.82,,19.82,-10.0,1.1,0.98,1.09
734.4739181995392,30,0.0,18.05,19.54,19.82,,19.82,-10.0,1.11,0.98,1.09
734.9875996112823,30,0.0,18.05,19.54,19.82,,19.82,-10.0,1.11,0.98,1.09
735.4876008033752,30,0.0,18.05,19.54,19.82,,19.82,-10.0,1.1,0.98,1.09
735.9838995933533,30,0.0,18.05,19.54,19.82,,19.82,-10.0,1.1,0.98,1.09
736.4825291633606,30,0.0,18.09,19.54,19.82,,19.82,-10.0,1.1,0.98,1.09
736.9807546138763,30,0.0,18.09,19.54,19.82,,19.82,-10.0,1.1,0.98,1.09
737.483154296875,30,0.0,18.05,19.54,19.82,,19.82,-10.0,1.1,0.98,1.09
737.9860892295837,30,0.0,18.05,19.54,19.82,,19.82,-10.0,1.1,0.98,1.09
738.4878952503204,30,0.0,18.05,19.54,19.82,,19.82,-10.0,1.1,0.98,1.09
738.9875564575195,30,0.0,18.05,19.54,19.82,,19.82,-10.0,1.1,0.98,1.09
739.4865520000458,30,0.0,18.05,19.54,19.82,,19.82,-10.0,1.1,0.98,1.09
740.0028605461121,30,0.0,18.05,19.54,19.82,,19.82,-10.0,1.1,0.98,1.09
740.4981706142426,30,0.0,18.05,19.54,19.82,,19.82,-10.0,1.1,0.98,1.09
740.9986884593964,30,0.0,18.05,19.54,19.82,,19.82,-10.0,1.1,0.98,1.09
741.4997396469116,30,0.0,18.05,19.54,19.82,,19.82,-10.0,1.1,0.98,1.09
741.9984192848206,30,0.0,18.05,19.54,19.82,,19.82,-10.0,1.1,0.98,1.09
742.4972379207611,30,0.0,18.05,19.54,19.82,,19.82,-10.0,1.1,0.98,1.09
742.9974172115326,30,0.0,18.05,19.54,19.82,,19.82,-10.0,1.1,0.98,1.09
743.4972882270813,30,0.0,18.05,19.54,19.82,,19.82,-10.0,1.1,0.98,1.09
743.9979784488678,30,0.0,18.05,19.54,19.82,,19.82,-10.0,1.1,0.98,1.09
744.5135717391968,30,0.0,18.05,19.54,19.82,,19.82,-10.0,1.1,0.98,1.09
745.0131697654724,30,0.0,18.05,19.54,19.82,,19.82,-10.0,1.1,0.98,1.09
745.5133371353149,30,0.0,18.05,19.54,19.82,,19.82,-10.0,1.1,0.98,1.09
746.0141837596893,30,0.0,18.05,19.54,19.82,,19.82,-10.0,1.1,0.98,1.09
746.511204957962,30,0.0,18.05,19.54,19.82,,19.82,-10.0,1.1,0.98,1.09
747.0133512020111,30,0.0,18.05,19.54,19.82,,19.82,-10.0,1.1,0.98,1.09
747.5100553035736,30,0.0,18.05,19.54,19.82,,19.82,-10.0,1.1,0.98,1.09
748.0093219280243,30,0.0,18.05,19.5,19.82,,19.82,-10.0,1.1,0.98,1.09
748.523268699646,30,0.0,18.05,19.54,19.82,,19.82,-10.0,1.1,0.98,1.09
749.0251190662384,30,0.0,18.05,19.54,19.82,,19.82,-10.0,1.1,0.98,1.09
749.5242872238159,30,0.0,18.05,19.54,19.82,,19.82,-10.0,1.11,0.98,1.09
750.0223894119263,30,0.0,18.05,19.5,19.82,,19.82,-10.0,1.1,0.98,1.09
750.5254151821136,30,0.0,18.05,19.5,19.82,,19.82,-10.0,1.1,0.98,1.09
751.0220515727997,30,0.0,18.05,19.5,19.82,,19.82,-10.0,1.1,0.98,1.09
751.5221242904663,30,0.0,18.05,19.5,19.82,,19.82,-10.0,1.1,0.98,1.09
752.0244369506836,30,0.0,18.05,19.5,19.82,,19.82,-10.0,1.1,0.98,1.09
752.5212023258209,30,0.0,18.05,19.5,19.82,,19.82,-10.0,1.1,0.98,1.09
753.022319316864,30,0.0,18.05,19.5,19.82,,19.82,-10.0,1.1,0.98,1.09
753.5370788574219,30,0.0,18.05,19.5,19.82,,19.82,-10.0,1.1,0.98,1.09
754.0367033481598,30,0.0,18.05,19.5,19.82,,19.82,-10.0,1.1,0.98,1.09
754.5359795093536,30,0.0,18.05,19.5,19.82,,19.82,-10.0,1.1,0.98,1.09
755.037359714508,30,0.0,18.05,19.5,19.82,,19.82,-10.0,1.1,0.98,1.09
755.5338370800018,30,0.0,18.05,19.5,19.82,,19.82,-10.0,1.1,0.98,1.09
756.0339260101318,30,0.0,18.05,19.54,19.82,,19.82,-10.0,1.1,0.98,1.09
756.5392067432404,30,0.0,18.05,19.5,19.82,,19.82,-10.0,1.1,0.98,1.09
757.0335066318512,30,0.0,18.05,19.5,19.82,,19.82,-10.0,1.1,0.98,1.09
757.5479671955109,30,0.0,18.05,19.5,19.82,,19.82,-10.0,1.1,0.98,1.09
758.048830986023,30,0.0,18.05,19.5,19.82,,19.82,-10.0,1.1,0.98,1.09
758.5492634773254,30,0.0,18.05,19.5,19.82,,19.82,-10.0,1.1,0.98,1.09
759.0498998165131,30,0.0,18.05,19.5,19.82,,19.82,-10.0,1.1,0.98,1.09
759.5535833835602,30,0.0,18.05,19.5,19.82,,19.82,-10.0,1.1,0.98,1.09
760.0402543544769,30,0.0,18.05,19.5,19.82,,19.82,-10.0,1.1,0.98,1.09
760.5549807548523,30,0.0,18.05,19.5,19.82,,19.82,-10.0,1.1,0.98,1.09
761.0537090301514,30,0.0,18.05,19.5,19.82,,19.82,-10.0,1.1,0.98,1.09
761.5532867908478,30,0.0,18.05,19.5,19.82,,19.82,-10.0,1.1,0.98,1.09
762.0536069869995,30,0.0,18.05,19.5,19.82,,19.82,-10.0,1.1,0.98,1.09
762.5544216632843,30,0.0,18.05,19.5,19.82,,19.82,-10.0,1.1,0.98,1.09
763.05322265625,30,0.0,18.05,19.54,19.82,,19.82,-10.0,1.1,0.98,1.09
763.5502364635468,30,0.0,18.05,19.54,19.82,,19.82,-10.0,1.1,0.98,1.09
764.0507926940918,30,0.0,18.05,19.54,19.82,,19.82,-10.0,1.1,0.98,1.09
764.5628433227539,30,0.0,18.05,19.5,19.82,,19.82,-10.0,1.1,0.98,1.09
765.0627133846283,30,0.0,18.05,19.5,19.82,,19.82,-10.0,1.1,0.98,1.09
765.5597512722015,30,0.0,18.05,19.5,19.82,,19.82,-10.0,1.1,0.98,1.09
766.0577986240387,30,0.0,18.05,19.5,19.82,,19.82,-10.0,1.1,0.98,1.09
766.5589075088501,30,0.0,18.05,19.5,19.82,,19.82,-10.0,1.1,0.98,1.09
767.0724251270294,30,0.0,18.05,19.5,19.82,,19.82,-10.0,1.1,0.98,1.09
767.572695016861,30,0.0,18.05,19.5,19.82,,19.82,-10.0,1.1,0.98,1.09
768.0695197582245,30,0.0,18.05,19.5,19.82,,19.82,-10.0,1.1,0.98,1.09
768.5698325634003,30,0.0,18.05,19.5,19.82,,19.82,-10.0,1.1,0.98,1.09
769.0702567100525,30,0.0,18.05,19.5,19.82,,19.82,-10.0,1.1,0.98,1.09
769.5668869018555,30,0.0,18.05,19.5,19.82,,19.82,-10.0,1.1,0.98,1.09
770.0822222232819,30,0.0,18.05,19.5,19.79,,19.79,-10.0,1.1,0.98,1.09
770.5787386894226,30,0.0,18.05,19.5,19.82,,19.82,-10.0,1.1,0.98,1.09
771.0778918266296,30,0.0,18.05,19.5,19.79,,19.79,-10.0,1.1,0.98,1.09
771.5772390365601,30,0.0,18.05,19.5,19.82,,19.82,-10.0,1.1,0.98,1.09
772.0779600143433,30,0.0,18.05,19.5,19.79,,19.79,-10.0,1.1,0.98,1.09
772.5763835906982,30,0.0,18.05,19.5,19.79,,19.79,-10.0,1.1,0.98,1.09
773.0765762329102,30,0.0,18.05,19.5,19.79,,19.79,-10.0,1.1,0.98,1.09
773.5894610881805,30,0.0,18.05,19.5,19.79,,19.79,-10.0,1.1,0.98,1.09
774.0874490737915,30,0.0,18.05,19.5,19.79,,19.79,-10.0,1.1,0.98,1.09
774.585480928421,30,0.0,18.05,19.5,19.79,,19.79,-10.0,1.1,0.98,1.09
775.0831580162048,30,0.0,18.05,19.5,19.79,,19.79,-10.0,1.1,0.98,1.09
775.5946717262268,30,0.0,18.05,19.5,19.79,,19.79,-10.0,1.1,0.98,1.09
776.0935750007629,30,0.0,18.05,19.5,19.79,,19.79,-10.0,1.1,0.98,1.09
776.5920715332031,30,0.0,18.05,19.5,19.79,,19.79,-10.0,1.1,0.98,1.09
777.0916845798492,30,0.0,18.05,19.5,19.79,,19.79,-10.0,1.1,0.98,1.09
777.5910737514496,30,0.0,18.05,19.5,19.79,,19.79,-10.0,1.1,0.98,1.09
778.0897028446198,30,0.0,18.05,19.5,19.79,,19.79,-10.0,1.1,0.98,1.09
778.6053731441498,30,0.0,18.05,19.5,19.79,,19.79,-10.0,1.1,0.98,1.09
779.0917043685913,30,0.0,18.05,19.5,19.79,,19.79,-10.0,1.1,0.98,1.09
779.6049983501434,30,0.0,18.05,19.5,19.79,,19.79,-10.0,1.1,0.98,1.09
780.1074736118317,30,0.0,18.05,19.5,19.79,,19.79,-10.0,1.1,0.98,1.09
780.6044335365295,30,0.0,18.05,19.5,19.79,,19.79,-10.0,1.1,0.98,1.09
781.0999910831451,30,0.0,18.05,19.5,19.79,,19.79,-10.0,1.1,0.98,1.09
781.6012525558472,30,0.0,18.05,19.5,19.79,,19.79,-10.0,1.1,0.98,1.09
782.107752084732,30,0.0,18.05,19.5,19.79,,19.79,-10.0,1.1,0.98,1.09
782.6037819385529,30,0.0,18.05,19.5,19.79,,19.79,-10.0,1.1,0.98,1.09
783.1147406101227,30,0.0,18.05,19.5,19.79,,19.79,-10.0,1.1,0.98,1.09
783.6142296791077,30,0.0,18.05,19.5,19.79,,19.79,-10.0,1.1,0.98,1.09
784.1131155490875,30,0.0,18.05,19.5,19.79,,19.79,-10.0,1.1,0.98,1.09
784.6079306602478,30,0.0,18.05,19.5,19.79,,19.79,-10.0,1.1,0.98,1.09
785.107150554657,30,0.0,18.05,19.5,19.79,,19.79,-10.0,1.1,0.98,1.09
785.6238090991974,30,0.0,18.05,19.5,19.79,,19.79,-10.0,1.1,0.98,1.09
786.1243591308594,30,0.0,18.05,19.5,19.79,,19.79,-10.0,1.1,0.98,1.09
786.6248605251312,30,0.0,18.05,19.5,19.79,,19.79,-10.0,1.1,0.98,1.09
787.1241335868835,30,0.0,18.05,19.5,19.79,,19.79,-10.0,1.1,0.98,1.09
787.6241750717163,30,0.0,18.05,19.5,19.79,,19.79,-10.0,1.1,0.98,1.09
788.1242611408234,30,0.0,18.05,19.5,19.79,,19.79,-10.0,1.1,0.98,1.09
788.624119758606,30,0.0,18.05,19.5,19.79,,19.79,-10.0,1.1,0.98,1.09
789.1241872310638,30,0.0,18.05,19.5,19.79,,19.79,-10.0,1.1,0.98,1.09
789.6242048740387,30,0.0,18.05,19.5,19.79,,19.79,-10.0,1.1,0.98,1.09
790.1233351230621,30,0.0,18.05,19.5,19.79,,19.79,-10.0,1.1,0.98,1.09
790.6215462684631,30,0.0,18.05,19.5,19.79,,19.79,-10.0,1.1,0.98,1.09
791.1333065032959,30,0.0,18.05,19.5,19.79,,19.79,-10.0,1.1,0.98,1.09
791.6327662467957,30,0.0,18.05,19.5,19.79,,19.79,-10.0,1.1,0.98,1.09
792.1297764778137,30,0.0,18.05,19.5,19.79,,19.79,-10.0,1.1,0.98,1.09
792.6411654949188,30,0.0,18.05,19.5,19.79,,19.79,-10.0,1.1,0.97,1.09
793.141547203064,30,0.0,18.05,19.5,19.79,,19.79,-10.0,1.1,0.98,1.09
793.6414036750793,30,0.0,18.05,19.5,19.79,,19.79,-10.0,1.1,0.98,1.09
794.1387584209442,30,0.0,18.05,19.5,19.79,,19.79,-10.0,1.1,0.98,1.09
794.6382575035095,30,0.0,18.05,19.5,19.79,,19.79,-10.0,1.1,0.98,1.09
795.1377191543579,30,0.0,18.05,19.5,19.79,,19.79,-10.0,1.1,0.97,1.09
795.6475477218628,30,0.0,18.05,19.5,19.79,,19.79,-10.0,1.1,0.98,1.09
796.1490981578827,30,0.0,18.0,19.5,19.79,,19.79,-10.0,1.1,0.98,1.09
796.6489131450653,30,0.0,18.0,19.5,19.79,,19.79,-10.0,1.1,0.98,1.09
797.1450605392456,30,0.0,18.0,19.47,19.79,,19.79,-10.0,1.1,0.98,1.09
797.6468033790588,30,0.0,18.05,19.5,19.79,,19.79,-10.0,1.1,0.98,1.09
798.143349647522,30,0.0,18.05,19.5,19.79,,19.79,-10.0,1.1,0.97,1.09
798.6442165374756,30,0.0,18.05,19.5,19.79,,19.79,-10.0,1.1,0.97,1.09
799.1576290130615,30,0.0,18.0,19.5,19.79,,19.79,-10.0,1.1,0.97,1.09
799.6555178165436,30,0.0,18.0,19.47,19.79,,19.79,-10.0,1.1,0.98,1.09
800.1573543548584,30,0.0,18.05,19.47,19.79,,19.79,-10.0,1.1,0.97,1.09
800.6634125709534,30,0.0,18.0,19.47,19.79,,19.79,-10.0,1.1,0.97,1.09
801.1506617069244,30,0.0,18.05,19.47,19.79,,19.79,-10.0,1.1,0.97,1.09
801.6651754379272,30,0.0,18.0,19.47,19.75,,19.75,-10.0,1.1,0.97,1.09
802.1641201972961,30,0.0,18.05,19.47,19.79,,19.79,-10.0,1.1,0.97,1.09
802.6579899787903,30,0.0,18.05,19.47,19.79,,19.79,-10.0,1.1,0.97,1.09
803.1572258472443,30,0.0,18.05,19.47,19.79,,19.79,-10.0,1.1,0.97,1.09
803.6574733257294,30,0.0,18.05,19.5,19.75,,19.75,-10.0,1.1,0.97,1.09
804.1694147586823,30,0.0,18.0,19.47,19.79,,19.79,-10.0,1.1,0.97,1.09
804.669497013092,30,0.0,18.0,19.47,19.79,,19.79,-10.0,1.1,0.97,1.09
805.168657541275,30,0.0,18.05,19.47,19.79,,19.79,-10.0,1.1,0.97,1.09
805.6684966087341,30,0.0,18.05,19.47,19.75,,19.75,-10.0,1.1,0.97,1.09
806.1687495708466,30,0.0,18.0,19.5,19.79,,19.79,-10.0,1.1,0.98,1.09
806.6669149398804,30,0.0,18.05,19.47,19.75,,19.75,-10.0,1.1,0.98,1.09
807.1671323776245,30,0.0,18.05,19.5,19.79,,19.79,-10.0,1.1,0.97,1.09
807.6802515983582,30,0.0,18.0,19.47,19.79,,19.79,-10.0,1.1,0.97,1.09
808.18070936203,30,0.0,18.0,19.5,19.79,,19.79,-10.0,1.1,0.97,1.09
808.680233001709,30,0.0,18.0,19.5,19.79,,19.79,-10.0,1.1,0.97,1.09
809.1792504787445,30,0.0,18.0,19.47,19.79,,19.79,-10.0,1.1,0.97,1.09
809.6785426139832,30,0.0,18.0,19.47,19.75,,19.75,-10.0,1.1,0.97,1.09
810.1806266307831,30,0.0,18.05,19.47,19.79,,19.79,-10.0,1.1,0.97,1.09
810.6774754524231,30,0.0,18.05,19.5,19.79,,19.79,-10.0,1.1,0.97,1.09
811.1776719093323,30,0.0,18.0,19.47,19.75,,19.75,-10.0,1.1,0.97,1.09
811.6921172142029,30,0.0,18.0,19.5,19.79,,19.79,-10.0,1.1,0.97,1.09
812.1908936500549,30,0.0,18.0,19.5,19.75,,19.75,-10.0,1.1,0.97,1.09
812.6888892650604,30,0.0,18.0,19.47,19.75,,19.75,-10.0,1.1,0.97,1.09
813.1867842674255,30,0.0,18.0,19.47,19.79,,19.79,-10.0,1.1,0.98,1.09
813.6864993572235,30,0.0,18.0,19.47,19.79,,19.79,-10.0,1.1,0.97,1.09
814.1888070106506,30,0.0,18.0,19.47,19.75,,19.75,-10.0,1.1,0.97,1.09
814.6892356872559,30,0.0,18.0,19.47,19.79,,19.79,-10.0,1.1,0.98,1.09
815.1874563694,30,0.0,18.0,19.5,19.79,,19.79,-10.0,1.1,0.98,1.09
815.7000870704651,30,0.0,18.0,19.47,19.79,,19.79,-10.0,1.1,0.97,1.09
816.1991939544678,30,0.0,18.0,19.47,19.79,,19.79,-10.0,1.1,0.98,1.09
816.6946756839752,30,0.0,18.0,19.47,19.79,,19.79,-10.0,1.1,0.97,1.09
817.1972525119781,30,0.0,18.0,19.47,19.79,,19.79,-10.0,1.1,0.97,1.09
817.6957306861877,30,0.0,18.0,19.5,19.79,,19.79,-10.0,1.1,0.97,1.09
818.2087678909302,30,0.0,18.0,19.5,19.79,,19.79,-10.0,1.1,0.97,1.09
818.7106719017029,30,0.0,18.0,19.47,19.79,,19.79,-10.0,1.1,0.97,1.09
819.2096009254456,30,0.0,18.0,19.47,19.79,,19.79,-10.0,1.1,0.97,1.09
819.7129049301147,30,0.0,18.0,19.47,19.79,,19.79,-10.0,1.1,0.97,1.09
820.2140877246857,30,0.0,18.0,19.47,19.79,,19.79,-10.0,1.1,0.97,1.09
820.7139217853546,30,0.0,18.0,19.47,19.79,,19.79,-10.0,1.1,0.98,1.09
821.2120687961578,30,0.0,18.0,19.47,19.79,,19.79,-10.0,1.1,0.98,1.09
821.711591720581,30,0.0,18.0,19.47,19.79,,19.79,-10.0,1.1,0.98,1.09
822.2095146179199,30,0.0,18.0,19.47,19.79,,19.79,-10.0,1.1,0.98,1.09
822.7095046043396,30,0.0,18.0,19.47,19.79,,19.79,-10.0,1.1,0.97,1.09
823.2229754924774,30,0.0,18.0,19.5,19.79,,19.79,-10.0,1.1,0.97,1.09
823.7213137149811,30,0.0,18.0,19.47,19.79,,19.79,-10.0,1.1,0.97,1.09
824.2254736423492,30,0.0,18.0,19.47,19.79,,19.79,-10.0,1.1,0.97,1.09
824.7207903862,30,0.0,18.05,19.47,19.79,,19.79,-10.0,1.1,0.97,1.09
825.2183060646057,30,0.0,18.05,19.47,19.79,,19.79,-10.0,1.1,0.97,1.09
825.7156820297241,30,0.0,18.05,19.47,19.79,,19.79,-10.0,1.1,0.97,1.09
826.216427564621,30,0.0,18.0,19.47,19.79,,19.79,-10.0,1.1,0.97,1.09
826.7336900234222,30,0.0,18.0,19.47,19.79,,19.79,-10.0,1.1,0.97,1.09
827.230397939682,30,0.0,18.0,19.47,19.79,,19.79,-10.0,1.1,0.97,1.09
827.7278003692627,30,0.0,18.0,19.47,19.79,,19.79,-10.0,1.1,0.97,1.09
828.2252771854401,30,0.0,18.0,19.47,19.79,,19.79,-10.0,1.1,0.97,1.09
828.7231528759003,30,0.0,18.0,19.47,19.79,,19.79,-10.0,1.1,0.98,1.09
829.238288640976,30,0.0,18.05,19.47,19.79,,19.79,-10.0,1.1,0.98,1.09
829.7351632118225,30,0.0,18.05,19.5,19.79,,19.79,-10.0,1.1,0.98,1.09
830.2327032089233,30,0.0,18.05,19.5,19.79,,19.79,-10.0,1.1,0.97,1.09
830.7325463294983,30,0.0,18.05,19.5,19.79,,19.79,-10.0,1.1,0.98,1.09
831.2315154075623,30,0.0,18.05,19.47,19.79,,19.79,-10.0,1.1,0.98,1.09
831.7432157993317,30,0.0,18.05,19.5,19.79,,19.79,-10.0,1.1,0.98,1.09
832.2441413402557,30,0.0,18.05,19.5,19.79,,19.79,-10.0,1.1,0.98,1.09
832.7454841136932,30,0.0,18.05,19.5,19.79,,19.79,-10.0,1.1,0.98,1.09
833.2457287311554,30,0.0,18.05,19.5,19.79,,19.79,-10.0,1.1,0.98,1.09
833.7482471466064,30,0.0,18.05,19.47,19.79,,19.79,-10.0,1.1,0.98,1.09
834.2479569911957,30,0.0,18.05,19.5,19.79,,19.79,-10.0,1.1,0.98,1.09
834.7486438751221,30,0.0,18.05,19.5,19.79,,19.79,-10.0,1.1,0.98,1.09
835.2507648468018,30,0.0,18.05,19.5,19.79,,19.79,-10.0,1.1,0.98,1.09
835.7490165233612,30,0.0,18.05,19.5,19.79,,19.79,-10.0,1.1,0.98,1.09
836.2462615966797,30,0.0,18.05,19.5,19.79,,19.79,-10.0,1.1,0.98,1.09
836.7443158626556,30,0.0,18.05,19.5,19.79,,19.79,-10.0,1.1,0.98,1.09
837.2588441371918,30,0.0,18.05,19.5,19.79,,19.79,-10.0,1.1,0.98,1.09
837.756560087204,30,0.0,18.05,19.5,19.79,,19.79,-10.0,1.1,0.97,1.09
838.2539925575256,30,0.0,18.05,19.5,19.79,,19.79,-10.0,1.1,0.98,1.09
838.7558045387268,30,0.0,18.05,19.5,19.79,,19.79,-10.0,1.1,0.98,1.09
839.253803730011,30,0.0,18.05,19.47,19.79,,19.79,-10.0,1.1,0.98,1.09
839.7552556991577,30,0.0,18.05,19.5,19.79,,19.79,-10.0,1.1,0.98,1.09
840.2553625106812,30,0.0,18.05,19.5,19.79,,19.79,-10.0,1.1,0.98,1.09
840.7553844451904,30,0.0,18.05,19.5,19.79,,19.79,-10.0,1.1,0.98,1.09
841.2692105770111,30,0.0,18.05,19.5,19.79,,19.79,-10.0,1.1,0.98,1.09
841.7699155807495,30,0.0,18.05,19.5,19.79,,19.79,-10.0,1.1,0.98,1.09
842.270101070404,30,0.0,18.05,19.47,19.79,,19.79,-10.0,1.1,0.98,1.09
842.7696726322174,30,0.0,18.05,19.5,19.79,,19.79,-10.0,1.1,0.97,1.09
843.2709708213806,30,0.0,18.05,19.5,19.79,,19.79,-10.0,1.1,0.98,1.09
843.7708103656769,30,0.0,18.05,19.5,19.79,,19.79,-10.0,1.1,0.97,1.09
844.2696440219879,30,0.0,18.05,19.5,19.79,,19.79,-10.0,1.1,0.98,1.09
844.7659649848938,30,0.0,18.05,19.5,19.79,,19.79,-10.0,1.1,0.98,1.09
845.2777826786041,30,0.0,18.05,19.5,19.79,,19.79,-10.0,1.1,0.98,1.09
845.7761187553406,30,0.0,18.05,19.47,19.79,,19.79,-10.0,1.1,0.98,1.09
846.2730836868286,30,0.0,18.05,19.5,19.79,,19.79,-10.0,1.1,0.98,1.09
846.773553609848,30,0.0,18.05,19.47,19.79,,19.79,-10.0,1.1,0.98,1.09
847.2751727104187,30,0.0,18.05,19.5,19.79,,19.79,-10.0,1.1,0.98,1.09
847.7738561630249,30,0.0,18.05,19.5,19.79,,19.79,-10.0,1.1,0.98,1.09
848.2891726493835,30,0.0,18.05,19.5,19.79,,19.79,-10.0,1.1,0.98,1.09
848.7906384468079,30,0.0,18.05,19.5,19.79,,19.79,-10.0,1.1,0.97,1.09
849.2894079685211,30,0.0,18.05,19.5,19.79,,19.79,-10.0,1.1,0.98,1.09
849.7888553142548,30,0.0,18.05,19.5,19.79,,19.79,-10.0,1.1,0.98,1.09
850.2879281044006,30,0.0,18.05,19.47,19.79,,19.79,-10.0,1.1,0.98,1.09
850.7865629196167,30,0.0,18.05,19.5,19.79,,19.79,-10.0,1.1,0.98,1.09
851.2851235866547,30,0.0,18.05,19.5,19.79,,19.79,-10.0,1.1,0.98,1.09
851.7850856781006,30,0.0,18.05,19.5,19.79,,19.79,-10.0,1.1,0.98,1.09
852.2973623275757,30,0.0,18.05,19.5,19.79,,19.79,-10.0,1.1,0.98,1.09
852.7957789897919,30,0.0,18.05,19.5,19.79,,19.79,-10.0,1.1,0.97,1.09
853.2971739768982,30,0.0,18.05,19.5,19.79,,19.79,-10.0,1.1,0.98,1.09
853.7933542728424,30,0.0,18.05,19.5,19.79,,19.79,-10.0,1.1,0.98,1.09
854.2913928031921,30,0.0,18.05,19.5,19.79,,19.79,-10.0,1.1,0.98,1.09
854.8028156757355,30,0.0,18.05,19.47,19.79,,19.79,-10.0,1.1,0.98,1.09
855.3058881759644,30,0.0,18.05,19.5,19.79,,19.79,-10.0,1.1,0.97,1.09
855.795618057251,30,0.0,18.05,19.5,19.79,,19.79,-10.0,1.1,0.98,1.09
856.3067142963409,30,0.0,18.05,19.5,19.79,,19.79,-10.0,1.1,0.98,1.09
856.8054451942444,30,0.0,18.05,19.5,19.79,,19.79,-10.0,1.1,0.98,1.09
857.3037762641907,30,0.0,18.05,19.5,19.79,,19.79,-10.0,1.1,0.98,1.09
857.8089244365692,30,0.0,18.05,19.5,19.79,,19.79,-10.0,1.1,0.98,1.09
858.3088190555573,30,0.0,18.05,19.5,19.79,,19.79,-10.0,1.1,0.98,1.09
858.8078882694244,30,0.0,18.05,19.5,19.79,,19.79,-10.0,1.1,0.98,1.09
859.3117301464081,30,0.0,18.05,19.5,19.79,,19.79,-10.0,1.1,0.98,1.09
859.8079998493195,30,0.0,18.05,19.5,19.79,,19.79,-10.0,1.1,0.98,1.09
860.3095192909241,30,0.0,18.05,19.5,19.79,,19.79,-10.0,1.1,0.98,1.09
860.8088870048523,30,0.0,18.05,19.5,19.79,,19.79,-10.0,1.1,0.98,1.09
861.309374332428,30,0.0,18.05,19.5,19.79,,19.79,-10.0,1.1,0.98,1.09
861.8232986927032,30,0.0,18.05,19.5,19.79,,19.79,-10.0,1.1,0.98,1.09
862.3234462738037,30,0.0,18.05,19.5,19.79,,19.79,-10.0,1.1,0.98,1.09
862.8250641822815,30,0.0,18.05,19.5,19.79,,19.79,-10.0,1.1,0.98,1.09
863.3205289840698,30,0.0,18.05,19.5,19.79,,19.79,-10.0,1.1,0.98,1.09
863.8174993991852,30,0.0,18.05,19.5,19.79,,19.79,-10.0,1.1,0.98,1.09
864.3334634304047,30,0.0,18.05,19.5,19.79,,19.79,-10.0,1.1,0.98,1.09
864.8305044174194,30,0.0,18.05,19.5,19.79,,19.79,-10.0,1.1,0.98,1.09
865.3320934772491,30,0.0,18.05,19.5,19.79,,19.79,-10.0,1.1,0.98,1.09
865.8300487995148,30,0.0,18.05,19.5,19.79,,19.79,-10.0,1.1,0.98,1.09
866.3294913768768,30,0.0,18.05,19.5,19.79,,19.79,-10.0,1.1,0.98,1.09
866.8279764652252,30,0.0,18.05,19.5,19.79,,19.79,-10.0,1.1,0.98,1.09
867.3266959190369,30,0.0,18.05,19.5,19.79,,19.79,-10.0,1.1,0.98,1.09
867.8266386985779,30,0.0,18.05,19.5,19.79,,19.79,-10.0,1.1,0.97,1.09
868.3392615318298,30,0.0,18.05,19.5,19.79,,19.79,-10.0,1.11,0.97,1.09
868.8373937606812,30,0.0,18.05,19.5,19.79,,19.79,-10.0,1.11,0.98,1.09
869.340836763382,30,0.0,18.05,19.5,19.79,,19.79,-10.0,1.1,0.98,1.09
869.8358433246613,30,0.0,18.05,19.5,19.79,,19.79,-10.0,1.1,0.98,1.09
870.3353719711304,30,0.0,18.05,19.5,19.79,,19.79,-10.0,1.1,0.98,1.09
870.8370003700256,30,0.0,18.09,19.5,19.79,,19.79,-10.0,1.1,0.98,1.09
871.3368895053864,30,0.0,18.05,19.5,19.79,,19.79,-10.0,1.1,0.98,1.09
871.8503460884094,30,0.0,18.05,19.5,19.79,,19.79,-10.0,1.1,0.98,1.09
872.3475704193115,30,0.0,18.05,19.5,19.79,,19.79,-10.0,1.1,0.98,1.09
872.8469657897949,30,0.0,18.05,19.5,19.79,,19.79,-10.0,1.1,0.98,1.09
873.3462798595428,30,0.0,18.05,19.5,19.79,,19.79,-10.0,1.1,0.98,1.09
873.8447344303131,30,0.0,18.05,19.5,19.79,,19.79,-10.0,1.1,0.98,1.09
874.345466375351,30,0.0,18.05,19.5,19.79,,19.79,-10.0,1.1,0.98,1.09
874.859367609024,30,0.0,18.05,19.5,19.79,,19.79,-10.0,1.1,0.98,1.09
875.3593385219574,30,0.0,18.05,19.5,19.79,,19.79,-10.0,1.1,0.98,1.09
875.8585298061371,30,0.0,18.05,19.5,19.79,,19.79,-10.0,1.1,0.98,1.09
876.3576729297638,30,0.0,18.05,19.5,19.79,,19.79,-10.0,1.1,0.98,1.09
876.8547608852386,30,0.0,18.05,19.5,19.79,,19.79,-10.0,1.1,0.98,1.09
877.3542995452881,30,0.0,18.05,19.5,19.79,,19.79,-10.0,1.1,0.98,1.09
877.8676066398621,30,0.0,18.05,19.5,19.79,,19.79,-10.0,1.1,0.98,1.09
878.3664009571075,30,0.0,18.05,19.5,19.79,,19.79,-10.0,1.1,0.98,1.09
878.8675155639648,30,0.0,18.05,19.5,19.79,,19.79,-10.0,1.1,0.98,1.09
879.3672633171082,30,0.0,18.05,19.5,19.79,,19.79,-10.0,1.1,0.98,1.09
879.866779088974,30,0.0,18.05,19.5,19.79,,19.79,-10.0,1.1,0.98,1.09
880.3668417930603,30,0.0,18.05,19.5,19.79,,19.79,-10.0,1.1,0.98,1.09
880.8658702373505,30,0.0,18.05,19.5,19.79,,19.79,-10.0,1.1,0.98,1.09
881.3637235164642,30,0.0,18.05,19.5,19.79,,19.79,-10.0,1.1,0.98,1.09
881.8785717487335,30,0.0,18.05,19.5,19.79,,19.79,-10.0,1.1,0.98,1.09
882.3659565448761,30,0.0,18.05,19.5,19.79,,19.79,-10.0,1.1,0.98,1.09
882.8801186084747,30,0.0,18.05,19.5,19.79,,19.79,-10.0,1.1,0.98,1.09
883.377445936203,30,0.0,18.05,19.5,19.79,,19.79,-10.0,1.1,0.98,1.09
883.876904964447,30,0.0,18.05,19.5,19.79,,19.79,-10.0,1.1,0.98,1.09
884.3720743656158,30,0.0,18.05,19.5,19.79,,19.79,-10.0,1.1,0.98,1.09
884.8719453811646,30,0.0,18.05,19.5,19.79,,19.79,-10.0,1.1,0.98,1.09
885.3846590518951,30,0.0,18.05,19.5,19.79,,19.79,-10.0,1.1,0.98,1.09
885.8849112987518,30,0.0,18.05,19.5,19.79,,19.79,-10.0,1.1,0.98,1.09
886.3788921833038,30,0.0,18.05,19.5,19.79,,19.79,-10.0,1.1,0.98,1.09
886.8770613670349,30,0.0,18.05,19.5,19.79,,19.79,-10.0,1.1,0.98,1.09
887.3895137310028,30,0.0,18.05,19.5,19.79,,19.79,-10.0,1.1,0.98,1.09
887.8882019519806,30,0.0,18.05,19.5,19.79,,19.79,-10.0,1.1,0.98,1.09
888.3881363868713,30,0.0,18.05,19.5,19.79,,19.79,-10.0,1.1,0.98,1.09
888.8874638080597,30,0.0,18.05,19.5,19.79,,19.79,-10.0,1.1,0.98,1.09
889.3864307403564,30,0.0,18.05,19.5,19.79,,19.79,-10.0,1.1,0.98,1.09
889.8860814571381,30,0.0,18.05,19.5,19.79,,19.79,-10.0,1.1,0.98,1.09
890.3866226673126,30,0.0,18.05,19.5,19.79,,19.79,-10.0,1.1,0.98,1.09
890.9007663726807,30,0.0,18.05,19.5,19.79,,19.79,-10.0,1.1,0.98,1.09
891.4009454250336,30,0.0,18.05,19.5,19.79,,19.79,-10.0,1.1,0.98,1.09
891.8982954025269,30,0.0,18.05,19.5,19.79,,19.79,-10.0,1.1,0.98,1.09
892.3986403942108,30,0.0,18.05,19.5,19.79,,19.79,-10.0,1.1,0.98,1.09
892.8975594043732,30,0.0,18.05,19.5,19.79,,19.79,-10.0,1.1,0.98,1.09
893.3980360031128,30,0.0,18.05,19.5,19.79,,19.79,-10.0,1.1,0.98,1.09
893.8978657722473,30,0.0,18.05,19.5,19.79,,19.79,-10.0,1.1,0.98,1.09
894.3990542888641,30,0.0,18.05,19.5,19.79,,19.79,-10.0,1.1,0.98,1.09
894.9111092090607,30,0.0,18.05,19.5,19.79,,19.79,-10.0,1.1,0.98,1.09
895.4072020053864,30,0.0,18.05,19.5,19.79,,19.79,-10.0,1.1,0.98,1.09
895.90473985672,30,0.0,18.05,19.5,19.79,,19.79,-10.0,1.1,0.98,1.09
896.4149987697601,30,0.0,18.05,19.5,19.79,,19.79,-10.0,1.1,0.98,1.09
896.9100303649902,30,0.0,18.05,19.5,19.79,,19.79,-10.0,1.1,0.98,1.09
897.4083440303802,30,0.0,18.05,19.5,19.79,,19.79,-10.0,1.1,0.98,1.09
897.909316778183,30,0.0,18.05,19.5,19.79,,19.79,-10.0,1.1,0.98,1.09
898.4082016944885,30,0.0,18.05,19.5,19.79,,19.79,-10.0,1.1,0.98,1.09
898.9220716953278,30,0.0,18.05,19.5,19.79,,19.79,-10.0,1.1,0.98,1.09
899.4221267700195,30,0.0,18.05,19.5,19.79,,19.79,-10.0,1.1,0.98,1.09
899.917699098587,30,0.0,18.05,19.5,19.79,,19.79,-10.0,1.1,0.98,1.09
900.4181909561157,30,0.0,18.05,19.5,19.79,,19.79,-10.0,1.1,0.98,1.09
900.9190170764923,30,0.0,18.05,19.5,19.79,,19.79,-10.0,1.1,0.98,1.09
901.4170706272125,30,0.0,18.05,19.5,19.79,,19.79,-10.0,1.1,0.98,1.09
901.9305384159088,30,0.0,18.05,19.5,19.79,,19.79,-10.0,1.1,0.98,1.09
902.4331164360046,30,0.0,18.05,19.5,19.79,,19.79,-10.0,1.1,0.98,1.09
902.9278085231781,30,0.0,18.05,19.5,19.79,,19.79,-10.0,1.1,0.98,1.09
903.4246883392334,30,0.0,18.05,19.5,19.79,,19.79,-10.0,1.1,0.98,1.09
903.923867225647,30,0.0,18.05,19.5,19.79,,19.79,-10.0,1.1,0.98,1.09
904.4235506057739,30,0.0,18.05,19.5,19.79,,19.79,-10.0,1.1,0.98,1.09
904.9391348361969,30,0.0,18.05,19.5,19.79,,19.79,-10.0,1.1,0.98,1.09
905.4372630119324,30,0.0,18.05,19.5,19.79,,19.79,-10.0,1.1,0.98,1.09
905.938588142395,30,0.0,18.05,19.5,19.79,,19.79,-10.0,1.1,0.98,1.09
906.4362487792969,30,0.0,18.05,19.5,19.79,,19.79,-10.0,1.1,0.98,1.09
906.9353337287903,30,0.0,18.05,19.5,19.79,,19.79,-10.0,1.1,0.98,1.09
907.444682598114,30,0.0,18.05,19.5,19.79,,19.79,-10.0,1.1,0.98,1.09
907.9420530796051,30,0.0,18.05,19.5,19.79,,19.79,-10.0,1.1,0.98,1.09
908.4418971538544,30,0.0,18.05,19.5,19.79,,19.79,-10.0,1.1,0.98,1.09
908.9425768852234,30,0.0,18.05,19.5,19.79,,19.79,-10.0,1.1,0.98,1.09
909.4399740695953,30,0.0,18.05,19.5,19.79,,19.79,-10.0,1.1,0.98,1.09
909.9405369758606,30,0.0,18.05,19.5,19.79,,19.79,-10.0,1.1,0.98,1.09
910.4529414176941,30,0.0,18.05,19.5,19.79,,19.79,-10.0,1.1,0.98,1.09
910.951263666153,30,0.0,18.05,19.5,19.79,,19.79,-10.0,1.1,0.98,1.09
911.4482917785645,30,0.0,18.05,19.5,19.79,,19.79,-10.0,1.1,0.98,1.09
911.9451835155487,30,0.0,18.05,19.5,19.79,,19.79,-10.0,1.1,0.98,1.09
912.4557828903198,30,0.0,18.05,19.5,19.79,,19.79,-10.0,1.1,0.98,1.09
912.9529452323914,30,0.0,18.05,19.5,19.79,,19.79,-10.0,1.1,0.98,1.09
913.4530603885651,30,0.0,18.05,19.5,19.79,,19.79,-10.0,1.1,0.98,1.09
913.9501073360443,30,0.0,18.05,19.5,19.79,,19.79,-10.0,1.1,0.98,1.09
914.4639134407043,30,0.0,18.05,19.5,19.79,,19.79,-10.0,1.1,0.98,1.09
914.9604609012604,30,0.0,18.05,19.5,19.79,,19.79,-10.0,1.1,0.98,1.09
915.460470199585,30,0.0,18.09,19.5,19.79,,19.79,-10.0,1.1,0.98,1.09
915.9601595401764,30,0.0,18.09,19.5,19.79,,19.79,-10.0,1.1,0.98,1.09
916.4553689956665,30,0.0,18.05,19.5,19.79,,19.79,-10.0,1.1,0.98,1.09
916.9681079387665,30,0.0,18.05,19.5,19.79,,19.79,-10.0,1.1,0.98,1.09
917.4668300151825,30,0.0,18.05,19.5,19.79,,19.79,-10.0,1.1,0.98,1.09
917.9682061672211,30,0.0,18.05,19.5,19.79,,19.79,-10.0,1.1,0.98,1.09
918.4713320732117,30,0.0,18.05,19.5,19.79,,19.79,-10.0,1.1,0.98,1.09
918.9713003635406,30,0.0,18.05,19.5,19.79,,19.79,-10.0,1.1,0.98,1.09
919.4701025485992,30,0.0,18.05,19.5,19.79,,19.79,-10.0,1.1,0.98,1.09
919.9705955982208,30,0.0,18.05,19.5,19.79,,19.79,-10.0,1.1,0.98,1.09
920.4715189933777,30,0.0,18.05,19.5,19.79,,19.79,-10.0,1.11,0.98,1.09
920.9721932411194,30,0.0,18.05,19.5,19.79,,19.79,-10.0,1.1,0.98,1.09
921.4725439548492,30,0.0,18.05,19.5,19.79,,19.79,-10.0,1.1,0.98,1.09
921.9849064350128,30,0.0,18.05,19.5,19.79,,19.79,-10.0,1.1,0.98,1.09
922.4849355220795,30,0.0,18.05,19.5,19.79,,19.79,-10.0,1.1,0.98,1.09
922.9831717014313,30,0.0,18.05,19.5,19.79,,19.79,-10.0,1.1,0.98,1.09
923.4825191497803,30,0.0,18.05,19.5,19.79,,19.79,-10.0,1.1,0.98,1.09
923.9788014888763,30,0.0,18.05,19.5,19.79,,19.79,-10.0,1.1,0.98,1.09
924.4772131443024,30,0.0,18.05,19.5,19.79,,19.79,-10.0,1.1,0.98,1.09
925.0200743675232,30,0.0,18.05,19.5,19.79,,19.79,-10.0,1.1,0.98,1.09
925.4907789230347,30,0.0,18.05,19.5,19.79,,19.79,-10.0,1.1,0.98,1.09
925.9805452823639,30,0.0,18.05,19.5,19.79,,19.79,-10.0,1.1,0.98,1.09
926.4857549667358,30,0.0,18.05,19.5,19.79,,19.79,-10.0,1.1,0.98,1.09
927.0178349018097,30,0.0,18.05,19.5,19.79,,19.79,-10.0,1.1,0.98,1.09
927.4860155582428,30,0.0,18.05,19.5,19.79,,19.79,-10.0,1.1,0.98,1.09
927.9863758087158,30,0.0,18.05,19.5,19.79,,19.79,-10.0,1.11,0.98,1.09
928.5011706352234,30,0.0,18.05,19.5,19.79,,19.79,-10.0,1.11,0.98,1.09
929.001579284668,30,0.0,18.05,19.5,19.79,,19.79,-10.0,1.1,0.98,1.09
929.4986100196838,30,0.0,18.05,19.5,19.79,,19.79,-10.0,1.1,0.98,1.09
929.9984743595123,30,0.0,18.05,19.5,19.79,,19.79,-10.0,1.1,0.98,1.09
930.4984998703003,30,0.0,18.05,19.5,19.79,,19.79,-10.0,1.1,0.98,1.09
930.996972322464,30,0.0,18.09,19.5,19.79,,19.79,-10.0,1.1,0.98,1.09
931.4950296878815,30,0.0,18.05,19.5,19.79,,19.79,-10.0,1.1,0.98,1.09
932.0108194351196,30,0.0,18.05,19.5,19.79,,19.79,-10.0,1.1,0.98,1.09
932.5096759796143,30,0.0,18.05,19.5,19.79,,19.79,-10.0,1.1,0.98,1.09
933.0070722103119,30,0.0,18.05,19.5,19.79,,19.79,-10.0,1.1,0.98,1.09
933.5053117275238,30,0.0,18.05,19.5,19.79,,19.79,-10.0,1.1,0.98,1.09
934.0073919296265,30,0.0,18.05,19.5,19.79,,19.79,-10.0,1.11,0.98,1.09
934.504400730133,30,0.0,18.05,19.5,19.79,,19.79,-10.0,1.1,0.98,1.09
935.0185792446136,30,0.0,18.05,19.5,19.79,,19.79,-10.0,1.1,0.98,1.09
935.5166840553284,30,0.0,18.05,19.5,19.79,,19.79,-10.0,1.1,0.98,1.09
936.0178065299988,30,0.0,18.05,19.5,19.79,,19.79,-10.0,1.1,0.98,1.09
936.5197651386261,30,0.0,18.05,19.5,19.79,,19.79,-10.0,1.1,0.98,1.09
937.0210411548615,30,0.0,18.05,19.5,19.79,,19.79,-10.0,1.1,0.98,1.09
937.522748708725,30,0.0,18.05,19.5,19.79,,19.79,-10.0,1.1,0.98,1.09
938.0227181911469,30,0.0,18.05,19.5,19.79,,19.79,-10.0,1.1,0.98,1.09
938.5234229564667,30,0.0,18.05,19.5,19.79,,19.79,-10.0,1.1,0.98,1.09
939.0257019996643,30,0.0,18.05,19.5,19.79,,19.79,-10.0,1.1,0.98,1.09
939.5249063968658,30,0.0,18.05,19.5,19.79,,19.79,-10.0,1.1,0.98,1.09
940.0242228507996,30,0.0,18.05,19.5,19.79,,19.79,-10.0,1.1,0.98,1.09
940.5191578865051,30,0.0,18.05,19.5,19.79,,19.79,-10.0,1.1,0.98,1.09
941.0318207740784,30,0.0,18.05,19.5,19.79,,19.79,-10.0,1.1,0.98,1.09
941.529168844223,30,0.0,18.05,19.5,19.79,,19.79,-10.0,1.1,0.98,1.09
942.03196144104,30,0.0,18.05,19.5,19.79,,19.79,-10.0,1.1,0.98,1.09
942.528342962265,30,0.0,18.05,19.5,19.79,,19.79,-10.0,1.1,0.98,1.09
943.0276501178741,30,0.0,18.05,19.5,19.79,,19.79,-10.0,1.1,0.98,1.09
943.5303375720978,30,0.0,18.05,19.5,19.79,,19.79,-10.0,1.1,0.98,1.09
944.0290896892548,30,0.0,18.05,19.5,19.79,,19.79,-10.0,1.1,0.98,1.09
944.5428612232208,30,0.0,18.05,19.5,19.79,,19.79,-10.0,1.1,0.98,1.09
945.0448882579803,30,0.0,18.05,19.5,19.79,,19.79,-10.0,1.1,0.98,1.09
945.5439472198486,30,0.0,18.05,19.5,19.79,,19.79,-10.0,1.1,0.98,1.09
946.0418610572815,30,0.0,18.05,19.5,19.79,,19.79,-10.0,1.1,0.98,1.09
946.539354801178,30,0.0,18.05,19.5,19.79,,19.79,-10.0,1.1,0.98,1.09
