Temps (s),Consigne (°C),Erreur (°C),Thermistance 1 - T1 (°C),Thermistance 2 - T2 (°C),Thermistance 3 - T3 (°C),T4',Thermistance 3 estimée - T3_moy (°C),Commande (PWM),Voltage T1 (V),Voltage T2 (V),Voltage T3 (V)
1.3048222064971924,30,0.0,36.62,36.34,36.17,,36.17,-30.0,3.13,3.5,3.37
1.6608800888061523,30,0.0,36.53,36.28,36.14,,36.14,-30.0,3.12,3.5,3.37
2.037043333053589,30,0.0,36.4,36.25,36.14,,36.14,-30.0,3.11,3.49,3.37
2.536573886871338,30,0.0,36.26,36.22,36.1,,36.1,-30.0,3.09,3.49,3.37
3.0339224338531494,30,0.0,36.08,36.15,36.1,,36.1,-30.0,3.07,3.48,3.37
3.5355939865112305,30,0.0,35.86,36.12,36.1,,36.1,-30.0,3.05,3.48,3.37
4.032423496246338,30,0.0,35.64,36.05,36.1,,36.1,-30.0,3.03,3.47,3.37
4.534969091415405,30,0.0,35.41,36.02,36.1,,36.1,-30.0,3.0,3.46,3.37
5.049747705459595,30,0.0,35.14,35.99,36.07,,36.07,-30.0,2.97,3.46,3.37
5.544795513153076,30,0.0,34.87,35.92,36.07,,36.07,-30.0,2.94,3.45,3.36
6.04555606842041,30,0.0,34.65,35.86,36.07,,36.07,-30.0,2.92,3.44,3.36
6.543559312820435,30,0.0,34.38,35.83,36.03,,36.03,-30.0,2.89,3.43,3.36
7.044367551803589,30,0.0,34.16,35.76,36.03,,36.03,-30.0,2.86,3.42,3.36
7.542686700820923,30,0.0,33.89,35.7,36.0,,36.0,-30.0,2.83,3.41,3.35
8.05518627166748,30,0.0,33.67,35.63,36.0,,36.0,-30.0,2.81,3.4,3.35
8.557698011398315,30,0.0,33.44,35.6,35.96,,35.96,-30.0,2.79,3.39,3.35
9.056531190872192,30,0.0,33.22,35.54,35.96,,35.96,-30.0,2.76,3.38,3.35
9.557449340820312,30,0.0,32.99,35.47,35.93,,35.93,-30.0,2.74,3.38,3.34
10.05503249168396,30,0.0,32.77,35.41,35.89,,35.89,-30.0,2.71,3.37,3.34
10.552908658981323,30,0.0,32.59,35.34,35.89,,35.89,-30.0,2.69,3.36,3.34
11.052891731262207,30,0.0,32.37,35.28,35.86,,35.86,-30.0,2.67,3.35,3.33
11.565679550170898,30,0.0,32.19,35.21,35.86,,35.86,-30.0,2.65,3.34,3.33
12.064520835876465,30,0.0,32.01,35.15,35.82,,35.82,-30.0,2.63,3.33,3.33
12.562100648880005,30,0.0,31.83,35.09,35.79,,35.79,-30.0,2.61,3.31,3.32
13.061142444610596,30,0.0,31.65,34.99,35.79,,35.79,-30.0,2.59,3.3,3.32
13.560306549072266,30,0.0,31.47,34.92,35.75,,35.75,-30.0,2.57,3.29,3.32
14.070904016494751,30,0.0,31.34,34.86,35.72,,35.72,-30.0,2.56,3.28,3.31
14.574249744415283,30,0.0,31.16,34.8,35.72,,35.72,-30.0,2.54,3.27,3.31
15.072545766830444,30,0.0,30.98,34.73,35.68,,35.68,-30.0,2.52,3.26,3.31
15.569379568099976,30,0.0,30.85,34.63,35.65,,35.65,-30.0,2.5,3.25,3.3
16.066899299621582,30,0.0,30.67,34.57,35.61,,35.61,-30.0,2.48,3.24,3.3
16.579602003097534,30,0.0,30.53,34.51,35.58,,35.58,-30.0,2.47,3.23,3.29
17.080867052078247,30,0.0,30.4,34.44,35.58,,35.58,-30.0,2.45,3.22,3.29
17.576202154159546,30,0.0,30.22,34.35,35.51,,35.51,-30.0,2.43,3.21,3.29
18.075774908065796,30,0.0,30.09,34.28,35.51,,35.51,-30.0,2.42,3.2,3.28
18.575265884399414,30,0.0,29.95,34.18,35.47,,35.47,-30.0,2.41,3.18,3.28
19.074812412261963,30,0.0,29.82,34.12,35.44,,35.44,-30.0,2.39,3.17,3.27
19.574061393737793,30,0.0,29.68,34.06,35.4,,35.4,-30.0,2.38,3.16,3.27
20.075100898742676,30,0.0,29.59,33.99,35.37,,35.37,-30.0,2.37,3.15,3.26
20.578299045562744,30,0.0,29.46,33.9,35.33,,35.33,-30.0,2.35,3.14,3.26
21.089911460876465,30,0.0,29.33,33.83,35.3,,35.3,-30.0,2.34,3.13,3.26
21.590139627456665,30,0.0,29.19,33.74,35.26,,35.26,-30.0,2.32,3.12,3.25
22.088128089904785,30,0.0,29.1,33.67,35.23,,35.23,-30.0,2.31,3.1,3.25
22.589272260665894,30,0.0,28.97,33.61,35.19,,35.19,-30.0,2.3,3.09,3.24
23.086313724517822,30,0.0,28.83,33.51,35.16,,35.16,-30.0,2.29,3.08,3.24
23.587154626846313,30,0.0,28.74,33.45,35.09,,35.09,-30.0,2.27,3.07,3.23
24.08687686920166,30,0.0,28.65,33.38,35.06,,35.06,-30.0,2.26,3.06,3.22
24.600363731384277,30,0.0,28.52,33.29,35.02,,35.02,-30.0,2.25,3.04,3.22
25.100961208343506,30,0.0,28.43,33.22,34.99,,34.99,-30.0,2.24,3.04,3.21
25.599254608154297,30,0.0,28.3,33.16,34.92,,34.92,-30.0,2.22,3.03,3.2
26.096887350082397,30,0.0,28.21,33.06,34.88,,34.88,-30.0,2.21,3.02,3.2
26.597424030303955,30,0.0,28.07,33.0,34.85,,34.85,-30.0,2.2,3.0,3.19
27.096565008163452,30,0.0,27.98,32.93,34.81,,34.81,-30.0,2.19,2.99,3.18
27.60800290107727,30,0.0,27.89,32.84,34.74,,34.74,-30.0,2.18,2.98,3.18
28.10669183731079,30,0.0,27.8,32.77,34.71,,34.71,-30.0,2.17,2.97,3.17
28.607398986816406,30,0.0,27.67,32.71,34.64,,34.64,-30.0,2.16,2.96,3.17
29.109769582748413,30,0.0,27.58,32.65,34.6,,34.6,-30.0,2.15,2.95,3.16
29.606488943099976,30,0.0,27.49,32.55,34.53,,34.53,-30.0,2.14,2.94,3.15
30.103527545928955,30,0.0,27.4,32.49,34.5,,34.5,-30.0,2.13,2.92,3.14
30.616822957992554,30,0.0,27.31,32.42,34.46,,34.46,-30.0,2.12,2.91,3.14
31.118194341659546,30,0.0,27.22,32.36,34.4,,34.4,-30.0,2.11,2.9,3.13
31.619349002838135,30,0.0,27.13,32.26,34.33,,34.33,-30.0,2.1,2.89,3.12
32.1198673248291,30,0.0,27.04,32.2,34.29,,34.29,-30.0,2.09,2.88,3.11
32.62115430831909,30,0.0,26.95,32.13,34.22,,34.22,-30.0,2.08,2.87,3.1
33.12091946601868,30,0.0,26.86,32.07,34.19,,34.19,-30.0,2.07,2.86,3.1
33.615570306777954,30,0.0,26.77,31.97,34.12,,34.12,-30.0,2.06,2.84,3.09
34.12550449371338,30,0.0,26.68,31.91,34.05,,34.05,-30.0,2.05,2.83,3.08
34.62640953063965,30,0.0,26.6,31.84,34.01,,34.01,-30.0,2.04,2.83,3.07
35.125046253204346,30,0.0,26.51,31.78,33.94,,33.94,-30.0,2.03,2.82,3.06
35.622103691101074,30,0.0,26.42,31.72,33.91,,33.91,-30.0,2.02,2.8,3.06
36.122936725616455,30,0.0,26.33,31.62,33.84,,33.84,-30.0,2.01,2.79,3.05
36.62423491477966,30,0.0,26.24,31.56,33.77,,33.77,-30.0,2.0,2.78,3.04
37.12772274017334,30,0.0,26.19,31.49,33.74,,33.74,-30.0,1.99,2.77,3.04
37.625457525253296,30,0.0,26.1,31.43,33.67,,33.67,-30.0,1.98,2.76,3.03
38.12423014640808,30,0.0,26.01,31.33,33.6,,33.6,-30.0,1.97,2.75,3.02
38.63794183731079,30,0.0,25.92,31.27,33.56,,33.56,-30.0,1.96,2.74,3.01
39.13761639595032,30,0.0,25.88,31.2,33.49,,33.49,-30.0,1.96,2.73,3.0
39.63732433319092,30,0.0,25.79,31.14,33.42,,33.42,-30.0,1.95,2.72,2.99
40.135650396347046,30,0.0,25.7,31.08,33.39,,33.39,-30.0,1.94,2.71,2.99
40.63355565071106,30,0.0,25.66,31.01,33.32,,33.32,-30.0,1.94,2.7,2.98
41.13365721702576,30,0.0,25.57,30.95,33.25,,33.25,-30.0,1.93,2.69,2.97
41.632577419281006,30,0.0,25.48,30.88,33.22,,33.22,-30.0,1.92,2.68,2.96
42.14591717720032,30,0.0,25.43,30.82,33.15,,33.15,-30.0,1.91,2.66,2.95
42.645896673202515,30,0.0,25.34,30.76,33.08,,33.08,-30.0,1.9,2.65,2.94
43.145748138427734,30,0.0,25.25,30.66,33.01,,33.01,-30.0,1.89,2.64,2.93
43.64568614959717,30,0.0,25.21,30.6,32.97,,32.97,-30.0,1.89,2.63,2.93
44.14332175254822,30,0.0,25.12,30.53,32.91,,32.91,-30.0,1.88,2.62,2.92
44.64038825035095,30,0.0,25.07,30.47,32.84,,32.84,-30.0,1.87,2.61,2.91
45.15584444999695,30,0.0,24.98,30.4,32.8,,32.8,-30.0,1.86,2.61,2.9
45.65204310417175,30,0.0,24.89,30.34,32.73,,32.73,-30.0,1.85,2.6,2.89
46.15168237686157,30,0.0,24.85,30.28,32.7,,32.7,-30.0,1.85,2.59,2.89
46.65453815460205,30,0.0,24.76,30.21,32.63,,32.63,-30.0,1.84,2.58,2.88
47.15314745903015,30,0.0,24.72,30.15,32.56,,32.56,-30.0,1.83,2.57,2.87
47.65096712112427,30,0.0,24.67,30.08,32.52,,32.52,-30.0,1.83,2.56,2.86
48.15143036842346,30,0.0,24.58,30.02,32.46,,32.46,-30.0,1.82,2.55,2.85
48.65339136123657,30,0.0,24.54,29.96,32.42,,32.42,-30.0,1.81,2.54,2.85
49.152384996414185,30,0.0,24.45,29.89,32.35,,32.35,-30.0,1.8,2.53,2.84
49.66578960418701,30,0.0,24.4,29.83,32.28,,32.28,-30.0,1.8,2.52,2.83
50.1640408039093,30,0.0,24.31,29.76,32.25,,32.25,-30.0,1.79,2.51,2.83
50.66620874404907,30,0.0,24.27,29.7,32.18,,32.18,-30.0,1.78,2.5,2.82
51.164878845214844,30,0.0,24.18,29.64,32.11,,32.11,-30.0,1.77,2.49,2.81
51.666011571884155,30,0.0,24.13,29.57,32.04,,32.04,-30.0,1.77,2.48,2.8
52.16244983673096,30,0.0,24.09,29.51,32.01,,32.01,-30.0,1.76,2.47,2.79
52.66166067123413,30,0.0,24.0,29.44,31.94,,31.94,-30.0,1.75,2.46,2.78
53.177249908447266,30,0.0,23.95,29.38,31.87,,31.87,-30.0,1.75,2.45,2.77
53.67403531074524,30,0.0,23.91,29.32,31.83,,31.83,-30.0,1.74,2.44,2.76
54.17616081237793,30,0.0,23.82,29.25,31.76,,31.76,-30.0,1.74,2.43,2.76
54.69047474861145,30,0.0,23.78,29.19,31.7,,31.7,-30.0,1.73,2.42,2.75
55.177807331085205,30,0.0,23.73,29.16,31.63,,31.63,-30.0,1.73,2.41,2.74
55.673030376434326,30,0.0,23.64,29.09,31.56,,31.56,-30.0,1.72,2.4,2.73
56.17182779312134,30,0.0,23.6,29.03,31.52,,31.52,-30.0,1.71,2.39,2.72
56.67324686050415,30,0.0,23.55,28.96,31.45,,31.45,-30.0,1.71,2.39,2.71
57.188108921051025,30,0.0,23.51,28.9,31.38,,31.38,-30.0,1.7,2.38,2.7
57.686187982559204,30,0.0,23.42,28.87,31.31,,31.31,-30.0,1.69,2.37,2.7
58.18869590759277,30,0.0,23.37,28.8,31.28,,31.28,-30.0,1.69,2.36,2.69
58.68763303756714,30,0.0,23.33,28.74,31.21,,31.21,-30.0,1.68,2.35,2.68
59.18490552902222,30,0.0,23.28,28.67,31.14,,31.14,-30.0,1.68,2.34,2.67
59.68598532676697,30,0.0,23.19,28.61,31.11,,31.11,-30.0,1.67,2.33,2.66
60.18246412277222,30,0.0,23.15,28.55,31.04,,31.04,-30.0,1.66,2.32,2.65
60.694695234298706,30,0.0,23.1,28.51,30.97,,30.97,-30.0,1.66,2.32,2.64
61.19645071029663,30,0.0,23.06,28.45,30.93,,30.93,-30.0,1.65,2.31,2.64
61.685978174209595,30,0.0,23.02,28.39,30.87,,30.87,-30.0,1.65,2.3,2.63
62.1994788646698,30,0.0,22.93,28.32,30.8,,30.8,-30.0,1.64,2.29,2.62
62.70099425315857,30,0.0,22.88,28.26,30.76,,30.76,-30.0,1.63,2.28,2.61
63.19519066810608,30,0.0,22.84,28.23,30.69,,30.69,-30.0,1.63,2.27,2.61
63.692898988723755,30,0.0,22.79,28.16,30.62,,30.62,-30.0,1.62,2.26,2.6
64.19603443145752,30,0.0,22.75,28.1,30.55,,30.55,-30.0,1.62,2.25,2.59
64.6970145702362,30,0.0,22.7,28.03,30.52,,30.52,-30.0,1.61,2.25,2.58
65.20681309700012,30,0.0,22.61,28.0,30.45,,30.45,-30.0,1.61,2.24,2.57
65.70692491531372,30,0.0,22.57,27.94,30.42,,30.42,-30.0,1.6,2.23,2.57
66.20271039009094,30,0.0,22.52,27.9,30.35,,30.35,-30.0,1.59,2.22,2.56
66.70447778701782,30,0.0,22.48,27.84,30.28,,30.28,-30.0,1.59,2.21,2.55
67.20545887947083,30,0.0,22.43,27.78,30.24,,30.24,-30.0,1.58,2.2,2.54
67.7034387588501,30,0.0,22.39,27.74,30.17,,30.17,-30.0,1.58,2.2,2.53
68.20642852783203,30,0.0,22.34,27.68,30.14,,30.14,-30.0,1.57,2.19,2.53
68.7037901878357,30,0.0,22.3,27.61,30.07,,30.07,-30.0,1.57,2.18,2.52
69.22032380104065,30,0.0,22.25,27.58,30.0,,30.0,-30.0,1.56,2.17,2.51
69.71924424171448,30,0.0,22.21,27.52,29.97,,29.97,-30.0,1.56,2.17,2.5
70.21672415733337,30,0.0,22.12,27.45,29.9,,29.9,-30.0,1.55,2.16,2.49
70.71736288070679,30,0.0,22.08,27.42,29.83,,29.83,-30.0,1.54,2.15,2.48
71.2148449420929,30,0.0,22.03,27.36,29.79,,29.79,-30.0,1.54,2.14,2.48
71.71290278434753,30,0.0,21.99,27.29,29.73,,29.73,-30.0,1.53,2.13,2.47
72.2270872592926,30,0.0,21.99,27.26,29.66,,29.66,-30.0,1.53,2.13,2.46
72.72671270370483,30,0.0,21.9,27.2,29.62,,29.62,-30.0,1.52,2.12,2.45
73.22249341011047,30,0.0,21.85,27.16,29.55,,29.55,-30.0,1.52,2.11,2.44
73.7227873802185,30,0.0,21.81,27.1,29.52,,29.52,-30.0,1.52,2.1,2.44
74.21955990791321,30,0.0,21.76,27.07,29.45,,29.45,-30.0,1.51,2.1,2.43
74.72089171409607,30,0.0,21.72,27.0,29.38,,29.38,-30.0,1.51,2.09,2.42
75.23587846755981,30,0.0,21.67,26.97,29.34,,29.34,-30.0,1.5,2.08,2.41
75.73275136947632,30,0.0,21.63,26.91,29.28,,29.28,-30.0,1.5,2.07,2.4
76.2313506603241,30,0.0,21.58,26.87,29.24,,29.24,-30.0,1.49,2.06,2.4
76.73210310935974,30,0.0,21.54,26.81,29.17,,29.17,-30.0,1.49,2.06,2.39
77.23108100891113,30,0.0,21.49,26.78,29.1,,29.1,-30.0,1.48,2.05,2.38
77.73049306869507,30,0.0,21.45,26.71,29.07,,29.07,-30.0,1.48,2.04,2.38
78.23044991493225,30,0.0,21.45,26.65,29.0,,29.0,-30.0,1.47,2.03,2.37
78.74294424057007,30,0.0,21.36,26.61,28.96,,28.96,-30.0,1.47,2.03,2.36
79.24522113800049,30,0.0,21.36,26.55,28.89,,28.89,-30.0,1.47,2.02,2.35
79.74284529685974,30,0.0,21.31,26.52,28.83,,28.83,-30.0,1.46,2.01,2.35
80.24298977851868,30,0.0,21.27,26.45,28.79,,28.79,-30.0,1.46,2.0,2.34
80.74261808395386,30,0.0,21.22,26.42,28.72,,28.72,-30.0,1.45,2.0,2.33
81.24156332015991,30,0.0,21.18,26.36,28.69,,28.69,-30.0,1.45,1.99,2.32
81.7392303943634,30,0.0,21.14,26.32,28.62,,28.62,-30.0,1.44,1.98,2.31
82.24164390563965,30,0.0,21.09,26.26,28.58,,28.58,-30.0,1.44,1.97,2.31
82.75545072555542,30,0.0,21.05,26.23,28.51,,28.51,-30.0,1.43,1.97,2.3
83.25821304321289,30,0.0,21.0,26.16,28.48,,28.48,-30.0,1.43,1.96,2.29
83.75483775138855,30,0.0,20.96,26.13,28.41,,28.41,-30.0,1.43,1.96,2.28
84.25241947174072,30,0.0,20.91,26.1,28.38,,28.38,-30.0,1.42,1.95,2.28
84.75103640556335,30,0.0,20.87,26.03,28.31,,28.31,-30.0,1.42,1.94,2.27
85.26280212402344,30,0.0,20.87,25.97,28.27,,28.27,-30.0,1.41,1.94,2.26
85.74949645996094,30,0.0,20.82,25.93,28.2,,28.2,-30.0,1.41,1.93,2.25
86.25158548355103,30,0.0,20.78,25.9,28.17,,28.17,-30.0,1.4,1.92,2.25
86.76194190979004,30,0.0,20.73,25.84,28.1,,28.1,-30.0,1.4,1.91,2.24
87.26007175445557,30,0.0,20.69,25.81,28.06,,28.06,-30.0,1.39,1.91,2.23
87.75782608985901,30,0.0,20.64,25.74,27.99,,27.99,-30.0,1.39,1.9,2.22
88.26119875907898,30,0.0,20.6,25.71,27.96,,27.96,-30.0,1.38,1.89,2.22
88.75931692123413,30,0.0,20.55,25.68,27.89,,27.89,-30.0,1.38,1.89,2.21
89.27031779289246,30,0.0,20.55,25.61,27.85,,27.85,-30.0,1.38,1.88,2.2
89.7684178352356,30,0.0,20.51,25.58,27.79,,27.79,-30.0,1.37,1.87,2.19
90.267404794693,30,0.0,20.46,25.55,27.75,,27.75,-30.0,1.37,1.87,2.19
90.76702666282654,30,0.0,20.42,25.48,27.68,,27.68,-30.0,1.36,1.86,2.18
91.26790595054626,30,0.0,20.37,25.45,27.65,,27.65,-30.0,1.36,1.85,2.17
91.76755666732788,30,0.0,20.33,25.42,27.58,,27.58,-30.0,1.35,1.84,2.17
92.28219294548035,30,0.0,20.29,25.35,27.54,,27.54,-30.0,1.35,1.84,2.16
92.78110432624817,30,0.0,20.29,25.32,27.51,,27.51,-30.0,1.35,1.83,2.16
93.28031897544861,30,0.0,20.24,25.25,27.44,,27.44,-30.0,1.34,1.83,2.15
93.78291130065918,30,0.0,20.2,25.22,27.4,,27.4,-30.0,1.34,1.82,2.14
94.27900409698486,30,0.0,20.15,25.19,27.33,,27.33,-30.0,1.33,1.81,2.14
94.77800750732422,30,0.0,20.11,25.16,27.3,,27.3,-30.0,1.33,1.8,2.13
95.27627992630005,30,0.0,20.11,25.09,27.26,,27.26,-30.0,1.33,1.8,2.12
95.77758407592773,30,0.0,20.06,25.06,27.19,,27.19,-30.0,1.32,1.79,2.11
96.27782917022705,30,0.0,20.02,25.03,27.16,,27.16,-30.0,1.32,1.78,2.11
96.79385900497437,30,0.0,19.97,24.96,27.13,,27.13,-30.0,1.31,1.78,2.1
97.29303693771362,30,0.0,19.93,24.93,27.06,,27.06,-30.0,1.31,1.77,2.09
97.7898268699646,30,0.0,19.93,24.89,27.02,,27.02,-30.0,1.31,1.76,2.09
98.28897714614868,30,0.0,19.88,24.83,26.99,,26.99,-30.0,1.3,1.76,2.08
98.78844738006592,30,0.0,19.84,24.8,26.92,,26.92,-30.0,1.3,1.75,2.07
99.28622961044312,30,0.0,19.79,24.76,26.88,,26.88,-30.0,1.3,1.74,2.07
99.79963159561157,30,0.0,19.75,24.7,26.85,,26.85,-30.0,1.29,1.74,2.06
100.30111145973206,30,0.0,19.75,24.67,26.78,,26.78,-30.0,1.29,1.74,2.05
100.80042672157288,30,0.0,19.7,24.63,26.74,,26.74,-30.0,1.29,1.73,2.05
101.29853510856628,30,0.0,19.66,24.6,26.71,,26.71,-30.0,1.28,1.73,2.04
101.80104231834412,30,0.0,19.66,24.54,26.64,,26.64,-30.0,1.28,1.72,2.03
102.29659819602966,30,0.0,19.61,24.5,26.6,,26.6,-30.0,1.28,1.71,2.03
102.79618406295776,30,0.0,19.57,24.47,26.57,,26.57,-30.0,1.27,1.71,2.02
103.31017255783081,30,0.0,19.52,24.4,26.5,,26.5,-30.0,1.27,1.7,2.01
103.80932784080505,30,0.0,19.48,24.37,26.46,,26.46,-30.0,1.26,1.69,2.01
104.30779790878296,30,0.0,19.48,24.34,26.43,,26.43,-30.0,1.26,1.69,2.0
104.80673217773438,30,0.0,19.43,24.31,26.36,,26.36,-30.0,1.26,1.68,1.99
105.30580115318298,30,0.0,19.39,24.27,26.32,,26.32,-30.0,1.25,1.67,1.99
105.80273866653442,30,0.0,19.39,24.21,26.29,,26.29,-30.0,1.25,1.67,1.98
106.31635999679565,30,0.0,19.3,24.18,26.22,,26.22,-30.0,1.25,1.66,1.97
106.81443500518799,30,0.0,19.3,24.14,26.18,,26.18,-30.0,1.24,1.66,1.97
107.31471014022827,30,0.0,19.26,24.11,26.15,,26.15,-30.0,1.24,1.65,1.96
107.81190872192383,30,0.0,19.21,24.04,26.08,,26.08,-30.0,1.23,1.64,1.96
108.3120322227478,30,0.0,19.21,24.01,26.05,,26.05,-30.0,1.23,1.64,1.95
108.81556391716003,30,0.0,19.17,23.98,26.01,,26.01,-30.0,1.23,1.63,1.95
109.31352877616882,30,0.0,19.12,23.95,25.94,,25.94,-30.0,1.22,1.63,1.94
109.82884311676025,30,0.0,19.08,23.91,25.91,,25.91,-30.0,1.22,1.62,1.93
110.32562494277954,30,0.0,19.08,23.85,25.87,,25.87,-30.0,1.22,1.61,1.93
110.82707214355469,30,0.0,19.03,23.82,25.84,,25.84,-30.0,1.21,1.61,1.92
111.32776808738708,30,0.0,18.99,23.78,25.77,,25.77,-30.0,1.21,1.6,1.91
111.83070111274719,30,0.0,18.99,23.75,25.73,,25.73,-30.0,1.21,1.6,1.91
112.33076786994934,30,0.0,18.94,23.72,25.7,,25.7,-30.0,1.2,1.59,1.9
112.82771825790405,30,0.0,18.9,23.68,25.66,,25.66,-30.0,1.2,1.59,1.9
113.32455801963806,30,0.0,18.9,23.65,25.59,,25.59,-30.0,1.2,1.58,1.89
113.83978128433228,30,0.0,18.85,23.59,25.56,,25.56,-30.0,1.19,1.57,1.88
114.33991694450378,30,0.0,18.81,23.55,25.52,,25.52,-30.0,1.19,1.57,1.88
114.84041619300842,30,0.0,18.76,23.52,25.49,,25.49,-30.0,1.18,1.56,1.87
115.34297585487366,30,0.0,18.76,23.49,25.45,,25.45,-30.0,1.18,1.56,1.87
115.8420422077179,30,0.0,18.72,23.45,25.38,,25.38,-30.0,1.18,1.55,1.86
116.33856272697449,30,0.0,18.72,23.42,25.35,,25.35,-30.0,1.17,1.55,1.85
116.83519577980042,30,0.0,18.67,23.39,25.31,,25.31,-30.0,1.17,1.54,1.85
117.33513569831848,30,0.0,18.63,23.32,25.28,,25.28,-30.0,1.17,1.53,1.84
117.83562517166138,30,0.0,18.58,23.32,25.24,,25.24,-30.0,1.17,1.53,1.84
118.35144805908203,30,0.0,18.58,23.26,25.17,,25.17,-30.0,1.16,1.52,1.83
118.85206007957458,30,0.0,18.54,23.22,25.14,,25.14,-30.0,1.16,1.52,1.82
119.35315799713135,30,0.0,18.54,23.19,25.1,,25.1,-30.0,1.16,1.52,1.82
119.85135173797607,30,0.0,18.5,23.16,25.07,,25.07,-30.0,1.15,1.51,1.81
120.35186576843262,30,0.0,18.45,23.12,25.03,,25.03,-30.0,1.15,1.51,1.81
120.8490674495697,30,0.0,18.45,23.09,25.0,,25.0,-30.0,1.15,1.5,1.8
121.34827184677124,30,0.0,18.41,23.06,24.96,,24.96,-30.0,1.14,1.5,1.8
121.84763145446777,30,0.0,18.36,23.02,24.93,,24.93,-30.0,1.14,1.49,1.79
122.35842657089233,30,0.0,18.36,22.99,24.89,,24.89,-30.0,1.14,1.49,1.79
122.8572027683258,30,0.0,18.32,22.96,24.85,,24.85,-30.0,1.13,1.48,1.78
123.35677886009216,30,0.0,18.32,22.93,24.78,,24.78,-30.0,1.13,1.48,1.77
123.85690808296204,30,0.0,18.27,22.89,24.75,,24.75,-30.0,1.13,1.47,1.77
124.35477948188782,30,0.0,18.23,22.86,24.71,,24.71,-30.0,1.12,1.47,1.76
124.85469508171082,30,0.0,18.23,22.83,24.68,,24.68,-30.0,1.12,1.46,1.76
125.35549235343933,30,0.0,18.18,22.79,24.64,,24.64,-30.0,1.12,1.46,1.75
125.85767769813538,30,0.0,18.14,22.76,24.61,,24.61,-30.0,1.11,1.45,1.75
126.35887575149536,30,0.0,18.14,22.73,24.57,,24.57,-30.0,1.11,1.45,1.74
126.87359499931335,30,0.0,18.09,22.69,24.54,,24.54,-30.0,1.11,1.44,1.74
127.36015748977661,30,0.0,18.05,22.66,24.5,,24.5,-30.0,1.11,1.44,1.74
127.87275433540344,30,0.0,18.05,22.63,24.47,,24.47,-30.0,1.1,1.43,1.73
128.37404036521912,30,0.0,18.0,22.59,24.43,,24.43,-30.0,1.1,1.43,1.72
128.87049341201782,30,0.0,18.0,22.56,24.36,,24.36,-30.0,1.1,1.42,1.72
129.370525598526,30,0.0,17.96,22.53,24.33,,24.33,-30.0,1.09,1.42,1.71
129.88286209106445,30,0.0,17.91,22.5,24.29,,24.29,-30.0,1.09,1.41,1.71
130.36909794807434,30,0.0,17.91,22.46,24.26,,24.26,-30.0,1.09,1.41,1.7
130.87015175819397,30,0.0,17.87,22.4,24.22,,24.22,-30.0,1.09,1.4,1.7
131.38453197479248,30,0.0,17.87,22.4,24.19,,24.19,-30.0,1.09,1.4,1.69
131.88613271713257,30,0.0,17.82,22.36,24.15,,24.15,-30.0,1.08,1.39,1.69
132.38741970062256,30,0.0,17.78,22.33,24.12,,24.12,-30.0,1.08,1.39,1.68
132.8839406967163,30,0.0,17.78,22.3,24.08,,24.08,-30.0,1.08,1.38,1.68
133.38616728782654,30,0.0,17.73,22.26,24.05,,24.05,-30.0,1.07,1.38,1.67
133.8849744796753,30,0.0,17.73,22.23,24.01,,24.01,-30.0,1.07,1.37,1.67
134.38162469863892,30,0.0,17.69,22.2,23.98,,23.98,-30.0,1.07,1.37,1.66
134.88055515289307,30,0.0,17.64,22.16,23.94,,23.94,-30.0,1.07,1.36,1.66
135.39563179016113,30,0.0,17.64,22.13,23.9,,23.9,-30.0,1.06,1.36,1.65
135.89510130882263,30,0.0,17.6,22.1,23.87,,23.87,-30.0,1.06,1.35,1.65
136.39498496055603,30,0.0,17.6,22.06,23.83,,23.83,-30.0,1.06,1.35,1.64
136.89237546920776,30,0.0,17.56,22.03,23.8,,23.8,-30.0,1.05,1.34,1.64
137.39091873168945,30,0.0,17.56,22.0,23.76,,23.76,-30.0,1.05,1.34,1.63
137.89264154434204,30,0.0,17.51,21.96,23.69,,23.69,-30.0,1.05,1.33,1.63
138.40328335762024,30,0.0,17.51,21.93,23.69,,23.69,-30.0,1.05,1.33,1.62
138.90305924415588,30,0.0,17.47,21.93,23.66,,23.66,-30.0,1.04,1.33,1.62
139.40102529525757,30,0.0,17.47,21.9,23.62,,23.62,-30.0,1.04,1.32,1.61
139.90042352676392,30,0.0,17.42,21.86,23.59,,23.59,-30.0,1.04,1.32,1.61
140.40055966377258,30,0.0,17.38,21.83,23.55,,23.55,-30.0,1.03,1.31,1.6
140.90267276763916,30,0.0,17.38,21.8,23.52,,23.52,-30.0,1.03,1.31,1.6
141.401380777359,30,0.0,17.33,21.76,23.48,,23.48,-30.0,1.03,1.3,1.59
141.90247797966003,30,0.0,17.33,21.73,23.45,,23.45,-30.0,1.03,1.3,1.59
142.41276097297668,30,0.0,17.29,21.73,23.41,,23.41,-30.0,1.02,1.3,1.58
142.91353225708008,30,0.0,17.29,21.7,23.37,,23.37,-30.0,1.02,1.29,1.58
143.41401982307434,30,0.0,17.24,21.66,23.34,,23.34,-30.0,1.02,1.29,1.57
143.90980577468872,30,0.0,17.24,21.63,23.3,,23.3,-30.0,1.02,1.29,1.57
144.40894174575806,30,0.0,17.2,21.6,23.27,,23.27,-30.0,1.01,1.28,1.56
144.90829992294312,30,0.0,17.2,21.56,23.23,,23.23,-30.0,1.01,1.28,1.56
145.40768957138062,30,0.0,17.15,21.53,23.2,,23.2,-30.0,1.01,1.27,1.55
145.92039966583252,30,0.0,17.15,21.5,23.16,,23.16,-30.0,1.01,1.27,1.55
146.41949272155762,30,0.0,17.11,21.46,23.13,,23.13,-30.0,1.0,1.26,1.54
146.9254698753357,30,0.0,17.06,21.46,23.13,,23.13,-30.0,1.0,1.26,1.54
147.4200222492218,30,0.0,17.06,21.43,23.09,,23.09,-30.0,1.0,1.26,1.54
147.92129588127136,30,0.0,17.02,21.4,23.06,,23.06,-30.0,0.99,1.25,1.53
148.42354321479797,30,0.0,17.02,21.36,23.02,,23.02,-30.0,0.99,1.25,1.53
148.9211721420288,30,0.0,16.97,21.33,22.98,,22.98,-30.0,0.99,1.24,1.52
149.419926404953,30,0.0,16.97,21.29,22.95,,22.95,-30.0,0.99,1.24,1.52
149.92001748085022,30,0.0,16.93,21.29,22.91,,22.91,-30.0,0.99,1.24,1.52
150.43523454666138,30,0.0,16.93,21.26,22.88,,22.88,-30.0,0.98,1.23,1.51
150.93365859985352,30,0.0,16.88,21.23,22.88,,22.88,-30.0,0.98,1.23,1.51
151.43481945991516,30,0.0,16.88,21.19,22.84,,22.84,-30.0,0.98,1.22,1.5
151.93302583694458,30,0.0,16.84,21.16,22.81,,22.81,-30.0,0.98,1.22,1.5
152.4378321170807,30,0.0,16.84,21.13,22.77,,22.77,-30.0,0.97,1.21,1.5
152.94012761116028,30,0.0,16.79,21.13,22.74,,22.74,-30.0,0.97,1.21,1.49
153.43621253967285,30,0.0,16.79,21.09,22.7,,22.7,-30.0,0.97,1.21,1.49
153.93676805496216,30,0.0,16.79,21.06,22.66,,22.66,-30.0,0.97,1.2,1.48
154.43675470352173,30,0.0,16.75,21.03,22.63,,22.63,-30.0,0.96,1.2,1.48
154.9346833229065,30,0.0,16.75,20.99,22.59,,22.59,-30.0,0.96,1.2,1.48
155.43629431724548,30,0.0,16.71,20.99,22.59,,22.59,-30.0,0.96,1.19,1.47
155.9500036239624,30,0.0,16.71,20.96,22.56,,22.56,-30.0,0.96,1.19,1.47
156.4484567642212,30,0.0,16.66,20.93,22.52,,22.52,-30.0,0.95,1.18,1.46
156.95189595222473,30,0.0,16.66,20.89,22.49,,22.49,-30.0,0.95,1.18,1.46
157.450674533844,30,0.0,16.62,20.89,22.45,,22.45,-30.0,0.95,1.18,1.45
157.95223474502563,30,0.0,16.62,20.86,22.42,,22.42,-30.0,0.95,1.17,1.45
158.45156526565552,30,0.0,16.57,20.82,22.42,,22.42,-30.0,0.94,1.17,1.45
158.95180344581604,30,0.0,16.57,20.79,22.38,,22.38,-30.0,0.94,1.16,1.44
159.445410490036,30,0.0,16.53,20.76,22.34,,22.34,-30.0,0.94,1.16,1.44
159.9473216533661,30,0.0,16.53,20.72,22.31,,22.31,-30.0,0.94,1.16,1.43
160.46125149726868,30,0.0,16.48,20.72,22.27,,22.27,-30.0,0.93,1.15,1.43
160.95999145507812,30,0.0,16.48,20.69,22.24,,22.24,-30.0,0.93,1.15,1.42
161.4605610370636,30,0.0,16.48,20.69,22.24,,22.24,-30.0,0.93,1.14,1.42
161.95477986335754,30,0.0,16.44,20.66,22.2,,22.2,-30.0,0.93,1.14,1.42
162.45393109321594,30,0.0,16.39,20.62,22.17,,22.17,-30.0,0.92,1.14,1.41
162.96677803993225,30,0.0,16.39,20.59,22.13,,22.13,-30.0,0.92,1.13,1.41
163.46113300323486,30,0.0,16.35,20.59,22.13,,22.13,-30.0,0.92,1.13,1.41
163.96064448356628,30,0.0,16.35,20.55,22.09,,22.09,-30.0,0.92,1.13,1.4
164.4588224887848,30,0.0,16.35,20.52,22.06,,22.06,-30.0,0.92,1.12,1.4
164.97319221496582,30,0.0,16.3,20.49,22.02,,22.02,-30.0,0.91,1.12,1.39
165.4719753265381,30,0.0,16.26,20.45,21.99,,21.99,-30.0,0.91,1.12,1.39
165.9713966846466,30,0.0,16.26,20.45,21.99,,21.99,-30.0,0.91,1.11,1.39
166.472998380661,30,0.0,16.26,20.42,21.95,,21.95,-30.0,0.91,1.11,1.38
166.96763372421265,30,0.0,16.21,20.39,21.92,,21.92,-30.0,0.9,1.1,1.38
167.4687740802765,30,0.0,16.21,20.39,21.88,,21.88,-30.0,0.9,1.1,1.37
167.9678635597229,30,0.0,16.17,20.35,21.84,,21.84,-30.0,0.9,1.1,1.37
168.48179078102112,30,0.0,16.17,20.32,21.84,,21.84,-30.0,0.9,1.09,1.37
168.98371052742004,30,0.0,16.17,20.28,21.81,,21.81,-30.0,0.89,1.09,1.36
169.48359179496765,30,0.0,16.12,20.28,21.77,,21.77,-30.0,0.89,1.09,1.36
169.9833629131317,30,0.0,16.12,20.25,21.74,,21.74,-30.0,0.89,1.09,1.35
170.48333644866943,30,0.0,16.08,20.22,21.74,,21.74,-30.0,0.89,1.08,1.35
170.977712392807,30,0.0,16.08,20.18,21.7,,21.7,-30.0,0.89,1.08,1.35
171.47803163528442,30,0.0,16.03,20.18,21.66,,21.66,-30.0,0.88,1.08,1.34
171.98047947883606,30,0.0,16.03,20.15,21.63,,21.63,-30.0,0.88,1.07,1.34
172.48187017440796,30,0.0,16.03,20.11,21.63,,21.63,-30.0,0.88,1.07,1.33
172.9930076599121,30,0.0,15.99,20.11,21.59,,21.59,-30.0,0.88,1.07,1.33
173.49474263191223,30,0.0,15.99,20.08,21.56,,21.56,-30.0,0.88,1.06,1.33
173.99663996696472,30,0.0,15.99,20.08,21.52,,21.52,-30.0,0.88,1.06,1.32
174.49795985221863,30,0.0,15.94,20.05,21.49,,21.49,-30.0,0.87,1.06,1.32
174.99871611595154,30,0.0,15.94,20.01,21.49,,21.49,-30.0,0.87,1.05,1.32
175.49553203582764,30,0.0,15.9,19.98,21.45,,21.45,-30.0,0.87,1.05,1.31
175.9970862865448,30,0.0,15.9,19.98,21.41,,21.41,-30.0,0.87,1.05,1.31
176.496258020401,30,0.0,15.85,19.94,21.41,,21.41,-30.0,0.87,1.04,1.31
176.99495816230774,30,0.0,15.85,19.91,21.38,,21.38,-30.0,0.87,1.04,1.3
177.5070779323578,30,0.0,15.81,19.91,21.34,,21.34,-30.0,0.87,1.04,1.3
178.00986075401306,30,0.0,15.81,19.88,21.34,,21.34,-30.0,0.86,1.03,1.3
178.50762796401978,30,0.0,15.81,19.84,21.31,,21.31,-30.0,0.86,1.03,1.3
179.00418829917908,30,0.0,15.77,19.84,21.27,,21.27,-30.0,0.86,1.03,1.29
179.50301122665405,30,0.0,15.77,19.81,21.27,,21.27,-30.0,0.86,1.02,1.29
180.00781393051147,30,0.0,15.77,19.81,21.23,,21.23,-30.0,0.86,1.02,1.29
180.5061948299408,30,0.0,15.72,19.77,21.2,,21.2,-30.0,0.85,1.02,1.28
181.00703477859497,30,0.0,15.72,19.74,21.2,,21.2,-30.0,0.85,1.01,1.28
181.5066258907318,30,0.0,15.72,19.74,21.16,,21.16,-30.0,0.85,1.01,1.28
182.0064036846161,30,0.0,15.68,19.71,21.13,,21.13,-30.0,0.85,1.01,1.27
182.50781965255737,30,0.0,15.68,19.71,21.09,,21.09,-30.0,0.85,1.0,1.27
183.0089099407196,30,0.0,15.68,19.67,21.09,,21.09,-30.0,0.85,1.0,1.27
183.52197742462158,30,0.0,15.63,19.64,21.05,,21.05,-30.0,0.84,1.0,1.26
184.02085733413696,30,0.0,15.63,19.64,21.02,,21.02,-30.0,0.84,1.0,1.26
184.51672101020813,30,0.0,15.59,19.6,21.02,,21.02,-30.0,0.84,0.99,1.26
185.01862287521362,30,0.0,15.59,19.57,20.98,,20.98,-30.0,0.84,0.99,1.25
185.51793885231018,30,0.0,15.59,19.57,20.98,,20.98,-30.0,0.84,0.99,1.25
186.02038645744324,30,0.0,15.54,19.54,20.95,,20.95,-30.0,0.83,0.98,1.25
186.51806235313416,30,0.0,15.54,19.5,20.91,,20.91,-30.0,0.83,0.98,1.24
187.0327663421631,30,0.0,15.54,19.5,20.87,,20.87,-30.0,0.83,0.98,1.24
187.53313946723938,30,0.0,15.5,19.5,20.87,,20.87,-30.0,0.83,0.97,1.24
188.03091406822205,30,0.0,15.5,19.47,20.84,,20.84,-30.0,0.83,0.97,1.23
188.53117966651917,30,0.0,15.45,19.43,20.8,,20.8,-30.0,0.83,0.97,1.23
189.02775955200195,30,0.0,15.45,19.43,20.8,,20.8,-30.0,0.82,0.96,1.23
189.5266797542572,30,0.0,15.45,19.4,20.76,,20.76,-30.0,0.82,0.96,1.22
190.02763152122498,30,0.0,15.41,19.36,20.73,,20.73,-30.0,0.82,0.96,1.22
190.53979635238647,30,0.0,15.41,19.33,20.73,,20.73,-30.0,0.82,0.96,1.22
191.0374345779419,30,0.0,15.41,19.33,20.69,,20.69,-30.0,0.81,0.95,1.21
191.53604078292847,30,0.0,15.36,19.33,20.66,,20.66,-30.0,0.81,0.95,1.21
192.0418541431427,30,0.0,15.36,19.3,20.66,,20.66,-30.0,0.81,0.95,1.21
192.53588843345642,30,0.0,15.36,19.26,20.62,,20.62,-30.0,0.81,0.94,1.2
193.03481721878052,30,0.0,15.32,19.26,20.62,,20.62,-30.0,0.81,0.94,1.2
193.5486080646515,30,0.0,15.32,19.23,20.58,,20.58,-30.0,0.81,0.94,1.2
194.04858684539795,30,0.0,15.32,19.23,20.58,,20.58,-30.0,0.81,0.94,1.19
194.54955554008484,30,0.0,15.27,19.19,20.55,,20.55,-30.0,0.8,0.93,1.19
195.04407739639282,30,0.0,15.27,19.16,20.51,,20.51,-30.0,0.8,0.93,1.19
195.5412847995758,30,0.0,15.27,19.16,20.51,,20.51,-30.0,0.8,0.93,1.18
196.05263924598694,30,0.0,15.23,19.12,20.48,,20.48,-30.0,0.8,0.92,1.18
196.55485820770264,30,0.0,15.23,19.12,20.48,,20.48,-30.0,0.8,0.92,1.18
197.05283856391907,30,0.0,15.18,19.09,20.44,,20.44,-30.0,0.8,0.92,1.18
197.55136108398438,30,0.0,15.18,19.06,20.4,,20.4,-30.0,0.79,0.91,1.17
198.04981398582458,30,0.0,15.18,19.06,20.37,,20.37,-30.0,0.79,0.91,1.17
198.55057501792908,30,0.0,15.14,19.02,20.37,,20.37,-30.0,0.79,0.91,1.17
199.05060863494873,30,0.0,15.14,19.02,20.33,,20.33,-30.0,0.79,0.91,1.16
199.5625410079956,30,0.0,15.14,18.99,20.33,,20.33,-30.0,0.79,0.9,1.16
200.0621747970581,30,0.0,15.09,18.99,20.29,,20.29,-30.0,0.79,0.9,1.16
200.55754709243774,30,0.0,15.09,18.95,20.26,,20.26,-30.0,0.78,0.9,1.16
201.06987237930298,30,0.0,15.09,18.95,20.26,,20.26,-30.0,0.78,0.9,1.15
201.57001781463623,30,0.0,15.09,18.92,20.22,,20.22,-30.0,0.78,0.89,1.15
202.07113075256348,30,0.0,15.05,18.88,20.22,,20.22,-30.0,0.78,0.89,1.15
202.56956839561462,30,0.0,15.05,18.88,20.19,,20.19,-30.0,0.78,0.89,1.14
203.0655801296234,30,0.0,15.05,18.88,20.19,,20.19,-30.0,0.78,0.88,1.14
203.56387972831726,30,0.0,15.0,18.85,20.15,,20.15,-30.0,0.77,0.88,1.14
204.0649619102478,30,0.0,15.0,18.85,20.11,,20.11,-30.0,0.77,0.88,1.13
204.57822823524475,30,0.0,14.96,18.81,20.11,,20.11,-30.0,0.77,0.88,1.13
205.07838654518127,30,0.0,14.96,18.78,20.08,,20.08,-30.0,0.77,0.87,1.13
205.56763195991516,30,0.0,14.96,18.78,20.08,,20.08,-30.0,0.77,0.87,1.13
206.08334612846375,30,0.0,14.96,18.75,20.04,,20.04,-30.0,0.76,0.87,1.12
206.58412528038025,30,0.0,14.91,18.75,20.04,,20.04,-30.0,0.76,0.87,1.12
207.08274507522583,30,0.0,14.91,18.71,20.0,,20.0,-30.0,0.76,0.87,1.12
207.5830409526825,30,0.0,14.87,18.71,19.97,,19.97,-30.0,0.76,0.87,1.11
208.08187174797058,30,0.0,14.87,18.68,19.97,,19.97,-30.0,0.76,0.86,1.11
208.5791518688202,30,0.0,14.87,18.64,19.93,,19.93,-30.0,0.76,0.86,1.11
209.07832288742065,30,0.0,14.83,18.64,19.93,,19.93,-30.0,0.76,0.86,1.11
209.5784888267517,30,0.0,14.83,18.61,19.89,,19.89,-30.0,0.75,0.85,1.1
210.0918583869934,30,0.0,14.83,18.61,19.89,,19.89,-30.0,0.75,0.85,1.1
210.59201645851135,30,0.0,14.83,18.57,19.86,,19.86,-30.0,0.75,0.85,1.1
211.08864998817444,30,0.0,14.78,18.57,19.86,,19.86,-30.0,0.75,0.85,1.09
211.58733224868774,30,0.0,14.78,18.54,19.82,,19.82,-30.0,0.75,0.84,1.09
212.08692264556885,30,0.0,14.78,18.54,19.79,,19.79,-30.0,0.75,0.84,1.09
212.59885430335999,30,0.0,14.74,18.5,19.79,,19.79,-30.0,0.74,0.84,1.09
213.09879755973816,30,0.0,14.74,18.5,19.75,,19.75,-30.0,0.74,0.84,1.09
213.60027194023132,30,0.0,14.74,18.47,19.75,,19.75,-30.0,0.74,0.83,1.09
214.09788990020752,30,0.0,14.69,18.47,19.71,,19.71,-30.0,0.74,0.83,1.08
214.59858798980713,30,0.0,14.69,18.43,19.71,,19.71,-30.0,0.74,0.83,1.08
215.09935641288757,30,0.0,14.69,18.43,19.68,,19.68,-30.0,0.74,0.83,1.08
215.60928201675415,30,0.0,14.65,18.4,19.68,,19.68,-30.0,0.74,0.82,1.08
216.1073658466339,30,0.0,14.65,18.4,19.64,,19.64,-30.0,0.73,0.82,1.07
216.60709500312805,30,0.0,14.65,18.37,19.64,,19.64,-30.0,0.73,0.82,1.07
217.10403656959534,30,0.0,14.65,18.37,19.6,,19.6,-30.0,0.73,0.82,1.07
217.59961199760437,30,0.0,14.6,18.33,19.6,,19.6,-30.0,0.73,0.81,1.06
218.10149502754211,30,0.0,14.6,18.33,19.57,,19.57,-30.0,0.73,0.81,1.06
218.60276913642883,30,0.0,14.6,18.3,19.57,,19.57,-30.0,0.73,0.81,1.06
219.11729788780212,30,0.0,14.56,18.3,19.53,,19.53,-30.0,0.72,0.81,1.06
219.617014169693,30,0.0,14.56,18.26,19.49,,19.49,-30.0,0.72,0.8,1.05
220.1187183856964,30,0.0,14.56,18.26,19.49,,19.49,-30.0,0.72,0.8,1.05
220.61759328842163,30,0.0,14.56,18.23,19.46,,19.46,-30.0,0.72,0.8,1.05
221.1168990135193,30,0.0,14.56,18.23,19.46,,19.46,-30.0,0.72,0.8,1.05
221.61253833770752,30,0.0,14.51,18.19,19.42,,19.42,-30.0,0.72,0.79,1.04
222.11106491088867,30,0.0,14.51,18.19,19.42,,19.42,-30.0,0.72,0.79,1.04
222.62498331069946,30,0.0,14.51,18.19,19.38,,19.38,-30.0,0.72,0.79,1.04
223.12254357337952,30,0.0,14.47,18.16,19.38,,19.38,-30.0,0.71,0.79,1.04
223.62112307548523,30,0.0,14.47,18.16,19.35,,19.35,-30.0,0.71,0.79,1.03
224.12162494659424,30,0.0,14.47,18.12,19.35,,19.35,-30.0,0.71,0.78,1.03
224.61903071403503,30,0.0,14.42,18.12,19.31,,19.31,-30.0,0.71,0.78,1.03
225.1346743106842,30,0.0,14.42,18.12,19.31,,19.31,-30.0,0.71,0.78,1.03
225.63143062591553,30,0.0,14.42,18.09,19.27,,19.27,-30.0,0.71,0.78,1.02
226.13282084465027,30,0.0,14.42,18.09,19.27,,19.27,-30.0,0.71,0.77,1.02
226.6316418647766,30,0.0,14.38,18.05,19.24,,19.24,-30.0,0.7,0.77,1.02
227.13038182258606,30,0.0,14.38,18.05,19.24,,19.24,-30.0,0.7,0.77,1.02
227.63134503364563,30,0.0,14.38,18.02,19.2,,19.2,-30.0,0.7,0.77,1.01
228.12796306610107,30,0.0,14.38,18.02,19.2,,19.2,-30.0,0.7,0.77,1.01
228.64156556129456,30,0.0,14.33,17.98,19.16,,19.16,-30.0,0.7,0.76,1.01
229.13854146003723,30,0.0,14.33,17.98,19.16,,19.16,-30.0,0.7,0.76,1.01
229.6371557712555,30,0.0,14.33,17.98,19.13,,19.13,-30.0,0.7,0.76,1.0
230.13414549827576,30,0.0,14.29,17.95,19.13,,19.13,-30.0,0.7,0.76,1.0
230.64382696151733,30,0.0,14.29,17.95,19.09,,19.09,-30.0,0.69,0.76,1.0
231.1440348625183,30,0.0,14.29,17.95,19.09,,19.09,-30.0,0.69,0.76,1.0
231.64476799964905,30,0.0,14.29,17.91,19.05,,19.05,-30.0,0.69,0.75,0.99
232.14135599136353,30,0.0,14.24,17.91,19.05,,19.05,-30.0,0.69,0.75,0.99
232.64038515090942,30,0.0,14.24,17.88,19.02,,19.02,-30.0,0.69,0.75,0.99
233.14180254936218,30,0.0,14.24,17.88,19.02,,19.02,-30.0,0.69,0.75,0.99
233.6535153388977,30,0.0,14.2,17.88,19.02,,19.02,-30.0,0.69,0.74,0.99
234.15353226661682,30,0.0,14.2,17.84,18.98,,18.98,-30.0,0.68,0.74,0.98
234.65268731117249,30,0.0,14.2,17.84,18.98,,18.98,-30.0,0.68,0.74,0.98
235.1555368900299,30,0.0,14.2,17.81,18.94,,18.94,-30.0,0.68,0.74,0.98
235.6535096168518,30,0.0,14.2,17.81,18.94,,18.94,-30.0,0.68,0.74,0.98
236.14981150627136,30,0.0,14.15,17.77,18.94,,18.94,-30.0,0.68,0.73,0.98
236.66182827949524,30,0.0,14.15,17.77,18.91,,18.91,-30.0,0.68,0.73,0.97
237.15903878211975,30,0.0,14.11,17.77,18.91,,18.91,-30.0,0.68,0.73,0.97
237.659245967865,30,0.0,14.11,17.74,18.87,,18.87,-30.0,0.67,0.73,0.97
238.15758681297302,30,0.0,14.11,17.74,18.87,,18.87,-30.0,0.67,0.73,0.97
238.656254529953,30,0.0,14.11,17.7,18.83,,18.83,-30.0,0.67,0.72,0.96
239.17183566093445,30,0.0,14.11,17.7,18.83,,18.83,-30.0,0.67,0.72,0.96
239.67101454734802,30,0.0,14.06,17.7,18.83,,18.83,-30.0,0.67,0.72,0.96
240.16957426071167,30,0.0,14.06,17.67,18.8,,18.8,-30.0,0.67,0.72,0.96
240.6672441959381,30,0.0,14.06,17.67,18.8,,18.8,-30.0,0.67,0.72,0.96
241.17162942886353,30,0.0,14.02,17.63,18.76,,18.76,-30.0,0.66,0.71,0.95
241.67186760902405,30,0.0,14.02,17.63,18.76,,18.76,-30.0,0.66,0.71,0.95
242.17277908325195,30,0.0,14.02,17.6,18.72,,18.72,-30.0,0.66,0.71,0.95
242.67333555221558,30,0.0,14.02,17.6,18.72,,18.72,-30.0,0.66,0.71,0.95
243.17184615135193,30,0.0,14.02,17.6,18.69,,18.69,-30.0,0.66,0.71,0.94
243.67152214050293,30,0.0,13.98,17.56,18.69,,18.69,-30.0,0.66,0.7,0.94
244.18303847312927,30,0.0,13.98,17.56,18.69,,18.69,-30.0,0.66,0.7,0.94
244.6842315196991,30,0.0,13.98,17.56,18.65,,18.65,-30.0,0.66,0.7,0.94
245.1833357810974,30,0.0,13.98,17.53,18.65,,18.65,-30.0,0.66,0.7,0.94
245.6788067817688,30,0.0,13.98,17.53,18.61,,18.61,-30.0,0.66,0.7,0.93
246.1796214580536,30,0.0,13.93,17.53,18.61,,18.61,-30.0,0.65,0.7,0.93
246.67730975151062,30,0.0,13.93,17.49,18.61,,18.61,-30.0,0.65,0.7,0.93
247.18876314163208,30,0.0,13.89,17.49,18.58,,18.58,-30.0,0.65,0.69,0.93
247.6873586177826,30,0.0,13.89,17.49,18.58,,18.58,-30.0,0.65,0.69,0.93
248.18964886665344,30,0.0,13.89,17.46,18.58,,18.58,-30.0,0.65,0.69,0.92
248.68761229515076,30,0.0,13.89,17.46,18.54,,18.54,-30.0,0.65,0.68,0.92
249.18615317344666,30,0.0,13.89,17.42,18.54,,18.54,-30.0,0.65,0.68,0.92
249.69899129867554,30,0.0,13.84,17.42,18.5,,18.5,-30.0,0.65,0.68,0.92
250.1996829509735,30,0.0,13.84,17.39,18.5,,18.5,-30.0,0.65,0.68,0.92
250.6943609714508,30,0.0,13.84,17.39,18.5,,18.5,-30.0,0.65,0.68,0.92
251.1965310573578,30,0.0,13.84,17.39,18.46,,18.46,-30.0,0.65,0.68,0.91
251.69382452964783,30,0.0,13.8,17.35,18.46,,18.46,-30.0,0.65,0.67,0.91
252.1922206878662,30,0.0,13.8,17.35,18.43,,18.43,-30.0,0.64,0.67,0.91
252.70785808563232,30,0.0,13.8,17.32,18.43,,18.43,-30.0,0.64,0.67,0.91
253.19469952583313,30,0.0,13.8,17.32,18.39,,18.39,-30.0,0.64,0.67,0.9
253.70762133598328,30,0.0,13.8,17.32,18.39,,18.39,-30.0,0.64,0.66,0.9
254.20832562446594,30,0.0,13.75,17.28,18.39,,18.39,-30.0,0.64,0.66,0.9
254.70970726013184,30,0.0,13.75,17.28,18.35,,18.35,-30.0,0.64,0.66,0.9
255.20805883407593,30,0.0,13.75,17.25,18.35,,18.35,-30.0,0.64,0.66,0.9
255.70865869522095,30,0.0,13.75,17.25,18.32,,18.32,-30.0,0.64,0.66,0.89
256.208331823349,30,0.0,13.75,17.25,18.32,,18.32,-30.0,0.64,0.66,0.89
256.70402789115906,30,0.0,13.71,17.21,18.32,,18.32,-30.0,0.63,0.65,0.89
257.21737813949585,30,0.0,13.71,17.21,18.28,,18.28,-30.0,0.63,0.65,0.89
257.7173328399658,30,0.0,13.71,17.21,18.28,,18.28,-30.0,0.63,0.65,0.89
258.21666264533997,30,0.0,13.71,17.18,18.28,,18.28,-30.0,0.63,0.65,0.88
258.71659302711487,30,0.0,13.66,17.18,18.24,,18.24,-30.0,0.63,0.65,0.88
259.21421480178833,30,0.0,13.66,17.18,18.24,,18.24,-30.0,0.63,0.65,0.88
259.71511673927307,30,0.0,13.66,17.14,18.21,,18.21,-30.0,0.63,0.65,0.88
260.2139232158661,30,0.0,13.66,17.14,18.21,,18.21,-30.0,0.63,0.65,0.88
260.71653509140015,30,0.0,13.66,17.14,18.21,,18.21,-30.0,0.63,0.64,0.88
261.2188079357147,30,0.0,13.66,17.11,18.17,,18.17,-30.0,0.63,0.64,0.88
261.7173047065735,30,0.0,13.66,17.11,18.17,,18.17,-30.0,0.63,0.64,0.87
262.23338437080383,30,0.0,13.62,17.11,18.13,,18.13,-30.0,0.63,0.64,0.87
262.7319715023041,30,0.0,13.62,17.07,18.13,,18.13,-30.0,0.62,0.64,0.87
263.23218393325806,30,0.0,13.62,17.07,18.13,,18.13,-30.0,0.62,0.64,0.87
263.72911500930786,30,0.0,13.57,17.07,18.09,,18.09,-30.0,0.62,0.63,0.87
264.22536420822144,30,0.0,13.57,17.07,18.09,,18.09,-30.0,0.62,0.63,0.87
264.7380657196045,30,0.0,13.57,17.04,18.09,,18.09,-30.0,0.62,0.63,0.87
265.2377996444702,30,0.0,13.57,17.04,18.09,,18.09,-30.0,0.62,0.63,0.86
265.73655009269714,30,0.0,13.57,17.0,18.06,,18.06,-30.0,0.62,0.63,0.86
266.23488426208496,30,0.0,13.57,17.0,18.06,,18.06,-30.0,0.62,0.63,0.86
266.73703956604004,30,0.0,13.57,17.0,18.06,,18.06,-30.0,0.61,0.63,0.86
267.2355887889862,30,0.0,13.53,17.0,18.02,,18.02,-30.0,0.61,0.63,0.86
267.73614382743835,30,0.0,13.53,17.0,18.02,,18.02,-30.0,0.61,0.63,0.86
268.237900018692,30,0.0,13.53,16.97,18.02,,18.02,-30.0,0.61,0.62,0.86
268.737300157547,30,0.0,13.53,16.97,17.98,,17.98,-30.0,0.61,0.62,0.85
269.238032579422,30,0.0,13.53,16.93,17.98,,17.98,-30.0,0.61,0.62,0.85
269.73818254470825,30,0.0,13.48,16.93,17.98,,17.98,-30.0,0.61,0.62,0.85
270.249694108963,30,0.0,13.48,16.93,17.95,,17.95,-30.0,0.61,0.61,0.85
270.74911618232727,30,0.0,13.48,16.9,17.95,,17.95,-30.0,0.61,0.61,0.85
271.2469663619995,30,0.0,13.48,16.9,17.95,,17.95,-30.0,0.61,0.61,0.84
271.74492835998535,30,0.0,13.48,16.9,17.91,,17.91,-30.0,0.61,0.61,0.84
272.245534658432,30,0.0,13.48,16.86,17.91,,17.91,-30.0,0.61,0.61,0.84
272.7565424442291,30,0.0,13.44,16.86,17.87,,17.87,-30.0,0.6,0.61,0.84
273.2554280757904,30,0.0,13.44,16.86,17.87,,17.87,-30.0,0.6,0.61,0.84
273.7566123008728,30,0.0,13.44,16.83,17.87,,17.87,-30.0,0.6,0.6,0.84
274.25832295417786,30,0.0,13.44,16.83,17.83,,17.83,-30.0,0.6,0.6,0.83
274.75290727615356,30,0.0,13.44,16.79,17.83,,17.83,-30.0,0.6,0.6,0.83
275.25385212898254,30,0.0,13.44,16.79,17.83,,17.83,-30.0,0.6,0.6,0.83
275.76718974113464,30,0.0,13.39,16.79,17.8,,17.8,-30.0,0.6,0.6,0.83
276.2668628692627,30,0.0,13.39,16.79,17.8,,17.8,-30.0,0.6,0.59,0.83
276.76765179634094,30,0.0,13.39,16.76,17.76,,17.76,-30.0,0.6,0.59,0.82
277.26637864112854,30,0.0,13.39,16.76,17.76,,17.76,-30.0,0.6,0.59,0.82
277.7667465209961,30,0.0,13.39,16.76,17.76,,17.76,-30.0,0.6,0.59,0.82
278.2656993865967,30,0.0,13.39,16.72,17.72,,17.72,-30.0,0.6,0.59,0.82
278.7659764289856,30,0.0,13.35,16.72,17.72,,17.72,-30.0,0.6,0.59,0.82
279.26704263687134,30,0.0,13.35,16.72,17.69,,17.69,-30.0,0.6,0.58,0.81
279.76591873168945,30,0.0,13.35,16.68,17.69,,17.69,-30.0,0.59,0.58,0.81
280.2659616470337,30,0.0,13.35,16.68,17.69,,17.69,-30.0,0.59,0.58,0.81
280.7769331932068,30,0.0,13.35,16.68,17.65,,17.65,-30.0,0.59,0.58,0.81
281.2783236503601,30,0.0,13.35,16.65,17.65,,17.65,-30.0,0.59,0.58,0.81
281.7765829563141,30,0.0,13.3,16.65,17.65,,17.65,-30.0,0.59,0.58,0.81
282.2730300426483,30,0.0,13.3,16.65,17.65,,17.65,-30.0,0.59,0.58,0.81
282.77242708206177,30,0.0,13.26,16.65,17.61,,17.61,-30.0,0.58,0.58,0.8
283.2858192920685,30,0.0,13.3,16.61,17.61,,17.61,-30.0,0.59,0.57,0.8
283.7841749191284,30,0.0,13.26,16.61,17.61,,17.61,-30.0,0.58,0.57,0.8
284.2853181362152,30,0.0,13.26,16.61,17.61,,17.61,-30.0,0.58,0.57,0.8
284.7845368385315,30,0.0,13.26,16.58,17.57,,17.57,-30.0,0.58,0.57,0.8
285.28308606147766,30,0.0,13.26,16.58,17.57,,17.57,-30.0,0.58,0.57,0.8
285.7952642440796,30,0.0,13.26,16.58,17.57,,17.57,-30.0,0.58,0.57,0.79
286.29464960098267,30,0.0,13.26,16.54,17.57,,17.57,-30.0,0.58,0.56,0.79
286.7964777946472,30,0.0,13.26,16.54,17.54,,17.54,-30.0,0.58,0.56,0.79
287.29028820991516,30,0.0,13.26,16.54,17.54,,17.54,-30.0,0.58,0.56,0.79
287.7862765789032,30,0.0,13.21,16.54,17.5,,17.5,-30.0,0.58,0.56,0.79
288.2930009365082,30,0.0,13.21,16.51,17.5,,17.5,-30.0,0.58,0.56,0.79
288.79908180236816,30,0.0,13.21,16.51,17.5,,17.5,-30.0,0.58,0.56,0.79
289.30322766304016,30,0.0,13.21,16.51,17.46,,17.46,-30.0,0.58,0.56,0.78
289.80401849746704,30,0.0,13.21,16.51,17.46,,17.46,-30.0,0.58,0.56,0.78
290.30346751213074,30,0.0,13.21,16.47,17.46,,17.46,-30.0,0.57,0.55,0.78
290.8033781051636,30,0.0,13.17,16.47,17.46,,17.46,-30.0,0.58,0.55,0.78
291.3018956184387,30,0.0,13.17,16.47,17.42,,17.42,-30.0,0.57,0.55,0.78
291.8024878501892,30,0.0,13.17,16.47,17.42,,17.42,-30.0,0.57,0.55,0.78
292.30024576187134,30,0.0,13.17,16.44,17.42,,17.42,-30.0,0.57,0.55,0.78
292.8039960861206,30,0.0,13.17,16.44,17.42,,17.42,-30.0,0.57,0.55,0.77
293.30086731910706,30,0.0,13.17,16.44,17.39,,17.39,-30.0,0.57,0.55,0.77
293.86334586143494,30,0.0,13.12,16.44,17.39,,17.39,-30.0,0.57,0.54,0.77
294.31734466552734,30,0.0,13.12,16.44,17.39,,17.39,-30.0,0.57,0.54,0.77
294.80996537208557,30,0.0,13.12,16.4,17.39,,17.39,-30.0,0.57,0.54,0.77
295.3140940666199,30,0.0,13.12,16.4,17.35,,17.35,-30.0,0.57,0.54,0.77
295.81329345703125,30,0.0,13.12,16.36,17.35,,17.35,-30.0,0.57,0.54,0.77
296.31500935554504,30,0.0,13.12,16.36,17.35,,17.35,-30.0,0.57,0.54,0.77
296.8123528957367,30,0.0,13.12,16.36,17.31,,17.31,-30.0,0.57,0.54,0.76
297.31640434265137,30,0.0,13.08,16.36,17.31,,17.31,-30.0,0.57,0.54,0.76
297.8266170024872,30,0.0,13.08,16.36,17.31,,17.31,-30.0,0.56,0.53,0.76
298.32134318351746,30,0.0,13.08,16.33,17.28,,17.28,-30.0,0.56,0.53,0.76
298.824675321579,30,0.0,13.08,16.33,17.28,,17.28,-30.0,0.56,0.53,0.76
299.3226306438446,30,0.0,13.08,16.33,17.28,,17.28,-30.0,0.56,0.53,0.76
299.8206810951233,30,0.0,13.04,16.33,17.28,,17.28,-30.0,0.56,0.53,0.76
300.322518825531,30,0.0,13.04,16.33,17.24,,17.24,-30.0,0.56,0.53,0.75
300.8339116573334,30,0.0,13.04,16.29,17.24,,17.24,-30.0,0.56,0.53,0.75
301.33113718032837,30,0.0,13.04,16.29,17.24,,17.24,-30.0,0.56,0.53,0.75
301.83299469947815,30,0.0,13.04,16.29,17.24,,17.24,-30.0,0.56,0.53,0.75
302.3303554058075,30,0.0,13.04,16.26,17.24,,17.24,-30.0,0.56,0.53,0.75
302.83132004737854,30,0.0,13.04,16.26,17.2,,17.2,-30.0,0.56,0.52,0.75
303.33098125457764,30,0.0,12.99,16.26,17.2,,17.2,-30.0,0.56,0.52,0.75
303.8596546649933,30,0.0,12.99,16.26,17.16,,17.16,-30.0,0.55,0.52,0.74
304.3446309566498,30,0.0,12.99,16.26,17.16,,17.16,-30.0,0.55,0.52,0.74
304.84482741355896,30,0.0,12.99,16.22,17.16,,17.16,-30.0,0.55,0.52,0.74
305.3440029621124,30,0.0,12.99,16.22,17.16,,17.16,-30.0,0.55,0.52,0.74
305.84399461746216,30,0.0,12.99,16.22,17.16,,17.16,-30.0,0.55,0.52,0.74
306.3440885543823,30,0.0,12.95,16.22,17.13,,17.13,-30.0,0.55,0.52,0.74
306.8447186946869,30,0.0,12.95,16.19,17.13,,17.13,-30.0,0.55,0.51,0.74
307.3447632789612,30,0.0,12.95,16.19,17.13,,17.13,-30.0,0.55,0.51,0.74
307.84271144866943,30,0.0,12.95,16.19,17.13,,17.13,-30.0,0.55,0.51,0.74
308.34243655204773,30,0.0,12.95,16.19,17.09,,17.09,-30.0,0.55,0.51,0.73
308.8552429676056,30,0.0,12.9,16.19,17.09,,17.09,-30.0,0.54,0.51,0.73
309.3537530899048,30,0.0,12.9,16.19,17.09,,17.09,-30.0,0.55,0.51,0.73
309.85803985595703,30,0.0,12.9,16.15,17.09,,17.09,-30.0,0.54,0.51,0.73
310.35732674598694,30,0.0,12.9,16.15,17.09,,17.09,-30.0,0.54,0.51,0.73
310.85698533058167,30,0.0,12.9,16.15,17.05,,17.05,-30.0,0.54,0.51,0.73
311.3585946559906,30,0.0,12.9,16.11,17.05,,17.05,-30.0,0.54,0.5,0.73
311.8560140132904,30,0.0,12.86,16.11,17.05,,17.05,-30.0,0.54,0.5,0.73
312.3531708717346,30,0.0,12.86,16.11,17.05,,17.05,-30.0,0.54,0.5,0.73
312.8548014163971,30,0.0,12.86,16.11,17.05,,17.05,-30.0,0.54,0.5,0.73
313.35427808761597,30,0.0,12.86,16.08,17.01,,17.01,-30.0,0.54,0.5,0.72
313.86556696891785,30,0.0,12.86,16.08,17.01,,17.01,-30.0,0.54,0.5,0.72
314.3629388809204,30,0.0,12.86,16.08,17.01,,17.01,-30.0,0.54,0.5,0.72
314.86563634872437,30,0.0,12.81,16.08,17.01,,17.01,-30.0,0.53,0.5,0.72
315.3623397350311,30,0.0,12.86,16.08,17.01,,17.01,-30.0,0.53,0.49,0.72
315.86166739463806,30,0.0,12.81,16.04,16.98,,16.98,-30.0,0.53,0.49,0.72
316.37253522872925,30,0.0,12.81,16.04,16.98,,16.98,-30.0,0.53,0.49,0.72
316.8705677986145,30,0.0,12.81,16.04,16.98,,16.98,-30.0,0.53,0.49,0.72
317.36590456962585,30,0.0,12.81,16.04,16.98,,16.98,-30.0,0.53,0.49,0.72
317.8681662082672,30,0.0,12.81,16.01,16.94,,16.94,-30.0,0.53,0.49,0.71
318.3667995929718,30,0.0,12.81,16.01,16.94,,16.94,-30.0,0.53,0.49,0.71
318.88130259513855,30,0.0,12.77,16.01,16.94,,16.94,-30.0,0.53,0.49,0.71
319.3774745464325,30,0.0,12.77,16.01,16.94,,16.94,-30.0,0.53,0.49,0.71
319.88113021850586,30,0.0,12.77,16.01,16.94,,16.94,-30.0,0.53,0.48,0.71
320.37940287590027,30,0.0,12.77,15.97,16.9,,16.9,-30.0,0.53,0.48,0.71
320.8789851665497,30,0.0,12.77,15.97,16.9,,16.9,-30.0,0.53,0.48,0.71
321.37835335731506,30,0.0,12.77,15.97,16.9,,16.9,-30.0,0.53,0.48,0.71
321.8775522708893,30,0.0,12.77,15.97,16.9,,16.9,-30.0,0.53,0.48,0.7
322.39080572128296,30,0.0,12.72,15.94,16.86,,16.86,-30.0,0.52,0.48,0.7
322.8913884162903,30,0.0,12.72,15.94,16.86,,16.86,-30.0,0.52,0.48,0.7
323.3917236328125,30,0.0,12.72,15.94,16.86,,16.86,-30.0,0.52,0.48,0.7
323.8903319835663,30,0.0,12.72,15.94,16.86,,16.86,-30.0,0.52,0.47,0.7
324.3896596431732,30,0.0,12.72,15.94,16.86,,16.86,-30.0,0.52,0.47,0.7
324.88955307006836,30,0.0,12.72,15.9,16.82,,16.82,-30.0,0.52,0.47,0.7
325.3872299194336,30,0.0,12.72,15.9,16.82,,16.82,-30.0,0.52,0.47,0.7
325.88768196105957,30,0.0,12.72,15.9,16.82,,16.82,-30.0,0.52,0.47,0.69
326.4001269340515,30,0.0,12.72,15.86,16.79,,16.79,-30.0,0.52,0.47,0.69
326.89803099632263,30,0.0,12.72,15.86,16.79,,16.79,-30.0,0.52,0.47,0.69
327.3976013660431,30,0.0,12.68,15.86,16.79,,16.79,-30.0,0.52,0.47,0.69
327.89495158195496,30,0.0,12.68,15.86,16.79,,16.79,-30.0,0.52,0.47,0.69
328.3946530818939,30,0.0,12.68,15.83,16.79,,16.79,-30.0,0.52,0.46,0.69
328.89591097831726,30,0.0,12.68,15.83,16.75,,16.75,-30.0,0.52,0.46,0.69
329.409547328949,30,0.0,12.68,15.83,16.75,,16.75,-30.0,0.52,0.46,0.69
329.9049322605133,30,0.0,12.68,15.83,16.75,,16.75,-30.0,0.52,0.46,0.69
330.4040529727936,30,0.0,12.63,15.83,16.75,,16.75,-30.0,0.52,0.46,0.69
330.904855966568,30,0.0,12.63,15.83,16.75,,16.75,-30.0,0.52,0.46,0.68
331.4047040939331,30,0.0,12.63,15.79,16.75,,16.75,-30.0,0.51,0.46,0.68
331.9033508300781,30,0.0,12.63,15.79,16.75,,16.75,-30.0,0.51,0.46,0.68
332.4048800468445,30,0.0,12.63,15.79,16.71,,16.71,-30.0,0.51,0.46,0.68
332.9188606739044,30,0.0,12.63,15.79,16.71,,16.71,-30.0,0.51,0.45,0.68
333.41434717178345,30,0.0,12.63,15.76,16.67,,16.67,-30.0,0.51,0.45,0.68
333.91654872894287,30,0.0,12.63,15.76,16.71,,16.71,-30.0,0.51,0.45,0.68
334.41494703292847,30,0.0,12.63,15.76,16.67,,16.67,-30.0,0.51,0.45,0.68
334.914696931839,30,0.0,12.59,15.76,16.67,,16.67,-30.0,0.51,0.45,0.68
335.4262671470642,30,0.0,12.59,15.76,16.67,,16.67,-30.0,0.51,0.45,0.68
335.9278521537781,30,0.0,12.59,15.76,16.67,,16.67,-30.0,0.51,0.45,0.68
336.42974305152893,30,0.0,12.59,15.76,16.64,,16.64,-30.0,0.51,0.45,0.67
336.93057918548584,30,0.0,12.59,15.72,16.64,,16.64,-30.0,0.51,0.45,0.67
337.42750430107117,30,0.0,12.59,15.72,16.64,,16.64,-30.0,0.51,0.45,0.67
337.92602467536926,30,0.0,12.59,15.72,16.64,,16.64,-30.0,0.51,0.45,0.67
338.4280250072479,30,0.0,12.59,15.72,16.6,,16.6,-30.0,0.51,0.45,0.67
338.925892829895,30,0.0,12.59,15.72,16.6,,16.6,-30.0,0.51,0.44,0.67
339.4223701953888,30,0.0,12.54,15.72,16.6,,16.6,-30.0,0.51,0.44,0.67
339.9248950481415,30,0.0,12.54,15.68,16.6,,16.6,-30.0,0.5,0.44,0.67
340.4366340637207,30,0.0,12.54,15.68,16.6,,16.6,-30.0,0.5,0.44,0.67
340.93561267852783,30,0.0,12.54,15.68,16.56,,16.56,-30.0,0.5,0.44,0.66
341.43308448791504,30,0.0,12.54,15.68,16.56,,16.56,-30.0,0.5,0.44,0.66
341.93147349357605,30,0.0,12.54,15.65,16.56,,16.56,-30.0,0.5,0.44,0.66
342.43194675445557,30,0.0,12.5,15.65,16.56,,16.56,-30.0,0.5,0.44,0.66
342.9328668117523,30,0.0,12.5,15.65,16.56,,16.56,-30.0,0.5,0.44,0.66
343.44565510749817,30,0.0,12.5,15.65,16.56,,16.56,-30.0,0.5,0.44,0.66
343.94776344299316,30,0.0,12.5,15.65,16.52,,16.52,-30.0,0.5,0.44,0.66
344.44609451293945,30,0.0,12.5,15.65,16.52,,16.52,-30.0,0.5,0.43,0.66
344.94352889060974,30,0.0,12.5,15.61,16.52,,16.52,-30.0,0.5,0.43,0.66
345.4426975250244,30,0.0,12.5,15.61,16.52,,16.52,-30.0,0.5,0.43,0.66
345.9403898715973,30,0.0,12.5,15.61,16.52,,16.52,-30.0,0.5,0.43,0.66
346.4419195652008,30,0.0,12.5,15.61,16.52,,16.52,-30.0,0.5,0.43,0.65
346.9514698982239,30,0.0,12.5,15.61,16.52,,16.52,-30.0,0.5,0.43,0.65
347.45135164260864,30,0.0,12.45,15.58,16.49,,16.49,-30.0,0.5,0.43,0.65
347.95017743110657,30,0.0,12.45,15.58,16.49,,16.49,-30.0,0.49,0.43,0.65
348.44890451431274,30,0.0,12.45,15.58,16.49,,16.49,-30.0,0.49,0.43,0.65
348.96169352531433,30,0.0,12.45,15.58,16.45,,16.45,-30.0,0.49,0.43,0.65
349.45587635040283,30,0.0,12.45,15.58,16.45,,16.45,-30.0,0.49,0.43,0.65
349.95149302482605,30,0.0,12.45,15.58,16.45,,16.45,-30.0,0.49,0.43,0.65
350.4684555530548,30,0.0,12.45,15.58,16.41,,16.41,-30.0,0.49,0.43,0.65
350.96671295166016,30,0.0,12.45,15.58,16.41,,16.41,-30.0,0.49,0.43,0.65
351.46397829055786,30,0.0,12.45,15.54,16.41,,16.41,-30.0,0.49,0.43,0.65
351.9645278453827,30,0.0,12.45,15.54,16.41,,16.41,-30.0,0.49,0.43,0.65
352.46667218208313,30,0.0,12.41,15.54,16.41,,16.41,-30.0,0.49,0.43,0.65
352.96537947654724,30,0.0,12.41,15.54,16.41,,16.41,-30.0,0.49,0.43,0.65
353.4602634906769,30,0.0,12.41,15.54,16.37,,16.37,-30.0,0.49,0.43,0.64
353.9755744934082,30,0.0,12.41,15.54,16.37,,16.37,-30.0,0.49,0.42,0.64
354.4665367603302,30,0.0,12.41,15.54,16.37,,16.37,-30.0,0.49,0.42,0.64
354.971462726593,30,0.0,12.41,15.5,16.37,,16.37,-30.0,0.49,0.42,0.64
355.47101354599,30,0.0,12.41,15.5,16.37,,16.37,-30.0,0.49,0.42,0.64
355.9695973396301,30,0.0,12.41,15.5,16.33,,16.33,-30.0,0.48,0.42,0.64
356.4856960773468,30,0.0,12.41,15.47,16.33,,16.33,-30.0,0.48,0.42,0.64
356.97953152656555,30,0.0,12.41,15.47,16.33,,16.33,-30.0,0.48,0.42,0.64
357.4773678779602,30,0.0,12.36,15.47,16.33,,16.33,-30.0,0.48,0.42,0.64
357.97631072998047,30,0.0,12.36,15.47,16.33,,16.33,-30.0,0.48,0.42,0.64
358.47410893440247,30,0.0,12.36,15.47,16.33,,16.33,-30.0,0.48,0.42,0.64
358.97706484794617,30,0.0,12.36,15.43,16.33,,16.33,-30.0,0.48,0.41,0.63
359.49020528793335,30,0.0,12.36,15.43,16.3,,16.3,-30.0,0.48,0.41,0.63
359.97858119010925,30,0.0,12.36,15.43,16.3,,16.3,-30.0,0.48,0.41,0.63
360.48749327659607,30,0.0,12.36,15.43,16.3,,16.3,-30.0,0.48,0.41,0.63
360.98514342308044,30,0.0,12.32,15.43,16.3,,16.3,-30.0,0.48,0.41,0.63
361.4856972694397,30,0.0,12.32,15.43,16.3,,16.3,-30.0,0.48,0.41,0.63
361.98426389694214,30,0.0,12.32,15.4,16.3,,16.3,-30.0,0.48,0.41,0.63
362.4875349998474,30,0.0,12.32,15.4,16.3,,16.3,-30.0,0.48,0.41,0.63
362.9859616756439,30,0.0,12.32,15.4,16.26,,16.26,-30.0,0.48,0.41,0.63
363.5006217956543,30,0.0,12.32,15.4,16.26,,16.26,-30.0,0.48,0.41,0.63
364.0012776851654,30,0.0,12.32,15.36,16.26,,16.26,-30.0,0.48,0.4,0.63
364.4992127418518,30,0.0,12.32,15.36,16.26,,16.26,-30.0,0.48,0.4,0.63
364.9964611530304,30,0.0,12.32,15.36,16.26,,16.26,-30.0,0.48,0.4,0.62
365.4982626438141,30,0.0,12.32,15.36,16.26,,16.26,-30.0,0.48,0.4,0.62
365.99702191352844,30,0.0,12.27,15.32,16.22,,16.22,-30.0,0.48,0.4,0.62
366.4958407878876,30,0.0,12.27,15.36,16.22,,16.22,-30.0,0.47,0.4,0.62
367.01100182533264,30,0.0,12.27,15.32,16.18,,16.18,-30.0,0.47,0.4,0.62
367.5164084434509,30,0.0,12.27,15.32,16.18,,16.18,-30.0,0.47,0.4,0.62
368.0122354030609,30,0.0,12.27,15.32,16.18,,16.18,-30.0,0.47,0.4,0.62
368.50932478904724,30,0.0,12.27,15.32,16.18,,16.18,-30.0,0.47,0.4,0.62
369.0063338279724,30,0.0,12.27,15.32,16.18,,16.18,-30.0,0.47,0.4,0.61
369.50272941589355,30,0.0,12.23,15.32,16.14,,16.14,-30.0,0.47,0.39,0.61
370.01882672309875,30,0.0,12.27,15.32,16.14,,16.14,-30.0,0.47,0.39,0.61
370.5181369781494,30,0.0,12.23,15.29,16.14,,16.14,-30.0,0.47,0.39,0.61
371.01738595962524,30,0.0,12.23,15.29,16.14,,16.14,-30.0,0.47,0.39,0.61
371.5166642665863,30,0.0,12.23,15.29,16.14,,16.14,-30.0,0.47,0.39,0.61
372.012841463089,30,0.0,12.23,15.29,16.11,,16.11,-30.0,0.47,0.39,0.61
372.51356506347656,30,0.0,12.23,15.29,16.11,,16.11,-30.0,0.47,0.39,0.61
373.01244354248047,30,0.0,12.23,15.29,16.11,,16.11,-30.0,0.47,0.39,0.61
373.51378655433655,30,0.0,12.19,15.29,16.11,,16.11,-30.0,0.47,0.39,0.61
374.0265316963196,30,0.0,12.23,15.29,16.11,,16.11,-30.0,0.47,0.39,0.61
374.5230462551117,30,0.0,12.19,15.29,16.11,,16.11,-30.0,0.47,0.39,0.61
375.02315878868103,30,0.0,12.19,15.29,16.11,,16.11,-30.0,0.46,0.39,0.61
375.52281379699707,30,0.0,12.19,15.29,16.07,,16.07,-30.0,0.46,0.39,0.6
376.02232456207275,30,0.0,12.19,15.29,16.07,,16.07,-30.0,0.46,0.39,0.6
376.5366687774658,30,0.0,12.19,15.25,16.07,,16.07,-30.0,0.46,0.39,0.6
377.03660225868225,30,0.0,12.19,15.25,16.07,,16.07,-30.0,0.46,0.39,0.6
377.53498888015747,30,0.0,12.19,15.25,16.07,,16.07,-30.0,0.46,0.39,0.6
378.03330063819885,30,0.0,12.19,15.25,16.07,,16.07,-30.0,0.46,0.39,0.6
378.53257489204407,30,0.0,12.19,15.25,16.07,,16.07,-30.0,0.46,0.39,0.6
379.0315773487091,30,0.0,12.19,15.25,16.03,,16.03,-30.0,0.46,0.39,0.6
379.53000354766846,30,0.0,12.19,15.25,16.03,,16.03,-30.0,0.46,0.39,0.6
380.0459520816803,30,0.0,12.14,15.22,16.03,,16.03,-30.0,0.46,0.38,0.6
380.5408511161804,30,0.0,12.14,15.22,16.03,,16.03,-30.0,0.46,0.38,0.6
381.0401985645294,30,0.0,12.14,15.22,16.03,,16.03,-30.0,0.46,0.38,0.6
381.54131054878235,30,0.0,12.14,15.22,16.03,,16.03,-30.0,0.46,0.38,0.6
382.0409698486328,30,0.0,12.14,15.22,16.03,,16.03,-30.0,0.46,0.38,0.6
382.542631149292,30,0.0,12.14,15.22,16.03,,16.03,-30.0,0.46,0.38,0.59
383.03980350494385,30,0.0,12.14,15.18,15.99,,15.99,-30.0,0.46,0.38,0.59
383.5405716896057,30,0.0,12.14,15.18,15.99,,15.99,-30.0,0.46,0.38,0.59
384.05545711517334,30,0.0,12.14,15.18,15.99,,15.99,-30.0,0.46,0.38,0.59
384.554407119751,30,0.0,12.14,15.18,15.99,,15.99,-30.0,0.46,0.38,0.59
385.051061630249,30,0.0,12.14,15.18,15.99,,15.99,-30.0,0.46,0.38,0.59
385.55203676223755,30,0.0,12.14,15.18,15.99,,15.99,-30.0,0.46,0.38,0.59
386.0505509376526,30,0.0,12.14,15.14,15.95,,15.95,-30.0,0.46,0.38,0.59
386.54832887649536,30,0.0,12.14,15.18,15.95,,15.95,-30.0,0.46,0.38,0.59
387.06279587745667,30,0.0,12.14,15.14,15.95,,15.95,-30.0,0.46,0.37,0.59
387.5618622303009,30,0.0,12.14,15.14,15.95,,15.95,-30.0,0.46,0.38,0.59
388.0600907802582,30,0.0,12.1,15.14,15.95,,15.95,-30.0,0.46,0.37,0.59
388.5610160827637,30,0.0,12.14,15.14,15.95,,15.95,-30.0,0.46,0.37,0.59
389.058890581131,30,0.0,12.1,15.14,15.95,,15.95,-30.0,0.46,0.37,0.58
389.55866408348083,30,0.0,12.1,15.14,15.92,,15.92,-30.0,0.46,0.37,0.58
390.07195115089417,30,0.0,12.1,15.14,15.92,,15.92,-30.0,0.46,0.37,0.58
390.569372177124,30,0.0,12.14,15.14,15.92,,15.92,-30.0,0.46,0.37,0.58
391.0677568912506,30,0.0,12.14,15.14,15.92,,15.92,-30.0,0.46,0.37,0.58
391.56581115722656,30,0.0,12.1,15.14,15.92,,15.92,-30.0,0.46,0.37,0.58
392.06803798675537,30,0.0,12.1,15.14,15.92,,15.92,-30.0,0.45,0.37,0.58
392.56522369384766,30,0.0,12.1,15.14,15.92,,15.92,-30.0,0.45,0.37,0.58
393.0785722732544,30,0.0,12.1,15.11,15.92,,15.92,-30.0,0.45,0.37,0.58
393.58047318458557,30,0.0,12.1,15.11,15.92,,15.92,-30.0,0.45,0.37,0.58
394.08081221580505,30,0.0,12.1,15.11,15.92,,15.92,-30.0,0.45,0.37,0.58
394.58046531677246,30,0.0,12.1,15.11,15.88,,15.88,-30.0,0.45,0.37,0.58
395.07710337638855,30,0.0,12.05,15.11,15.88,,15.88,-30.0,0.45,0.37,0.58
395.57351064682007,30,0.0,12.05,15.11,15.88,,15.88,-30.0,0.45,0.37,0.58
396.08754992485046,30,0.0,12.05,15.11,15.88,,15.88,-30.0,0.45,0.37,0.58
396.5867624282837,30,0.0,12.05,15.07,15.88,,15.88,-30.0,0.45,0.36,0.58
397.0829350948334,30,0.0,12.05,15.07,15.88,,15.88,-30.0,0.45,0.36,0.58
397.5841405391693,30,0.0,12.05,15.07,15.88,,15.88,-30.0,0.45,0.36,0.58
398.0830268859863,30,0.0,12.05,15.07,15.88,,15.88,-30.0,0.45,0.36,0.58
398.58129477500916,30,0.0,12.05,15.07,15.88,,15.88,-30.0,0.45,0.36,0.57
399.0827248096466,30,0.0,12.05,15.03,15.84,,15.84,-30.0,0.45,0.36,0.57
399.5840222835541,30,0.0,12.05,15.07,15.84,,15.84,-30.0,0.45,0.36,0.57
400.08474469184875,30,0.0,12.05,15.07,15.84,,15.84,-30.0,0.45,0.36,0.57
400.58853936195374,30,0.0,12.05,15.03,15.84,,15.84,-30.0,0.45,0.36,0.57
401.0893485546112,30,0.0,12.05,15.03,15.84,,15.84,-30.0,0.44,0.36,0.57
401.59934735298157,30,0.0,12.01,15.0,15.84,,15.84,-30.0,0.44,0.36,0.57
402.1014223098755,30,0.0,12.05,15.0,15.8,,15.8,-30.0,0.44,0.35,0.57
402.59894609451294,30,0.0,12.05,15.0,15.8,,15.8,-30.0,0.45,0.35,0.57
403.09762263298035,30,0.0,12.01,15.0,15.8,,15.8,-30.0,0.44,0.35,0.57
403.5955126285553,30,0.0,12.01,15.0,15.8,,15.8,-30.0,0.44,0.35,0.57
404.0955810546875,30,0.0,12.01,15.0,15.8,,15.8,-30.0,0.44,0.35,0.57
404.6090409755707,30,0.0,12.01,15.0,15.8,,15.8,-30.0,0.44,0.35,0.57
405.10880184173584,30,0.0,12.01,15.0,15.8,,15.8,-30.0,0.44,0.35,0.56
405.60963249206543,30,0.0,12.01,15.0,15.76,,15.76,-30.0,0.44,0.35,0.56
406.10791778564453,30,0.0,12.01,14.96,15.76,,15.76,-30.0,0.44,0.35,0.56
406.6074595451355,30,0.0,12.01,14.96,15.76,,15.76,-30.0,0.44,0.35,0.56
407.1076428890228,30,0.0,12.01,14.96,15.76,,15.76,-30.0,0.44,0.35,0.56
407.6069095134735,30,0.0,12.01,14.96,15.76,,15.76,-30.0,0.44,0.35,0.56
408.11996698379517,30,0.0,12.01,14.96,15.76,,15.76,-30.0,0.44,0.35,0.56
408.62097668647766,30,0.0,12.01,14.96,15.73,,15.73,-30.0,0.44,0.34,0.56
409.1193780899048,30,0.0,12.01,14.92,15.73,,15.73,-30.0,0.44,0.34,0.56
409.617502450943,30,0.0,12.01,14.92,15.73,,15.73,-30.0,0.44,0.34,0.56
410.1152603626251,30,0.0,12.01,14.92,15.73,,15.73,-30.0,0.44,0.34,0.56
410.6132001876831,30,0.0,12.01,14.92,15.73,,15.73,-30.0,0.44,0.34,0.56
411.11441254615784,30,0.0,12.01,14.92,15.73,,15.73,-30.0,0.44,0.34,0.56
411.62766432762146,30,0.0,11.96,14.92,15.73,,15.73,-30.0,0.44,0.34,0.56
412.1298317909241,30,0.0,11.96,14.92,15.73,,15.73,-30.0,0.44,0.34,0.56
412.61836862564087,30,0.0,11.96,14.92,15.69,,15.69,-30.0,0.44,0.34,0.55
413.13303208351135,30,0.0,11.96,14.89,15.69,,15.69,-30.0,0.44,0.34,0.55
413.62189841270447,30,0.0,11.96,14.89,15.69,,15.69,-30.0,0.44,0.34,0.55
414.12196612358093,30,0.0,11.96,14.89,15.69,,15.69,-30.0,0.44,0.34,0.55
414.6373202800751,30,0.0,11.96,14.89,15.65,,15.65,-30.0,0.44,0.34,0.55
415.1367094516754,30,0.0,11.96,14.92,15.65,,15.65,-30.0,0.44,0.34,0.55
415.6322777271271,30,0.0,11.96,14.89,15.65,,15.65,-30.0,0.44,0.34,0.55
416.13479828834534,30,0.0,11.96,14.89,15.65,,15.65,-30.0,0.44,0.34,0.55
416.6336989402771,30,0.0,11.96,14.89,15.65,,15.65,-30.0,0.44,0.34,0.55
417.13312458992004,30,0.0,11.96,14.85,15.65,,15.65,-30.0,0.44,0.34,0.55
417.63503074645996,30,0.0,11.96,14.89,15.65,,15.65,-30.0,0.44,0.33,0.55
418.13353395462036,30,0.0,11.92,14.85,15.65,,15.65,-30.0,0.44,0.33,0.54
418.6482357978821,30,0.0,11.92,14.85,15.61,,15.61,-30.0,0.44,0.33,0.54
419.1484866142273,30,0.0,11.92,14.85,15.61,,15.61,-30.0,0.43,0.33,0.54
419.64670610427856,30,0.0,11.92,14.85,15.61,,15.61,-30.0,0.43,0.33,0.54
420.1463279724121,30,0.0,11.92,14.85,15.61,,15.61,-30.0,0.43,0.33,0.54
420.6424286365509,30,0.0,11.92,14.85,15.61,,15.61,-30.0,0.43,0.33,0.54
421.14219427108765,30,0.0,11.92,14.85,15.61,,15.61,-30.0,0.43,0.33,0.54
421.65715432167053,30,0.0,11.92,14.85,15.61,,15.61,-30.0,0.43,0.33,0.54
422.15378069877625,30,0.0,11.92,14.85,15.61,,15.61,-30.0,0.43,0.33,0.54
422.6514160633087,30,0.0,11.92,14.85,15.61,,15.61,-30.0,0.43,0.33,0.54
423.1530432701111,30,0.0,11.92,14.85,15.61,,15.61,-30.0,0.43,0.33,0.54
423.65134358406067,30,0.0,11.92,14.85,15.57,,15.57,-30.0,0.43,0.33,0.54
424.152761220932,30,0.0,11.92,14.82,15.57,,15.57,-30.0,0.43,0.33,0.54
424.6492564678192,30,0.0,11.87,14.82,15.57,,15.57,-30.0,0.43,0.33,0.54
425.15089297294617,30,0.0,11.92,14.82,15.57,,15.57,-30.0,0.43,0.33,0.54
425.66137170791626,30,0.0,11.87,14.82,15.57,,15.57,-30.0,0.43,0.33,0.54
426.1647381782532,30,0.0,11.87,14.82,15.57,,15.57,-30.0,0.43,0.33,0.54
426.6620571613312,30,0.0,11.87,14.82,15.57,,15.57,-30.0,0.43,0.33,0.54
427.1613895893097,30,0.0,11.87,14.78,15.57,,15.57,-30.0,0.43,0.33,0.54
427.6612732410431,30,0.0,11.87,14.78,15.57,,15.57,-30.0,0.43,0.32,0.54
428.15895414352417,30,0.0,11.87,14.78,15.57,,15.57,-30.0,0.43,0.33,0.53
428.660142660141,30,0.0,11.87,14.78,15.53,,15.53,-30.0,0.43,0.33,0.53
429.17649817466736,30,0.0,11.87,14.78,15.53,,15.53,-30.0,0.43,0.32,0.53
429.6629674434662,30,0.0,11.87,14.78,15.53,,15.53,-30.0,0.43,0.32,0.53
430.17657685279846,30,0.0,11.87,14.78,15.53,,15.53,-30.0,0.43,0.32,0.53
430.6768743991852,30,0.0,11.87,14.78,15.53,,15.53,-30.0,0.43,0.32,0.53
431.17299127578735,30,0.0,11.87,14.78,15.53,,15.53,-30.0,0.43,0.32,0.53
431.6704430580139,30,0.0,11.87,14.74,15.53,,15.53,-30.0,0.43,0.32,0.53
432.17098665237427,30,0.0,11.87,14.74,15.53,,15.53,-30.0,0.43,0.32,0.53
432.68257093429565,30,0.0,11.87,14.78,15.53,,15.53,-30.0,0.43,0.32,0.53
433.17997694015503,30,0.0,11.87,14.74,15.53,,15.53,-30.0,0.43,0.32,0.53
433.68237805366516,30,0.0,11.87,14.74,15.53,,15.53,-30.0,0.43,0.32,0.53
434.1872215270996,30,0.0,11.83,14.74,15.5,,15.5,-30.0,0.43,0.32,0.53
434.69067549705505,30,0.0,11.87,14.74,15.5,,15.5,-30.0,0.43,0.32,0.53
435.18965697288513,30,0.0,11.83,14.74,15.5,,15.5,-30.0,0.43,0.32,0.53
435.68832325935364,30,0.0,11.83,14.74,15.5,,15.5,-30.0,0.43,0.32,0.53
436.1888473033905,30,0.0,11.87,14.74,15.5,,15.5,-30.0,0.43,0.32,0.53
436.68885588645935,30,0.0,11.87,14.74,15.5,,15.5,-30.0,0.43,0.31,0.53
437.1875717639923,30,0.0,11.83,14.71,15.5,,15.5,-30.0,0.43,0.32,0.52
437.6858956813812,30,0.0,11.83,14.71,15.5,,15.5,-30.0,0.43,0.31,0.52
438.1857867240906,30,0.0,11.83,14.71,15.5,,15.5,-30.0,0.43,0.31,0.52
438.6983308792114,30,0.0,11.83,14.71,15.46,,15.46,-30.0,0.43,0.31,0.52
439.2006242275238,30,0.0,11.83,14.71,15.46,,15.46,-30.0,0.43,0.31,0.52
439.6988091468811,30,0.0,11.83,14.71,15.46,,15.46,-30.0,0.43,0.31,0.52
440.198429107666,30,0.0,11.83,14.71,15.46,,15.46,-30.0,0.43,0.31,0.52
440.70018196105957,30,0.0,11.83,14.71,15.46,,15.46,-30.0,0.43,0.31,0.52
441.1998121738434,30,0.0,11.83,14.71,15.46,,15.46,-30.0,0.43,0.31,0.52
441.69522070884705,30,0.0,11.83,14.71,15.46,,15.46,-30.0,0.43,0.31,0.52
442.2091932296753,30,0.0,11.83,14.71,15.42,,15.42,-30.0,0.43,0.31,0.52
442.70591020584106,30,0.0,11.83,14.71,15.42,,15.42,-30.0,0.43,0.31,0.52
443.20386719703674,30,0.0,11.83,14.71,15.42,,15.42,-30.0,0.43,0.31,0.52
443.70128297805786,30,0.0,11.83,14.71,15.42,,15.42,-30.0,0.43,0.31,0.52
444.21319031715393,30,0.0,11.83,14.67,15.42,,15.42,-30.0,0.42,0.31,0.52
444.715838432312,30,0.0,11.78,14.67,15.42,,15.42,-30.0,0.42,0.31,0.51
445.21450781822205,30,0.0,11.78,14.71,15.38,,15.38,-30.0,0.43,0.31,0.51
445.71160101890564,30,0.0,11.78,14.71,15.38,,15.38,-30.0,0.43,0.31,0.51
446.21442198753357,30,0.0,11.78,14.67,15.38,,15.38,-30.0,0.42,0.31,0.51
446.7142744064331,30,0.0,11.78,14.63,15.38,,15.38,-30.0,0.42,0.31,0.51
447.2136700153351,30,0.0,11.78,14.63,15.38,,15.38,-30.0,0.42,0.3,0.51
447.7126204967499,30,0.0,11.78,14.63,15.38,,15.38,-30.0,0.42,0.3,0.51
448.2227711677551,30,0.0,11.78,14.63,15.38,,15.38,-30.0,0.42,0.31,0.51
448.7210886478424,30,0.0,11.78,14.63,15.38,,15.38,-30.0,0.42,0.3,0.51
449.220844745636,30,0.0,11.78,14.63,15.38,,15.38,-30.0,0.42,0.3,0.51
449.7200436592102,30,0.0,11.78,14.63,15.34,,15.34,-30.0,0.42,0.3,0.51
450.2181222438812,30,0.0,11.74,14.63,15.34,,15.34,-30.0,0.42,0.3,0.51
450.7296426296234,30,0.0,11.74,14.63,15.34,,15.34,-30.0,0.42,0.3,0.51
451.22835540771484,30,0.0,11.74,14.63,15.34,,15.34,-30.0,0.42,0.3,0.51
451.7254173755646,30,0.0,11.74,14.63,15.34,,15.34,-30.0,0.42,0.3,0.51
452.2251789569855,30,0.0,11.74,14.63,15.34,,15.34,-30.0,0.42,0.3,0.51
452.73828387260437,30,0.0,11.74,14.63,15.34,,15.34,-30.0,0.42,0.3,0.51
453.2245509624481,30,0.0,11.74,14.63,15.34,,15.34,-30.0,0.42,0.3,0.51
453.74162912368774,30,0.0,11.69,14.63,15.34,,15.34,-30.0,0.42,0.3,0.51
454.2382755279541,30,0.0,11.74,14.63,15.34,,15.34,-30.0,0.41,0.3,0.5
454.7375798225403,30,0.0,11.74,14.63,15.34,,15.34,-30.0,0.42,0.3,0.5
455.2383577823639,30,0.0,11.74,14.63,15.34,,15.34,-30.0,0.42,0.3,0.5
455.7380268573761,30,0.0,11.74,14.63,15.3,,15.3,-30.0,0.42,0.3,0.51
456.23659586906433,30,0.0,11.69,14.63,15.34,,15.34,-30.0,0.42,0.3,0.5
456.73622155189514,30,0.0,11.74,14.63,15.34,,15.34,-30.0,0.41,0.3,0.5
457.2356963157654,30,0.0,11.74,14.63,15.34,,15.34,-30.0,0.42,0.3,0.51
457.7489137649536,30,0.0,11.74,14.63,15.34,,15.34,-30.0,0.42,0.3,0.51
458.2480854988098,30,0.0,11.74,14.63,15.34,,15.34,-30.0,0.42,0.3,0.51
458.7509174346924,30,0.0,11.69,14.63,15.34,,15.34,-30.0,0.42,0.3,0.5
459.24967980384827,30,0.0,11.69,14.63,15.34,,15.34,-30.0,0.41,0.3,0.51
459.75091218948364,30,0.0,11.69,14.63,15.3,,15.3,-30.0,0.41,0.3,0.5
460.2493305206299,30,0.0,11.69,14.63,15.3,,15.3,-30.0,0.42,0.3,0.5
460.74962162971497,30,0.0,11.69,14.63,15.3,,15.3,-30.0,0.41,0.3,0.5
461.2495515346527,30,0.0,11.69,14.6,15.3,,15.3,-30.0,0.41,0.3,0.5
461.7629270553589,30,0.0,11.69,14.6,15.3,,15.3,-30.0,0.41,0.3,0.5
462.2630841732025,30,0.0,11.69,14.6,15.3,,15.3,-30.0,0.41,0.3,0.5
462.7618474960327,30,0.0,11.69,14.6,15.3,,15.3,-30.0,0.41,0.3,0.5
463.2595775127411,30,0.0,11.69,14.6,15.3,,15.3,-30.0,0.41,0.3,0.5
463.75845861434937,30,0.0,11.69,14.6,15.3,,15.3,-30.0,0.41,0.3,0.5
464.2585234642029,30,0.0,11.65,14.6,15.3,,15.3,-30.0,0.41,0.3,0.5
464.77071595191956,30,0.0,11.69,14.6,15.3,,15.3,-30.0,0.41,0.3,0.5
465.2711408138275,30,0.0,11.69,14.6,15.3,,15.3,-30.0,0.41,0.29,0.5
465.75804710388184,30,0.0,11.65,14.56,15.3,,15.3,-30.0,0.41,0.29,0.5
466.2593266963959,30,0.0,11.65,14.6,15.3,,15.3,-30.0,0.41,0.29,0.5
466.77492451667786,30,0.0,11.69,14.56,15.27,,15.27,-30.0,0.41,0.29,0.5
467.27732515335083,30,0.0,11.69,14.56,15.27,,15.27,-30.0,0.41,0.29,0.5
467.7732803821564,30,0.0,11.65,14.56,15.27,,15.27,-30.0,0.41,0.29,0.5
468.2725772857666,30,0.0,11.69,14.56,15.27,,15.27,-30.0,0.41,0.29,0.5
468.7715277671814,30,0.0,11.69,14.52,15.27,,15.27,-30.0,0.41,0.29,0.5
469.26962900161743,30,0.0,11.65,14.52,15.27,,15.27,-30.0,0.41,0.29,0.5
469.76870489120483,30,0.0,11.69,14.52,15.27,,15.27,-30.0,0.41,0.29,0.5
470.28352904319763,30,0.0,11.65,14.52,15.27,,15.27,-30.0,0.41,0.29,0.5
470.7838406562805,30,0.0,11.65,14.52,15.27,,15.27,-30.0,0.41,0.29,0.49
471.28277254104614,30,0.0,11.65,14.52,15.27,,15.27,-30.0,0.41,0.29,0.49
471.7843132019043,30,0.0,11.69,14.52,15.27,,15.27,-30.0,0.41,0.29,0.5
472.2835512161255,30,0.0,11.69,14.52,15.27,,15.27,-30.0,0.41,0.29,0.5
472.7838954925537,30,0.0,11.65,14.52,15.23,,15.23,-30.0,0.41,0.28,0.5
473.28497290611267,30,0.0,11.65,14.52,15.23,,15.23,-30.0,0.41,0.28,0.49
473.7805104255676,30,0.0,11.65,14.49,15.23,,15.23,-30.0,0.41,0.28,0.49
474.29450488090515,30,0.0,11.65,14.49,15.23,,15.23,-30.0,0.41,0.29,0.49
474.792533159256,30,0.0,11.65,14.49,15.23,,15.23,-30.0,0.41,0.28,0.49
475.29584431648254,30,0.0,11.65,14.49,15.23,,15.23,-30.0,0.41,0.28,0.49
475.79499864578247,30,0.0,11.65,14.49,15.23,,15.23,-30.0,0.41,0.28,0.49
476.29430627822876,30,0.0,11.65,14.49,15.23,,15.23,-30.0,0.41,0.28,0.49
476.7941942214966,30,0.0,11.65,14.49,15.23,,15.23,-30.0,0.41,0.28,0.49
477.2946252822876,30,0.0,11.65,14.49,15.23,,15.23,-30.0,0.41,0.28,0.49
477.79443287849426,30,0.0,11.65,14.45,15.19,,15.19,-30.0,0.41,0.28,0.49
478.2934503555298,30,0.0,11.69,14.49,15.19,,15.19,-30.0,0.41,0.28,0.49
478.7941644191742,30,0.0,11.69,14.49,15.19,,15.19,-30.0,0.41,0.28,0.49
479.30933475494385,30,0.0,11.65,14.45,15.19,,15.19,-30.0,0.41,0.28,0.49
479.8081805706024,30,0.0,11.65,14.45,15.19,,15.19,-30.0,0.41,0.28,0.49
480.3118007183075,30,0.0,11.65,14.45,15.19,,15.19,-30.0,0.41,0.28,0.49
480.8080141544342,30,0.0,11.65,14.45,15.19,,15.19,-30.0,0.41,0.28,0.49
481.3050158023834,30,0.0,11.65,14.45,15.19,,15.19,-30.0,0.41,0.28,0.49
481.8013668060303,30,0.0,11.65,14.45,15.19,,15.19,-30.0,0.41,0.28,0.49
482.31688928604126,30,0.0,11.65,14.45,15.19,,15.19,-30.0,0.41,0.28,0.48
482.81456661224365,30,0.0,11.65,14.45,15.15,,15.15,-30.0,0.41,0.28,0.48
483.313193321228,30,0.0,11.65,14.45,15.19,,15.19,-30.0,0.41,0.28,0.48
483.81261253356934,30,0.0,11.6,14.45,15.19,,15.19,-30.0,0.4,0.28,0.48
484.3106098175049,30,0.0,11.6,14.45,15.15,,15.15,-30.0,0.4,0.28,0.48
484.8205027580261,30,0.0,11.6,14.45,15.15,,15.15,-30.0,0.41,0.28,0.48
485.3183271884918,30,0.0,11.6,14.45,15.15,,15.15,-30.0,0.4,0.28,0.48
485.81608176231384,30,0.0,11.6,14.45,15.15,,15.15,-30.0,0.4,0.28,0.48
486.3276755809784,30,0.0,11.6,14.45,15.15,,15.15,-30.0,0.4,0.28,0.48
486.8255686759949,30,0.0,11.6,14.45,15.15,,15.15,-30.0,0.4,0.28,0.48
487.3310499191284,30,0.0,11.6,14.45,15.15,,15.15,-30.0,0.4,0.28,0.48
487.82861042022705,30,0.0,11.6,14.41,15.15,,15.15,-30.0,0.4,0.28,0.48
488.3292462825775,30,0.0,11.6,14.45,15.15,,15.15,-30.0,0.4,0.27,0.48
488.8253688812256,30,0.0,11.6,14.41,15.15,,15.15,-30.0,0.4,0.28,0.48
489.32399249076843,30,0.0,11.6,14.41,15.15,,15.15,-30.0,0.4,0.28,0.48
489.8226902484894,30,0.0,11.6,14.41,15.15,,15.15,-30.0,0.4,0.27,0.48
490.33657240867615,30,0.0,11.6,14.41,15.15,,15.15,-30.0,0.4,0.27,0.48
490.83494782447815,30,0.0,11.6,14.41,15.15,,15.15,-30.0,0.41,0.27,0.48
491.33480978012085,30,0.0,11.6,14.41,15.11,,15.11,-30.0,0.41,0.27,0.48
491.83242177963257,30,0.0,11.6,14.41,15.11,,15.11,-30.0,0.4,0.27,0.48
492.3310055732727,30,0.0,11.6,14.38,15.11,,15.11,-30.0,0.4,0.27,0.48
492.8445897102356,30,0.0,11.65,14.41,15.11,,15.11,-30.0,0.4,0.27,0.48
493.34138798713684,30,0.0,11.65,14.41,15.11,,15.11,-30.0,0.4,0.27,0.48
493.84066462516785,30,0.0,11.6,14.38,15.11,,15.11,-30.0,0.4,0.27,0.48
494.33866262435913,30,0.0,11.6,14.41,15.11,,15.11,-30.0,0.4,0.27,0.48
494.8348195552826,30,0.0,11.6,14.38,15.11,,15.11,-30.0,0.4,0.27,0.48
495.35082840919495,30,0.0,11.6,14.41,15.11,,15.11,-30.0,0.4,0.27,0.48
495.8496901988983,30,0.0,11.6,14.41,15.11,,15.11,-30.0,0.4,0.27,0.48
496.3479816913605,30,0.0,11.6,14.38,15.11,,15.11,-30.0,0.4,0.27,0.48
496.8460519313812,30,0.0,11.6,14.38,15.11,,15.11,-30.0,0.4,0.27,0.48
497.34638833999634,30,0.0,11.6,14.38,15.11,,15.11,-30.0,0.4,0.27,0.48
497.84502243995667,30,0.0,11.6,14.38,15.11,,15.11,-30.0,0.4,0.27,0.48
498.346314907074,30,0.0,11.6,14.38,15.11,,15.11,-30.0,0.4,0.27,0.48
498.846453666687,30,0.0,11.6,14.38,15.11,,15.11,-30.0,0.4,0.27,0.48
499.34807538986206,30,0.0,11.6,14.38,15.11,,15.11,-30.0,0.4,0.27,0.48
499.84829211235046,30,0.0,11.6,14.38,15.11,,15.11,-30.0,0.4,0.27,0.48
500.36339497566223,30,0.0,11.6,14.38,15.11,,15.11,-30.0,0.4,0.27,0.48
500.860374212265,30,0.0,11.6,14.38,15.11,,15.11,-30.0,0.4,0.27,0.48
501.3619592189789,30,0.0,11.6,14.38,15.11,,15.11,-30.0,0.4,0.27,0.48
501.8575744628906,30,0.0,11.6,14.38,15.11,,15.11,-30.0,0.4,0.27,0.47
502.3597240447998,30,0.0,11.6,14.38,15.07,,15.07,-30.0,0.4,0.27,0.48
502.8580756187439,30,0.0,11.6,14.38,15.07,,15.07,-30.0,0.4,0.27,0.48
503.3597309589386,30,0.0,11.6,14.38,15.07,,15.07,-30.0,0.4,0.27,0.48
503.87548422813416,30,0.0,11.6,14.38,15.07,,15.07,-30.0,0.4,0.27,0.47
504.3751699924469,30,0.0,11.6,14.38,15.07,,15.07,-30.0,0.4,0.27,0.47
504.863614320755,30,0.0,11.6,14.38,15.11,,15.11,-30.0,0.4,0.27,0.47
505.3781204223633,30,0.0,11.6,14.38,15.07,,15.07,-30.0,0.4,0.27,0.47
505.8751482963562,30,0.0,11.6,14.38,15.11,,15.11,-30.0,0.4,0.27,0.47
506.3717691898346,30,0.0,11.6,14.38,15.07,,15.07,-30.0,0.4,0.27,0.47
506.8728828430176,30,0.0,11.6,14.34,15.11,,15.11,-30.0,0.4,0.26,0.47
507.37300300598145,30,0.0,11.6,14.34,15.07,,15.07,-30.0,0.4,0.26,0.47
507.8727397918701,30,0.0,11.6,14.34,15.07,,15.07,-30.0,0.4,0.26,0.47
508.38556480407715,30,0.0,11.6,14.34,15.07,,15.07,-30.0,0.4,0.26,0.47
508.8853933811188,30,0.0,11.6,14.34,15.07,,15.07,-30.0,0.4,0.26,0.47
509.3820035457611,30,0.0,11.56,14.34,15.07,,15.07,-30.0,0.4,0.26,0.47
509.88096737861633,30,0.0,11.56,14.34,15.07,,15.07,-30.0,0.4,0.26,0.47
510.3789849281311,30,0.0,11.56,14.34,15.07,,15.07,-30.0,0.4,0.26,0.47
510.8905746936798,30,0.0,11.56,14.34,15.07,,15.07,-30.0,0.4,0.26,0.47
511.3913366794586,30,0.0,11.56,14.34,15.07,,15.07,-30.0,0.4,0.26,0.47
511.8905553817749,30,0.0,11.56,14.34,15.07,,15.07,-30.0,0.4,0.26,0.47
512.3917117118835,30,0.0,11.56,14.34,15.07,,15.07,-30.0,0.4,0.26,0.47
512.8873257637024,30,0.0,11.56,14.34,15.04,,15.04,-30.0,0.4,0.26,0.47
513.3883233070374,30,0.0,11.56,14.34,15.07,,15.07,-30.0,0.4,0.26,0.47
513.886646270752,30,0.0,11.56,14.34,15.07,,15.07,-30.0,0.4,0.26,0.47
514.4014120101929,30,0.0,11.56,14.34,15.07,,15.07,-30.0,0.4,0.26,0.47
514.9016754627228,30,0.0,11.56,14.34,15.04,,15.04,-30.0,0.4,0.26,0.47
515.3981604576111,30,0.0,11.56,14.34,15.04,,15.04,-30.0,0.4,0.26,0.47
515.8993246555328,30,0.0,11.56,14.34,15.04,,15.04,-30.0,0.4,0.26,0.47
516.4026129245758,30,0.0,11.56,14.34,15.04,,15.04,-30.0,0.4,0.26,0.47
516.9040923118591,30,0.0,11.51,14.34,15.04,,15.04,-30.0,0.4,0.26,0.47
517.400280714035,30,0.0,11.56,14.34,15.04,,15.04,-30.0,0.4,0.26,0.47
517.9004120826721,30,0.0,11.56,14.34,15.04,,15.04,-30.0,0.39,0.26,0.47
518.4009387493134,30,0.0,11.51,14.34,15.04,,15.04,-30.0,0.4,0.26,0.47
518.9001626968384,30,0.0,11.51,14.34,15.04,,15.04,-30.0,0.39,0.26,0.47
519.4153566360474,30,0.0,11.51,14.34,15.04,,15.04,-30.0,0.39,0.26,0.47
519.9132747650146,30,0.0,11.51,14.34,15.07,,15.07,-30.0,0.39,0.26,0.47
520.4126284122467,30,0.0,11.51,14.34,15.04,,15.04,-30.0,0.4,0.26,0.47
520.9125595092773,30,0.0,11.51,14.34,15.04,,15.04,-30.0,0.4,0.26,0.47
521.4096636772156,30,0.0,11.51,14.34,15.04,,15.04,-30.0,0.4,0.26,0.47
521.9093351364136,30,0.0,11.51,14.3,15.04,,15.04,-30.0,0.39,0.26,0.47
522.4223489761353,30,0.0,11.51,14.3,15.04,,15.04,-30.0,0.39,0.26,0.47
522.920761346817,30,0.0,11.51,14.3,15.04,,15.04,-30.0,0.39,0.26,0.47
523.4204196929932,30,0.0,11.51,14.3,15.04,,15.04,-30.0,0.39,0.26,0.47
523.9228849411011,30,0.0,11.51,14.3,15.04,,15.04,-30.0,0.39,0.26,0.47
524.42555975914,30,0.0,11.51,14.3,15.04,,15.04,-30.0,0.39,0.26,0.47
524.9214351177216,30,0.0,11.51,14.3,15.04,,15.04,-30.0,0.39,0.26,0.47
525.419091463089,30,0.0,11.51,14.3,15.04,,15.04,-30.0,0.39,0.26,0.46
525.9197492599487,30,0.0,11.51,14.3,15.04,,15.04,-30.0,0.39,0.26,0.46
526.4200510978699,30,0.0,11.51,14.3,15.04,,15.04,-30.0,0.39,0.26,0.47
526.9354767799377,30,0.0,11.51,14.3,15.04,,15.04,-30.0,0.39,0.26,0.46
527.4360272884369,30,0.0,11.51,14.3,15.0,,15.0,-30.0,0.39,0.26,0.46
527.9331152439117,30,0.0,11.51,14.3,15.0,,15.0,-30.0,0.39,0.26,0.46
528.4305341243744,30,0.0,11.51,14.3,15.0,,15.0,-30.0,0.39,0.25,0.46
528.9326395988464,30,0.0,11.51,14.3,15.04,,15.04,-30.0,0.39,0.25,0.46
529.4330217838287,30,0.0,11.51,14.3,15.04,,15.04,-30.0,0.39,0.25,0.46
529.9344782829285,30,0.0,11.51,14.3,15.0,,15.0,-30.0,0.39,0.25,0.46
530.4315688610077,30,0.0,11.51,14.27,15.0,,15.0,-30.0,0.39,0.25,0.46
530.9428324699402,30,0.0,11.51,14.27,15.0,,15.0,-30.0,0.39,0.25,0.46
531.442489862442,30,0.0,11.51,14.27,15.0,,15.0,-30.0,0.39,0.25,0.46
531.9436883926392,30,0.0,11.51,14.27,15.0,,15.0,-30.0,0.39,0.25,0.46
532.4441244602203,30,0.0,11.51,14.27,15.0,,15.0,-30.0,0.39,0.25,0.46
532.9434380531311,30,0.0,11.51,14.27,15.0,,15.0,-30.0,0.39,0.25,0.46
533.4419057369232,30,0.0,11.51,14.27,15.0,,15.0,-30.0,0.39,0.25,0.46
533.9433414936066,30,0.0,11.51,14.27,14.96,,14.96,-30.0,0.39,0.25,0.46
534.4546835422516,30,0.0,11.51,14.27,15.0,,15.0,-30.0,0.39,0.25,0.46
534.9530191421509,30,0.0,11.51,14.27,15.0,,15.0,-30.0,0.39,0.25,0.46
535.4518179893494,30,0.0,11.47,14.27,15.0,,15.0,-30.0,0.39,0.25,0.46
535.951060295105,30,0.0,11.47,14.27,15.0,,15.0,-30.0,0.39,0.25,0.46
536.460547208786,30,0.0,11.47,14.27,15.0,,15.0,-30.0,0.39,0.25,0.46
536.9608225822449,30,0.0,11.47,14.27,14.96,,14.96,-30.0,0.39,0.25,0.46
537.4650456905365,30,0.0,11.47,14.23,14.96,,14.96,-30.0,0.39,0.25,0.46
537.9613571166992,30,0.0,11.47,14.27,14.96,,14.96,-30.0,0.39,0.25,0.46
538.4603238105774,30,0.0,11.47,14.27,14.96,,14.96,-30.0,0.39,0.25,0.46
538.9567835330963,30,0.0,11.47,14.23,14.96,,14.96,-30.0,0.39,0.25,0.46
539.4548096656799,30,0.0,11.47,14.27,14.96,,14.96,-30.0,0.39,0.25,0.46
539.9677755832672,30,0.0,11.47,14.27,14.96,,14.96,-30.0,0.39,0.25,0.46
540.4682061672211,30,0.0,11.47,14.27,14.96,,14.96,-30.0,0.39,0.25,0.46
540.9695074558258,30,0.0,11.47,14.23,14.96,,14.96,-30.0,0.39,0.25,0.46
541.4670355319977,30,0.0,11.47,14.27,14.96,,14.96,-30.0,0.39,0.25,0.46
541.9659094810486,30,0.0,11.47,14.27,14.96,,14.96,-30.0,0.39,0.25,0.46
542.4626069068909,30,0.0,11.47,14.23,14.96,,14.96,-30.0,0.39,0.25,0.46
542.9639534950256,30,0.0,11.47,14.23,14.96,,14.96,-30.0,0.39,0.25,0.46
543.4755964279175,30,0.0,11.47,14.23,15.0,,15.0,-30.0,0.39,0.25,0.46
543.9722611904144,30,0.0,11.47,14.23,15.0,,15.0,-30.0,0.39,0.25,0.46
544.4708225727081,30,0.0,11.47,14.27,14.96,,14.96,-30.0,0.39,0.25,0.46
544.9710321426392,30,0.0,11.42,14.23,14.96,,14.96,-30.0,0.39,0.25,0.46
545.4801902770996,30,0.0,11.47,14.23,14.96,,14.96,-30.0,0.39,0.25,0.46
545.9844427108765,30,0.0,11.47,14.23,14.96,,14.96,-30.0,0.39,0.25,0.46
546.4846928119659,30,0.0,11.42,14.23,14.96,,14.96,-30.0,0.38,0.25,0.46
546.9840323925018,30,0.0,11.47,14.23,14.96,,14.96,-30.0,0.39,0.25,0.46
547.4790842533112,30,0.0,11.47,14.23,14.96,,14.96,-30.0,0.39,0.25,0.46
547.9849517345428,30,0.0,11.47,14.23,14.96,,14.96,-30.0,0.38,0.25,0.46
548.483108997345,30,0.0,11.47,14.23,14.96,,14.96,-30.0,0.39,0.25,0.46
548.9859490394592,30,0.0,11.47,14.23,14.92,,14.92,-30.0,0.39,0.25,0.45
549.4844300746918,30,0.0,11.47,14.23,14.92,,14.92,-30.0,0.39,0.25,0.45
549.9834413528442,30,0.0,11.47,14.23,14.92,,14.92,-30.0,0.39,0.25,0.45
550.497437953949,30,0.0,11.47,14.23,14.92,,14.92,-30.0,0.39,0.25,0.45
550.9969334602356,30,0.0,11.42,14.23,14.92,,14.92,-30.0,0.39,0.24,0.45
551.4955711364746,30,0.0,11.42,14.23,14.92,,14.92,-30.0,0.39,0.24,0.45
551.9935393333435,30,0.0,11.42,14.19,14.92,,14.92,-30.0,0.39,0.24,0.45
552.49329662323,30,0.0,11.42,14.19,14.92,,14.92,-30.0,0.38,0.25,0.45
552.9898111820221,30,0.0,11.42,14.19,14.92,,14.92,-30.0,0.38,0.25,0.45
553.5047256946564,30,0.0,11.42,14.23,14.92,,14.92,-30.0,0.38,0.25,0.45
554.0040051937103,30,0.0,11.42,14.23,14.92,,14.92,-30.0,0.38,0.25,0.45
554.5031294822693,30,0.0,11.42,14.23,14.92,,14.92,-30.0,0.38,0.25,0.45
555.0037376880646,30,0.0,11.42,14.23,14.92,,14.92,-30.0,0.38,0.25,0.45
555.5027947425842,30,0.0,11.42,14.23,14.92,,14.92,-30.0,0.38,0.25,0.45
556.0008270740509,30,0.0,11.42,14.19,14.92,,14.92,-30.0,0.38,0.24,0.45
556.5001797676086,30,0.0,11.42,14.19,14.92,,14.92,-30.0,0.38,0.24,0.45
557.0016152858734,30,0.0,11.42,14.19,14.92,,14.92,-30.0,0.38,0.24,0.45
557.5131380558014,30,0.0,11.42,14.19,14.92,,14.92,-30.0,0.38,0.24,0.45
558.0122346878052,30,0.0,11.42,14.19,14.92,,14.92,-30.0,0.38,0.24,0.45
558.5129482746124,30,0.0,11.42,14.19,14.92,,14.92,-30.0,0.38,0.24,0.45
559.0127327442169,30,0.0,11.42,14.19,14.92,,14.92,-30.0,0.38,0.24,0.45
559.5117273330688,30,0.0,11.42,14.19,14.92,,14.92,-30.0,0.38,0.24,0.45
560.0092754364014,30,0.0,11.42,14.19,14.92,,14.92,-30.0,0.38,0.24,0.45
560.5107183456421,30,0.0,11.42,14.19,14.92,,14.92,-30.0,0.38,0.24,0.45
561.0114109516144,30,0.0,11.42,14.19,14.92,,14.92,-30.0,0.38,0.24,0.45
561.5166203975677,30,0.0,11.42,14.19,14.92,,14.92,-30.0,0.38,0.24,0.45
562.0174424648285,30,0.0,11.42,14.19,14.92,,14.92,-30.0,0.38,0.24,0.45
562.5187060832977,30,0.0,11.42,14.19,14.92,,14.92,-30.0,0.38,0.24,0.45
563.0182583332062,30,0.0,11.42,14.19,14.88,,14.88,-30.0,0.38,0.24,0.45
563.5204999446869,30,0.0,11.42,14.19,14.88,,14.88,-30.0,0.38,0.24,0.45
564.0215547084808,30,0.0,11.42,14.19,14.92,,14.92,-30.0,0.38,0.24,0.45
564.5263531208038,30,0.0,11.42,14.19,14.88,,14.88,-30.0,0.38,0.24,0.45
565.0273976325989,30,0.0,11.42,14.19,14.88,,14.88,-30.0,0.38,0.24,0.45
565.5286548137665,30,0.0,11.42,14.19,14.88,,14.88,-30.0,0.38,0.24,0.45
566.0271925926208,30,0.0,11.42,14.19,14.88,,14.88,-30.0,0.38,0.24,0.45
566.5258100032806,30,0.0,11.42,14.19,14.88,,14.88,-30.0,0.38,0.24,0.45
567.0280747413635,30,0.0,11.42,14.19,14.88,,14.88,-30.0,0.38,0.24,0.45
567.5439431667328,30,0.0,11.42,14.19,14.88,,14.88,-30.0,0.38,0.24,0.45
568.0424094200134,30,0.0,11.42,14.16,14.88,,14.88,-30.0,0.38,0.24,0.45
568.5414698123932,30,0.0,11.42,14.19,14.88,,14.88,-30.0,0.38,0.24,0.45
569.0442838668823,30,0.0,11.42,14.19,14.88,,14.88,-30.0,0.38,0.24,0.45
569.5474224090576,30,0.0,11.42,14.19,14.88,,14.88,-30.0,0.38,0.24,0.45
570.041873216629,30,0.0,11.42,14.19,14.88,,14.88,-30.0,0.38,0.24,0.45
570.5461564064026,30,0.0,11.42,14.19,14.88,,14.88,-30.0,0.38,0.24,0.45
571.0436425209045,30,0.0,11.42,14.16,14.88,,14.88,-30.0,0.38,0.24,0.44
571.5502099990845,30,0.0,11.42,14.19,14.88,,14.88,-30.0,0.38,0.24,0.45
572.0491163730621,30,0.0,11.42,14.19,14.88,,14.88,-30.0,0.38,0.24,0.44
572.5433032512665,30,0.0,11.42,14.19,14.88,,14.88,-30.0,0.38,0.24,0.45
573.045238494873,30,0.0,11.38,14.19,14.88,,14.88,-30.0,0.38,0.24,0.44
573.5453062057495,30,0.0,11.38,14.19,14.88,,14.88,-30.0,0.38,0.24,0.45
574.0554237365723,30,0.0,11.38,14.19,14.88,,14.88,-30.0,0.38,0.24,0.45
574.5535776615143,30,0.0,11.38,14.19,14.88,,14.88,-30.0,0.38,0.24,0.45
575.051598072052,30,0.0,11.38,14.19,14.88,,14.88,-30.0,0.38,0.24,0.44
575.5969488620758,30,0.0,11.38,14.19,14.88,,14.88,-30.0,0.38,0.24,0.44
576.0643575191498,30,0.0,11.38,14.19,14.84,,14.84,-30.0,0.38,0.24,0.44
576.5650990009308,30,0.0,11.38,14.19,14.84,,14.84,-30.0,0.38,0.24,0.44
577.0638530254364,30,0.0,11.38,14.19,14.84,,14.84,-30.0,0.38,0.24,0.44
577.56205701828,30,0.0,11.38,14.19,14.84,,14.84,-30.0,0.38,0.24,0.44
578.0653512477875,30,0.0,11.38,14.19,14.84,,14.84,-30.0,0.38,0.24,0.44
578.561329126358,30,0.0,11.38,14.19,14.84,,14.84,-30.0,0.38,0.24,0.44
579.0603392124176,30,0.0,11.38,14.19,14.84,,14.84,-30.0,0.38,0.24,0.44
579.5726444721222,30,0.0,11.42,14.19,14.84,,14.84,-30.0,0.38,0.24,0.44
580.0725734233856,30,0.0,11.38,14.19,14.84,,14.84,-30.0,0.38,0.24,0.44
580.5696134567261,30,0.0,11.42,14.19,14.84,,14.84,-30.0,0.38,0.24,0.44
581.0669994354248,30,0.0,11.42,14.19,14.84,,14.84,-30.0,0.38,0.24,0.44
581.5687317848206,30,0.0,11.42,14.19,14.84,,14.84,-30.0,0.38,0.24,0.44
582.069985628128,30,0.0,11.38,14.19,14.84,,14.84,-30.0,0.38,0.24,0.44
582.572870016098,30,0.0,11.38,14.19,14.84,,14.84,-30.0,0.38,0.24,0.44
583.0732312202454,30,0.0,11.42,14.19,14.84,,14.84,-30.0,0.38,0.24,0.44
583.5704531669617,30,0.0,11.42,14.19,14.84,,14.84,-30.0,0.38,0.24,0.44
584.0844058990479,30,0.0,11.42,14.19,14.84,,14.84,-30.0,0.38,0.24,0.44
584.5811998844147,30,0.0,11.42,14.19,14.84,,14.84,-30.0,0.38,0.24,0.44
585.0812468528748,30,0.0,11.38,14.19,14.84,,14.84,-30.0,0.38,0.24,0.44
585.5844268798828,30,0.0,11.38,14.16,14.84,,14.84,-30.0,0.38,0.24,0.44
586.0820899009705,30,0.0,11.42,14.19,14.84,,14.84,-30.0,0.38,0.24,0.44
586.5817649364471,30,0.0,11.38,14.19,14.84,,14.84,-30.0,0.38,0.24,0.44
587.0818338394165,30,0.0,11.38,14.19,14.84,,14.84,-30.0,0.38,0.24,0.44
587.5844874382019,30,0.0,11.42,14.19,14.84,,14.84,-30.0,0.38,0.24,0.44
588.096378326416,30,0.0,11.38,14.16,14.84,,14.84,-30.0,0.38,0.24,0.44
588.5935759544373,30,0.0,11.38,14.16,14.84,,14.84,-30.0,0.38,0.24,0.44
589.0928871631622,30,0.0,11.38,14.16,14.84,,14.84,-30.0,0.38,0.24,0.44
589.5883324146271,30,0.0,11.38,14.16,14.84,,14.84,-30.0,0.38,0.24,0.44
590.088819026947,30,0.0,11.38,14.19,14.84,,14.84,-30.0,0.38,0.24,0.44
590.5914673805237,30,0.0,11.38,14.16,14.84,,14.84,-30.0,0.38,0.24,0.44
591.0907554626465,30,0.0,11.38,14.19,14.84,,14.84,-30.0,0.38,0.24,0.44
591.6035666465759,30,0.0,11.38,14.16,14.84,,14.84,-30.0,0.38,0.24,0.44
592.1052770614624,30,0.0,11.38,14.19,14.84,,14.84,-30.0,0.38,0.24,0.44
592.6052179336548,30,0.0,11.38,14.16,14.84,,14.84,-30.0,0.38,0.24,0.44
593.1032500267029,30,0.0,11.38,14.16,14.84,,14.84,-30.0,0.38,0.24,0.44
593.6040771007538,30,0.0,11.38,14.16,14.84,,14.84,-30.0,0.38,0.24,0.44
594.1008217334747,30,0.0,11.38,14.16,14.84,,14.84,-30.0,0.38,0.24,0.44
594.6000413894653,30,0.0,11.38,14.16,14.84,,14.84,-30.0,0.38,0.24,0.44
595.1161420345306,30,0.0,11.38,14.16,14.84,,14.84,-30.0,0.38,0.24,0.44
595.612918138504,30,0.0,11.38,14.16,14.84,,14.84,-30.0,0.38,0.24,0.44
596.1127421855927,30,0.0,11.38,14.16,14.84,,14.84,-30.0,0.38,0.24,0.44
596.6106851100922,30,0.0,11.38,14.19,14.8,,14.8,-30.0,0.38,0.24,0.44
597.1083295345306,30,0.0,11.38,14.16,14.8,,14.8,-30.0,0.38,0.24,0.44
597.621328830719,30,0.0,11.38,14.19,14.8,,14.8,-30.0,0.38,0.24,0.44
598.1201822757721,30,0.0,11.38,14.16,14.84,,14.84,-30.0,0.38,0.24,0.44
598.6172907352448,30,0.0,11.38,14.12,14.84,,14.84,-30.0,0.38,0.23,0.44
599.1125106811523,30,0.0,11.38,14.12,14.84,,14.84,-30.0,0.38,0.24,0.44
599.6155362129211,30,0.0,11.38,14.16,14.84,,14.84,-30.0,0.38,0.24,0.44
600.1266179084778,30,0.0,11.38,14.16,14.84,,14.84,-30.0,0.38,0.23,0.44
600.6218616962433,30,0.0,11.38,14.16,14.84,,14.84,-30.0,0.38,0.24,0.44
601.1229484081268,30,0.0,11.38,14.12,14.84,,14.84,-30.0,0.38,0.23,0.44
601.6202232837677,30,0.0,11.38,14.12,14.84,,14.84,-30.0,0.38,0.23,0.44
602.1345393657684,30,0.0,11.38,14.12,14.84,,14.84,-30.0,0.38,0.23,0.44
602.6336145401001,30,0.0,11.38,14.12,14.84,,14.84,-30.0,0.38,0.23,0.44
603.1330749988556,30,0.0,11.38,14.12,14.8,,14.8,-30.0,0.38,0.23,0.44
603.6322002410889,30,0.0,11.38,14.12,14.84,,14.84,-30.0,0.38,0.23,0.44
604.1320903301239,30,0.0,11.38,14.12,14.8,,14.8,-30.0,0.38,0.23,0.44
604.6352767944336,30,0.0,11.38,14.12,14.8,,14.8,-30.0,0.38,0.23,0.44
605.1329605579376,30,0.0,11.38,14.12,14.8,,14.8,-30.0,0.38,0.23,0.44
605.6307916641235,30,0.0,11.38,14.12,14.8,,14.8,-30.0,0.38,0.23,0.44
606.1315314769745,30,0.0,11.38,14.12,14.8,,14.8,-30.0,0.38,0.23,0.44
606.6430494785309,30,0.0,11.38,14.12,14.8,,14.8,-30.0,0.38,0.23,0.44
607.1437485218048,30,0.0,11.38,14.12,14.8,,14.8,-30.0,0.38,0.23,0.44
607.6450052261353,30,0.0,11.38,14.12,14.8,,14.8,-30.0,0.38,0.23,0.44
608.14448595047,30,0.0,11.38,14.12,14.8,,14.8,-30.0,0.38,0.23,0.43
608.6423692703247,30,0.0,11.38,14.12,14.8,,14.8,-30.0,0.38,0.23,0.44
609.143453836441,30,0.0,11.38,14.12,14.8,,14.8,-30.0,0.38,0.23,0.44
609.6437835693359,30,0.0,11.38,14.12,14.8,,14.8,-30.0,0.38,0.23,0.44
610.1416420936584,30,0.0,11.38,14.12,14.8,,14.8,-30.0,0.38,0.23,0.44
610.6527144908905,30,0.0,11.38,14.12,14.8,,14.8,-30.0,0.38,0.23,0.43
611.1509339809418,30,0.0,11.38,14.12,14.8,,14.8,-30.0,0.38,0.23,0.43
611.6466710567474,30,0.0,11.38,14.12,14.8,,14.8,-30.0,0.38,0.23,0.44
612.1610181331635,30,0.0,11.33,14.12,14.8,,14.8,-30.0,0.38,0.23,0.44
612.6577198505402,30,0.0,11.33,14.12,14.8,,14.8,-30.0,0.38,0.23,0.44
613.1574339866638,30,0.0,11.38,14.12,14.8,,14.8,-30.0,0.37,0.23,0.43
613.6549861431122,30,0.0,11.38,14.08,14.8,,14.8,-30.0,0.37,0.23,0.43
614.1545815467834,30,0.0,11.33,14.08,14.8,,14.8,-30.0,0.37,0.23,0.43
614.6666584014893,30,0.0,11.38,14.12,14.77,,14.77,-30.0,0.37,0.23,0.44
615.1679048538208,30,0.0,11.38,14.08,14.77,,14.77,-30.0,0.37,0.23,0.43
615.6669194698334,30,0.0,11.33,14.08,14.77,,14.77,-30.0,0.37,0.23,0.43
616.1657917499542,30,0.0,11.33,14.12,14.77,,14.77,-30.0,0.37,0.23,0.43
616.6628084182739,30,0.0,11.33,14.08,14.77,,14.77,-30.0,0.37,0.23,0.43
617.1633710861206,30,0.0,11.33,14.08,14.77,,14.77,-30.0,0.37,0.23,0.43
617.6744663715363,30,0.0,11.33,14.08,14.77,,14.77,-30.0,0.37,0.23,0.43
618.1729612350464,30,0.0,11.33,14.08,14.77,,14.77,-30.0,0.37,0.23,0.43
618.6728847026825,30,0.0,11.33,14.08,14.77,,14.77,-30.0,0.37,0.23,0.43
619.1735389232635,30,0.0,11.33,14.08,14.77,,14.77,-30.0,0.37,0.23,0.43
619.6719496250153,30,0.0,11.33,14.08,14.77,,14.77,-30.0,0.37,0.23,0.43
620.1725087165833,30,0.0,11.33,14.08,14.77,,14.77,-30.0,0.37,0.23,0.43
620.6694185733795,30,0.0,11.33,14.08,14.77,,14.77,-30.0,0.37,0.23,0.43
621.187751531601,30,0.0,11.33,14.08,14.77,,14.77,-30.0,0.37,0.23,0.43
621.6854875087738,30,0.0,11.33,14.08,14.77,,14.77,-30.0,0.37,0.23,0.43
622.1839983463287,30,0.0,11.33,14.08,14.77,,14.77,-30.0,0.37,0.23,0.43
622.6829648017883,30,0.0,11.33,14.08,14.77,,14.77,-30.0,0.37,0.23,0.43
623.1816284656525,30,0.0,11.33,14.08,14.77,,14.77,-30.0,0.37,0.23,0.43
623.6796898841858,30,0.0,11.33,14.08,14.77,,14.77,-30.0,0.37,0.23,0.43
624.1928601264954,30,0.0,11.33,14.08,14.77,,14.77,-30.0,0.37,0.23,0.43
624.6929416656494,30,0.0,11.33,14.08,14.77,,14.77,-30.0,0.37,0.23,0.43
625.1882379055023,30,0.0,11.33,14.08,14.77,,14.77,-30.0,0.37,0.23,0.43
625.6902809143066,30,0.0,11.33,14.08,14.77,,14.77,-30.0,0.37,0.23,0.43
626.191403388977,30,0.0,11.33,14.08,14.77,,14.77,-30.0,0.37,0.23,0.43
626.688604593277,30,0.0,11.33,14.08,14.77,,14.77,-30.0,0.37,0.23,0.43
627.1910269260406,30,0.0,11.33,14.08,14.77,,14.77,-30.0,0.37,0.23,0.43
627.6891753673553,30,0.0,11.33,14.08,14.77,,14.77,-30.0,0.37,0.22,0.43
628.2028458118439,30,0.0,11.33,14.08,14.77,,14.77,-30.0,0.37,0.23,0.43
628.7034723758698,30,0.0,11.33,14.08,14.77,,14.77,-30.0,0.37,0.23,0.43
629.1996989250183,30,0.0,11.33,14.04,14.77,,14.77,-30.0,0.37,0.23,0.43
629.6990857124329,30,0.0,11.33,14.04,14.77,,14.77,-30.0,0.37,0.23,0.43
630.1994433403015,30,0.0,11.33,14.08,14.77,,14.77,-30.0,0.37,0.22,0.43
630.6963522434235,30,0.0,11.33,14.04,14.77,,14.77,-30.0,0.37,0.22,0.43
631.1981210708618,30,0.0,11.33,14.04,14.77,,14.77,-30.0,0.37,0.22,0.43
631.7128117084503,30,0.0,11.29,14.04,14.73,,14.73,-30.0,0.37,0.22,0.43
632.2128686904907,30,0.0,11.33,14.04,14.73,,14.73,-30.0,0.37,0.22,0.43
632.708907365799,30,0.0,11.33,14.04,14.73,,14.73,-30.0,0.37,0.22,0.43
633.2095324993134,30,0.0,11.33,14.04,14.73,,14.73,-30.0,0.37,0.22,0.43
633.7098121643066,30,0.0,11.33,14.04,14.73,,14.73,-30.0,0.37,0.22,0.43
634.2203340530396,30,0.0,11.33,14.04,14.73,,14.73,-30.0,0.37,0.22,0.43
634.7189495563507,30,0.0,11.33,14.04,14.73,,14.73,-30.0,0.37,0.22,0.43
635.2172954082489,30,0.0,11.33,14.04,14.73,,14.73,-30.0,0.37,0.22,0.43
635.7159044742584,30,0.0,11.33,14.04,14.73,,14.73,-30.0,0.37,0.22,0.43
636.216676235199,30,0.0,11.33,14.04,14.73,,14.73,-30.0,0.37,0.22,0.43
636.7147386074066,30,0.0,11.33,14.04,14.73,,14.73,-30.0,0.37,0.22,0.43
637.2125988006592,30,0.0,11.29,14.04,14.73,,14.73,-30.0,0.37,0.22,0.43
637.7255210876465,30,0.0,11.33,14.04,14.73,,14.73,-30.0,0.37,0.22,0.43
638.2285668849945,30,0.0,11.29,14.04,14.73,,14.73,-30.0,0.37,0.22,0.43
638.7288436889648,30,0.0,11.33,14.04,14.73,,14.73,-30.0,0.37,0.22,0.43
639.2266361713409,30,0.0,11.33,14.04,14.73,,14.73,-30.0,0.37,0.22,0.43
639.7261874675751,30,0.0,11.29,14.04,14.73,,14.73,-30.0,0.37,0.22,0.43
640.2285635471344,30,0.0,11.29,14.04,14.73,,14.73,-30.0,0.37,0.22,0.43
640.729654788971,30,0.0,11.29,14.04,14.73,,14.73,-30.0,0.37,0.22,0.43
641.2275838851929,30,0.0,11.29,14.04,14.73,,14.73,-30.0,0.37,0.22,0.43
641.7265908718109,30,0.0,11.29,14.04,14.73,,14.73,-30.0,0.37,0.22,0.43
642.2404441833496,30,0.0,11.29,14.04,14.73,,14.73,-30.0,0.37,0.22,0.43
642.7420666217804,30,0.0,11.29,14.04,14.73,,14.73,-30.0,0.37,0.22,0.43
643.2399532794952,30,0.0,11.29,14.04,14.73,,14.73,-30.0,0.37,0.22,0.43
643.7388596534729,30,0.0,11.29,14.01,14.73,,14.73,-30.0,0.37,0.22,0.43
644.2362637519836,30,0.0,11.29,14.04,14.69,,14.69,-30.0,0.37,0.22,0.43
644.7341899871826,30,0.0,11.29,14.04,14.69,,14.69,-30.0,0.37,0.22,0.43
645.2486529350281,30,0.0,11.29,14.04,14.69,,14.69,-30.0,0.37,0.22,0.43
645.7506375312805,30,0.0,11.29,14.04,14.73,,14.73,-30.0,0.37,0.22,0.43
646.2486209869385,30,0.0,11.29,14.04,14.69,,14.69,-30.0,0.37,0.22,0.43
646.7532587051392,30,0.0,11.29,14.01,14.73,,14.73,-30.0,0.37,0.22,0.43
647.2469925880432,30,0.0,11.29,14.04,14.69,,14.69,-30.0,0.37,0.22,0.43
647.7469942569733,30,0.0,11.29,14.04,14.69,,14.69,-30.0,0.37,0.22,0.43
648.2447741031647,30,0.0,11.29,14.04,14.69,,14.69,-30.0,0.37,0.22,0.43
648.7568271160126,30,0.0,11.29,14.04,14.69,,14.69,-30.0,0.37,0.22,0.43
649.2545731067657,30,0.0,11.29,14.04,14.69,,14.69,-30.0,0.37,0.22,0.43
649.7507343292236,30,0.0,11.29,14.04,14.69,,14.69,-30.0,0.37,0.22,0.43
650.2512617111206,30,0.0,11.29,14.04,14.69,,14.69,-30.0,0.37,0.22,0.43
650.7504312992096,30,0.0,11.29,14.04,14.73,,14.73,-30.0,0.37,0.22,0.43
651.2620363235474,30,0.0,11.29,14.04,14.73,,14.73,-30.0,0.37,0.22,0.43
651.7614736557007,30,0.0,11.29,14.04,14.73,,14.73,-30.0,0.37,0.22,0.43
652.2611446380615,30,0.0,11.29,14.04,14.73,,14.73,-30.0,0.37,0.22,0.43
652.7574055194855,30,0.0,11.29,14.04,14.73,,14.73,-30.0,0.37,0.22,0.43
653.2588369846344,30,0.0,11.29,14.04,14.73,,14.73,-30.0,0.37,0.22,0.43
653.77010679245,30,0.0,11.29,14.04,14.73,,14.73,-30.0,0.37,0.22,0.43
654.2679452896118,30,0.0,11.29,14.04,14.73,,14.73,-30.0,0.37,0.22,0.43
654.764741897583,30,0.0,11.29,14.04,14.73,,14.73,-30.0,0.37,0.22,0.43
655.2625353336334,30,0.0,11.29,14.04,14.73,,14.73,-30.0,0.37,0.22,0.43
655.7772343158722,30,0.0,11.29,14.04,14.73,,14.73,-30.0,0.37,0.22,0.43
656.2771644592285,30,0.0,11.29,14.01,14.73,,14.73,-30.0,0.37,0.22,0.43
656.7781975269318,30,0.0,11.29,14.01,14.73,,14.73,-30.0,0.37,0.22,0.43
657.2804863452911,30,0.0,11.29,14.01,14.73,,14.73,-30.0,0.37,0.22,0.43
657.7830781936646,30,0.0,11.29,14.01,14.73,,14.73,-30.0,0.37,0.22,0.43
658.277658700943,30,0.0,11.29,14.04,14.73,,14.73,-30.0,0.37,0.22,0.43
658.7764091491699,30,0.0,11.29,14.04,14.73,,14.73,-30.0,0.37,0.22,0.43
659.2764992713928,30,0.0,11.29,14.01,14.73,,14.73,-30.0,0.37,0.22,0.43
659.7886669635773,30,0.0,11.29,14.01,14.73,,14.73,-30.0,0.36,0.22,0.43
660.2893621921539,30,0.0,11.29,14.01,14.73,,14.73,-30.0,0.36,0.22,0.43
660.7896676063538,30,0.0,11.29,14.01,14.69,,14.69,-30.0,0.37,0.22,0.43
661.2880094051361,30,0.0,11.29,14.01,14.69,,14.69,-30.0,0.37,0.22,0.43
661.7846465110779,30,0.0,11.29,14.01,14.69,,14.69,-30.0,0.37,0.22,0.43
662.2832214832306,30,0.0,11.25,14.01,14.69,,14.69,-30.0,0.37,0.22,0.43
662.7851021289825,30,0.0,11.29,14.01,14.69,,14.69,-30.0,0.37,0.22,0.43
663.3015496730804,30,0.0,11.29,14.01,14.69,,14.69,-30.0,0.37,0.22,0.43
663.7984459400177,30,0.0,11.29,14.01,14.69,,14.69,-30.0,0.37,0.22,0.43
664.2958493232727,30,0.0,11.29,14.01,14.69,,14.69,-30.0,0.37,0.22,0.43
664.7911336421967,30,0.0,11.25,13.97,14.69,,14.69,-30.0,0.37,0.22,0.43
665.289528131485,30,0.0,11.29,14.01,14.69,,14.69,-30.0,0.37,0.22,0.43
665.8015370368958,30,0.0,11.29,14.01,14.69,,14.69,-30.0,0.36,0.22,0.43
666.3053643703461,30,0.0,11.29,14.01,14.69,,14.69,-30.0,0.37,0.22,0.43
666.8059167861938,30,0.0,11.25,13.97,14.69,,14.69,-30.0,0.36,0.22,0.43
667.3024435043335,30,0.0,11.25,13.97,14.69,,14.69,-30.0,0.37,0.22,0.43
667.7986686229706,30,0.0,11.25,14.01,14.69,,14.69,-30.0,0.37,0.22,0.43
668.2991189956665,30,0.0,11.25,14.01,14.69,,14.69,-30.0,0.37,0.22,0.43
668.8101782798767,30,0.0,11.25,13.97,14.69,,14.69,-30.0,0.36,0.22,0.43
669.3110082149506,30,0.0,11.25,14.01,14.69,,14.69,-30.0,0.36,0.22,0.43
669.8133265972137,30,0.0,11.25,13.97,14.69,,14.69,-30.0,0.36,0.22,0.43
670.315797328949,30,0.0,11.29,13.97,14.69,,14.69,-30.0,0.36,0.22,0.43
670.8145370483398,30,0.0,11.29,13.97,14.69,,14.69,-30.0,0.37,0.22,0.43
671.3114705085754,30,0.0,11.29,13.97,14.69,,14.69,-30.0,0.37,0.22,0.43
671.8121829032898,30,0.0,11.25,14.01,14.69,,14.69,-30.0,0.37,0.22,0.43
672.3130526542664,30,0.0,11.29,13.97,14.69,,14.69,-30.0,0.37,0.22,0.43
672.8139705657959,30,0.0,11.29,13.97,14.69,,14.69,-30.0,0.37,0.22,0.43
673.3128762245178,30,0.0,11.25,14.01,14.69,,14.69,-30.0,0.37,0.22,0.43
673.8150177001953,30,0.0,11.25,14.01,14.69,,14.69,-30.0,0.37,0.22,0.43
674.3126885890961,30,0.0,11.29,14.01,14.69,,14.69,-30.0,0.37,0.22,0.43
674.8270108699799,30,0.0,11.25,13.97,14.69,,14.69,-30.0,0.36,0.22,0.43
675.3202645778656,30,0.0,11.25,13.97,14.69,,14.69,-30.0,0.36,0.22,0.43
675.8274085521698,30,0.0,11.29,13.97,14.69,,14.69,-30.0,0.36,0.22,0.43
676.3269984722137,30,0.0,11.29,14.01,14.69,,14.69,-30.0,0.36,0.22,0.43
676.8274097442627,30,0.0,11.25,14.01,14.69,,14.69,-30.0,0.36,0.22,0.43
677.3248326778412,30,0.0,11.25,13.97,14.69,,14.69,-30.0,0.36,0.22,0.43
677.8230214118958,30,0.0,11.25,13.97,14.69,,14.69,-30.0,0.36,0.22,0.43
678.322851896286,30,0.0,11.25,13.97,14.69,,14.69,-30.0,0.36,0.22,0.43
678.8379490375519,30,0.0,11.25,13.97,14.69,,14.69,-30.0,0.36,0.22,0.43
679.3367784023285,30,0.0,11.25,14.01,14.69,,14.69,-30.0,0.36,0.22,0.42
679.8377025127411,30,0.0,11.25,13.97,14.69,,14.69,-30.0,0.36,0.22,0.43
680.3421113491058,30,0.0,11.25,13.97,14.69,,14.69,-30.0,0.36,0.22,0.43
680.8392908573151,30,0.0,11.25,13.97,14.69,,14.69,-30.0,0.36,0.22,0.43
681.3368756771088,30,0.0,11.25,14.01,14.69,,14.69,-30.0,0.36,0.22,0.43
681.8352000713348,30,0.0,11.25,13.97,14.69,,14.69,-30.0,0.36,0.22,0.43
682.3345625400543,30,0.0,11.25,14.01,14.69,,14.69,-30.0,0.36,0.22,0.43
682.8351786136627,30,0.0,11.25,14.01,14.69,,14.69,-30.0,0.36,0.22,0.43
683.3356504440308,30,0.0,11.25,14.01,14.69,,14.69,-30.0,0.36,0.22,0.43
683.8497538566589,30,0.0,11.25,14.01,14.69,,14.69,-30.0,0.36,0.22,0.43
684.3464570045471,30,0.0,11.25,14.01,14.69,,14.69,-30.0,0.36,0.22,0.42
684.8467884063721,30,0.0,11.25,14.01,14.69,,14.69,-30.0,0.36,0.22,0.42
685.3435328006744,30,0.0,11.25,14.01,14.65,,14.65,-30.0,0.36,0.22,0.42
685.8585348129272,30,0.0,11.25,14.01,14.65,,14.65,-30.0,0.36,0.22,0.43
686.354688167572,30,0.0,11.25,14.01,14.65,,14.65,-30.0,0.36,0.22,0.42
686.8523273468018,30,0.0,11.25,14.01,14.65,,14.65,-30.0,0.36,0.22,0.42
687.3497381210327,30,0.0,11.25,14.01,14.65,,14.65,-30.0,0.36,0.22,0.42
687.8508055210114,30,0.0,11.25,14.01,14.65,,14.65,-30.0,0.36,0.22,0.42
688.3489277362823,30,0.0,11.25,14.01,14.65,,14.65,-30.0,0.37,0.22,0.42
688.8629767894745,30,0.0,11.29,14.01,14.65,,14.65,-30.0,0.37,0.22,0.42
689.3617973327637,30,0.0,11.29,14.04,14.65,,14.65,-30.0,0.37,0.22,0.42
689.8590176105499,30,0.0,11.25,14.01,14.65,,14.65,-30.0,0.36,0.22,0.42
690.3579335212708,30,0.0,11.25,14.01,14.65,,14.65,-30.0,0.36,0.22,0.42
690.8573706150055,30,0.0,11.25,14.01,14.65,,14.65,-30.0,0.36,0.22,0.42
691.3581290245056,30,0.0,11.29,14.01,14.69,,14.69,-30.0,0.36,0.22,0.42
691.8707919120789,30,0.0,11.29,14.01,14.65,,14.65,-30.0,0.36,0.22,0.43
692.3695294857025,30,0.0,11.25,14.01,14.65,,14.65,-30.0,0.36,0.22,0.42
692.8676133155823,30,0.0,11.25,14.01,14.65,,14.65,-30.0,0.36,0.22,0.42
693.3661193847656,30,0.0,11.25,14.01,14.65,,14.65,-30.0,0.36,0.22,0.42
693.8655915260315,30,0.0,11.25,14.01,14.65,,14.65,-30.0,0.36,0.22,0.42
694.3780272006989,30,0.0,11.25,14.01,14.65,,14.65,-30.0,0.36,0.22,0.42
694.875429391861,30,0.0,11.25,14.01,14.65,,14.65,-30.0,0.36,0.22,0.42
695.3730506896973,30,0.0,11.25,14.01,14.65,,14.65,-30.0,0.36,0.22,0.42
695.869325876236,30,0.0,11.25,14.01,14.65,,14.65,-30.0,0.36,0.22,0.42
696.3831069469452,30,0.0,11.25,14.01,14.65,,14.65,-30.0,0.36,0.22,0.42
696.8789966106415,30,0.0,11.25,14.01,14.65,,14.65,-30.0,0.36,0.22,0.42
697.3759355545044,30,0.0,11.25,14.01,14.65,,14.65,-30.0,0.36,0.22,0.42
697.9160537719727,30,0.0,11.25,14.01,14.65,,14.65,-30.0,0.36,0.22,0.42
698.3881466388702,30,0.0,11.25,14.01,14.65,,14.65,-30.0,0.36,0.22,0.42
698.886412858963,30,0.0,11.25,14.04,14.65,,14.65,-30.0,0.36,0.22,0.42
699.3878831863403,30,0.0,11.25,14.04,14.65,,14.65,-30.0,0.36,0.22,0.42
699.8848106861115,30,0.0,11.25,14.04,14.65,,14.65,-30.0,0.36,0.22,0.42
700.3836050033569,30,0.0,11.25,14.01,14.65,,14.65,-30.0,0.36,0.22,0.42
700.8842265605927,30,0.0,11.25,14.01,14.65,,14.65,-30.0,0.36,0.22,0.42
701.3835844993591,30,0.0,11.25,14.01,14.65,,14.65,-30.0,0.36,0.22,0.42
701.8974368572235,30,0.0,11.25,14.04,14.65,,14.65,-30.0,0.36,0.22,0.42
702.4001739025116,30,0.0,11.25,14.01,14.65,,14.65,-30.0,0.36,0.22,0.42
702.8987576961517,30,0.0,11.25,14.01,14.65,,14.65,-30.0,0.36,0.22,0.42
703.3961684703827,30,0.0,11.25,14.01,14.65,,14.65,-30.0,0.36,0.22,0.42
703.8949348926544,30,0.0,11.25,14.01,14.65,,14.65,-30.0,0.36,0.22,0.42
704.3941898345947,30,0.0,11.25,14.04,14.65,,14.65,-30.0,0.36,0.22,0.42
704.8934533596039,30,0.0,11.25,14.04,14.65,,14.65,-30.0,0.37,0.22,0.42
705.4059221744537,30,0.0,11.25,14.01,14.65,,14.65,-30.0,0.36,0.22,0.42
705.9063658714294,30,0.0,11.25,14.01,14.65,,14.65,-30.0,0.36,0.22,0.42
706.4013726711273,30,0.0,11.25,14.01,14.65,,14.65,-30.0,0.36,0.22,0.42
706.8979227542877,30,0.0,11.29,14.01,14.65,,14.65,-30.0,0.36,0.22,0.42
707.4106488227844,30,0.0,11.29,14.01,14.65,,14.65,-30.0,0.37,0.22,0.42
707.909735918045,30,0.0,11.25,14.01,14.65,,14.65,-30.0,0.36,0.22,0.42
708.4092433452606,30,0.0,11.25,14.01,14.65,,14.65,-30.0,0.36,0.22,0.42
708.9069373607635,30,0.0,11.29,14.01,14.65,,14.65,-30.0,0.37,0.22,0.42
709.4075980186462,30,0.0,11.25,14.01,14.65,,14.65,-30.0,0.37,0.22,0.42
709.9105150699615,30,0.0,11.29,14.01,14.65,,14.65,-30.0,0.37,0.22,0.42
710.4213938713074,30,0.0,11.25,14.01,14.65,,14.65,-30.0,0.37,0.22,0.42
710.9214174747467,30,0.0,11.25,14.01,14.65,,14.65,-30.0,0.36,0.22,0.42
711.4203097820282,30,0.0,11.25,14.01,14.65,,14.65,-30.0,0.36,0.22,0.42
711.9154691696167,30,0.0,11.25,14.01,14.65,,14.65,-30.0,0.36,0.22,0.42
712.4149315357208,30,0.0,11.25,13.97,14.65,,14.65,-30.0,0.36,0.22,0.42
712.9144070148468,30,0.0,11.25,14.01,14.65,,14.65,-30.0,0.36,0.22,0.42
713.4155490398407,30,0.0,11.25,13.97,14.65,,14.65,-30.0,0.36,0.22,0.42
713.9291632175446,30,0.0,11.25,13.97,14.65,,14.65,-30.0,0.36,0.22,0.42
714.4296181201935,30,0.0,11.25,13.97,14.65,,14.65,-30.0,0.36,0.22,0.42
714.9289519786835,30,0.0,11.25,13.97,14.65,,14.65,-30.0,0.36,0.22,0.42
715.4305512905121,30,0.0,11.25,13.97,14.65,,14.65,-30.0,0.36,0.22,0.42
715.9254686832428,30,0.0,11.25,13.97,14.65,,14.65,-30.0,0.36,0.22,0.42
716.427267074585,30,0.0,11.25,13.97,14.65,,14.65,-30.0,0.36,0.22,0.42
716.9388794898987,30,0.0,11.25,13.97,14.65,,14.65,-30.0,0.36,0.22,0.42
717.4407906532288,30,0.0,11.25,13.97,14.65,,14.65,-30.0,0.36,0.22,0.42
717.9373240470886,30,0.0,11.25,13.97,14.61,,14.61,-30.0,0.36,0.22,0.42
718.4411582946777,30,0.0,11.25,13.97,14.61,,14.61,-30.0,0.36,0.22,0.42
718.9406261444092,30,0.0,11.25,14.01,14.61,,14.61,-30.0,0.36,0.22,0.42
719.4394285678864,30,0.0,11.25,13.97,14.61,,14.61,-30.0,0.36,0.22,0.42
719.9365730285645,30,0.0,11.25,14.01,14.61,,14.61,-30.0,0.36,0.22,0.42
720.4339127540588,30,0.0,11.25,14.01,14.61,,14.61,-30.0,0.37,0.22,0.42
720.9483363628387,30,0.0,11.25,13.97,14.61,,14.61,-30.0,0.36,0.22,0.42
721.4484586715698,30,0.0,11.25,13.97,14.61,,14.61,-30.0,0.36,0.22,0.42
721.9432363510132,30,0.0,11.25,13.97,14.61,,14.61,-30.0,0.36,0.22,0.42
722.4479417800903,30,0.0,11.25,13.97,14.61,,14.61,-30.0,0.36,0.22,0.42
722.9483463764191,30,0.0,11.25,13.97,14.61,,14.61,-30.0,0.36,0.22,0.42
723.4467489719391,30,0.0,11.25,13.97,14.61,,14.61,-30.0,0.36,0.22,0.42
723.943746805191,30,0.0,11.2,13.97,14.65,,14.65,-30.0,0.36,0.22,0.42
724.4573080539703,30,0.0,11.25,13.97,14.61,,14.61,-30.0,0.36,0.22,0.42
724.9512004852295,30,0.0,11.25,13.97,14.65,,14.65,-30.0,0.36,0.22,0.42
725.4486546516418,30,0.0,11.25,13.97,14.61,,14.61,-30.0,0.36,0.22,0.42
725.9638428688049,30,0.0,11.25,13.97,14.65,,14.65,-30.0,0.36,0.22,0.42
726.4615557193756,30,0.0,11.25,13.97,14.65,,14.65,-30.0,0.36,0.22,0.42
726.960303068161,30,0.0,11.25,13.97,14.61,,14.61,-30.0,0.36,0.22,0.42
727.4623529911041,30,0.0,11.25,13.97,14.65,,14.65,-30.0,0.36,0.22,0.42
727.9614458084106,30,0.0,11.25,13.97,14.65,,14.65,-30.0,0.36,0.22,0.42
728.4642908573151,30,0.0,11.25,13.97,14.61,,14.61,-30.0,0.36,0.22,0.42
728.9658651351929,30,0.0,11.25,13.97,14.65,,14.65,-30.0,0.36,0.22,0.42
729.4647312164307,30,0.0,11.25,13.97,14.65,,14.65,-30.0,0.36,0.22,0.42
729.9662699699402,30,0.0,11.25,13.97,14.65,,14.65,-30.0,0.36,0.22,0.42
730.4626462459564,30,0.0,11.25,13.97,14.65,,14.65,-30.0,0.36,0.22,0.42
730.9626877307892,30,0.0,11.25,13.97,14.65,,14.65,-30.0,0.36,0.22,0.42
731.4755210876465,30,0.0,11.25,13.97,14.65,,14.65,-30.0,0.36,0.22,0.42
731.9721872806549,30,0.0,11.25,13.97,14.65,,14.65,-30.0,0.36,0.22,0.42
732.4706580638885,30,0.0,11.25,13.97,14.61,,14.61,-30.0,0.36,0.22,0.42
732.9687957763672,30,0.0,11.25,13.97,14.61,,14.61,-30.0,0.36,0.21,0.42
733.4813251495361,30,0.0,11.25,13.93,14.61,,14.61,-30.0,0.36,0.22,0.42
733.9783232212067,30,0.0,11.25,13.97,14.61,,14.61,-30.0,0.36,0.22,0.42
734.4791052341461,30,0.0,11.25,13.93,14.61,,14.61,-30.0,0.36,0.22,0.42
734.9792273044586,30,0.0,11.25,13.97,14.61,,14.61,-30.0,0.36,0.21,0.42
735.4781594276428,30,0.0,11.25,13.97,14.61,,14.61,-30.0,0.36,0.21,0.42
735.9792857170105,30,0.0,11.2,13.93,14.61,,14.61,-30.0,0.36,0.21,0.42
736.4768540859222,30,0.0,11.25,13.93,14.61,,14.61,-30.0,0.36,0.21,0.42
736.9920847415924,30,0.0,11.2,13.93,14.61,,14.61,-30.0,0.36,0.21,0.42
737.4902048110962,30,0.0,11.25,13.93,14.61,,14.61,-30.0,0.36,0.21,0.42
737.9886031150818,30,0.0,11.25,13.93,14.61,,14.61,-30.0,0.36,0.21,0.42
738.4894304275513,30,0.0,11.2,13.93,14.61,,14.61,-30.0,0.36,0.21,0.42
738.9883253574371,30,0.0,11.2,13.93,14.61,,14.61,-30.0,0.36,0.21,0.42
739.4872632026672,30,0.0,11.2,13.93,14.61,,14.61,-30.0,0.36,0.21,0.42
740.0003225803375,30,0.0,11.2,13.93,14.61,,14.61,-30.0,0.36,0.21,0.42
740.5013213157654,30,0.0,11.2,13.93,14.61,,14.61,-30.0,0.36,0.21,0.42
741.0030088424683,30,0.0,11.2,13.93,14.61,,14.61,-30.0,0.36,0.21,0.42
741.5024502277374,30,0.0,11.25,13.93,14.61,,14.61,-30.0,0.36,0.21,0.42
741.999226808548,30,0.0,11.2,13.93,14.61,,14.61,-30.0,0.36,0.21,0.42
742.4983208179474,30,0.0,11.2,13.93,14.61,,14.61,-30.0,0.36,0.21,0.42
742.9975152015686,30,0.0,11.2,13.93,14.61,,14.61,-30.0,0.36,0.21,0.42
743.4953391551971,30,0.0,11.2,13.93,14.61,,14.61,-30.0,0.36,0.21,0.42
743.9976317882538,30,0.0,11.2,13.93,14.61,,14.61,-30.0,0.36,0.21,0.42
744.4987516403198,30,0.0,11.2,13.93,14.61,,14.61,-30.0,0.36,0.21,0.42
745.0110445022583,30,0.0,11.2,13.93,14.61,,14.61,-30.0,0.36,0.21,0.42
745.5119752883911,30,0.0,11.2,13.93,14.61,,14.61,-30.0,0.36,0.21,0.42
746.0102429389954,30,0.0,11.2,13.93,14.61,,14.61,-30.0,0.36,0.21,0.42
746.5097019672394,30,0.0,11.2,13.93,14.61,,14.61,-30.0,0.36,0.21,0.42
747.007381439209,30,0.0,11.25,13.93,14.61,,14.61,-30.0,0.36,0.21,0.42
747.520738363266,30,0.0,11.2,13.93,14.61,,14.61,-30.0,0.36,0.21,0.42
748.0183210372925,30,0.0,11.2,13.93,14.61,,14.61,-30.0,0.36,0.21,0.42
748.5158226490021,30,0.0,11.2,13.93,14.61,,14.61,-30.0,0.36,0.21,0.42
749.0172765254974,30,0.0,11.2,13.93,14.61,,14.61,-30.0,0.36,0.21,0.42
749.5149304866791,30,0.0,11.2,13.93,14.61,,14.61,-30.0,0.36,0.21,0.42
750.0136663913727,30,0.0,11.2,13.93,14.61,,14.61,-30.0,0.36,0.21,0.42
750.5286524295807,30,0.0,11.2,13.97,14.61,,14.61,-30.0,0.36,0.21,0.42
751.0268259048462,30,0.0,11.2,13.93,14.61,,14.61,-30.0,0.36,0.21,0.42
751.5241360664368,30,0.0,11.2,13.93,14.61,,14.61,-30.0,0.36,0.21,0.42
752.0252847671509,30,0.0,11.2,13.93,14.61,,14.61,-30.0,0.36,0.21,0.42
752.5233697891235,30,0.0,11.2,13.93,14.61,,14.61,-30.0,0.36,0.21,0.42
753.0234081745148,30,0.0,11.25,13.93,14.61,,14.61,-30.0,0.36,0.21,0.42
753.5376060009003,30,0.0,11.25,13.93,14.61,,14.61,-30.0,0.36,0.21,0.42
754.0234272480011,30,0.0,11.2,13.93,14.61,,14.61,-30.0,0.36,0.21,0.42
754.5383584499359,30,0.0,11.2,13.93,14.61,,14.61,-30.0,0.36,0.21,0.42
755.0383236408234,30,0.0,11.2,13.93,14.61,,14.61,-30.0,0.36,0.21,0.42
755.5358808040619,30,0.0,11.2,13.93,14.61,,14.61,-30.0,0.36,0.21,0.42
756.036173582077,30,0.0,11.2,13.93,14.61,,14.61,-30.0,0.36,0.21,0.42
756.533285856247,30,0.0,11.2,13.93,14.61,,14.61,-30.0,0.36,0.21,0.42
757.0335028171539,30,0.0,11.2,13.93,14.61,,14.61,-30.0,0.36,0.21,0.42
757.5335083007812,30,0.0,11.2,13.93,14.61,,14.61,-30.0,0.36,0.21,0.42
758.0463876724243,30,0.0,11.2,13.93,14.61,,14.61,-30.0,0.36,0.21,0.42
758.5393888950348,30,0.0,11.2,13.93,14.61,,14.61,-30.0,0.36,0.21,0.41
759.0425410270691,30,0.0,11.2,13.93,14.61,,14.61,-30.0,0.36,0.21,0.42
