Temps (s),Consigne (°C),Erreur (°C),Thermistance 1 - T1 (°C),Thermistance 2 - T2 (°C),Thermistance 3 - T3 (°C),T4',Thermistance 3 estimée - T3_moy (°C),Commande (PWM),Voltage T1 (V),Voltage T2 (V),Voltage T3 (V)
1.307119369506836,30,0.0,32.95,34.38,35.26,,35.26,-30.0,2.73,3.21,3.25
1.665503978729248,30,0.0,32.91,34.35,35.23,,35.23,-30.0,2.73,3.21,3.25
2.0404109954833984,30,0.0,32.91,34.31,35.19,,35.19,-30.0,2.73,3.2,3.24
2.540363073348999,30,0.0,32.82,34.28,35.16,,35.16,-30.0,2.72,3.2,3.24
3.0398943424224854,30,0.0,32.73,34.25,35.16,,35.16,-30.0,2.71,3.19,3.24
3.538125514984131,30,0.0,32.55,34.18,35.12,,35.12,-30.0,2.69,3.18,3.23
4.035218238830566,30,0.0,32.41,34.15,35.09,,35.09,-30.0,2.67,3.18,3.23
4.535244703292847,30,0.0,32.23,34.12,35.06,,35.06,-30.0,2.65,3.17,3.22
5.047813653945923,30,0.0,32.01,34.09,35.02,,35.02,-30.0,2.63,3.17,3.22
5.545927286148071,30,0.0,31.83,34.02,34.99,,34.99,-30.0,2.61,3.16,3.21
6.040799856185913,30,0.0,31.61,33.99,34.99,,34.99,-30.0,2.59,3.15,3.21
6.5393288135528564,30,0.0,31.43,33.93,34.95,,34.95,-30.0,2.57,3.14,3.21
7.051636219024658,30,0.0,31.25,33.9,34.92,,34.92,-30.0,2.55,3.14,3.2
7.551655530929565,30,0.0,31.03,33.83,34.88,,34.88,-30.0,2.53,3.13,3.2
8.052969455718994,30,0.0,30.85,33.8,34.85,,34.85,-30.0,2.5,3.12,3.19
8.552786588668823,30,0.0,30.67,33.74,34.81,,34.81,-30.0,2.48,3.11,3.19
9.05395221710205,30,0.0,30.49,33.67,34.78,,34.78,-30.0,2.46,3.1,3.18
9.554758787155151,30,0.0,30.31,33.64,34.78,,34.78,-30.0,2.44,3.1,3.18
10.054510354995728,30,0.0,30.18,33.57,34.74,,34.74,-30.0,2.43,3.09,3.18
10.555246114730835,30,0.0,30.0,33.51,34.71,,34.71,-30.0,2.41,3.08,3.17
11.053793907165527,30,0.0,29.86,33.45,34.67,,34.67,-30.0,2.39,3.07,3.17
11.552117347717285,30,0.0,29.68,33.41,34.64,,34.64,-30.0,2.38,3.06,3.16
12.066171407699585,30,0.0,29.55,33.35,34.6,,34.6,-30.0,2.36,3.05,3.16
12.566264152526855,30,0.0,29.41,33.29,34.57,,34.57,-30.0,2.35,3.04,3.15
13.066630363464355,30,0.0,29.28,33.22,34.53,,34.53,-30.0,2.33,3.04,3.15
13.56645655632019,30,0.0,29.15,33.16,34.5,,34.5,-30.0,2.32,3.03,3.14
14.063940525054932,30,0.0,29.01,33.09,34.46,,34.46,-30.0,2.3,3.02,3.14
14.561275482177734,30,0.0,28.88,33.03,34.4,,34.4,-30.0,2.29,3.01,3.13
15.062134027481079,30,0.0,28.74,32.97,34.36,,34.36,-30.0,2.27,3.0,3.12
15.575471878051758,30,0.0,28.61,32.9,34.33,,34.33,-30.0,2.26,2.99,3.12
16.070497512817383,30,0.0,28.47,32.81,34.29,,34.29,-30.0,2.24,2.97,3.11
16.57142448425293,30,0.0,28.39,32.74,34.26,,34.26,-30.0,2.23,2.96,3.11
17.069617986679077,30,0.0,28.25,32.68,34.22,,34.22,-30.0,2.22,2.95,3.1
17.57418465614319,30,0.0,28.12,32.61,34.15,,34.15,-30.0,2.21,2.94,3.1
18.08425760269165,30,0.0,28.03,32.55,34.12,,34.12,-30.0,2.19,2.93,3.09
18.583838939666748,30,0.0,27.89,32.49,34.08,,34.08,-30.0,2.18,2.92,3.08
19.083242416381836,30,0.0,27.8,32.42,34.05,,34.05,-30.0,2.17,2.91,3.08
19.584203481674194,30,0.0,27.67,32.36,34.01,,34.01,-30.0,2.16,2.9,3.07
20.082117080688477,30,0.0,27.58,32.29,33.98,,33.98,-30.0,2.15,2.89,3.07
20.583232879638672,30,0.0,27.49,32.23,33.94,,33.94,-30.0,2.14,2.88,3.06
21.0833899974823,30,0.0,27.36,32.13,33.88,,33.88,-30.0,2.12,2.87,3.05
21.58053731918335,30,0.0,27.27,32.07,33.84,,33.84,-30.0,2.11,2.86,3.05
22.095582723617554,30,0.0,27.18,32.0,33.81,,33.81,-30.0,2.1,2.85,3.04
22.596067190170288,30,0.0,27.09,31.94,33.77,,33.77,-30.0,2.09,2.84,3.04
23.09841513633728,30,0.0,27.0,31.88,33.74,,33.74,-30.0,2.08,2.83,3.04
23.59195351600647,30,0.0,26.91,31.81,33.67,,33.67,-30.0,2.07,2.82,3.03
24.091729164123535,30,0.0,26.77,31.72,33.63,,33.63,-30.0,2.06,2.81,3.02
24.58854866027832,30,0.0,26.68,31.65,33.6,,33.6,-30.0,2.05,2.8,3.02
25.088775157928467,30,0.0,26.6,31.59,33.56,,33.56,-30.0,2.04,2.79,3.01
25.589911460876465,30,0.0,26.51,31.52,33.49,,33.49,-30.0,2.03,2.78,3.0
26.101660013198853,30,0.0,26.42,31.46,33.46,,33.46,-30.0,2.02,2.77,3.0
26.599670886993408,30,0.0,26.33,31.4,33.42,,33.42,-30.0,2.01,2.76,2.99
27.100362300872803,30,0.0,26.24,31.33,33.36,,33.36,-30.0,2.0,2.75,2.98
27.598264694213867,30,0.0,26.15,31.27,33.32,,33.32,-30.0,1.99,2.74,2.98
28.111366510391235,30,0.0,26.1,31.2,33.25,,33.25,-30.0,1.98,2.73,2.97
28.606900453567505,30,0.0,26.01,31.14,33.22,,33.22,-30.0,1.97,2.72,2.96
29.10678267478943,30,0.0,25.92,31.08,33.15,,33.15,-30.0,1.96,2.71,2.95
29.604628801345825,30,0.0,25.83,31.01,33.11,,33.11,-30.0,1.96,2.7,2.95
30.117085218429565,30,0.0,25.74,30.92,33.08,,33.08,-30.0,1.95,2.69,2.94
30.60374426841736,30,0.0,25.66,30.88,33.01,,33.01,-30.0,1.94,2.67,2.93
31.104714155197144,30,0.0,25.57,30.79,32.97,,32.97,-30.0,1.93,2.66,2.93
31.61845850944519,30,0.0,25.52,30.72,32.94,,32.94,-30.0,1.92,2.66,2.92
32.117321491241455,30,0.0,25.43,30.66,32.87,,32.87,-30.0,1.91,2.64,2.91
32.61805200576782,30,0.0,25.34,30.6,32.84,,32.84,-30.0,1.9,2.63,2.91
33.1168577671051,30,0.0,25.3,30.53,32.77,,32.77,-30.0,1.9,2.62,2.9
33.61595296859741,30,0.0,25.21,30.47,32.73,,32.73,-30.0,1.89,2.61,2.89
34.116180658340454,30,0.0,25.12,30.4,32.66,,32.66,-30.0,1.88,2.61,2.89
34.627190589904785,30,0.0,25.07,30.37,32.63,,32.63,-30.0,1.87,2.6,2.88
35.12378191947937,30,0.0,24.98,30.31,32.56,,32.56,-30.0,1.86,2.59,2.87
35.62371301651001,30,0.0,24.94,30.24,32.52,,32.52,-30.0,1.86,2.58,2.86
36.122175455093384,30,0.0,24.85,30.18,32.46,,32.46,-30.0,1.85,2.57,2.85
36.620431423187256,30,0.0,24.76,30.12,32.42,,32.42,-30.0,1.84,2.56,2.85
37.121440172195435,30,0.0,24.72,30.05,32.35,,32.35,-30.0,1.83,2.55,2.84
37.636372804641724,30,0.0,24.63,29.99,32.32,,32.32,-30.0,1.82,2.54,2.83
38.13439726829529,30,0.0,24.58,29.92,32.25,,32.25,-30.0,1.82,2.53,2.83
38.636544942855835,30,0.0,24.49,29.86,32.21,,32.21,-30.0,1.81,2.52,2.82
39.138723611831665,30,0.0,24.45,29.8,32.14,,32.14,-30.0,1.8,2.51,2.81
39.63893795013428,30,0.0,24.4,29.73,32.11,,32.11,-30.0,1.79,2.5,2.81
40.13910627365112,30,0.0,24.31,29.67,32.04,,32.04,-30.0,1.79,2.49,2.8
40.63746190071106,30,0.0,24.27,29.6,31.97,,31.97,-30.0,1.78,2.48,2.79
41.1401801109314,30,0.0,24.18,29.54,31.94,,31.94,-30.0,1.77,2.47,2.78
41.63952279090881,30,0.0,24.13,29.48,31.87,,31.87,-30.0,1.77,2.46,2.77
42.13833522796631,30,0.0,24.04,29.41,31.8,,31.8,-30.0,1.76,2.45,2.76
42.650912046432495,30,0.0,24.0,29.35,31.76,,31.76,-30.0,1.75,2.44,2.76
43.16170644760132,30,0.0,23.95,29.32,31.7,,31.7,-30.0,1.74,2.44,2.75
43.64794588088989,30,0.0,23.87,29.25,31.66,,31.66,-30.0,1.74,2.43,2.74
44.148037910461426,30,0.0,23.82,29.19,31.59,,31.59,-30.0,1.74,2.42,2.73
44.64582920074463,30,0.0,23.73,29.12,31.52,,31.52,-30.0,1.73,2.41,2.72
45.14291787147522,30,0.0,23.69,29.06,31.49,,31.49,-30.0,1.72,2.4,2.72
45.656378746032715,30,0.0,23.64,29.0,31.42,,31.42,-30.0,1.72,2.39,2.71
46.15840697288513,30,0.0,23.55,28.93,31.38,,31.38,-30.0,1.71,2.38,2.7
46.65840125083923,30,0.0,23.51,28.87,31.31,,31.31,-30.0,1.7,2.37,2.69
47.149375438690186,30,0.0,23.46,28.8,31.25,,31.25,-30.0,1.7,2.36,2.68
47.651822566986084,30,0.0,23.42,28.77,31.21,,31.21,-30.0,1.69,2.35,2.68
48.15528845787048,30,0.0,23.33,28.71,31.14,,31.14,-30.0,1.68,2.35,2.67
48.65590834617615,30,0.0,23.28,28.64,31.07,,31.07,-30.0,1.68,2.34,2.66
49.15507507324219,30,0.0,23.24,28.58,31.04,,31.04,-30.0,1.67,2.33,2.65
49.65485072135925,30,0.0,23.19,28.51,30.97,,30.97,-30.0,1.67,2.32,2.64
50.15535879135132,30,0.0,23.1,28.48,30.93,,30.93,-30.0,1.66,2.31,2.64
50.66838574409485,30,0.0,23.06,28.42,30.87,,30.87,-30.0,1.65,2.3,2.63
51.164504051208496,30,0.0,23.02,28.35,30.83,,30.83,-30.0,1.65,2.29,2.62
51.66501712799072,30,0.0,22.97,28.32,30.76,,30.76,-30.0,1.64,2.28,2.61
52.165509939193726,30,0.0,22.88,28.26,30.69,,30.69,-30.0,1.64,2.28,2.61
52.678327798843384,30,0.0,22.84,28.19,30.66,,30.66,-30.0,1.63,2.27,2.6
53.175321102142334,30,0.0,22.79,28.13,30.59,,30.59,-30.0,1.62,2.26,2.59
53.675195932388306,30,0.0,22.75,28.1,30.55,,30.55,-30.0,1.62,2.25,2.59
54.17179226875305,30,0.0,22.7,28.03,30.49,,30.49,-30.0,1.61,2.24,2.58
54.67208433151245,30,0.0,22.66,27.97,30.45,,30.45,-30.0,1.61,2.23,2.57
55.17419791221619,30,0.0,22.61,27.94,30.38,,30.38,-30.0,1.6,2.23,2.56
55.67085838317871,30,0.0,22.52,27.87,30.31,,30.31,-30.0,1.59,2.22,2.55
56.18332314491272,30,0.0,22.48,27.81,30.28,,30.28,-30.0,1.59,2.21,2.55
56.682217836380005,30,0.0,22.43,27.78,30.21,,30.21,-30.0,1.58,2.2,2.54
57.182443141937256,30,0.0,22.39,27.71,30.14,,30.14,-30.0,1.58,2.19,2.53
57.687114000320435,30,0.0,22.34,27.65,30.11,,30.11,-30.0,1.57,2.18,2.52
58.185856342315674,30,0.0,22.3,27.61,30.04,,30.04,-30.0,1.57,2.17,2.51
58.68297839164734,30,0.0,22.25,27.55,29.97,,29.97,-30.0,1.56,2.17,2.5
59.18594717979431,30,0.0,22.21,27.49,29.9,,29.9,-30.0,1.56,2.16,2.49
59.6864333152771,30,0.0,22.16,27.42,29.83,,29.83,-30.0,1.55,2.16,2.48
60.184199810028076,30,0.0,22.12,27.39,29.79,,29.79,-30.0,1.55,2.15,2.48
60.683985233306885,30,0.0,22.08,27.32,29.73,,29.73,-30.0,1.54,2.14,2.47
61.18505859375,30,0.0,22.03,27.29,29.66,,29.66,-30.0,1.53,2.13,2.46
61.698689222335815,30,0.0,21.94,27.23,29.62,,29.62,-30.0,1.53,2.12,2.45
62.19804668426514,30,0.0,21.9,27.16,29.55,,29.55,-30.0,1.52,2.11,2.44
62.69903564453125,30,0.0,21.85,27.13,29.52,,29.52,-30.0,1.52,2.11,2.44
63.1998929977417,30,0.0,21.81,27.07,29.45,,29.45,-30.0,1.52,2.1,2.43
63.69922161102295,30,0.0,21.76,27.03,29.38,,29.38,-30.0,1.51,2.09,2.42
64.19843339920044,30,0.0,21.72,26.97,29.34,,29.34,-30.0,1.51,2.08,2.41
64.6978485584259,30,0.0,21.67,26.94,29.28,,29.28,-30.0,1.5,2.08,2.41
65.19677352905273,30,0.0,21.63,26.87,29.24,,29.24,-30.0,1.5,2.07,2.4
65.69775390625,30,0.0,21.58,26.84,29.17,,29.17,-30.0,1.49,2.06,2.39
66.210520029068,30,0.0,21.54,26.81,29.14,,29.14,-30.0,1.49,2.05,2.39
66.70780801773071,30,0.0,21.49,26.74,29.1,,29.1,-30.0,1.48,2.05,2.38
67.20979166030884,30,0.0,21.45,26.68,29.03,,29.03,-30.0,1.48,2.04,2.37
67.70682978630066,30,0.0,21.4,26.65,29.0,,29.0,-30.0,1.47,2.03,2.37
68.20438432693481,30,0.0,21.4,26.58,28.93,,28.93,-30.0,1.47,2.02,2.36
68.70780181884766,30,0.0,21.36,26.55,28.89,,28.89,-30.0,1.47,2.02,2.35
69.20643019676208,30,0.0,21.31,26.49,28.83,,28.83,-30.0,1.46,2.01,2.34
69.7210464477539,30,0.0,21.27,26.45,28.76,,28.76,-30.0,1.46,2.0,2.33
70.22042441368103,30,0.0,21.22,26.39,28.72,,28.72,-30.0,1.45,1.99,2.33
70.71807479858398,30,0.0,21.18,26.36,28.65,,28.65,-30.0,1.45,1.99,2.32
71.21616005897522,30,0.0,21.14,26.29,28.62,,28.62,-30.0,1.44,1.98,2.31
71.71592497825623,30,0.0,21.09,26.26,28.55,,28.55,-30.0,1.44,1.97,2.3
72.21378231048584,30,0.0,21.05,26.19,28.51,,28.51,-30.0,1.43,1.96,2.3
72.72978448867798,30,0.0,21.0,26.16,28.48,,28.48,-30.0,1.43,1.96,2.29
73.22702050209045,30,0.0,20.96,26.1,28.41,,28.41,-30.0,1.42,1.96,2.28
73.72157955169678,30,0.0,20.91,26.06,28.38,,28.38,-30.0,1.42,1.95,2.28
74.22458958625793,30,0.0,20.87,26.03,28.31,,28.31,-30.0,1.41,1.94,2.27
74.72533059120178,30,0.0,20.82,25.97,28.27,,28.27,-30.0,1.41,1.93,2.26
75.22540760040283,30,0.0,20.82,25.93,28.24,,28.24,-30.0,1.41,1.93,2.26
75.73326706886292,30,0.0,20.78,25.87,28.17,,28.17,-30.0,1.4,1.92,2.25
76.23097133636475,30,0.0,20.73,25.84,28.13,,28.13,-30.0,1.4,1.91,2.24
76.73971271514893,30,0.0,20.69,25.77,28.06,,28.06,-30.0,1.39,1.9,2.23
77.23743104934692,30,0.0,20.64,25.74,28.03,,28.03,-30.0,1.39,1.9,2.23
77.7329351902008,30,0.0,20.6,25.71,27.96,,27.96,-30.0,1.38,1.89,2.22
78.23695135116577,30,0.0,20.55,25.64,27.92,,27.92,-30.0,1.38,1.88,2.21
78.73630809783936,30,0.0,20.55,25.61,27.85,,27.85,-30.0,1.38,1.88,2.2
79.2329032421112,30,0.0,20.51,25.55,27.82,,27.82,-30.0,1.37,1.87,2.2
79.73475790023804,30,0.0,20.46,25.51,27.75,,27.75,-30.0,1.37,1.86,2.19
80.24818062782288,30,0.0,20.42,25.48,27.72,,27.72,-30.0,1.36,1.86,2.18
80.7502555847168,30,0.0,20.37,25.45,27.65,,27.65,-30.0,1.36,1.85,2.17
81.24824833869934,30,0.0,20.33,25.38,27.61,,27.61,-30.0,1.35,1.84,2.17
81.74861025810242,30,0.0,20.33,25.35,27.58,,27.58,-30.0,1.35,1.84,2.17
82.24434447288513,30,0.0,20.29,25.32,27.51,,27.51,-30.0,1.35,1.83,2.16
82.74252533912659,30,0.0,20.24,25.25,27.47,,27.47,-30.0,1.34,1.82,2.15
83.24660348892212,30,0.0,20.2,25.22,27.4,,27.4,-30.0,1.34,1.82,2.14
83.74855208396912,30,0.0,20.15,25.19,27.37,,27.37,-30.0,1.33,1.81,2.14
84.24870681762695,30,0.0,20.15,25.12,27.3,,27.3,-30.0,1.33,1.8,2.13
84.76113319396973,30,0.0,20.11,25.09,27.26,,27.26,-30.0,1.33,1.8,2.12
85.26311707496643,30,0.0,20.06,25.03,27.23,,27.23,-30.0,1.32,1.79,2.12
85.75864505767822,30,0.0,20.02,24.99,27.16,,27.16,-30.0,1.32,1.78,2.11
86.25777578353882,30,0.0,19.97,24.96,27.13,,27.13,-30.0,1.31,1.78,2.1
86.75834012031555,30,0.0,19.97,24.89,27.09,,27.09,-30.0,1.31,1.77,2.1
87.25478553771973,30,0.0,19.93,24.86,27.02,,27.02,-30.0,1.31,1.76,2.09
87.75607466697693,30,0.0,19.88,24.83,26.99,,26.99,-30.0,1.3,1.76,2.08
88.25676918029785,30,0.0,19.84,24.76,26.95,,26.95,-30.0,1.3,1.75,2.07
88.77204632759094,30,0.0,19.79,24.73,26.88,,26.88,-30.0,1.3,1.74,2.07
89.26947736740112,30,0.0,19.79,24.7,26.85,,26.85,-30.0,1.3,1.74,2.06
89.76541256904602,30,0.0,19.75,24.63,26.81,,26.81,-30.0,1.29,1.73,2.05
90.26234555244446,30,0.0,19.7,24.6,26.74,,26.74,-30.0,1.29,1.73,2.05
90.77522778511047,30,0.0,19.66,24.57,26.71,,26.71,-30.0,1.28,1.72,2.04
91.27437901496887,30,0.0,19.66,24.54,26.64,,26.64,-30.0,1.28,1.72,2.03
91.77637648582458,30,0.0,19.61,24.47,26.6,,26.6,-30.0,1.28,1.71,2.03
92.27804040908813,30,0.0,19.57,24.44,26.57,,26.57,-30.0,1.27,1.7,2.02
92.77777004241943,30,0.0,19.52,24.4,26.5,,26.5,-30.0,1.27,1.7,2.01
93.27483057975769,30,0.0,19.52,24.37,26.46,,26.46,-30.0,1.27,1.69,2.01
93.77442383766174,30,0.0,19.48,24.34,26.43,,26.43,-30.0,1.26,1.69,2.0
94.28797435760498,30,0.0,19.43,24.27,26.36,,26.36,-30.0,1.26,1.68,1.99
94.78207492828369,30,0.0,19.39,24.24,26.32,,26.32,-30.0,1.25,1.67,1.99
95.28204679489136,30,0.0,19.39,24.21,26.29,,26.29,-30.0,1.25,1.67,1.98
95.77805519104004,30,0.0,19.35,24.18,26.22,,26.22,-30.0,1.25,1.66,1.97
96.27971148490906,30,0.0,19.3,24.11,26.18,,26.18,-30.0,1.24,1.66,1.97
96.78112745285034,30,0.0,19.26,24.08,26.12,,26.12,-30.0,1.24,1.65,1.96
97.2935106754303,30,0.0,19.26,24.04,26.08,,26.08,-30.0,1.24,1.64,1.96
97.79473280906677,30,0.0,19.21,24.01,26.05,,26.05,-30.0,1.23,1.64,1.95
98.29339075088501,30,0.0,19.17,23.98,26.01,,26.01,-30.0,1.23,1.63,1.95
98.79341578483582,30,0.0,19.12,23.95,25.94,,25.94,-30.0,1.22,1.63,1.94
99.29035305976868,30,0.0,19.12,23.91,25.91,,25.91,-30.0,1.22,1.62,1.93
99.78719687461853,30,0.0,19.08,23.85,25.87,,25.87,-30.0,1.22,1.61,1.93
100.2994019985199,30,0.0,19.03,23.82,25.84,,25.84,-30.0,1.22,1.61,1.92
100.7991533279419,30,0.0,19.03,23.78,25.77,,25.77,-30.0,1.21,1.6,1.91
101.30039095878601,30,0.0,18.99,23.75,25.73,,25.73,-30.0,1.21,1.6,1.91
101.80208492279053,30,0.0,18.94,23.72,25.7,,25.7,-30.0,1.2,1.59,1.9
102.30399441719055,30,0.0,18.94,23.68,25.66,,25.66,-30.0,1.2,1.58,1.89
102.80202126502991,30,0.0,18.9,23.62,25.59,,25.59,-30.0,1.2,1.58,1.89
103.30026531219482,30,0.0,18.85,23.59,25.56,,25.56,-30.0,1.19,1.57,1.88
103.81766653060913,30,0.0,18.81,23.55,25.52,,25.52,-30.0,1.19,1.57,1.88
104.3006238937378,30,0.0,18.81,23.52,25.49,,25.49,-30.0,1.19,1.56,1.87
104.81509494781494,30,0.0,18.76,23.49,25.42,,25.42,-30.0,1.18,1.56,1.86
105.31180953979492,30,0.0,18.72,23.45,25.38,,25.38,-30.0,1.18,1.55,1.86
105.80836701393127,30,0.0,18.72,23.39,25.35,,25.35,-30.0,1.18,1.54,1.85
106.30992674827576,30,0.0,18.67,23.35,25.31,,25.31,-30.0,1.17,1.54,1.85
106.8204984664917,30,0.0,18.67,23.32,25.28,,25.28,-30.0,1.17,1.53,1.84
107.31798505783081,30,0.0,18.63,23.29,25.21,,25.21,-30.0,1.17,1.53,1.83
107.81749558448792,30,0.0,18.58,23.26,25.17,,25.17,-30.0,1.16,1.52,1.83
108.31498432159424,30,0.0,18.58,23.22,25.14,,25.14,-30.0,1.16,1.52,1.82
108.81612586975098,30,0.0,18.54,23.19,25.1,,25.1,-30.0,1.16,1.52,1.82
109.31663465499878,30,0.0,18.5,23.16,25.07,,25.07,-30.0,1.15,1.51,1.81
109.81558728218079,30,0.0,18.5,23.12,25.0,,25.0,-30.0,1.15,1.51,1.81
110.32725477218628,30,0.0,18.45,23.09,24.96,,24.96,-30.0,1.15,1.5,1.8
110.82632684707642,30,0.0,18.41,23.06,24.93,,24.93,-30.0,1.14,1.5,1.79
111.32634997367859,30,0.0,18.41,23.02,24.89,,24.89,-30.0,1.14,1.49,1.79
111.82593059539795,30,0.0,18.36,22.99,24.85,,24.85,-30.0,1.14,1.49,1.78
112.32220649719238,30,0.0,18.36,22.96,24.82,,24.82,-30.0,1.14,1.48,1.78
112.82159900665283,30,0.0,18.32,22.93,24.78,,24.78,-30.0,1.13,1.48,1.77
113.3344235420227,30,0.0,18.27,22.89,24.75,,24.75,-30.0,1.13,1.47,1.77
113.83626794815063,30,0.0,18.27,22.86,24.71,,24.71,-30.0,1.13,1.47,1.76
114.33346438407898,30,0.0,18.23,22.83,24.64,,24.64,-30.0,1.12,1.46,1.75
114.82819175720215,30,0.0,18.18,22.79,24.61,,24.61,-30.0,1.12,1.46,1.75
115.34175848960876,30,0.0,18.18,22.76,24.57,,24.57,-30.0,1.12,1.45,1.74
115.84187388420105,30,0.0,18.14,22.73,24.54,,24.54,-30.0,1.11,1.45,1.74
116.34043478965759,30,0.0,18.14,22.69,24.5,,24.5,-30.0,1.11,1.44,1.74
116.8379716873169,30,0.0,18.09,22.66,24.47,,24.47,-30.0,1.11,1.44,1.73
117.33956241607666,30,0.0,18.05,22.63,24.43,,24.43,-30.0,1.1,1.43,1.73
117.83932566642761,30,0.0,18.05,22.59,24.4,,24.4,-30.0,1.1,1.43,1.72
118.34143161773682,30,0.0,18.0,22.56,24.36,,24.36,-30.0,1.1,1.42,1.72
118.83907675743103,30,0.0,17.96,22.53,24.33,,24.33,-30.0,1.09,1.42,1.71
119.35338139533997,30,0.0,17.96,22.5,24.29,,24.29,-30.0,1.09,1.41,1.71
119.8508996963501,30,0.0,17.91,22.46,24.26,,24.26,-30.0,1.09,1.41,1.7
120.34855723381042,30,0.0,17.91,22.43,24.22,,24.22,-30.0,1.09,1.4,1.7
120.84366273880005,30,0.0,17.87,22.4,24.19,,24.19,-30.0,1.09,1.4,1.69
121.35049867630005,30,0.0,17.87,22.36,24.15,,24.15,-30.0,1.09,1.39,1.69
121.84523177146912,30,0.0,17.82,22.33,24.12,,24.12,-30.0,1.08,1.39,1.68
122.35623073577881,30,0.0,17.78,22.3,24.08,,24.08,-30.0,1.08,1.38,1.68
122.85652136802673,30,0.0,17.78,22.26,24.05,,24.05,-30.0,1.08,1.38,1.67
123.35634803771973,30,0.0,17.73,22.23,24.01,,24.01,-30.0,1.07,1.37,1.67
123.85791397094727,30,0.0,17.73,22.2,23.98,,23.98,-30.0,1.07,1.37,1.66
124.35225033760071,30,0.0,17.69,22.2,23.94,,23.94,-30.0,1.07,1.36,1.66
124.86806893348694,30,0.0,17.69,22.13,23.9,,23.9,-30.0,1.07,1.36,1.65
125.3664984703064,30,0.0,17.64,22.13,23.87,,23.87,-30.0,1.06,1.35,1.64
125.86453533172607,30,0.0,17.6,22.1,23.83,,23.83,-30.0,1.06,1.35,1.64
126.3631157875061,30,0.0,17.6,22.06,23.8,,23.8,-30.0,1.06,1.35,1.64
126.85941076278687,30,0.0,17.56,22.03,23.76,,23.76,-30.0,1.05,1.34,1.63
127.37391781806946,30,0.0,17.56,22.0,23.73,,23.73,-30.0,1.05,1.34,1.63
127.87228298187256,30,0.0,17.51,21.96,23.69,,23.69,-30.0,1.05,1.33,1.62
128.37093687057495,30,0.0,17.51,21.93,23.66,,23.66,-30.0,1.05,1.33,1.62
128.87181639671326,30,0.0,17.47,21.93,23.62,,23.62,-30.0,1.04,1.33,1.61
129.3697853088379,30,0.0,17.47,21.9,23.59,,23.59,-30.0,1.04,1.32,1.61
129.86859822273254,30,0.0,17.42,21.86,23.55,,23.55,-30.0,1.04,1.32,1.6
130.37013173103333,30,0.0,17.42,21.83,23.52,,23.52,-30.0,1.04,1.31,1.6
130.88374948501587,30,0.0,17.38,21.8,23.48,,23.48,-30.0,1.03,1.31,1.59
131.38123512268066,30,0.0,17.33,21.76,23.45,,23.45,-30.0,1.03,1.3,1.59
131.88146352767944,30,0.0,17.33,21.73,23.41,,23.41,-30.0,1.03,1.3,1.58
132.38288068771362,30,0.0,17.33,21.7,23.37,,23.37,-30.0,1.02,1.3,1.58
132.88395500183105,30,0.0,17.29,21.66,23.34,,23.34,-30.0,1.02,1.29,1.57
133.38295435905457,30,0.0,17.24,21.66,23.3,,23.3,-30.0,1.02,1.29,1.57
133.88172721862793,30,0.0,17.24,21.63,23.3,,23.3,-30.0,1.02,1.29,1.56
134.39957976341248,30,0.0,17.2,21.6,23.27,,23.27,-30.0,1.01,1.28,1.56
134.88327050209045,30,0.0,17.2,21.56,23.23,,23.23,-30.0,1.01,1.28,1.56
135.3829584121704,30,0.0,17.15,21.53,23.2,,23.2,-30.0,1.01,1.27,1.55
135.89422416687012,30,0.0,17.15,21.5,23.16,,23.16,-30.0,1.01,1.27,1.55
136.3937063217163,30,0.0,17.11,21.46,23.13,,23.13,-30.0,1.0,1.26,1.54
136.89445543289185,30,0.0,17.11,21.46,23.09,,23.09,-30.0,1.0,1.26,1.54
137.39203238487244,30,0.0,17.06,21.43,23.06,,23.06,-30.0,1.0,1.26,1.53
137.89244842529297,30,0.0,17.06,21.4,23.06,,23.06,-30.0,1.0,1.25,1.53
138.39007806777954,30,0.0,17.02,21.4,23.02,,23.02,-30.0,0.99,1.25,1.52
138.8914475440979,30,0.0,17.02,21.33,22.98,,22.98,-30.0,0.99,1.24,1.52
139.40485525131226,30,0.0,16.97,21.29,22.95,,22.95,-30.0,0.99,1.24,1.52
139.90633082389832,30,0.0,16.97,21.29,22.91,,22.91,-30.0,0.99,1.24,1.52
140.40534090995789,30,0.0,16.93,21.26,22.88,,22.88,-30.0,0.98,1.23,1.51
140.90175008773804,30,0.0,16.93,21.23,22.84,,22.84,-30.0,0.98,1.23,1.51
141.40035820007324,30,0.0,16.88,21.19,22.81,,22.81,-30.0,0.98,1.22,1.5
141.90052676200867,30,0.0,16.88,21.16,22.77,,22.77,-30.0,0.98,1.22,1.5
142.41555380821228,30,0.0,16.84,21.13,22.77,,22.77,-30.0,0.97,1.21,1.5
142.91420650482178,30,0.0,16.84,21.13,22.74,,22.74,-30.0,0.97,1.21,1.49
143.41272616386414,30,0.0,16.79,21.09,22.7,,22.7,-30.0,0.97,1.21,1.49
143.9105954170227,30,0.0,16.79,21.06,22.66,,22.66,-30.0,0.97,1.2,1.48
144.4116735458374,30,0.0,16.75,21.06,22.63,,22.63,-30.0,0.97,1.2,1.48
144.90603494644165,30,0.0,16.75,21.03,22.59,,22.59,-30.0,0.96,1.2,1.48
145.4219663143158,30,0.0,16.75,20.99,22.59,,22.59,-30.0,0.96,1.19,1.47
145.922034740448,30,0.0,16.71,20.96,22.56,,22.56,-30.0,0.96,1.19,1.47
146.42413926124573,30,0.0,16.71,20.93,22.52,,22.52,-30.0,0.96,1.18,1.46
146.9218499660492,30,0.0,16.66,20.93,22.49,,22.49,-30.0,0.95,1.18,1.46
147.4238452911377,30,0.0,16.66,20.89,22.45,,22.45,-30.0,0.95,1.18,1.45
147.91650199890137,30,0.0,16.62,20.86,22.45,,22.45,-30.0,0.95,1.17,1.45
148.41753673553467,30,0.0,16.62,20.82,22.42,,22.42,-30.0,0.95,1.17,1.45
148.93036937713623,30,0.0,16.57,20.79,22.38,,22.38,-30.0,0.94,1.16,1.44
149.4268877506256,30,0.0,16.57,20.79,22.34,,22.34,-30.0,0.94,1.16,1.44
149.9263470172882,30,0.0,16.53,20.76,22.31,,22.31,-30.0,0.94,1.16,1.43
150.42122292518616,30,0.0,16.53,20.72,22.27,,22.27,-30.0,0.94,1.15,1.43
150.93604493141174,30,0.0,16.48,20.69,22.27,,22.27,-30.0,0.93,1.15,1.43
151.43692302703857,30,0.0,16.48,20.69,22.24,,22.24,-30.0,0.93,1.15,1.42
151.9361789226532,30,0.0,16.44,20.66,22.2,,22.2,-30.0,0.93,1.14,1.42
152.43414115905762,30,0.0,16.44,20.62,22.17,,22.17,-30.0,0.93,1.14,1.41
152.93283915519714,30,0.0,16.44,20.59,22.17,,22.17,-30.0,0.93,1.13,1.41
153.43369150161743,30,0.0,16.39,20.59,22.13,,22.13,-30.0,0.92,1.13,1.41
153.93631267547607,30,0.0,16.39,20.55,22.09,,22.09,-30.0,0.92,1.13,1.4
154.43745970726013,30,0.0,16.35,20.52,22.06,,22.06,-30.0,0.92,1.12,1.4
154.93381905555725,30,0.0,16.35,20.49,22.02,,22.02,-30.0,0.92,1.12,1.39
155.43640756607056,30,0.0,16.3,20.49,22.02,,22.02,-30.0,0.91,1.12,1.39
155.9360876083374,30,0.0,16.3,20.45,21.99,,21.99,-30.0,0.91,1.11,1.39
156.44805455207825,30,0.0,16.26,20.42,21.95,,21.95,-30.0,0.91,1.11,1.38
156.94910979270935,30,0.0,16.26,20.39,21.92,,21.92,-30.0,0.91,1.1,1.38
157.44873571395874,30,0.0,16.26,20.39,21.88,,21.88,-30.0,0.91,1.1,1.37
157.94643330574036,30,0.0,16.21,20.35,21.88,,21.88,-30.0,0.9,1.1,1.37
158.44680285453796,30,0.0,16.17,20.32,21.84,,21.84,-30.0,0.9,1.09,1.37
158.94770312309265,30,0.0,16.17,20.28,21.81,,21.81,-30.0,0.9,1.09,1.36
159.45004868507385,30,0.0,16.17,20.28,21.77,,21.77,-30.0,0.9,1.09,1.36
159.94923067092896,30,0.0,16.12,20.25,21.77,,21.77,-30.0,0.9,1.09,1.36
160.4576666355133,30,0.0,16.12,20.25,21.74,,21.74,-30.0,0.89,1.08,1.35
160.96159267425537,30,0.0,16.08,20.22,21.7,,21.7,-30.0,0.89,1.08,1.35
161.46220350265503,30,0.0,16.08,20.18,21.66,,21.66,-30.0,0.89,1.08,1.34
161.97263860702515,30,0.0,16.08,20.15,21.66,,21.66,-30.0,0.89,1.07,1.34
162.4649920463562,30,0.0,16.03,20.15,21.63,,21.63,-30.0,0.88,1.07,1.34
162.96213626861572,30,0.0,16.03,20.11,21.59,,21.59,-30.0,0.88,1.07,1.33
163.4593951702118,30,0.0,15.99,20.08,21.56,,21.56,-30.0,0.88,1.06,1.33
163.9598686695099,30,0.0,15.99,20.05,21.56,,21.56,-30.0,0.88,1.06,1.33
164.46820783615112,30,0.0,15.99,20.05,21.52,,21.52,-30.0,0.88,1.06,1.32
164.97298336029053,30,0.0,15.94,20.01,21.49,,21.49,-30.0,0.87,1.05,1.32
165.4723026752472,30,0.0,15.94,19.98,21.45,,21.45,-30.0,0.87,1.05,1.31
165.9680633544922,30,0.0,15.9,19.98,21.41,,21.41,-30.0,0.87,1.05,1.31
166.47205901145935,30,0.0,15.9,19.94,21.41,,21.41,-30.0,0.87,1.04,1.31
166.96883034706116,30,0.0,15.9,19.91,21.38,,21.38,-30.0,0.87,1.04,1.3
167.47181248664856,30,0.0,15.85,19.91,21.38,,21.38,-30.0,0.87,1.04,1.3
167.97519540786743,30,0.0,15.85,19.88,21.34,,21.34,-30.0,0.87,1.03,1.3
168.4695975780487,30,0.0,15.85,19.88,21.31,,21.31,-30.0,0.87,1.03,1.3
168.97084140777588,30,0.0,15.81,19.84,21.27,,21.27,-30.0,0.86,1.03,1.29
169.48293709754944,30,0.0,15.81,19.81,21.27,,21.27,-30.0,0.86,1.02,1.29
169.98130130767822,30,0.0,15.77,19.81,21.23,,21.23,-30.0,0.86,1.02,1.29
170.48030352592468,30,0.0,15.77,19.77,21.2,,21.2,-30.0,0.86,1.02,1.28
170.97716641426086,30,0.0,15.77,19.77,21.2,,21.2,-30.0,0.86,1.02,1.28
171.4898066520691,30,0.0,15.72,19.74,21.16,,21.16,-30.0,0.85,1.01,1.28
171.98939085006714,30,0.0,15.72,19.71,21.13,,21.13,-30.0,0.85,1.01,1.28
172.48780584335327,30,0.0,15.68,19.71,21.13,,21.13,-30.0,0.85,1.0,1.27
172.98760795593262,30,0.0,15.68,19.67,21.09,,21.09,-30.0,0.85,1.0,1.27
173.48518443107605,30,0.0,15.68,19.64,21.05,,21.05,-30.0,0.85,1.0,1.26
173.98586058616638,30,0.0,15.63,19.64,21.05,,21.05,-30.0,0.84,1.0,1.26
174.50113248825073,30,0.0,15.63,19.6,21.02,,21.02,-30.0,0.84,0.99,1.26
174.9985647201538,30,0.0,15.63,19.6,20.98,,20.98,-30.0,0.84,0.99,1.25
175.49962759017944,30,0.0,15.59,19.57,20.98,,20.98,-30.0,0.84,0.99,1.25
176.00313425064087,30,0.0,15.59,19.54,20.95,,20.95,-30.0,0.84,0.98,1.25
176.50239396095276,30,0.0,15.54,19.54,20.91,,20.91,-30.0,0.83,0.98,1.24
177.00298285484314,30,0.0,15.54,19.5,20.91,,20.91,-30.0,0.83,0.98,1.24
177.50073051452637,30,0.0,15.54,19.5,20.87,,20.87,-30.0,0.83,0.97,1.24
177.99880599975586,30,0.0,15.54,19.47,20.84,,20.84,-30.0,0.83,0.97,1.23
178.5133273601532,30,0.0,15.5,19.43,20.84,,20.84,-30.0,0.83,0.97,1.23
179.00978922843933,30,0.0,15.45,19.43,20.8,,20.8,-30.0,0.83,0.97,1.23
179.50843834877014,30,0.0,15.45,19.4,20.76,,20.76,-30.0,0.82,0.96,1.22
180.00563836097717,30,0.0,15.45,19.4,20.76,,20.76,-30.0,0.82,0.96,1.22
180.50307202339172,30,0.0,15.45,19.36,20.73,,20.73,-30.0,0.82,0.96,1.22
181.00270748138428,30,0.0,15.41,19.36,20.73,,20.73,-30.0,0.82,0.95,1.22
181.50520420074463,30,0.0,15.41,19.33,20.69,,20.69,-30.0,0.82,0.95,1.21
182.01677083969116,30,0.0,15.36,19.3,20.66,,20.66,-30.0,0.82,0.95,1.21
182.51438975334167,30,0.0,15.36,19.3,20.66,,20.66,-30.0,0.81,0.94,1.21
183.01295924186707,30,0.0,15.36,19.26,20.62,,20.62,-30.0,0.81,0.94,1.2
183.51311349868774,30,0.0,15.32,19.23,20.62,,20.62,-30.0,0.81,0.94,1.2
184.01420497894287,30,0.0,15.32,19.23,20.58,,20.58,-30.0,0.81,0.94,1.2
184.52723455429077,30,0.0,15.32,19.19,20.55,,20.55,-30.0,0.81,0.93,1.19
185.0250825881958,30,0.0,15.27,19.19,20.55,,20.55,-30.0,0.8,0.93,1.19
185.52235651016235,30,0.0,15.27,19.16,20.51,,20.51,-30.0,0.8,0.93,1.19
186.01764273643494,30,0.0,15.27,19.16,20.48,,20.48,-30.0,0.8,0.92,1.18
186.51916790008545,30,0.0,15.23,19.12,20.48,,20.48,-30.0,0.8,0.92,1.18
187.0202398300171,30,0.0,15.23,19.12,20.44,,20.44,-30.0,0.8,0.92,1.18
187.52369356155396,30,0.0,15.23,19.09,20.44,,20.44,-30.0,0.8,0.92,1.18
188.02498531341553,30,0.0,15.18,19.06,20.4,,20.4,-30.0,0.79,0.91,1.17
188.53815627098083,30,0.0,15.18,19.06,20.37,,20.37,-30.0,0.79,0.91,1.17
189.0372338294983,30,0.0,15.18,19.02,20.37,,20.37,-30.0,0.79,0.91,1.17
189.53394722938538,30,0.0,15.14,19.02,20.33,,20.33,-30.0,0.79,0.91,1.16
190.03351306915283,30,0.0,15.14,18.99,20.33,,20.33,-30.0,0.79,0.9,1.16
190.5300235748291,30,0.0,15.14,18.99,20.29,,20.29,-30.0,0.79,0.9,1.16
191.03068113327026,30,0.0,15.09,18.95,20.26,,20.26,-30.0,0.79,0.9,1.15
191.53183603286743,30,0.0,15.09,18.92,20.26,,20.26,-30.0,0.78,0.89,1.15
192.04346418380737,30,0.0,15.09,18.92,20.22,,20.22,-30.0,0.78,0.89,1.15
192.53994941711426,30,0.0,15.09,18.88,20.22,,20.22,-30.0,0.78,0.89,1.15
193.04613614082336,30,0.0,15.05,18.88,20.19,,20.19,-30.0,0.78,0.89,1.14
193.54635190963745,30,0.0,15.05,18.85,20.19,,20.19,-30.0,0.78,0.88,1.14
194.04240012168884,30,0.0,15.0,18.85,20.15,,20.15,-30.0,0.77,0.88,1.14
194.54024982452393,30,0.0,15.0,18.81,20.11,,20.11,-30.0,0.77,0.88,1.13
195.04113245010376,30,0.0,15.0,18.81,20.11,,20.11,-30.0,0.77,0.87,1.13
195.55509734153748,30,0.0,14.96,18.78,20.08,,20.08,-30.0,0.77,0.87,1.13
196.05288815498352,30,0.0,14.96,18.78,20.08,,20.08,-30.0,0.77,0.87,1.12
196.5544877052307,30,0.0,14.96,18.75,20.04,,20.04,-30.0,0.77,0.87,1.12
197.05340337753296,30,0.0,14.91,18.71,20.0,,20.0,-30.0,0.76,0.87,1.12
197.5514566898346,30,0.0,14.91,18.71,20.0,,20.0,-30.0,0.76,0.87,1.12
198.04831218719482,30,0.0,14.91,18.68,20.0,,20.0,-30.0,0.76,0.86,1.11
198.54901361465454,30,0.0,14.87,18.68,19.97,,19.97,-30.0,0.76,0.86,1.11
199.06166744232178,30,0.0,14.87,18.68,19.93,,19.93,-30.0,0.76,0.86,1.11
199.5622398853302,30,0.0,14.87,18.64,19.93,,19.93,-30.0,0.76,0.86,1.11
200.0608959197998,30,0.0,14.87,18.64,19.89,,19.89,-30.0,0.76,0.85,1.1
200.55849361419678,30,0.0,14.83,18.61,19.89,,19.89,-30.0,0.75,0.85,1.1
201.06023406982422,30,0.0,14.83,18.57,19.86,,19.86,-30.0,0.75,0.85,1.1
201.5719861984253,30,0.0,14.83,18.57,19.86,,19.86,-30.0,0.75,0.85,1.09
202.07319927215576,30,0.0,14.78,18.54,19.82,,19.82,-30.0,0.75,0.84,1.09
202.56798267364502,30,0.0,14.78,18.54,19.79,,19.79,-30.0,0.75,0.84,1.09
203.06859254837036,30,0.0,14.78,18.5,19.79,,19.79,-30.0,0.75,0.84,1.09
203.56776666641235,30,0.0,14.74,18.5,19.75,,19.75,-30.0,0.75,0.84,1.09
204.0652163028717,30,0.0,14.74,18.5,19.75,,19.75,-30.0,0.74,0.84,1.09
204.56733632087708,30,0.0,14.74,18.47,19.71,,19.71,-30.0,0.74,0.83,1.08
205.06962704658508,30,0.0,14.74,18.47,19.71,,19.71,-30.0,0.74,0.83,1.08
205.57010555267334,30,0.0,14.69,18.43,19.68,,19.68,-30.0,0.74,0.83,1.08
206.07395434379578,30,0.0,14.69,18.43,19.68,,19.68,-30.0,0.74,0.82,1.08
206.57276463508606,30,0.0,14.69,18.4,19.64,,19.64,-30.0,0.73,0.82,1.07
207.08627915382385,30,0.0,14.65,18.37,19.64,,19.64,-30.0,0.73,0.82,1.07
207.58652758598328,30,0.0,14.65,18.37,19.6,,19.6,-30.0,0.73,0.82,1.07
208.08524870872498,30,0.0,14.65,18.37,19.6,,19.6,-30.0,0.73,0.82,1.07
208.58262729644775,30,0.0,14.65,18.33,19.57,,19.57,-30.0,0.73,0.81,1.06
209.08220171928406,30,0.0,14.6,18.33,19.57,,19.57,-30.0,0.73,0.81,1.06
209.57886838912964,30,0.0,14.6,18.3,19.53,,19.53,-30.0,0.73,0.81,1.06
210.0940158367157,30,0.0,14.6,18.3,19.53,,19.53,-30.0,0.73,0.81,1.06
210.59641861915588,30,0.0,14.56,18.26,19.49,,19.49,-30.0,0.72,0.8,1.05
211.09539413452148,30,0.0,14.56,18.26,19.49,,19.49,-30.0,0.72,0.8,1.05
211.59276604652405,30,0.0,14.56,18.26,19.46,,19.46,-30.0,0.72,0.8,1.05
212.09601879119873,30,0.0,14.51,18.23,19.46,,19.46,-30.0,0.72,0.8,1.05
212.59375286102295,30,0.0,14.51,18.23,19.42,,19.42,-30.0,0.72,0.79,1.04
213.0937397480011,30,0.0,14.51,18.19,19.42,,19.42,-30.0,0.72,0.79,1.04
213.59153628349304,30,0.0,14.51,18.19,19.42,,19.42,-30.0,0.72,0.79,1.04
214.0902967453003,30,0.0,14.47,18.16,19.38,,19.38,-30.0,0.72,0.79,1.04
214.60341095924377,30,0.0,14.47,18.16,19.35,,19.35,-30.0,0.71,0.79,1.03
215.1003303527832,30,0.0,14.47,18.12,19.35,,19.35,-30.0,0.71,0.78,1.03
215.59941339492798,30,0.0,14.47,18.12,19.31,,19.31,-30.0,0.71,0.78,1.03
216.1021056175232,30,0.0,14.42,18.12,19.31,,19.31,-30.0,0.71,0.78,1.03
216.5967996120453,30,0.0,14.42,18.09,19.27,,19.27,-30.0,0.71,0.78,1.02
217.10111618041992,30,0.0,14.42,18.09,19.27,,19.27,-30.0,0.71,0.78,1.02
217.61309552192688,30,0.0,14.38,18.05,19.27,,19.27,-30.0,0.71,0.77,1.02
218.11571073532104,30,0.0,14.38,18.05,19.24,,19.24,-30.0,0.7,0.77,1.02
218.61290287971497,30,0.0,14.38,18.02,19.24,,19.24,-30.0,0.7,0.77,1.01
219.11247444152832,30,0.0,14.38,18.02,19.2,,19.2,-30.0,0.7,0.77,1.01
219.60747575759888,30,0.0,14.38,17.98,19.2,,19.2,-30.0,0.7,0.76,1.01
220.10777163505554,30,0.0,14.33,17.98,19.16,,19.16,-30.0,0.7,0.76,1.01
220.60842752456665,30,0.0,14.33,17.98,19.16,,19.16,-30.0,0.7,0.76,1.01
221.1095449924469,30,0.0,14.33,17.98,19.13,,19.13,-30.0,0.7,0.76,1.0
221.61009526252747,30,0.0,14.29,17.95,19.13,,19.13,-30.0,0.7,0.76,1.0
222.122456073761,30,0.0,14.29,17.91,19.09,,19.09,-30.0,0.69,0.75,1.0
222.62409281730652,30,0.0,14.29,17.91,19.09,,19.09,-30.0,0.69,0.75,1.0
223.12537956237793,30,0.0,14.29,17.88,19.05,,19.05,-30.0,0.69,0.75,0.99
223.62350916862488,30,0.0,14.29,17.88,19.05,,19.05,-30.0,0.69,0.75,0.99
224.12367796897888,30,0.0,14.24,17.84,19.02,,19.02,-30.0,0.69,0.75,0.99
224.62082839012146,30,0.0,14.24,17.84,19.02,,19.02,-30.0,0.69,0.74,0.99
225.12101769447327,30,0.0,14.24,17.84,19.02,,19.02,-30.0,0.69,0.74,0.98
225.63304948806763,30,0.0,14.2,17.81,18.98,,18.98,-30.0,0.69,0.74,0.98
226.13153839111328,30,0.0,14.2,17.81,18.98,,18.98,-30.0,0.68,0.74,0.98
226.63138699531555,30,0.0,14.2,17.77,18.94,,18.94,-30.0,0.68,0.73,0.98
227.13237690925598,30,0.0,14.2,17.77,18.94,,18.94,-30.0,0.68,0.73,0.98
227.63640522956848,30,0.0,14.2,17.74,18.91,,18.91,-30.0,0.68,0.73,0.97
228.14097714424133,30,0.0,14.15,17.74,18.91,,18.91,-30.0,0.68,0.73,0.97
228.63725924491882,30,0.0,14.15,17.74,18.91,,18.91,-30.0,0.68,0.73,0.97
229.13669896125793,30,0.0,14.15,17.7,18.87,,18.87,-30.0,0.68,0.72,0.97
229.63519954681396,30,0.0,14.15,17.7,18.83,,18.83,-30.0,0.68,0.72,0.96
230.14797472953796,30,0.0,14.15,17.67,18.83,,18.83,-30.0,0.67,0.72,0.96
230.64745259284973,30,0.0,14.11,17.67,18.83,,18.83,-30.0,0.67,0.72,0.96
231.1475899219513,30,0.0,14.11,17.67,18.8,,18.8,-30.0,0.67,0.72,0.96
231.64528942108154,30,0.0,14.11,17.63,18.8,,18.8,-30.0,0.67,0.71,0.96
232.1449761390686,30,0.0,14.11,17.63,18.76,,18.76,-30.0,0.67,0.71,0.95
232.64244508743286,30,0.0,14.11,17.63,18.76,,18.76,-30.0,0.67,0.71,0.95
233.15787816047668,30,0.0,14.06,17.6,18.72,,18.72,-30.0,0.67,0.71,0.95
233.6554079055786,30,0.0,14.06,17.6,18.72,,18.72,-30.0,0.67,0.71,0.95
234.15026307106018,30,0.0,14.06,17.6,18.72,,18.72,-30.0,0.67,0.71,0.95
234.64801049232483,30,0.0,14.02,17.56,18.69,,18.69,-30.0,0.66,0.71,0.94
235.1472523212433,30,0.0,14.02,17.56,18.69,,18.69,-30.0,0.66,0.7,0.94
235.66240406036377,30,0.0,14.02,17.56,18.69,,18.69,-30.0,0.66,0.7,0.94
236.16258335113525,30,0.0,14.02,17.56,18.65,,18.65,-30.0,0.66,0.7,0.94
236.66192650794983,30,0.0,14.02,17.53,18.65,,18.65,-30.0,0.66,0.7,0.94
237.15758514404297,30,0.0,13.98,17.49,18.61,,18.61,-30.0,0.66,0.69,0.93
237.65587377548218,30,0.0,13.98,17.49,18.61,,18.61,-30.0,0.66,0.69,0.93
238.15559029579163,30,0.0,13.98,17.49,18.61,,18.61,-30.0,0.66,0.69,0.93
238.67058491706848,30,0.0,13.93,17.49,18.58,,18.58,-30.0,0.66,0.69,0.93
239.16923785209656,30,0.0,13.93,17.46,18.58,,18.58,-30.0,0.65,0.69,0.93
239.67007851600647,30,0.0,13.93,17.46,18.54,,18.54,-30.0,0.65,0.69,0.92
240.16576647758484,30,0.0,13.93,17.42,18.54,,18.54,-30.0,0.65,0.68,0.92
240.66517877578735,30,0.0,13.93,17.42,18.54,,18.54,-30.0,0.65,0.68,0.92
241.1664547920227,30,0.0,13.93,17.42,18.5,,18.5,-30.0,0.65,0.68,0.92
241.6676070690155,30,0.0,13.89,17.42,18.5,,18.5,-30.0,0.65,0.68,0.92
242.1658124923706,30,0.0,13.89,17.39,18.46,,18.46,-30.0,0.65,0.68,0.91
242.68055081367493,30,0.0,13.89,17.39,18.46,,18.46,-30.0,0.65,0.68,0.91
243.18053889274597,30,0.0,13.89,17.35,18.46,,18.46,-30.0,0.65,0.67,0.91
243.67640733718872,30,0.0,13.84,17.35,18.46,,18.46,-30.0,0.65,0.67,0.91
244.17531633377075,30,0.0,13.84,17.35,18.43,,18.43,-30.0,0.65,0.67,0.91
244.67504215240479,30,0.0,13.84,17.32,18.39,,18.39,-30.0,0.65,0.67,0.9
245.1751172542572,30,0.0,13.84,17.32,18.39,,18.39,-30.0,0.65,0.67,0.9
245.68779158592224,30,0.0,13.8,17.32,18.39,,18.39,-30.0,0.64,0.67,0.9
246.18361377716064,30,0.0,13.8,17.28,18.39,,18.39,-30.0,0.64,0.66,0.9
246.6817982196808,30,0.0,13.8,17.28,18.35,,18.35,-30.0,0.64,0.66,0.9
247.1796612739563,30,0.0,13.8,17.28,18.35,,18.35,-30.0,0.64,0.66,0.9
247.6956925392151,30,0.0,13.8,17.25,18.32,,18.32,-30.0,0.64,0.66,0.9
248.1957402229309,30,0.0,13.75,17.25,18.32,,18.32,-30.0,0.64,0.66,0.89
248.68879675865173,30,0.0,13.75,17.25,18.32,,18.32,-30.0,0.64,0.65,0.89
249.19306087493896,30,0.0,13.75,17.21,18.28,,18.28,-30.0,0.64,0.66,0.89
249.6907253265381,30,0.0,13.75,17.21,18.28,,18.28,-30.0,0.64,0.65,0.89
250.18870902061462,30,0.0,13.75,17.21,18.28,,18.28,-30.0,0.64,0.65,0.89
250.69995093345642,30,0.0,13.71,17.21,18.24,,18.24,-30.0,0.63,0.65,0.88
251.19580698013306,30,0.0,13.71,17.18,18.24,,18.24,-30.0,0.64,0.65,0.88
251.69731283187866,30,0.0,13.71,17.14,18.21,,18.21,-30.0,0.63,0.65,0.88
252.1986484527588,30,0.0,13.71,17.14,18.21,,18.21,-30.0,0.63,0.65,0.88
252.7004337310791,30,0.0,13.71,17.14,18.21,,18.21,-30.0,0.63,0.65,0.88
253.19641613960266,30,0.0,13.71,17.11,18.21,,18.21,-30.0,0.63,0.64,0.87
253.70943474769592,30,0.0,13.66,17.11,18.17,,18.17,-30.0,0.63,0.64,0.87
254.20935249328613,30,0.0,13.66,17.11,18.17,,18.17,-30.0,0.63,0.64,0.87
254.7076919078827,30,0.0,13.66,17.07,18.13,,18.13,-30.0,0.63,0.64,0.87
255.2088441848755,30,0.0,13.66,17.07,18.13,,18.13,-30.0,0.63,0.64,0.87
255.71158576011658,30,0.0,13.66,17.07,18.13,,18.13,-30.0,0.63,0.64,0.87
256.20997738838196,30,0.0,13.62,17.07,18.09,,18.09,-30.0,0.63,0.63,0.87
256.7082600593567,30,0.0,13.62,17.04,18.09,,18.09,-30.0,0.62,0.63,0.87
257.2057774066925,30,0.0,13.62,17.04,18.09,,18.09,-30.0,0.62,0.63,0.87
257.70595145225525,30,0.0,13.57,17.0,18.06,,18.06,-30.0,0.62,0.63,0.86
258.22032380104065,30,0.0,13.57,17.0,18.06,,18.06,-30.0,0.62,0.63,0.86
258.71971702575684,30,0.0,13.57,17.0,18.06,,18.06,-30.0,0.62,0.63,0.86
259.21849298477173,30,0.0,13.57,17.0,18.06,,18.06,-30.0,0.62,0.63,0.86
259.71336460113525,30,0.0,13.57,17.0,18.02,,18.02,-30.0,0.62,0.63,0.86
260.2137439250946,30,0.0,13.53,16.97,18.02,,18.02,-30.0,0.61,0.62,0.86
260.71423530578613,30,0.0,13.53,16.93,17.98,,17.98,-30.0,0.61,0.62,0.85
261.2150456905365,30,0.0,13.53,16.93,17.98,,17.98,-30.0,0.61,0.62,0.85
261.7290997505188,30,0.0,13.53,16.93,17.98,,17.98,-30.0,0.61,0.62,0.85
262.2280421257019,30,0.0,13.53,16.93,17.95,,17.95,-30.0,0.61,0.61,0.85
262.7241384983063,30,0.0,13.48,16.9,17.95,,17.95,-30.0,0.61,0.61,0.85
263.2235474586487,30,0.0,13.48,16.9,17.95,,17.95,-30.0,0.61,0.61,0.85
263.73698234558105,30,0.0,13.48,16.9,17.91,,17.91,-30.0,0.61,0.61,0.84
264.2370581626892,30,0.0,13.48,16.86,17.91,,17.91,-30.0,0.61,0.61,0.84
264.73173117637634,30,0.0,13.48,16.86,17.91,,17.91,-30.0,0.61,0.61,0.84
265.2330095767975,30,0.0,13.44,16.83,17.87,,17.87,-30.0,0.6,0.61,0.84
265.7309856414795,30,0.0,13.44,16.86,17.87,,17.87,-30.0,0.6,0.6,0.84
266.24135303497314,30,0.0,13.44,16.83,17.87,,17.87,-30.0,0.6,0.6,0.84
266.743732213974,30,0.0,13.44,16.83,17.83,,17.83,-30.0,0.6,0.6,0.83
267.2410502433777,30,0.0,13.44,16.79,17.83,,17.83,-30.0,0.6,0.6,0.83
267.7365629673004,30,0.0,13.44,16.79,17.83,,17.83,-30.0,0.6,0.6,0.83
268.2486605644226,30,0.0,13.44,16.79,17.8,,17.8,-30.0,0.6,0.6,0.83
268.74573850631714,30,0.0,13.44,16.79,17.8,,17.8,-30.0,0.6,0.59,0.83
269.2460038661957,30,0.0,13.39,16.76,17.8,,17.8,-30.0,0.6,0.59,0.83
269.7439618110657,30,0.0,13.39,16.76,17.76,,17.76,-30.0,0.6,0.59,0.82
270.2428216934204,30,0.0,13.35,16.76,17.76,,17.76,-30.0,0.6,0.59,0.82
270.74121379852295,30,0.0,13.39,16.72,17.76,,17.76,-30.0,0.6,0.59,0.82
271.2560656070709,30,0.0,13.35,16.72,17.76,,17.76,-30.0,0.59,0.59,0.82
271.75495743751526,30,0.0,13.35,16.72,17.72,,17.72,-30.0,0.59,0.59,0.82
272.25499153137207,30,0.0,13.35,16.72,17.72,,17.72,-30.0,0.59,0.59,0.82
272.7522282600403,30,0.0,13.35,16.68,17.72,,17.72,-30.0,0.59,0.58,0.81
273.2484426498413,30,0.0,13.3,16.68,17.69,,17.69,-30.0,0.59,0.58,0.81
273.7637412548065,30,0.0,13.3,16.68,17.69,,17.69,-30.0,0.59,0.58,0.81
274.26390194892883,30,0.0,13.3,16.65,17.69,,17.69,-30.0,0.59,0.58,0.81
274.76267671585083,30,0.0,13.3,16.65,17.69,,17.69,-30.0,0.59,0.58,0.81
275.25877571105957,30,0.0,13.3,16.65,17.65,,17.65,-30.0,0.59,0.58,0.81
275.7583112716675,30,0.0,13.3,16.61,17.65,,17.65,-30.0,0.59,0.57,0.81
276.25611090660095,30,0.0,13.3,16.61,17.65,,17.65,-30.0,0.59,0.57,0.81
276.7700719833374,30,0.0,13.26,16.61,17.61,,17.61,-30.0,0.58,0.57,0.8
277.26999974250793,30,0.0,13.26,16.58,17.61,,17.61,-30.0,0.58,0.57,0.8
277.7681300640106,30,0.0,13.26,16.58,17.61,,17.61,-30.0,0.58,0.57,0.8
278.269243478775,30,0.0,13.26,16.58,17.61,,17.61,-30.0,0.58,0.57,0.8
278.7663686275482,30,0.0,13.26,16.58,17.57,,17.57,-30.0,0.58,0.57,0.8
279.26389837265015,30,0.0,13.21,16.54,17.57,,17.57,-30.0,0.58,0.57,0.8
279.7765066623688,30,0.0,13.21,16.54,17.57,,17.57,-30.0,0.58,0.56,0.8
280.2725176811218,30,0.0,13.21,16.54,17.54,,17.54,-30.0,0.58,0.56,0.79
280.7726194858551,30,0.0,13.21,16.54,17.54,,17.54,-30.0,0.58,0.56,0.79
281.26940274238586,30,0.0,13.21,16.54,17.54,,17.54,-30.0,0.58,0.56,0.79
281.78201246261597,30,0.0,13.21,16.51,17.54,,17.54,-30.0,0.58,0.56,0.79
282.28513646125793,30,0.0,13.17,16.51,17.5,,17.5,-30.0,0.57,0.56,0.79
282.78390312194824,30,0.0,13.17,16.47,17.5,,17.5,-30.0,0.57,0.56,0.79
283.28140473365784,30,0.0,13.17,16.47,17.5,,17.5,-30.0,0.57,0.55,0.79
283.78121066093445,30,0.0,13.17,16.47,17.46,,17.46,-30.0,0.57,0.55,0.78
284.2930271625519,30,0.0,13.17,16.47,17.46,,17.46,-30.0,0.57,0.55,0.78
284.78238010406494,30,0.0,13.12,16.44,17.46,,17.46,-30.0,0.57,0.55,0.78
285.28054690361023,30,0.0,13.12,16.47,17.46,,17.46,-30.0,0.57,0.55,0.78
285.79518842697144,30,0.0,13.12,16.44,17.46,,17.46,-30.0,0.57,0.55,0.78
286.2940537929535,30,0.0,13.12,16.44,17.42,,17.42,-30.0,0.57,0.55,0.78
286.7916145324707,30,0.0,13.12,16.44,17.42,,17.42,-30.0,0.57,0.55,0.78
287.29153776168823,30,0.0,13.12,16.44,17.39,,17.39,-30.0,0.57,0.55,0.77
287.7910897731781,30,0.0,13.12,16.4,17.39,,17.39,-30.0,0.57,0.54,0.77
288.29166865348816,30,0.0,13.08,16.4,17.39,,17.39,-30.0,0.57,0.54,0.77
288.7893533706665,30,0.0,13.08,16.4,17.39,,17.39,-30.0,0.56,0.54,0.77
289.3043088912964,30,0.0,13.08,16.4,17.39,,17.39,-30.0,0.56,0.54,0.77
289.8030676841736,30,0.0,13.08,16.36,17.35,,17.35,-30.0,0.56,0.54,0.77
290.2993175983429,30,0.0,13.08,16.36,17.35,,17.35,-30.0,0.56,0.54,0.77
290.7996106147766,30,0.0,13.08,16.36,17.35,,17.35,-30.0,0.56,0.54,0.76
291.2962522506714,30,0.0,13.08,16.33,17.31,,17.31,-30.0,0.56,0.53,0.76
291.80698323249817,30,0.0,13.04,16.33,17.31,,17.31,-30.0,0.56,0.53,0.76
292.30677366256714,30,0.0,13.04,16.33,17.31,,17.31,-30.0,0.56,0.53,0.76
292.8061888217926,30,0.0,13.04,16.33,17.28,,17.28,-30.0,0.56,0.53,0.76
293.30504035949707,30,0.0,13.04,16.29,17.28,,17.28,-30.0,0.56,0.53,0.76
293.8034038543701,30,0.0,13.04,16.29,17.28,,17.28,-30.0,0.56,0.53,0.76
294.3149573802948,30,0.0,12.99,16.29,17.28,,17.28,-30.0,0.56,0.53,0.75
294.81231141090393,30,0.0,12.99,16.26,17.24,,17.24,-30.0,0.56,0.53,0.75
295.3133952617645,30,0.0,12.99,16.26,17.24,,17.24,-30.0,0.55,0.53,0.75
295.8090033531189,30,0.0,12.99,16.26,17.24,,17.24,-30.0,0.55,0.52,0.75
296.31171560287476,30,0.0,12.99,16.26,17.24,,17.24,-30.0,0.55,0.52,0.75
296.8110489845276,30,0.0,12.99,16.26,17.2,,17.2,-30.0,0.55,0.52,0.75
297.3120491504669,30,0.0,12.99,16.22,17.2,,17.2,-30.0,0.55,0.52,0.75
297.8244159221649,30,0.0,12.95,16.22,17.2,,17.2,-30.0,0.55,0.52,0.75
298.328289270401,30,0.0,12.99,16.22,17.16,,17.16,-30.0,0.55,0.52,0.74
298.824077129364,30,0.0,12.95,16.22,17.16,,17.16,-30.0,0.55,0.52,0.74
299.3230788707733,30,0.0,12.95,16.22,17.16,,17.16,-30.0,0.55,0.51,0.74
299.82032680511475,30,0.0,12.95,16.19,17.16,,17.16,-30.0,0.55,0.51,0.74
300.3195888996124,30,0.0,12.95,16.19,17.16,,17.16,-30.0,0.55,0.51,0.74
300.8317620754242,30,0.0,12.95,16.19,17.13,,17.13,-30.0,0.55,0.51,0.74
301.3283989429474,30,0.0,12.9,16.19,17.13,,17.13,-30.0,0.55,0.51,0.74
301.8273708820343,30,0.0,12.9,16.15,17.13,,17.13,-30.0,0.54,0.51,0.74
302.3381109237671,30,0.0,12.9,16.15,17.13,,17.13,-30.0,0.54,0.51,0.73
302.8393626213074,30,0.0,12.9,16.15,17.09,,17.09,-30.0,0.54,0.51,0.73
303.3418781757355,30,0.0,12.9,16.15,17.09,,17.09,-30.0,0.54,0.51,0.73
303.83721709251404,30,0.0,12.9,16.15,17.09,,17.09,-30.0,0.54,0.5,0.73
304.3374276161194,30,0.0,12.9,16.11,17.09,,17.09,-30.0,0.54,0.5,0.73
304.8374993801117,30,0.0,12.86,16.11,17.09,,17.09,-30.0,0.54,0.5,0.73
305.33466958999634,30,0.0,12.86,16.11,17.05,,17.05,-30.0,0.54,0.5,0.73
305.83549451828003,30,0.0,12.86,16.08,17.05,,17.05,-30.0,0.54,0.5,0.73
306.3471431732178,30,0.0,12.86,16.08,17.05,,17.05,-30.0,0.54,0.5,0.73
306.84730434417725,30,0.0,12.86,16.08,17.05,,17.05,-30.0,0.54,0.5,0.72
307.346310377121,30,0.0,12.86,16.08,17.01,,17.01,-30.0,0.54,0.5,0.72
307.8474028110504,30,0.0,12.86,16.08,17.01,,17.01,-30.0,0.54,0.49,0.72
308.3455913066864,30,0.0,12.81,16.04,17.01,,17.01,-30.0,0.54,0.49,0.72
308.8460547924042,30,0.0,12.81,16.04,17.01,,17.01,-30.0,0.53,0.49,0.72
309.34327721595764,30,0.0,12.81,16.04,16.98,,16.98,-30.0,0.53,0.49,0.72
309.8580656051636,30,0.0,12.81,16.04,16.98,,16.98,-30.0,0.53,0.49,0.72
310.35658502578735,30,0.0,12.81,16.04,16.98,,16.98,-30.0,0.53,0.49,0.72
310.8597366809845,30,0.0,12.81,16.01,16.98,,16.98,-30.0,0.53,0.49,0.72
311.35869884490967,30,0.0,12.81,16.01,16.94,,16.94,-30.0,0.53,0.49,0.71
311.8552896976471,30,0.0,12.81,16.01,16.94,,16.94,-30.0,0.53,0.49,0.71
312.35814809799194,30,0.0,12.81,16.01,16.94,,16.94,-30.0,0.53,0.48,0.71
312.860050201416,30,0.0,12.77,15.97,16.9,,16.9,-30.0,0.53,0.48,0.71
313.35752630233765,30,0.0,12.81,15.97,16.9,,16.9,-30.0,0.53,0.48,0.71
313.85708689689636,30,0.0,12.81,15.97,16.9,,16.9,-30.0,0.53,0.48,0.71
314.3570749759674,30,0.0,12.77,15.97,16.9,,16.9,-30.0,0.53,0.48,0.71
314.85904598236084,30,0.0,12.77,15.94,16.9,,16.9,-30.0,0.53,0.48,0.71
315.37139415740967,30,0.0,12.77,15.94,16.86,,16.86,-30.0,0.53,0.48,0.7
315.87199783325195,30,0.0,12.72,15.94,16.86,,16.86,-30.0,0.52,0.48,0.7
316.3731346130371,30,0.0,12.72,15.94,16.86,,16.86,-30.0,0.53,0.48,0.7
316.8713731765747,30,0.0,12.72,15.94,16.86,,16.86,-30.0,0.52,0.48,0.7
317.3732569217682,30,0.0,12.72,15.9,16.86,,16.86,-30.0,0.52,0.47,0.7
317.87080931663513,30,0.0,12.72,15.9,16.82,,16.82,-30.0,0.52,0.47,0.7
318.3702816963196,30,0.0,12.72,15.9,16.82,,16.82,-30.0,0.52,0.47,0.7
318.86916160583496,30,0.0,12.72,15.86,16.82,,16.82,-30.0,0.52,0.47,0.7
319.3818542957306,30,0.0,12.72,15.9,16.82,,16.82,-30.0,0.52,0.47,0.7
319.88125348091125,30,0.0,12.72,15.86,16.82,,16.82,-30.0,0.52,0.47,0.69
320.3780572414398,30,0.0,12.68,15.86,16.79,,16.79,-30.0,0.52,0.47,0.69
320.878865480423,30,0.0,12.68,15.86,16.79,,16.79,-30.0,0.52,0.47,0.69
321.3757767677307,30,0.0,12.68,15.83,16.79,,16.79,-30.0,0.52,0.47,0.69
321.88984727859497,30,0.0,12.68,15.83,16.79,,16.79,-30.0,0.52,0.46,0.69
322.3917384147644,30,0.0,12.68,15.83,16.75,,16.75,-30.0,0.52,0.46,0.69
322.89405846595764,30,0.0,12.68,15.83,16.75,,16.75,-30.0,0.52,0.46,0.69
323.3900799751282,30,0.0,12.68,15.83,16.75,,16.75,-30.0,0.52,0.46,0.69
323.8889813423157,30,0.0,12.68,15.79,16.75,,16.75,-30.0,0.52,0.46,0.69
324.38928151130676,30,0.0,12.68,15.79,16.71,,16.71,-30.0,0.52,0.46,0.68
324.89015197753906,30,0.0,12.68,15.79,16.71,,16.71,-30.0,0.51,0.46,0.68
325.3868315219879,30,0.0,12.63,15.79,16.71,,16.71,-30.0,0.51,0.46,0.68
325.90052938461304,30,0.0,12.63,15.79,16.71,,16.71,-30.0,0.51,0.46,0.68
326.3991870880127,30,0.0,12.63,15.79,16.71,,16.71,-30.0,0.51,0.45,0.68
326.89466094970703,30,0.0,12.63,15.79,16.67,,16.67,-30.0,0.51,0.45,0.68
327.3954119682312,30,0.0,12.63,15.76,16.67,,16.67,-30.0,0.51,0.45,0.68
327.89462065696716,30,0.0,12.63,15.76,16.67,,16.67,-30.0,0.51,0.45,0.68
328.40725350379944,30,0.0,12.63,15.76,16.67,,16.67,-30.0,0.51,0.45,0.68
328.9080045223236,30,0.0,12.63,15.76,16.67,,16.67,-30.0,0.51,0.45,0.68
329.40402340888977,30,0.0,12.63,15.76,16.67,,16.67,-30.0,0.51,0.45,0.67
329.90414214134216,30,0.0,12.59,15.76,16.64,,16.64,-30.0,0.51,0.45,0.67
330.40037536621094,30,0.0,12.59,15.76,16.64,,16.64,-30.0,0.51,0.45,0.67
330.9009428024292,30,0.0,12.59,15.72,16.64,,16.64,-30.0,0.51,0.45,0.67
331.4151232242584,30,0.0,12.59,15.72,16.64,,16.64,-30.0,0.51,0.45,0.67
331.9232029914856,30,0.0,12.59,15.72,16.64,,16.64,-30.0,0.51,0.45,0.67
332.4126055240631,30,0.0,12.59,15.72,16.64,,16.64,-30.0,0.51,0.45,0.67
332.911696434021,30,0.0,12.54,15.72,16.6,,16.6,-30.0,0.5,0.44,0.67
333.4122281074524,30,0.0,12.54,15.68,16.6,,16.6,-30.0,0.5,0.44,0.67
333.9099178314209,30,0.0,12.54,15.68,16.6,,16.6,-30.0,0.5,0.44,0.67
334.4103853702545,30,0.0,12.54,15.68,16.6,,16.6,-30.0,0.5,0.44,0.67
334.9140901565552,30,0.0,12.54,15.68,16.6,,16.6,-30.0,0.5,0.44,0.66
335.4160084724426,30,0.0,12.5,15.68,16.56,,16.56,-30.0,0.5,0.44,0.66
335.91368198394775,30,0.0,12.5,15.65,16.56,,16.56,-30.0,0.5,0.44,0.66
336.4277129173279,30,0.0,12.5,15.65,16.56,,16.56,-30.0,0.5,0.44,0.66
336.926064491272,30,0.0,12.5,15.65,16.56,,16.56,-30.0,0.5,0.44,0.66
337.42633605003357,30,0.0,12.5,15.65,16.52,,16.52,-30.0,0.5,0.44,0.66
337.9230926036835,30,0.0,12.5,15.61,16.52,,16.52,-30.0,0.5,0.44,0.66
338.42281889915466,30,0.0,12.5,15.61,16.52,,16.52,-30.0,0.5,0.43,0.66
338.9332163333893,30,0.0,12.5,15.61,16.49,,16.49,-30.0,0.5,0.43,0.66
339.43274784088135,30,0.0,12.5,15.61,16.49,,16.49,-30.0,0.5,0.43,0.65
339.9310111999512,30,0.0,12.5,15.61,16.49,,16.49,-30.0,0.5,0.43,0.65
340.4290919303894,30,0.0,12.5,15.61,16.49,,16.49,-30.0,0.5,0.43,0.65
340.9275896549225,30,0.0,12.45,15.58,16.49,,16.49,-30.0,0.5,0.43,0.65
341.4414219856262,30,0.0,12.45,15.58,16.49,,16.49,-30.0,0.49,0.43,0.65
341.93849778175354,30,0.0,12.45,15.58,16.49,,16.49,-30.0,0.5,0.43,0.65
342.43677496910095,30,0.0,12.45,15.58,16.49,,16.49,-30.0,0.5,0.43,0.65
342.93796944618225,30,0.0,12.45,15.58,16.45,,16.45,-30.0,0.49,0.43,0.65
343.4365277290344,30,0.0,12.45,15.54,16.45,,16.45,-30.0,0.49,0.43,0.65
343.9487590789795,30,0.0,12.45,15.54,16.45,,16.45,-30.0,0.49,0.43,0.65
344.449823141098,30,0.0,12.45,15.54,16.41,,16.41,-30.0,0.49,0.43,0.65
344.93761825561523,30,0.0,12.45,15.54,16.41,,16.41,-30.0,0.49,0.43,0.65
345.449179649353,30,0.0,12.45,15.54,16.41,,16.41,-30.0,0.49,0.43,0.65
345.94944763183594,30,0.0,12.41,15.54,16.41,,16.41,-30.0,0.49,0.42,0.65
346.44807624816895,30,0.0,12.41,15.5,16.41,,16.41,-30.0,0.49,0.42,0.65
346.94702219963074,30,0.0,12.41,15.5,16.41,,16.41,-30.0,0.49,0.42,0.64
347.44657158851624,30,0.0,12.41,15.5,16.37,,16.37,-30.0,0.49,0.42,0.64
347.96043705940247,30,0.0,12.41,15.5,16.37,,16.37,-30.0,0.49,0.42,0.64
348.4574086666107,30,0.0,12.41,15.47,16.37,,16.37,-30.0,0.49,0.42,0.64
348.95904517173767,30,0.0,12.41,15.47,16.37,,16.37,-30.0,0.49,0.42,0.64
349.4602122306824,30,0.0,12.41,15.47,16.37,,16.37,-30.0,0.49,0.42,0.64
349.9592788219452,30,0.0,12.41,15.47,16.37,,16.37,-30.0,0.49,0.42,0.64
350.45860028266907,30,0.0,12.41,15.47,16.33,,16.33,-30.0,0.49,0.42,0.64
350.9559168815613,30,0.0,12.41,15.47,16.33,,16.33,-30.0,0.49,0.42,0.64
351.4559111595154,30,0.0,12.36,15.47,16.33,,16.33,-30.0,0.49,0.42,0.64
351.9692816734314,30,0.0,12.41,15.47,16.33,,16.33,-30.0,0.49,0.41,0.64
352.4667568206787,30,0.0,12.36,15.43,16.33,,16.33,-30.0,0.48,0.41,0.64
352.9666290283203,30,0.0,12.36,15.43,16.3,,16.3,-30.0,0.48,0.41,0.63
353.4661338329315,30,0.0,12.36,15.43,16.3,,16.3,-30.0,0.48,0.41,0.63
353.9676344394684,30,0.0,12.36,15.43,16.3,,16.3,-30.0,0.48,0.41,0.63
354.4676818847656,30,0.0,12.36,15.43,16.3,,16.3,-30.0,0.48,0.41,0.63
354.9791405200958,30,0.0,12.36,15.43,16.3,,16.3,-30.0,0.48,0.41,0.63
355.47772336006165,30,0.0,12.36,15.43,16.3,,16.3,-30.0,0.48,0.41,0.63
355.97725200653076,30,0.0,12.36,15.4,16.3,,16.3,-30.0,0.48,0.41,0.63
356.4732472896576,30,0.0,12.36,15.4,16.26,,16.26,-30.0,0.48,0.41,0.63
356.972106218338,30,0.0,12.36,15.4,16.26,,16.26,-30.0,0.48,0.41,0.63
357.474396944046,30,0.0,12.36,15.43,16.26,,16.26,-30.0,0.48,0.41,0.63
357.97509813308716,30,0.0,12.32,15.4,16.26,,16.26,-30.0,0.48,0.41,0.63
358.47448658943176,30,0.0,12.32,15.4,16.26,,16.26,-30.0,0.48,0.41,0.63
358.98893213272095,30,0.0,12.32,15.36,16.26,,16.26,-30.0,0.48,0.4,0.63
359.47690439224243,30,0.0,12.36,15.36,16.26,,16.26,-30.0,0.48,0.4,0.63
359.9780910015106,30,0.0,12.32,15.36,16.26,,16.26,-30.0,0.48,0.4,0.63
360.4921667575836,30,0.0,12.32,15.36,16.26,,16.26,-30.0,0.48,0.4,0.63
360.98432898521423,30,0.0,12.32,15.36,16.26,,16.26,-30.0,0.48,0.4,0.62
361.49550771713257,30,0.0,12.32,15.36,16.22,,16.22,-30.0,0.48,0.4,0.62
361.98300433158875,30,0.0,12.32,15.36,16.22,,16.22,-30.0,0.48,0.4,0.62
362.4962751865387,30,0.0,12.32,15.32,16.22,,16.22,-30.0,0.48,0.4,0.62
362.9942569732666,30,0.0,12.32,15.32,16.22,,16.22,-30.0,0.48,0.4,0.62
363.49400639533997,30,0.0,12.32,15.32,16.18,,16.18,-30.0,0.48,0.4,0.62
363.9931824207306,30,0.0,12.32,15.32,16.18,,16.18,-30.0,0.48,0.4,0.62
364.4893093109131,30,0.0,12.32,15.32,16.18,,16.18,-30.0,0.48,0.4,0.62
365.00223326683044,30,0.0,12.27,15.32,16.18,,16.18,-30.0,0.48,0.4,0.62
365.50400495529175,30,0.0,12.27,15.32,16.18,,16.18,-30.0,0.47,0.39,0.62
366.001442193985,30,0.0,12.27,15.29,16.14,,16.14,-30.0,0.48,0.39,0.61
366.4998080730438,30,0.0,12.27,15.29,16.14,,16.14,-30.0,0.47,0.39,0.61
367.010573387146,30,0.0,12.27,15.29,16.14,,16.14,-30.0,0.47,0.39,0.61
367.5077311992645,30,0.0,12.27,15.29,16.14,,16.14,-30.0,0.47,0.39,0.61
368.0106928348541,30,0.0,12.27,15.29,16.14,,16.14,-30.0,0.47,0.39,0.61
368.507159948349,30,0.0,12.27,15.29,16.14,,16.14,-30.0,0.47,0.39,0.61
369.00384855270386,30,0.0,12.27,15.29,16.11,,16.11,-30.0,0.47,0.39,0.61
369.50298166275024,30,0.0,12.27,15.25,16.11,,16.11,-30.0,0.47,0.39,0.61
370.004273891449,30,0.0,12.23,15.25,16.11,,16.11,-30.0,0.47,0.39,0.61
370.52075815200806,30,0.0,12.23,15.25,16.11,,16.11,-30.0,0.47,0.39,0.61
371.01938104629517,30,0.0,12.23,15.25,16.11,,16.11,-30.0,0.47,0.39,0.61
371.5176544189453,30,0.0,12.23,15.25,16.11,,16.11,-30.0,0.47,0.39,0.6
372.0167179107666,30,0.0,12.23,15.25,16.07,,16.07,-30.0,0.47,0.38,0.6
372.51348638534546,30,0.0,12.23,15.25,16.07,,16.07,-30.0,0.47,0.38,0.6
373.0262641906738,30,0.0,12.23,15.25,16.07,,16.07,-30.0,0.47,0.38,0.6
373.52532172203064,30,0.0,12.23,15.22,16.07,,16.07,-30.0,0.47,0.38,0.6
374.02582573890686,30,0.0,12.23,15.22,16.07,,16.07,-30.0,0.47,0.38,0.6
374.5253484249115,30,0.0,12.23,15.22,16.03,,16.03,-30.0,0.47,0.38,0.6
375.0226812362671,30,0.0,12.23,15.22,16.03,,16.03,-30.0,0.47,0.38,0.6
375.52236580848694,30,0.0,12.23,15.22,16.03,,16.03,-30.0,0.47,0.38,0.6
376.02414751052856,30,0.0,12.19,15.22,16.03,,16.03,-30.0,0.46,0.38,0.6
376.5220491886139,30,0.0,12.19,15.22,16.03,,16.03,-30.0,0.46,0.38,0.6
377.03256487846375,30,0.0,12.19,15.18,16.03,,16.03,-30.0,0.46,0.38,0.6
377.5317716598511,30,0.0,12.19,15.18,16.03,,16.03,-30.0,0.46,0.38,0.59
378.0322287082672,30,0.0,12.19,15.18,16.03,,16.03,-30.0,0.46,0.38,0.59
378.5287103652954,30,0.0,12.19,15.18,15.99,,15.99,-30.0,0.46,0.38,0.59
379.0280599594116,30,0.0,12.19,15.18,15.99,,15.99,-30.0,0.46,0.38,0.59
379.5401885509491,30,0.0,12.19,15.18,15.99,,15.99,-30.0,0.46,0.38,0.59
380.03830766677856,30,0.0,12.19,15.18,15.99,,15.99,-30.0,0.46,0.38,0.59
380.53493332862854,30,0.0,12.19,15.14,15.99,,15.99,-30.0,0.46,0.37,0.59
381.036789894104,30,0.0,12.19,15.14,15.95,,15.95,-30.0,0.46,0.37,0.59
381.53533482551575,30,0.0,12.19,15.14,15.95,,15.95,-30.0,0.46,0.37,0.59
382.04677987098694,30,0.0,12.14,15.14,15.95,,15.95,-30.0,0.46,0.37,0.59
382.54291105270386,30,0.0,12.14,15.14,15.95,,15.95,-30.0,0.46,0.37,0.59
383.0413930416107,30,0.0,12.19,15.14,15.95,,15.95,-30.0,0.46,0.37,0.59
383.5554618835449,30,0.0,12.14,15.11,15.95,,15.95,-30.0,0.46,0.37,0.58
384.05398511886597,30,0.0,12.14,15.14,15.95,,15.95,-30.0,0.46,0.37,0.58
384.5508117675781,30,0.0,12.14,15.11,15.92,,15.92,-30.0,0.46,0.37,0.59
385.0465621948242,30,0.0,12.14,15.11,15.92,,15.92,-30.0,0.46,0.37,0.58
385.54988837242126,30,0.0,12.14,15.11,15.92,,15.92,-30.0,0.46,0.37,0.58
386.04672932624817,30,0.0,12.14,15.11,15.92,,15.92,-30.0,0.46,0.37,0.58
386.5582489967346,30,0.0,12.14,15.11,15.92,,15.92,-30.0,0.46,0.37,0.58
387.058798789978,30,0.0,12.14,15.11,15.92,,15.92,-30.0,0.46,0.36,0.58
387.5624828338623,30,0.0,12.14,15.11,15.92,,15.92,-30.0,0.46,0.36,0.58
388.0641210079193,30,0.0,12.14,15.11,15.92,,15.92,-30.0,0.46,0.36,0.58
388.5624830722809,30,0.0,12.14,15.07,15.88,,15.88,-30.0,0.46,0.36,0.58
389.06260108947754,30,0.0,12.14,15.07,15.88,,15.88,-30.0,0.46,0.36,0.58
389.56187295913696,30,0.0,12.14,15.07,15.88,,15.88,-30.0,0.45,0.36,0.58
390.06087946891785,30,0.0,12.14,15.07,15.88,,15.88,-30.0,0.46,0.36,0.58
390.571585893631,30,0.0,12.14,15.07,15.88,,15.88,-30.0,0.46,0.36,0.58
391.069730758667,30,0.0,12.1,15.07,15.88,,15.88,-30.0,0.46,0.36,0.58
391.5699484348297,30,0.0,12.1,15.07,15.88,,15.88,-30.0,0.46,0.36,0.58
392.06620240211487,30,0.0,12.14,15.07,15.88,,15.88,-30.0,0.45,0.36,0.58
392.5658006668091,30,0.0,12.1,15.03,15.88,,15.88,-30.0,0.45,0.36,0.58
393.066609621048,30,0.0,12.1,15.03,15.84,,15.84,-30.0,0.45,0.36,0.57
393.56838631629944,30,0.0,12.1,15.03,15.84,,15.84,-30.0,0.45,0.36,0.57
394.080837726593,30,0.0,12.1,15.03,15.84,,15.84,-30.0,0.45,0.36,0.57
394.5837380886078,30,0.0,12.1,15.03,15.84,,15.84,-30.0,0.45,0.36,0.57
395.0829918384552,30,0.0,12.1,15.03,15.84,,15.84,-30.0,0.45,0.36,0.57
395.5827729701996,30,0.0,12.1,15.03,15.84,,15.84,-30.0,0.45,0.36,0.57
396.0822432041168,30,0.0,12.1,15.03,15.84,,15.84,-30.0,0.45,0.36,0.57
396.5824954509735,30,0.0,12.1,15.03,15.84,,15.84,-30.0,0.45,0.35,0.57
397.08100414276123,30,0.0,12.05,15.0,15.8,,15.8,-30.0,0.45,0.35,0.57
397.5812826156616,30,0.0,12.05,15.0,15.8,,15.8,-30.0,0.45,0.35,0.57
398.0837302207947,30,0.0,12.05,15.0,15.8,,15.8,-30.0,0.45,0.35,0.57
398.5820541381836,30,0.0,12.05,15.0,15.8,,15.8,-30.0,0.45,0.35,0.57
399.09235405921936,30,0.0,12.05,15.0,15.8,,15.8,-30.0,0.45,0.35,0.57
399.58857321739197,30,0.0,12.05,15.0,15.8,,15.8,-30.0,0.45,0.35,0.57
400.09008836746216,30,0.0,12.05,15.0,15.8,,15.8,-30.0,0.45,0.35,0.57
400.58630537986755,30,0.0,12.05,15.0,15.8,,15.8,-30.0,0.45,0.35,0.57
401.09913659095764,30,0.0,12.05,15.0,15.76,,15.76,-30.0,0.45,0.35,0.56
401.59737730026245,30,0.0,12.05,14.96,15.76,,15.76,-30.0,0.45,0.35,0.56
402.09637546539307,30,0.0,12.05,14.96,15.76,,15.76,-30.0,0.45,0.35,0.56
402.59557914733887,30,0.0,12.05,14.96,15.76,,15.76,-30.0,0.45,0.35,0.56
403.0941319465637,30,0.0,12.05,14.96,15.76,,15.76,-30.0,0.45,0.35,0.56
403.6074662208557,30,0.0,12.05,14.96,15.76,,15.76,-30.0,0.45,0.35,0.56
404.1088387966156,30,0.0,12.05,14.92,15.73,,15.73,-30.0,0.45,0.35,0.56
404.6097149848938,30,0.0,12.01,14.96,15.76,,15.76,-30.0,0.44,0.35,0.56
405.09745025634766,30,0.0,12.05,14.96,15.73,,15.73,-30.0,0.45,0.34,0.56
405.6083633899689,30,0.0,12.05,14.92,15.73,,15.73,-30.0,0.44,0.34,0.56
406.10848689079285,30,0.0,12.01,14.92,15.73,,15.73,-30.0,0.44,0.34,0.56
406.60840106010437,30,0.0,12.01,14.92,15.73,,15.73,-30.0,0.44,0.34,0.56
407.1113965511322,30,0.0,12.01,14.92,15.73,,15.73,-30.0,0.44,0.34,0.56
407.60801339149475,30,0.0,12.01,14.92,15.73,,15.73,-30.0,0.44,0.34,0.55
408.1062386035919,30,0.0,12.01,14.92,15.73,,15.73,-30.0,0.44,0.34,0.55
408.60812282562256,30,0.0,12.01,14.92,15.69,,15.69,-30.0,0.44,0.34,0.55
409.10807371139526,30,0.0,12.01,14.92,15.69,,15.69,-30.0,0.44,0.34,0.55
409.6232283115387,30,0.0,12.01,14.92,15.69,,15.69,-30.0,0.44,0.34,0.55
410.12208318710327,30,0.0,12.01,14.92,15.69,,15.69,-30.0,0.44,0.34,0.55
410.62402153015137,30,0.0,12.01,14.92,15.69,,15.69,-30.0,0.44,0.34,0.55
411.1218686103821,30,0.0,12.01,14.92,15.69,,15.69,-30.0,0.44,0.34,0.55
411.6234211921692,30,0.0,12.01,14.89,15.69,,15.69,-30.0,0.44,0.34,0.55
412.1205265522003,30,0.0,12.01,14.89,15.65,,15.65,-30.0,0.44,0.34,0.55
412.61879992485046,30,0.0,12.01,14.89,15.65,,15.65,-30.0,0.44,0.34,0.55
413.1205892562866,30,0.0,12.01,14.89,15.65,,15.65,-30.0,0.44,0.34,0.55
413.63233947753906,30,0.0,12.01,14.89,15.65,,15.65,-30.0,0.44,0.34,0.55
414.1322569847107,30,0.0,12.01,14.89,15.65,,15.65,-30.0,0.44,0.34,0.55
414.6346290111542,30,0.0,12.01,14.89,15.65,,15.65,-30.0,0.44,0.34,0.55
415.1385736465454,30,0.0,12.01,14.89,15.61,,15.61,-30.0,0.44,0.34,0.55
415.63498425483704,30,0.0,11.96,14.89,15.61,,15.61,-30.0,0.44,0.34,0.55
416.13276982307434,30,0.0,11.96,14.89,15.61,,15.61,-30.0,0.44,0.34,0.54
416.6304748058319,30,0.0,11.96,14.85,15.61,,15.61,-30.0,0.44,0.34,0.54
417.1373074054718,30,0.0,11.96,14.85,15.61,,15.61,-30.0,0.44,0.33,0.54
417.63607358932495,30,0.0,11.96,14.89,15.61,,15.61,-30.0,0.44,0.33,0.54
418.1346230506897,30,0.0,11.96,14.85,15.61,,15.61,-30.0,0.44,0.33,0.54
418.6339821815491,30,0.0,11.96,14.85,15.61,,15.61,-30.0,0.44,0.33,0.54
419.1488153934479,30,0.0,11.96,14.85,15.61,,15.61,-30.0,0.44,0.33,0.54
419.6383321285248,30,0.0,11.96,14.85,15.61,,15.61,-30.0,0.44,0.33,0.54
420.13722252845764,30,0.0,11.96,14.85,15.61,,15.61,-30.0,0.44,0.33,0.54
420.6424798965454,30,0.0,11.96,14.85,15.61,,15.61,-30.0,0.44,0.33,0.54
421.1407251358032,30,0.0,11.96,14.82,15.61,,15.61,-30.0,0.44,0.33,0.54
421.64370369911194,30,0.0,11.92,14.82,15.61,,15.61,-30.0,0.43,0.33,0.54
422.1420953273773,30,0.0,11.96,14.82,15.61,,15.61,-30.0,0.43,0.33,0.54
422.6583263874054,30,0.0,11.92,14.82,15.61,,15.61,-30.0,0.43,0.33,0.54
423.15755319595337,30,0.0,11.92,14.82,15.57,,15.57,-30.0,0.43,0.33,0.54
423.65883207321167,30,0.0,11.92,14.82,15.57,,15.57,-30.0,0.43,0.33,0.54
424.1629071235657,30,0.0,11.92,14.82,15.57,,15.57,-30.0,0.43,0.33,0.54
424.66484451293945,30,0.0,11.92,14.82,15.57,,15.57,-30.0,0.43,0.33,0.54
425.16099977493286,30,0.0,11.92,14.82,15.57,,15.57,-30.0,0.43,0.33,0.54
425.6607041358948,30,0.0,11.92,14.82,15.57,,15.57,-30.0,0.43,0.33,0.54
426.16077160835266,30,0.0,11.92,14.82,15.57,,15.57,-30.0,0.43,0.32,0.54
426.6596534252167,30,0.0,11.92,14.82,15.57,,15.57,-30.0,0.43,0.32,0.54
427.15977573394775,30,0.0,11.92,14.82,15.57,,15.57,-30.0,0.43,0.32,0.54
427.6580891609192,30,0.0,11.92,14.78,15.57,,15.57,-30.0,0.43,0.32,0.54
428.1605267524719,30,0.0,11.92,14.78,15.57,,15.57,-30.0,0.43,0.32,0.54
428.6696994304657,30,0.0,11.92,14.78,15.57,,15.57,-30.0,0.43,0.32,0.53
429.1686341762543,30,0.0,11.92,14.78,15.53,,15.53,-30.0,0.43,0.32,0.53
429.6661431789398,30,0.0,11.92,14.78,15.53,,15.53,-30.0,0.43,0.32,0.53
430.166925907135,30,0.0,11.87,14.78,15.53,,15.53,-30.0,0.43,0.32,0.53
430.6651222705841,30,0.0,11.87,14.78,15.53,,15.53,-30.0,0.43,0.32,0.53
431.1795871257782,30,0.0,11.87,14.78,15.53,,15.53,-30.0,0.43,0.32,0.53
431.6827416419983,30,0.0,11.87,14.78,15.53,,15.53,-30.0,0.43,0.32,0.53
432.1738557815552,30,0.0,11.87,14.78,15.53,,15.53,-30.0,0.43,0.32,0.53
432.6839098930359,30,0.0,11.87,14.78,15.53,,15.53,-30.0,0.43,0.32,0.53
433.1828374862671,30,0.0,11.87,14.78,15.53,,15.53,-30.0,0.43,0.32,0.53
433.68030285835266,30,0.0,11.87,14.78,15.53,,15.53,-30.0,0.43,0.32,0.53
434.1818006038666,30,0.0,11.87,14.74,15.53,,15.53,-30.0,0.43,0.32,0.53
434.6845819950104,30,0.0,11.87,14.74,15.5,,15.5,-30.0,0.43,0.32,0.53
435.18580889701843,30,0.0,11.87,14.74,15.5,,15.5,-30.0,0.43,0.32,0.53
435.6860725879669,30,0.0,11.87,14.74,15.5,,15.5,-30.0,0.43,0.32,0.53
436.18360114097595,30,0.0,11.87,14.74,15.5,,15.5,-30.0,0.43,0.32,0.53
436.68397974967957,30,0.0,11.87,14.74,15.5,,15.5,-30.0,0.43,0.32,0.53
437.19601011276245,30,0.0,11.83,14.74,15.5,,15.5,-30.0,0.43,0.31,0.53
437.6957890987396,30,0.0,11.87,14.74,15.5,,15.5,-30.0,0.43,0.31,0.53
438.2012801170349,30,0.0,11.83,14.71,15.5,,15.5,-30.0,0.43,0.31,0.53
438.68726420402527,30,0.0,11.83,14.71,15.5,,15.5,-30.0,0.43,0.31,0.53
439.2029414176941,30,0.0,11.83,14.71,15.5,,15.5,-30.0,0.43,0.31,0.52
439.70319151878357,30,0.0,11.83,14.71,15.46,,15.46,-30.0,0.43,0.31,0.52
440.19888615608215,30,0.0,11.83,14.71,15.46,,15.46,-30.0,0.43,0.31,0.52
440.6983723640442,30,0.0,11.83,14.71,15.46,,15.46,-30.0,0.43,0.31,0.52
441.1982307434082,30,0.0,11.83,14.71,15.46,,15.46,-30.0,0.43,0.31,0.52
441.70006704330444,30,0.0,11.83,14.71,15.46,,15.46,-30.0,0.43,0.31,0.52
442.1985785961151,30,0.0,11.83,14.71,15.46,,15.46,-30.0,0.43,0.31,0.52
442.7036621570587,30,0.0,11.78,14.71,15.46,,15.46,-30.0,0.43,0.31,0.52
443.2066504955292,30,0.0,11.78,14.71,15.46,,15.46,-30.0,0.42,0.31,0.52
443.7104618549347,30,0.0,11.78,14.71,15.46,,15.46,-30.0,0.43,0.31,0.52
444.2102997303009,30,0.0,11.78,14.71,15.46,,15.46,-30.0,0.42,0.31,0.52
444.71103978157043,30,0.0,11.78,14.71,15.46,,15.46,-30.0,0.42,0.31,0.52
445.21276330947876,30,0.0,11.78,14.71,15.46,,15.46,-30.0,0.42,0.31,0.52
445.71366024017334,30,0.0,11.78,14.71,15.42,,15.42,-30.0,0.42,0.31,0.52
446.2098467350006,30,0.0,11.78,14.71,15.42,,15.42,-30.0,0.42,0.31,0.52
446.713504076004,30,0.0,11.78,14.71,15.42,,15.42,-30.0,0.42,0.31,0.52
447.2144193649292,30,0.0,11.78,14.71,15.42,,15.42,-30.0,0.42,0.31,0.52
447.7107582092285,30,0.0,11.78,14.71,15.42,,15.42,-30.0,0.42,0.31,0.52
448.2125449180603,30,0.0,11.78,14.71,15.42,,15.42,-30.0,0.42,0.31,0.52
448.72606921195984,30,0.0,11.78,14.71,15.42,,15.42,-30.0,0.42,0.31,0.52
449.22548389434814,30,0.0,11.78,14.71,15.42,,15.42,-30.0,0.42,0.31,0.52
449.72645330429077,30,0.0,11.78,14.67,15.42,,15.42,-30.0,0.42,0.31,0.52
450.22789883613586,30,0.0,11.78,14.67,15.42,,15.42,-30.0,0.42,0.31,0.52
450.72686553001404,30,0.0,11.78,14.67,15.42,,15.42,-30.0,0.42,0.31,0.51
451.22649359703064,30,0.0,11.78,14.67,15.38,,15.38,-30.0,0.42,0.31,0.51
451.7231357097626,30,0.0,11.78,14.67,15.38,,15.38,-30.0,0.42,0.31,0.51
452.22504353523254,30,0.0,11.74,14.67,15.38,,15.38,-30.0,0.42,0.31,0.51
452.74125123023987,30,0.0,11.74,14.67,15.38,,15.38,-30.0,0.42,0.31,0.51
453.22655487060547,30,0.0,11.78,14.67,15.38,,15.38,-30.0,0.42,0.31,0.51
453.7397313117981,30,0.0,11.78,14.67,15.38,,15.38,-30.0,0.42,0.31,0.51
454.2404148578644,30,0.0,11.78,14.63,15.38,,15.38,-30.0,0.42,0.3,0.51
454.7404508590698,30,0.0,11.74,14.63,15.38,,15.38,-30.0,0.42,0.3,0.51
455.2384600639343,30,0.0,11.74,14.63,15.38,,15.38,-30.0,0.42,0.3,0.51
455.73739886283875,30,0.0,11.74,14.63,15.38,,15.38,-30.0,0.42,0.3,0.51
456.239581823349,30,0.0,11.78,14.63,15.38,,15.38,-30.0,0.42,0.3,0.51
456.7380609512329,30,0.0,11.74,14.63,15.38,,15.38,-30.0,0.42,0.3,0.51
457.23698902130127,30,0.0,11.74,14.63,15.38,,15.38,-30.0,0.42,0.3,0.51
457.73760175704956,30,0.0,11.74,14.63,15.38,,15.38,-30.0,0.42,0.3,0.51
458.2524507045746,30,0.0,11.74,14.63,15.38,,15.38,-30.0,0.42,0.3,0.51
458.75475668907166,30,0.0,11.74,14.63,15.38,,15.38,-30.0,0.42,0.3,0.51
459.25502848625183,30,0.0,11.74,14.63,15.38,,15.38,-30.0,0.42,0.3,0.51
459.75412034988403,30,0.0,11.74,14.6,15.34,,15.34,-30.0,0.42,0.3,0.51
460.2541344165802,30,0.0,11.74,14.63,15.34,,15.34,-30.0,0.42,0.3,0.51
460.7539875507355,30,0.0,11.74,14.63,15.34,,15.34,-30.0,0.42,0.3,0.51
461.2575902938843,30,0.0,11.74,14.6,15.34,,15.34,-30.0,0.42,0.3,0.51
461.7590444087982,30,0.0,11.74,14.6,15.34,,15.34,-30.0,0.42,0.3,0.51
462.26064443588257,30,0.0,11.74,14.6,15.34,,15.34,-30.0,0.42,0.3,0.51
462.75920486450195,30,0.0,11.74,14.6,15.34,,15.34,-30.0,0.42,0.3,0.51
463.2564675807953,30,0.0,11.74,14.6,15.34,,15.34,-30.0,0.42,0.3,0.51
463.75806856155396,30,0.0,11.74,14.63,15.34,,15.34,-30.0,0.42,0.3,0.51
464.2579834461212,30,0.0,11.74,14.6,15.34,,15.34,-30.0,0.42,0.3,0.51
464.758474111557,30,0.0,11.69,14.6,15.34,,15.34,-30.0,0.41,0.3,0.51
465.2603316307068,30,0.0,11.74,14.6,15.34,,15.34,-30.0,0.41,0.3,0.51
465.7600030899048,30,0.0,11.74,14.6,15.34,,15.34,-30.0,0.41,0.3,0.5
466.2734622955322,30,0.0,11.74,14.6,15.3,,15.3,-30.0,0.41,0.3,0.5
466.7736418247223,30,0.0,11.69,14.6,15.3,,15.3,-30.0,0.41,0.3,0.5
467.2727949619293,30,0.0,11.69,14.6,15.3,,15.3,-30.0,0.41,0.29,0.5
467.77139377593994,30,0.0,11.69,14.56,15.3,,15.3,-30.0,0.41,0.3,0.5
468.270459651947,30,0.0,11.69,14.56,15.3,,15.3,-30.0,0.41,0.29,0.5
468.7705566883087,30,0.0,11.69,14.56,15.3,,15.3,-30.0,0.41,0.29,0.5
469.2697310447693,30,0.0,11.69,14.56,15.3,,15.3,-30.0,0.41,0.29,0.5
469.76990580558777,30,0.0,11.69,14.56,15.3,,15.3,-30.0,0.41,0.29,0.5
470.28111124038696,30,0.0,11.69,14.56,15.3,,15.3,-30.0,0.41,0.29,0.5
470.78217816352844,30,0.0,11.69,14.56,15.3,,15.3,-30.0,0.41,0.29,0.5
471.2782781124115,30,0.0,11.69,14.56,15.3,,15.3,-30.0,0.41,0.29,0.5
471.7778286933899,30,0.0,11.69,14.56,15.3,,15.3,-30.0,0.41,0.29,0.5
472.28998255729675,30,0.0,11.69,14.56,15.3,,15.3,-30.0,0.41,0.29,0.5
472.79273223876953,30,0.0,11.69,14.56,15.3,,15.3,-30.0,0.41,0.29,0.5
473.2926037311554,30,0.0,11.69,14.56,15.3,,15.3,-30.0,0.41,0.29,0.5
473.78694438934326,30,0.0,11.65,14.56,15.3,,15.3,-30.0,0.41,0.29,0.5
474.2866721153259,30,0.0,11.65,14.56,15.3,,15.3,-30.0,0.41,0.29,0.5
474.79036378860474,30,0.0,11.65,14.52,15.3,,15.3,-30.0,0.41,0.29,0.5
475.29165530204773,30,0.0,11.65,14.52,15.3,,15.3,-30.0,0.41,0.29,0.5
475.78785490989685,30,0.0,11.65,14.52,15.3,,15.3,-30.0,0.41,0.29,0.5
476.2931070327759,30,0.0,11.65,14.52,15.27,,15.27,-30.0,0.41,0.29,0.5
476.7881395816803,30,0.0,11.65,14.52,15.27,,15.27,-30.0,0.41,0.29,0.5
477.30099725723267,30,0.0,11.65,14.52,15.27,,15.27,-30.0,0.41,0.29,0.5
477.79962277412415,30,0.0,11.65,14.52,15.27,,15.27,-30.0,0.41,0.29,0.5
478.3029725551605,30,0.0,11.65,14.52,15.27,,15.27,-30.0,0.41,0.29,0.5
478.80761194229126,30,0.0,11.65,14.52,15.27,,15.27,-30.0,0.41,0.29,0.5
479.30070400238037,30,0.0,11.65,14.56,15.27,,15.27,-30.0,0.41,0.29,0.5
479.7978892326355,30,0.0,11.65,14.52,15.27,,15.27,-30.0,0.41,0.29,0.5
480.29698872566223,30,0.0,11.65,14.52,15.27,,15.27,-30.0,0.41,0.29,0.5
480.80949902534485,30,0.0,11.65,14.52,15.27,,15.27,-30.0,0.41,0.29,0.5
481.31178188323975,30,0.0,11.65,14.52,15.27,,15.27,-30.0,0.41,0.29,0.5
481.8131859302521,30,0.0,11.65,14.52,15.27,,15.27,-30.0,0.41,0.29,0.5
482.3119692802429,30,0.0,11.69,14.52,15.27,,15.27,-30.0,0.41,0.29,0.5
482.81140398979187,30,0.0,11.65,14.52,15.27,,15.27,-30.0,0.41,0.29,0.5
483.3106384277344,30,0.0,11.65,14.52,15.27,,15.27,-30.0,0.41,0.29,0.5
483.8094274997711,30,0.0,11.65,14.49,15.27,,15.27,-30.0,0.41,0.29,0.49
484.3127167224884,30,0.0,11.65,14.52,15.23,,15.23,-30.0,0.41,0.28,0.49
484.8110806941986,30,0.0,11.65,14.49,15.23,,15.23,-30.0,0.41,0.28,0.49
485.3126771450043,30,0.0,11.65,14.49,15.23,,15.23,-30.0,0.41,0.28,0.49
485.8115894794464,30,0.0,11.65,14.49,15.23,,15.23,-30.0,0.41,0.28,0.49
486.3256471157074,30,0.0,11.65,14.49,15.23,,15.23,-30.0,0.41,0.28,0.49
486.8237507343292,30,0.0,11.65,14.49,15.23,,15.23,-30.0,0.41,0.28,0.49
487.32429909706116,30,0.0,11.65,14.49,15.23,,15.23,-30.0,0.41,0.28,0.49
487.8247570991516,30,0.0,11.6,14.49,15.23,,15.23,-30.0,0.41,0.28,0.49
488.3230547904968,30,0.0,11.65,14.49,15.23,,15.23,-30.0,0.41,0.28,0.49
488.82614159584045,30,0.0,11.6,14.49,15.23,,15.23,-30.0,0.41,0.28,0.49
489.3290386199951,30,0.0,11.65,14.49,15.23,,15.23,-30.0,0.41,0.28,0.49
489.8265736103058,30,0.0,11.6,14.49,15.23,,15.23,-30.0,0.41,0.28,0.49
490.3303315639496,30,0.0,11.65,14.49,15.23,,15.23,-30.0,0.4,0.28,0.49
490.83426094055176,30,0.0,11.6,14.49,15.23,,15.23,-30.0,0.41,0.28,0.49
491.3351409435272,30,0.0,11.6,14.49,15.23,,15.23,-30.0,0.41,0.28,0.49
491.838171005249,30,0.0,11.6,14.49,15.23,,15.23,-30.0,0.41,0.28,0.49
492.3350398540497,30,0.0,11.6,14.49,15.23,,15.23,-30.0,0.4,0.28,0.49
492.834823846817,30,0.0,11.6,14.49,15.23,,15.23,-30.0,0.4,0.28,0.49
493.3326041698456,30,0.0,11.6,14.49,15.19,,15.19,-30.0,0.4,0.28,0.49
493.8336172103882,30,0.0,11.6,14.49,15.19,,15.19,-30.0,0.4,0.28,0.49
494.3381164073944,30,0.0,11.6,14.49,15.23,,15.23,-30.0,0.41,0.28,0.49
494.843327999115,30,0.0,11.6,14.49,15.19,,15.19,-30.0,0.41,0.28,0.49
495.3393704891205,30,0.0,11.6,14.45,15.19,,15.19,-30.0,0.4,0.28,0.49
495.839825630188,30,0.0,11.6,14.45,15.19,,15.19,-30.0,0.4,0.28,0.49
496.3405296802521,30,0.0,11.6,14.45,15.19,,15.19,-30.0,0.4,0.28,0.49
496.8563084602356,30,0.0,11.65,14.45,15.19,,15.19,-30.0,0.4,0.28,0.49
497.35301303863525,30,0.0,11.6,14.45,15.19,,15.19,-30.0,0.4,0.28,0.49
497.8489227294922,30,0.0,11.6,14.45,15.19,,15.19,-30.0,0.4,0.28,0.49
498.34808588027954,30,0.0,11.6,14.45,15.19,,15.19,-30.0,0.4,0.28,0.49
498.86093068122864,30,0.0,11.6,14.45,15.19,,15.19,-30.0,0.4,0.28,0.49
499.3567359447479,30,0.0,11.6,14.45,15.19,,15.19,-30.0,0.4,0.28,0.49
499.8573944568634,30,0.0,11.6,14.45,15.19,,15.19,-30.0,0.4,0.28,0.49
500.3588402271271,30,0.0,11.6,14.45,15.19,,15.19,-30.0,0.4,0.28,0.48
500.858033657074,30,0.0,11.6,14.45,15.15,,15.15,-30.0,0.4,0.28,0.48
501.3554985523224,30,0.0,11.6,14.45,15.15,,15.15,-30.0,0.4,0.28,0.48
501.85575771331787,30,0.0,11.6,14.45,15.15,,15.15,-30.0,0.4,0.27,0.48
502.35707426071167,30,0.0,11.6,14.41,15.19,,15.19,-30.0,0.4,0.27,0.48
502.85900020599365,30,0.0,11.6,14.41,15.19,,15.19,-30.0,0.4,0.27,0.48
503.3579523563385,30,0.0,11.6,14.41,15.15,,15.15,-30.0,0.4,0.27,0.48
503.8743567466736,30,0.0,11.6,14.41,15.15,,15.15,-30.0,0.4,0.27,0.48
504.3738479614258,30,0.0,11.6,14.41,15.15,,15.15,-30.0,0.4,0.27,0.48
504.8724946975708,30,0.0,11.6,14.41,15.15,,15.15,-30.0,0.4,0.27,0.48
505.37169194221497,30,0.0,11.6,14.41,15.15,,15.15,-30.0,0.4,0.27,0.48
505.8705265522003,30,0.0,11.6,14.41,15.15,,15.15,-30.0,0.4,0.27,0.48
506.36886954307556,30,0.0,11.6,14.41,15.15,,15.15,-30.0,0.4,0.27,0.48
506.8716547489166,30,0.0,11.6,14.41,15.15,,15.15,-30.0,0.4,0.27,0.48
507.3688175678253,30,0.0,11.6,14.41,15.15,,15.15,-30.0,0.4,0.27,0.48
507.8712520599365,30,0.0,11.6,14.41,15.15,,15.15,-30.0,0.4,0.27,0.48
508.38611817359924,30,0.0,11.6,14.41,15.11,,15.11,-30.0,0.4,0.27,0.48
508.8764715194702,30,0.0,11.6,14.38,15.11,,15.11,-30.0,0.4,0.27,0.48
509.38042545318604,30,0.0,11.56,14.41,15.11,,15.11,-30.0,0.4,0.27,0.48
509.8757884502411,30,0.0,11.56,14.41,15.11,,15.11,-30.0,0.4,0.27,0.48
510.3768994808197,30,0.0,11.56,14.38,15.11,,15.11,-30.0,0.4,0.27,0.48
510.87689661979675,30,0.0,11.56,14.38,15.11,,15.11,-30.0,0.4,0.27,0.48
511.3809506893158,30,0.0,11.56,14.38,15.15,,15.15,-30.0,0.4,0.27,0.48
511.8812828063965,30,0.0,11.6,14.38,15.15,,15.15,-30.0,0.4,0.27,0.48
512.3892965316772,30,0.0,11.6,14.38,15.15,,15.15,-30.0,0.4,0.27,0.48
512.8839256763458,30,0.0,11.56,14.38,15.15,,15.15,-30.0,0.4,0.27,0.48
513.3867421150208,30,0.0,11.56,14.34,15.11,,15.11,-30.0,0.4,0.26,0.48
513.8977220058441,30,0.0,11.56,14.38,15.11,,15.11,-30.0,0.4,0.26,0.48
514.4021437168121,30,0.0,11.56,14.38,15.11,,15.11,-30.0,0.4,0.26,0.48
514.9036259651184,30,0.0,11.6,14.38,15.11,,15.11,-30.0,0.4,0.26,0.48
515.4041757583618,30,0.0,11.6,14.38,15.11,,15.11,-30.0,0.4,0.27,0.48
515.9026954174042,30,0.0,11.56,14.34,15.11,,15.11,-30.0,0.4,0.26,0.48
516.4020392894745,30,0.0,11.6,14.34,15.11,,15.11,-30.0,0.4,0.26,0.48
516.9014122486115,30,0.0,11.6,14.34,15.11,,15.11,-30.0,0.4,0.26,0.48
517.3978314399719,30,0.0,11.56,14.34,15.11,,15.11,-30.0,0.4,0.26,0.47
517.9096381664276,30,0.0,11.6,14.34,15.11,,15.11,-30.0,0.4,0.26,0.47
518.4114809036255,30,0.0,11.56,14.34,15.07,,15.07,-30.0,0.4,0.26,0.47
518.9134113788605,30,0.0,11.56,14.34,15.07,,15.07,-30.0,0.4,0.26,0.47
519.4111852645874,30,0.0,11.56,14.34,15.07,,15.07,-30.0,0.4,0.26,0.47
519.9090502262115,30,0.0,11.56,14.34,15.07,,15.07,-30.0,0.4,0.26,0.47
520.4078922271729,30,0.0,11.56,14.34,15.07,,15.07,-30.0,0.4,0.26,0.47
520.9207038879395,30,0.0,11.56,14.34,15.07,,15.07,-30.0,0.4,0.26,0.47
521.4190950393677,30,0.0,11.56,14.34,15.07,,15.07,-30.0,0.4,0.26,0.47
521.9188153743744,30,0.0,11.56,14.34,15.07,,15.07,-30.0,0.4,0.26,0.47
522.4194548130035,30,0.0,11.56,14.34,15.07,,15.07,-30.0,0.4,0.26,0.47
522.9178092479706,30,0.0,11.56,14.34,15.07,,15.07,-30.0,0.4,0.26,0.47
523.4174013137817,30,0.0,11.56,14.34,15.07,,15.07,-30.0,0.4,0.27,0.47
523.9177327156067,30,0.0,11.56,14.34,15.07,,15.07,-30.0,0.4,0.26,0.47
524.4169337749481,30,0.0,11.56,14.34,15.07,,15.07,-30.0,0.4,0.26,0.47
524.917328119278,30,0.0,11.56,14.34,15.04,,15.04,-30.0,0.4,0.26,0.47
525.4178795814514,30,0.0,11.51,14.34,15.07,,15.07,-30.0,0.4,0.26,0.47
525.9202196598053,30,0.0,11.56,14.34,15.04,,15.04,-30.0,0.4,0.26,0.47
526.4260733127594,30,0.0,11.56,14.34,15.04,,15.04,-30.0,0.39,0.26,0.47
526.9244811534882,30,0.0,11.56,14.34,15.04,,15.04,-30.0,0.39,0.26,0.47
527.4256904125214,30,0.0,11.56,14.34,15.04,,15.04,-30.0,0.4,0.26,0.47
527.9259693622589,30,0.0,11.56,14.34,15.04,,15.04,-30.0,0.4,0.26,0.47
528.4267885684967,30,0.0,11.56,14.34,15.04,,15.04,-30.0,0.4,0.26,0.47
528.9318201541901,30,0.0,11.51,14.34,15.04,,15.04,-30.0,0.4,0.26,0.47
529.4301142692566,30,0.0,11.51,14.34,15.04,,15.04,-30.0,0.4,0.26,0.47
529.942108631134,30,0.0,11.51,14.34,15.04,,15.04,-30.0,0.4,0.26,0.47
530.4411826133728,30,0.0,11.51,14.34,15.04,,15.04,-30.0,0.39,0.26,0.47
530.9426531791687,30,0.0,11.51,14.34,15.04,,15.04,-30.0,0.39,0.26,0.47
531.4422464370728,30,0.0,11.51,14.34,15.04,,15.04,-30.0,0.39,0.26,0.47
531.9387607574463,30,0.0,11.51,14.34,15.04,,15.04,-30.0,0.39,0.26,0.47
532.439847946167,30,0.0,11.51,14.34,15.04,,15.04,-30.0,0.39,0.26,0.47
532.9432260990143,30,0.0,11.51,14.34,15.04,,15.04,-30.0,0.39,0.26,0.46
533.4427785873413,30,0.0,11.51,14.3,15.04,,15.04,-30.0,0.39,0.26,0.46
533.9417021274567,30,0.0,11.51,14.34,15.04,,15.04,-30.0,0.39,0.26,0.46
534.4420075416565,30,0.0,11.51,14.34,15.0,,15.0,-30.0,0.39,0.26,0.46
534.9560720920563,30,0.0,11.51,14.3,15.0,,15.0,-30.0,0.39,0.26,0.46
535.4564559459686,30,0.0,11.51,14.3,15.0,,15.0,-30.0,0.39,0.26,0.46
535.9542908668518,30,0.0,11.51,14.3,15.0,,15.0,-30.0,0.39,0.26,0.46
536.4588232040405,30,0.0,11.51,14.34,15.0,,15.0,-30.0,0.39,0.26,0.46
537.0775353908539,30,0.0,11.51,14.3,15.0,,15.0,-30.0,0.39,0.26,0.46
537.51930809021,30,0.0,11.51,14.3,15.0,,15.0,-30.0,0.39,0.26,0.46
537.9558534622192,30,0.0,11.51,14.3,15.0,,15.0,-30.0,0.39,0.26,0.46
538.453638792038,30,0.0,11.51,14.3,15.0,,15.0,-30.0,0.39,0.26,0.46
538.9583389759064,30,0.0,11.51,14.3,15.0,,15.0,-30.0,0.39,0.26,0.46
539.4577467441559,30,0.0,11.51,14.3,15.0,,15.0,-30.0,0.39,0.26,0.46
539.958327293396,30,0.0,11.51,14.3,15.0,,15.0,-30.0,0.39,0.26,0.46
540.4586970806122,30,0.0,11.51,14.3,15.0,,15.0,-30.0,0.39,0.26,0.46
540.9721939563751,30,0.0,11.51,14.3,15.0,,15.0,-30.0,0.39,0.26,0.46
541.4736409187317,30,0.0,11.51,14.3,15.0,,15.0,-30.0,0.39,0.26,0.46
541.9712517261505,30,0.0,11.51,14.3,15.0,,15.0,-30.0,0.39,0.26,0.46
542.4714779853821,30,0.0,11.51,14.3,15.0,,15.0,-30.0,0.39,0.26,0.46
542.9699070453644,30,0.0,11.51,14.27,15.0,,15.0,-30.0,0.39,0.26,0.46
543.4650549888611,30,0.0,11.51,14.27,15.0,,15.0,-30.0,0.39,0.25,0.46
543.9661056995392,30,0.0,11.47,14.27,15.0,,15.0,-30.0,0.39,0.25,0.46
544.4803454875946,30,0.0,11.47,14.27,15.0,,15.0,-30.0,0.39,0.25,0.46
544.9791262149811,30,0.0,11.47,14.27,15.0,,15.0,-30.0,0.39,0.25,0.46
545.479323387146,30,0.0,11.47,14.27,15.0,,15.0,-30.0,0.39,0.25,0.46
545.9777019023895,30,0.0,11.47,14.27,15.0,,15.0,-30.0,0.39,0.25,0.46
546.4773128032684,30,0.0,11.47,14.27,15.0,,15.0,-30.0,0.39,0.25,0.46
546.9791662693024,30,0.0,11.47,14.27,15.0,,15.0,-30.0,0.39,0.25,0.46
547.4758927822113,30,0.0,11.47,14.27,15.0,,15.0,-30.0,0.39,0.25,0.46
547.9779770374298,30,0.0,11.47,14.27,15.0,,15.0,-30.0,0.39,0.25,0.46
548.4933574199677,30,0.0,11.47,14.27,15.0,,15.0,-30.0,0.39,0.25,0.46
548.9803278446198,30,0.0,11.47,14.27,15.0,,15.0,-30.0,0.39,0.25,0.46
549.4945788383484,30,0.0,11.47,14.23,15.0,,15.0,-30.0,0.39,0.25,0.46
549.9828951358795,30,0.0,11.47,14.27,15.0,,15.0,-30.0,0.39,0.25,0.46
550.4963541030884,30,0.0,11.47,14.23,15.0,,15.0,-30.0,0.39,0.25,0.46
550.9924912452698,30,0.0,11.47,14.23,15.0,,15.0,-30.0,0.39,0.25,0.46
551.4922187328339,30,0.0,11.47,14.23,15.0,,15.0,-30.0,0.39,0.25,0.46
551.9919152259827,30,0.0,11.47,14.23,15.0,,15.0,-30.0,0.39,0.25,0.46
552.4902367591858,30,0.0,11.47,14.23,15.0,,15.0,-30.0,0.39,0.25,0.46
552.9913609027863,30,0.0,11.47,14.23,15.0,,15.0,-30.0,0.39,0.25,0.46
553.5046639442444,30,0.0,11.47,14.23,15.0,,15.0,-30.0,0.39,0.25,0.46
554.0031025409698,30,0.0,11.47,14.23,15.0,,15.0,-30.0,0.39,0.25,0.46
554.5006349086761,30,0.0,11.47,14.23,15.0,,15.0,-30.0,0.39,0.25,0.46
555.0011100769043,30,0.0,11.47,14.23,15.0,,15.0,-30.0,0.39,0.24,0.46
555.499249458313,30,0.0,11.47,14.23,15.0,,15.0,-30.0,0.39,0.24,0.46
556.0002834796906,30,0.0,11.47,14.23,14.96,,14.96,-30.0,0.39,0.25,0.46
556.5115661621094,30,0.0,11.47,14.19,14.96,,14.96,-30.0,0.39,0.25,0.46
557.0129971504211,30,0.0,11.47,14.19,14.96,,14.96,-30.0,0.39,0.25,0.46
557.5137920379639,30,0.0,11.47,14.19,14.96,,14.96,-30.0,0.39,0.24,0.46
558.0103847980499,30,0.0,11.47,14.23,14.96,,14.96,-30.0,0.39,0.24,0.46
558.510439157486,30,0.0,11.47,14.19,14.96,,14.96,-30.0,0.39,0.25,0.46
559.0089244842529,30,0.0,11.47,14.23,14.96,,14.96,-30.0,0.39,0.24,0.46
559.5102450847626,30,0.0,11.42,14.19,14.96,,14.96,-30.0,0.39,0.24,0.46
560.0224251747131,30,0.0,11.47,14.19,14.96,,14.96,-30.0,0.39,0.25,0.46
560.5214519500732,30,0.0,11.42,14.19,14.96,,14.96,-30.0,0.39,0.24,0.45
561.0199642181396,30,0.0,11.47,14.23,14.92,,14.92,-30.0,0.39,0.24,0.45
561.519953250885,30,0.0,11.47,14.23,14.92,,14.92,-30.0,0.39,0.24,0.45
562.0168268680573,30,0.0,11.47,14.19,14.92,,14.92,-30.0,0.39,0.24,0.45
562.5201404094696,30,0.0,11.42,14.19,14.92,,14.92,-30.0,0.39,0.24,0.45
563.0179326534271,30,0.0,11.47,14.19,14.96,,14.96,-30.0,0.38,0.24,0.45
563.5319299697876,30,0.0,11.47,14.19,14.96,,14.96,-30.0,0.39,0.24,0.45
564.0292150974274,30,0.0,11.42,14.19,14.96,,14.96,-30.0,0.38,0.24,0.45
564.5270643234253,30,0.0,11.42,14.19,14.92,,14.92,-30.0,0.39,0.24,0.45
565.0287804603577,30,0.0,11.42,14.19,14.92,,14.92,-30.0,0.39,0.24,0.45
565.527105808258,30,0.0,11.47,14.19,14.96,,14.96,-30.0,0.39,0.24,0.45
566.0261564254761,30,0.0,11.47,14.19,14.96,,14.96,-30.0,0.39,0.24,0.45
566.5380172729492,30,0.0,11.47,14.19,14.96,,14.96,-30.0,0.38,0.24,0.45
567.0376777648926,30,0.0,11.42,14.19,14.92,,14.92,-30.0,0.39,0.24,0.45
567.5361433029175,30,0.0,11.42,14.19,14.92,,14.92,-30.0,0.39,0.24,0.45
568.0344619750977,30,0.0,11.47,14.19,14.92,,14.92,-30.0,0.39,0.24,0.45
568.5372171401978,30,0.0,11.42,14.16,14.92,,14.92,-30.0,0.39,0.24,0.45
569.0352945327759,30,0.0,11.42,14.16,14.92,,14.92,-30.0,0.38,0.24,0.45
569.5341844558716,30,0.0,11.42,14.19,14.92,,14.92,-30.0,0.38,0.24,0.45
570.0353875160217,30,0.0,11.42,14.16,14.92,,14.92,-30.0,0.38,0.24,0.45
570.5497968196869,30,0.0,11.42,14.19,14.92,,14.92,-30.0,0.38,0.24,0.45
571.0479848384857,30,0.0,11.42,14.19,14.92,,14.92,-30.0,0.39,0.24,0.45
571.5513482093811,30,0.0,11.42,14.19,14.88,,14.88,-30.0,0.39,0.24,0.45
572.0489225387573,30,0.0,11.42,14.16,14.88,,14.88,-30.0,0.38,0.24,0.45
572.5481765270233,30,0.0,11.42,14.16,14.88,,14.88,-30.0,0.38,0.24,0.45
573.0509259700775,30,0.0,11.42,14.16,14.88,,14.88,-30.0,0.38,0.24,0.45
573.5519466400146,30,0.0,11.47,14.16,14.88,,14.88,-30.0,0.38,0.24,0.45
574.0480885505676,30,0.0,11.42,14.16,14.88,,14.88,-30.0,0.38,0.24,0.45
574.5533030033112,30,0.0,11.42,14.16,14.84,,14.84,-30.0,0.38,0.24,0.44
575.0529661178589,30,0.0,11.42,14.16,14.84,,14.84,-30.0,0.38,0.24,0.44
575.5507020950317,30,0.0,11.42,14.16,14.84,,14.84,-30.0,0.38,0.24,0.44
576.0629906654358,30,0.0,11.42,14.16,14.88,,14.88,-30.0,0.38,0.24,0.44
576.5594561100006,30,0.0,11.42,14.16,14.88,,14.88,-30.0,0.38,0.24,0.44
577.0627858638763,30,0.0,11.42,14.16,14.84,,14.84,-30.0,0.38,0.24,0.44
577.5595829486847,30,0.0,11.42,14.16,14.84,,14.84,-30.0,0.38,0.24,0.44
578.058646440506,30,0.0,11.42,14.16,14.84,,14.84,-30.0,0.38,0.24,0.44
578.5713806152344,30,0.0,11.42,14.16,14.84,,14.84,-30.0,0.38,0.23,0.44
579.0717313289642,30,0.0,11.42,14.16,14.84,,14.84,-30.0,0.38,0.24,0.44
579.5722525119781,30,0.0,11.42,14.16,14.84,,14.84,-30.0,0.38,0.24,0.44
580.0685546398163,30,0.0,11.42,14.16,14.84,,14.84,-30.0,0.38,0.24,0.44
580.5681052207947,30,0.0,11.42,14.16,14.84,,14.84,-30.0,0.38,0.24,0.44
581.0707893371582,30,0.0,11.42,14.16,14.84,,14.84,-30.0,0.38,0.24,0.44
581.5705077648163,30,0.0,11.42,14.16,14.84,,14.84,-30.0,0.38,0.24,0.44
582.0710504055023,30,0.0,11.42,14.16,14.84,,14.84,-30.0,0.38,0.24,0.44
582.5714991092682,30,0.0,11.42,14.16,14.84,,14.84,-30.0,0.38,0.24,0.44
583.0730504989624,30,0.0,11.42,14.16,14.84,,14.84,-30.0,0.38,0.24,0.44
583.5717837810516,30,0.0,11.42,14.16,14.84,,14.84,-30.0,0.38,0.23,0.44
584.0844259262085,30,0.0,11.42,14.12,14.8,,14.8,-30.0,0.38,0.24,0.44
584.5866250991821,30,0.0,11.42,14.16,14.8,,14.8,-30.0,0.38,0.24,0.44
585.0858793258667,30,0.0,11.42,14.12,14.8,,14.8,-30.0,0.38,0.24,0.44
585.5870485305786,30,0.0,11.42,14.12,14.8,,14.8,-30.0,0.38,0.23,0.44
586.0841155052185,30,0.0,11.42,14.16,14.8,,14.8,-30.0,0.38,0.23,0.44
586.5834696292877,30,0.0,11.42,14.16,14.8,,14.8,-30.0,0.38,0.23,0.44
587.0824999809265,30,0.0,11.42,14.12,14.8,,14.8,-30.0,0.38,0.23,0.44
587.5853581428528,30,0.0,11.42,14.12,14.8,,14.8,-30.0,0.38,0.23,0.44
588.0864677429199,30,0.0,11.42,14.12,14.8,,14.8,-30.0,0.38,0.23,0.44
588.5967297554016,30,0.0,11.42,14.12,14.8,,14.8,-30.0,0.38,0.23,0.44
589.0959603786469,30,0.0,11.42,14.12,14.8,,14.8,-30.0,0.38,0.23,0.44
589.5961351394653,30,0.0,11.42,14.12,14.8,,14.8,-30.0,0.38,0.23,0.44
590.0947511196136,30,0.0,11.42,14.12,14.8,,14.8,-30.0,0.38,0.23,0.44
590.595977306366,30,0.0,11.42,14.12,14.8,,14.8,-30.0,0.38,0.23,0.44
591.0944294929504,30,0.0,11.42,14.12,14.77,,14.77,-30.0,0.38,0.23,0.43
591.6067581176758,30,0.0,11.42,14.12,14.77,,14.77,-30.0,0.38,0.23,0.43
592.1031997203827,30,0.0,11.42,14.12,14.77,,14.77,-30.0,0.38,0.23,0.43
592.59841132164,30,0.0,11.38,14.12,14.77,,14.77,-30.0,0.38,0.23,0.43
593.097377538681,30,0.0,11.38,14.12,14.77,,14.77,-30.0,0.38,0.23,0.43
593.6101675033569,30,0.0,11.42,14.12,14.77,,14.77,-30.0,0.38,0.23,0.43
594.1097609996796,30,0.0,11.38,14.12,14.77,,14.77,-30.0,0.38,0.24,0.43
594.608099937439,30,0.0,11.38,14.16,14.77,,14.77,-30.0,0.38,0.24,0.43
595.1060876846313,30,0.0,11.38,14.12,14.77,,14.77,-30.0,0.38,0.23,0.43
595.6071965694427,30,0.0,11.38,14.12,14.77,,14.77,-30.0,0.38,0.23,0.43
596.1045925617218,30,0.0,11.38,14.12,14.77,,14.77,-30.0,0.38,0.23,0.43
596.607292175293,30,0.0,11.38,14.12,14.77,,14.77,-30.0,0.38,0.23,0.43
597.1167724132538,30,0.0,11.38,14.12,14.77,,14.77,-30.0,0.38,0.23,0.43
597.617702960968,30,0.0,11.38,14.12,14.77,,14.77,-30.0,0.38,0.23,0.43
598.1158528327942,30,0.0,11.38,14.12,14.77,,14.77,-30.0,0.38,0.23,0.44
598.6129870414734,30,0.0,11.38,14.12,14.77,,14.77,-30.0,0.38,0.23,0.44
599.1244571208954,30,0.0,11.38,14.12,14.77,,14.77,-30.0,0.38,0.23,0.43
599.6267333030701,30,0.0,11.38,14.12,14.77,,14.77,-30.0,0.38,0.23,0.43
600.1234066486359,30,0.0,11.38,14.12,14.77,,14.77,-30.0,0.38,0.23,0.43
600.6220090389252,30,0.0,11.38,14.12,14.77,,14.77,-30.0,0.38,0.23,0.43
601.1211006641388,30,0.0,11.38,14.12,14.77,,14.77,-30.0,0.38,0.23,0.43
601.6216015815735,30,0.0,11.38,14.12,14.77,,14.77,-30.0,0.38,0.23,0.43
602.1201548576355,30,0.0,11.38,14.12,14.77,,14.77,-30.0,0.38,0.23,0.43
602.6327965259552,30,0.0,11.38,14.12,14.77,,14.77,-30.0,0.38,0.23,0.43
603.1300225257874,30,0.0,11.38,14.12,14.77,,14.77,-30.0,0.38,0.23,0.43
603.6298687458038,30,0.0,11.38,14.12,14.77,,14.77,-30.0,0.38,0.23,0.43
604.1280410289764,30,0.0,11.38,14.12,14.77,,14.77,-30.0,0.38,0.23,0.43
604.6263098716736,30,0.0,11.38,14.12,14.77,,14.77,-30.0,0.38,0.23,0.43
605.1411383152008,30,0.0,11.38,14.12,14.77,,14.77,-30.0,0.38,0.23,0.43
605.6373991966248,30,0.0,11.38,14.12,14.77,,14.77,-30.0,0.38,0.23,0.43
606.1374685764313,30,0.0,11.38,14.12,14.77,,14.77,-30.0,0.38,0.23,0.43
606.6331210136414,30,0.0,11.38,14.12,14.77,,14.77,-30.0,0.38,0.23,0.43
607.1463615894318,30,0.0,11.38,14.12,14.77,,14.77,-30.0,0.38,0.23,0.43
607.6457777023315,30,0.0,11.33,14.12,14.77,,14.77,-30.0,0.38,0.23,0.43
608.1457777023315,30,0.0,11.33,14.12,14.77,,14.77,-30.0,0.38,0.23,0.43
608.6458606719971,30,0.0,11.38,14.12,14.77,,14.77,-30.0,0.38,0.23,0.43
609.145430803299,30,0.0,11.38,14.12,14.77,,14.77,-30.0,0.38,0.23,0.43
609.645085811615,30,0.0,11.33,14.12,14.77,,14.77,-30.0,0.38,0.23,0.43
610.1429398059845,30,0.0,11.38,14.12,14.77,,14.77,-30.0,0.38,0.23,0.43
610.6438312530518,30,0.0,11.38,14.12,14.77,,14.77,-30.0,0.38,0.23,0.43
611.1551053524017,30,0.0,11.38,14.08,14.77,,14.77,-30.0,0.38,0.23,0.43
611.6570880413055,30,0.0,11.38,14.08,14.77,,14.77,-30.0,0.38,0.23,0.43
612.1571779251099,30,0.0,11.38,14.12,14.77,,14.77,-30.0,0.38,0.23,0.43
612.6554877758026,30,0.0,11.38,14.12,14.77,,14.77,-30.0,0.38,0.23,0.43
613.1506760120392,30,0.0,11.38,14.12,14.77,,14.77,-30.0,0.38,0.23,0.43
613.6509373188019,30,0.0,11.38,14.12,14.77,,14.77,-30.0,0.38,0.23,0.43
614.1655066013336,30,0.0,11.38,14.08,14.77,,14.77,-30.0,0.38,0.23,0.43
614.6642169952393,30,0.0,11.38,14.12,14.73,,14.73,-30.0,0.38,0.23,0.43
615.1624875068665,30,0.0,11.38,14.12,14.73,,14.73,-30.0,0.38,0.23,0.43
615.6609764099121,30,0.0,11.38,14.12,14.73,,14.73,-30.0,0.38,0.23,0.43
616.1653945446014,30,0.0,11.38,14.12,14.73,,14.73,-30.0,0.38,0.23,0.43
616.6612315177917,30,0.0,11.38,14.12,14.73,,14.73,-30.0,0.38,0.23,0.43
617.1664927005768,30,0.0,11.38,14.12,14.73,,14.73,-30.0,0.38,0.23,0.43
617.6696434020996,30,0.0,11.38,14.12,14.73,,14.73,-30.0,0.38,0.23,0.43
618.1688811779022,30,0.0,11.38,14.12,14.73,,14.73,-30.0,0.38,0.23,0.43
618.6672685146332,30,0.0,11.38,14.12,14.73,,14.73,-30.0,0.38,0.23,0.43
619.1658036708832,30,0.0,11.38,14.08,14.73,,14.73,-30.0,0.38,0.23,0.43
619.6801888942719,30,0.0,11.42,14.08,14.73,,14.73,-30.0,0.38,0.23,0.43
620.1781907081604,30,0.0,11.38,14.08,14.73,,14.73,-30.0,0.38,0.23,0.43
620.6775286197662,30,0.0,11.38,14.08,14.73,,14.73,-30.0,0.38,0.23,0.43
621.1767842769623,30,0.0,11.38,14.08,14.73,,14.73,-30.0,0.38,0.23,0.43
621.6760606765747,30,0.0,11.38,14.08,14.73,,14.73,-30.0,0.38,0.23,0.43
622.1749324798584,30,0.0,11.38,14.08,14.73,,14.73,-30.0,0.38,0.23,0.43
622.6750297546387,30,0.0,11.38,14.08,14.73,,14.73,-30.0,0.38,0.23,0.43
623.1913781166077,30,0.0,11.38,14.12,14.73,,14.73,-30.0,0.38,0.23,0.43
623.6894745826721,30,0.0,11.38,14.12,14.73,,14.73,-30.0,0.38,0.23,0.43
624.1877779960632,30,0.0,11.38,14.12,14.73,,14.73,-30.0,0.38,0.23,0.43
624.6873574256897,30,0.0,11.38,14.12,14.73,,14.73,-30.0,0.38,0.23,0.43
625.1858224868774,30,0.0,11.38,14.08,14.73,,14.73,-30.0,0.38,0.23,0.43
625.6826772689819,30,0.0,11.42,14.12,14.73,,14.73,-30.0,0.38,0.23,0.43
626.1970965862274,30,0.0,11.38,14.12,14.69,,14.69,-30.0,0.38,0.23,0.43
626.6977634429932,30,0.0,11.42,14.12,14.69,,14.69,-30.0,0.38,0.23,0.43
627.197253704071,30,0.0,11.38,14.08,14.69,,14.69,-30.0,0.38,0.23,0.43
627.6949784755707,30,0.0,11.38,14.12,14.69,,14.69,-30.0,0.38,0.23,0.43
628.1965065002441,30,0.0,11.38,14.12,14.69,,14.69,-30.0,0.38,0.23,0.43
628.6946563720703,30,0.0,11.38,14.12,14.69,,14.69,-30.0,0.38,0.23,0.43
629.1941256523132,30,0.0,11.38,14.12,14.69,,14.69,-30.0,0.38,0.23,0.43
629.705934047699,30,0.0,11.38,14.12,14.73,,14.73,-30.0,0.38,0.23,0.43
630.2033767700195,30,0.0,11.38,14.12,14.69,,14.69,-30.0,0.38,0.23,0.43
630.704264163971,30,0.0,11.38,14.12,14.73,,14.73,-30.0,0.38,0.23,0.43
631.2043993473053,30,0.0,11.38,14.08,14.69,,14.69,-30.0,0.38,0.23,0.43
631.7000560760498,30,0.0,11.38,14.08,14.73,,14.73,-30.0,0.38,0.23,0.43
632.213481426239,30,0.0,11.38,14.12,14.69,,14.69,-30.0,0.38,0.23,0.43
632.712399482727,30,0.0,11.38,14.08,14.69,,14.69,-30.0,0.38,0.23,0.43
633.2097878456116,30,0.0,11.38,14.08,14.69,,14.69,-30.0,0.38,0.23,0.43
633.7109472751617,30,0.0,11.38,14.08,14.69,,14.69,-30.0,0.38,0.23,0.43
634.2119989395142,30,0.0,11.42,14.08,14.69,,14.69,-30.0,0.38,0.23,0.43
634.7088606357574,30,0.0,11.42,14.08,14.69,,14.69,-30.0,0.38,0.23,0.43
635.2098143100739,30,0.0,11.38,14.08,14.69,,14.69,-30.0,0.38,0.23,0.43
635.7226550579071,30,0.0,11.38,14.08,14.69,,14.69,-30.0,0.38,0.23,0.43
636.2212884426117,30,0.0,11.38,14.08,14.69,,14.69,-30.0,0.38,0.23,0.43
636.7209255695343,30,0.0,11.38,14.08,14.69,,14.69,-30.0,0.38,0.23,0.43
637.2152683734894,30,0.0,11.38,14.08,14.69,,14.69,-30.0,0.38,0.23,0.43
637.7270543575287,30,0.0,11.38,14.08,14.69,,14.69,-30.0,0.38,0.23,0.43
638.2267711162567,30,0.0,11.38,14.08,14.69,,14.69,-30.0,0.38,0.23,0.43
638.725296497345,30,0.0,11.38,14.08,14.69,,14.69,-30.0,0.38,0.22,0.43
639.2229857444763,30,0.0,11.38,14.08,14.69,,14.69,-30.0,0.38,0.22,0.43
639.7224433422089,30,0.0,11.38,14.08,14.69,,14.69,-30.0,0.38,0.22,0.43
640.2215533256531,30,0.0,11.38,14.04,14.69,,14.69,-30.0,0.38,0.22,0.43
640.7354891300201,30,0.0,11.33,14.08,14.69,,14.69,-30.0,0.38,0.23,0.43
641.2352640628815,30,0.0,11.33,14.08,14.69,,14.69,-30.0,0.37,0.23,0.43
641.7345054149628,30,0.0,11.33,14.08,14.69,,14.69,-30.0,0.37,0.22,0.43
642.2329807281494,30,0.0,11.33,14.08,14.69,,14.69,-30.0,0.37,0.23,0.43
642.7297973632812,30,0.0,11.33,14.08,14.69,,14.69,-30.0,0.37,0.23,0.43
643.2290480136871,30,0.0,11.33,14.08,14.69,,14.69,-30.0,0.37,0.23,0.43
643.7440164089203,30,0.0,11.33,14.08,14.69,,14.69,-30.0,0.37,0.23,0.43
644.2387421131134,30,0.0,11.33,14.08,14.69,,14.69,-30.0,0.37,0.23,0.43
644.7400572299957,30,0.0,11.33,14.08,14.69,,14.69,-30.0,0.37,0.23,0.43
645.2407901287079,30,0.0,11.33,14.08,14.69,,14.69,-30.0,0.37,0.23,0.43
645.7380740642548,30,0.0,11.29,14.08,14.69,,14.69,-30.0,0.37,0.23,0.43
646.2525343894958,30,0.0,11.29,14.08,14.69,,14.69,-30.0,0.37,0.23,0.43
646.752769947052,30,0.0,11.29,14.08,14.69,,14.69,-30.0,0.37,0.22,0.43
647.253621339798,30,0.0,11.29,14.08,14.69,,14.69,-30.0,0.37,0.22,0.43
647.7519519329071,30,0.0,11.29,14.08,14.69,,14.69,-30.0,0.37,0.23,0.43
648.2506055831909,30,0.0,11.29,14.08,14.73,,14.73,-30.0,0.37,0.23,0.43
648.7493121623993,30,0.0,11.29,14.08,14.69,,14.69,-30.0,0.37,0.23,0.43
649.2467784881592,30,0.0,11.29,14.08,14.73,,14.73,-30.0,0.37,0.22,0.43
649.7478380203247,30,0.0,11.29,14.08,14.73,,14.73,-30.0,0.37,0.23,0.43
650.2577452659607,30,0.0,11.29,14.08,14.69,,14.69,-30.0,0.37,0.23,0.43
650.7560601234436,30,0.0,11.29,14.04,14.69,,14.69,-30.0,0.37,0.22,0.43
651.2572584152222,30,0.0,11.29,14.04,14.69,,14.69,-30.0,0.37,0.22,0.43
651.7551550865173,30,0.0,11.29,14.04,14.73,,14.73,-30.0,0.37,0.22,0.43
652.2661249637604,30,0.0,11.29,14.04,14.73,,14.73,-30.0,0.37,0.22,0.43
652.7660114765167,30,0.0,11.29,14.04,14.73,,14.73,-30.0,0.37,0.22,0.43
653.2650153636932,30,0.0,11.29,14.04,14.73,,14.73,-30.0,0.37,0.22,0.43
653.7622220516205,30,0.0,11.29,14.04,14.73,,14.73,-30.0,0.37,0.22,0.43
654.2610878944397,30,0.0,11.29,14.04,14.73,,14.73,-30.0,0.37,0.22,0.43
654.7626557350159,30,0.0,11.29,14.04,14.69,,14.69,-30.0,0.37,0.22,0.43
655.2730093002319,30,0.0,11.29,14.04,14.73,,14.73,-30.0,0.37,0.22,0.43
655.7746276855469,30,0.0,11.29,14.04,14.69,,14.69,-30.0,0.37,0.22,0.43
656.2634036540985,30,0.0,11.29,14.04,14.69,,14.69,-30.0,0.37,0.22,0.43
656.778722524643,30,0.0,11.29,14.04,14.69,,14.69,-30.0,0.37,0.22,0.43
657.2767758369446,30,0.0,11.29,14.04,14.69,,14.69,-30.0,0.37,0.22,0.43
657.7716157436371,30,0.0,11.29,14.01,14.69,,14.69,-30.0,0.37,0.22,0.43
658.2842533588409,30,0.0,11.29,14.04,14.69,,14.69,-30.0,0.37,0.22,0.43
658.7840714454651,30,0.0,11.29,14.04,14.69,,14.69,-30.0,0.37,0.22,0.43
659.2820899486542,30,0.0,11.29,14.04,14.69,,14.69,-30.0,0.37,0.22,0.43
659.7808763980865,30,0.0,11.29,14.04,14.69,,14.69,-30.0,0.37,0.22,0.43
660.2809979915619,30,0.0,11.29,14.04,14.69,,14.69,-30.0,0.37,0.22,0.43
660.7778158187866,30,0.0,11.29,14.04,14.69,,14.69,-30.0,0.37,0.22,0.43
661.2793025970459,30,0.0,11.29,14.04,14.69,,14.69,-30.0,0.37,0.22,0.43
661.7787625789642,30,0.0,11.29,14.04,14.69,,14.69,-30.0,0.37,0.22,0.43
662.2898020744324,30,0.0,11.29,14.04,14.69,,14.69,-30.0,0.37,0.22,0.43
662.7910597324371,30,0.0,11.29,14.04,14.73,,14.73,-30.0,0.37,0.22,0.43
663.2915952205658,30,0.0,11.29,14.01,14.69,,14.69,-30.0,0.37,0.22,0.43
663.7931487560272,30,0.0,11.29,14.01,14.73,,14.73,-30.0,0.37,0.22,0.43
664.2939817905426,30,0.0,11.29,14.01,14.69,,14.69,-30.0,0.37,0.22,0.43
664.7975182533264,30,0.0,11.29,14.01,14.69,,14.69,-30.0,0.37,0.22,0.43
665.2997822761536,30,0.0,11.29,14.01,14.69,,14.69,-30.0,0.37,0.22,0.43
665.7959251403809,30,0.0,11.29,14.01,14.69,,14.69,-30.0,0.37,0.22,0.43
666.2966892719269,30,0.0,11.29,14.01,14.69,,14.69,-30.0,0.37,0.22,0.43
666.7970027923584,30,0.0,11.29,14.01,14.69,,14.69,-30.0,0.37,0.22,0.43
667.293267250061,30,0.0,11.29,14.01,14.69,,14.69,-30.0,0.37,0.22,0.43
667.8063032627106,30,0.0,11.29,14.01,14.69,,14.69,-30.0,0.37,0.22,0.43
668.3062047958374,30,0.0,11.29,14.01,14.69,,14.69,-30.0,0.37,0.22,0.43
668.8032302856445,30,0.0,11.29,14.01,14.69,,14.69,-30.0,0.37,0.22,0.43
669.3023703098297,30,0.0,11.29,14.01,14.69,,14.69,-30.0,0.37,0.22,0.43
669.804057598114,30,0.0,11.29,14.01,14.69,,14.69,-30.0,0.37,0.22,0.43
670.31587266922,30,0.0,11.29,14.01,14.69,,14.69,-30.0,0.37,0.22,0.43
670.8181753158569,30,0.0,11.29,14.01,14.73,,14.73,-30.0,0.37,0.22,0.43
671.3147706985474,30,0.0,11.29,14.01,14.69,,14.69,-30.0,0.37,0.22,0.43
671.8158774375916,30,0.0,11.29,14.01,14.69,,14.69,-30.0,0.37,0.22,0.43
672.3162834644318,30,0.0,11.29,14.01,14.69,,14.69,-30.0,0.37,0.22,0.43
672.8162100315094,30,0.0,11.29,14.01,14.69,,14.69,-30.0,0.37,0.22,0.43
673.3137292861938,30,0.0,11.29,14.01,14.69,,14.69,-30.0,0.37,0.22,0.42
673.8167698383331,30,0.0,11.29,14.01,14.69,,14.69,-30.0,0.37,0.22,0.43
674.3169183731079,30,0.0,11.29,14.01,14.65,,14.65,-30.0,0.37,0.22,0.43
674.8167684078217,30,0.0,11.29,14.01,14.65,,14.65,-30.0,0.37,0.22,0.43
675.3149845600128,30,0.0,11.29,14.01,14.69,,14.69,-30.0,0.37,0.22,0.42
675.8281931877136,30,0.0,11.29,14.01,14.65,,14.65,-30.0,0.37,0.22,0.42
676.3251037597656,30,0.0,11.29,14.01,14.65,,14.65,-30.0,0.37,0.22,0.42
676.8215565681458,30,0.0,11.29,14.01,14.65,,14.65,-30.0,0.37,0.22,0.42
677.3240265846252,30,0.0,11.29,14.01,14.65,,14.65,-30.0,0.37,0.22,0.42
677.8241295814514,30,0.0,11.29,14.01,14.69,,14.69,-30.0,0.37,0.22,0.42
678.325662612915,30,0.0,11.29,13.97,14.65,,14.65,-30.0,0.37,0.22,0.42
678.8248808383942,30,0.0,11.29,13.97,14.65,,14.65,-30.0,0.37,0.22,0.42
679.3400342464447,30,0.0,11.29,14.01,14.65,,14.65,-30.0,0.37,0.22,0.42
679.8384313583374,30,0.0,11.33,14.01,14.65,,14.65,-30.0,0.37,0.22,0.42
680.3392808437347,30,0.0,11.33,14.01,14.65,,14.65,-30.0,0.37,0.22,0.42
680.8372578620911,30,0.0,11.29,14.01,14.65,,14.65,-30.0,0.37,0.22,0.42
681.3380100727081,30,0.0,11.29,14.01,14.65,,14.65,-30.0,0.37,0.22,0.42
681.838782787323,30,0.0,11.29,14.01,14.65,,14.65,-30.0,0.37,0.22,0.42
682.3427634239197,30,0.0,11.29,14.01,14.65,,14.65,-30.0,0.37,0.22,0.42
682.8428027629852,30,0.0,11.29,14.01,14.65,,14.65,-30.0,0.37,0.22,0.42
683.3405878543854,30,0.0,11.29,14.01,14.65,,14.65,-30.0,0.37,0.22,0.42
683.8398952484131,30,0.0,11.29,14.01,14.65,,14.65,-30.0,0.37,0.22,0.42
684.3531959056854,30,0.0,11.29,14.01,14.65,,14.65,-30.0,0.37,0.22,0.42
684.8530969619751,30,0.0,11.29,14.01,14.69,,14.69,-30.0,0.37,0.22,0.42
685.3507182598114,30,0.0,11.29,14.01,14.69,,14.69,-30.0,0.37,0.22,0.42
685.8486440181732,30,0.0,11.29,14.01,14.69,,14.69,-30.0,0.37,0.22,0.43
686.3487868309021,30,0.0,11.29,14.01,14.69,,14.69,-30.0,0.37,0.22,0.43
686.852498292923,30,0.0,11.29,14.01,14.69,,14.69,-30.0,0.37,0.22,0.43
687.3528382778168,30,0.0,11.29,14.01,14.69,,14.69,-30.0,0.37,0.22,0.43
687.8511648178101,30,0.0,11.29,14.01,14.69,,14.69,-30.0,0.37,0.22,0.43
688.3504266738892,30,0.0,11.29,14.01,14.69,,14.69,-30.0,0.37,0.22,0.43
688.8500661849976,30,0.0,11.29,14.01,14.69,,14.69,-30.0,0.37,0.22,0.43
689.3634324073792,30,0.0,11.29,14.01,14.69,,14.69,-30.0,0.37,0.22,0.43
689.8646912574768,30,0.0,11.29,14.01,14.69,,14.69,-30.0,0.37,0.22,0.43
690.3630256652832,30,0.0,11.29,14.01,14.65,,14.65,-30.0,0.37,0.22,0.42
690.8599774837494,30,0.0,11.29,14.01,14.65,,14.65,-30.0,0.37,0.22,0.42
691.3606100082397,30,0.0,11.29,14.01,14.65,,14.65,-30.0,0.37,0.22,0.42
691.8588092327118,30,0.0,11.29,14.01,14.65,,14.65,-30.0,0.37,0.22,0.42
692.3590407371521,30,0.0,11.29,14.01,14.65,,14.65,-30.0,0.37,0.22,0.42
692.8736617565155,30,0.0,11.29,14.01,14.65,,14.65,-30.0,0.37,0.22,0.42
693.3734683990479,30,0.0,11.29,14.01,14.65,,14.65,-30.0,0.37,0.22,0.42
693.8743448257446,30,0.0,11.29,13.97,14.65,,14.65,-30.0,0.37,0.22,0.42
694.368579864502,30,0.0,11.29,13.97,14.65,,14.65,-30.0,0.37,0.22,0.42
694.8673918247223,30,0.0,11.33,14.01,14.65,,14.65,-30.0,0.37,0.22,0.42
695.3812844753265,30,0.0,11.33,13.97,14.65,,14.65,-30.0,0.37,0.22,0.42
695.8802080154419,30,0.0,11.33,13.97,14.65,,14.65,-30.0,0.37,0.22,0.42
696.3794941902161,30,0.0,11.29,13.97,14.65,,14.65,-30.0,0.37,0.22,0.42
696.8784294128418,30,0.0,11.29,13.97,14.65,,14.65,-30.0,0.37,0.22,0.42
697.3779201507568,30,0.0,11.29,13.97,14.61,,14.61,-30.0,0.37,0.22,0.42
697.87717461586,30,0.0,11.29,14.01,14.65,,14.65,-30.0,0.37,0.22,0.42
698.3785443305969,30,0.0,11.29,13.97,14.65,,14.65,-30.0,0.37,0.22,0.42
698.8770530223846,30,0.0,11.29,13.97,14.65,,14.65,-30.0,0.37,0.22,0.42
699.3913478851318,30,0.0,11.29,13.97,14.65,,14.65,-30.0,0.37,0.22,0.42
699.88907289505,30,0.0,11.29,13.97,14.65,,14.65,-30.0,0.37,0.22,0.42
700.3869867324829,30,0.0,11.29,13.97,14.65,,14.65,-30.0,0.37,0.22,0.42
700.8842921257019,30,0.0,11.29,13.97,14.65,,14.65,-30.0,0.37,0.22,0.42
701.3982694149017,30,0.0,11.29,13.97,14.65,,14.65,-30.0,0.37,0.22,0.42
701.8992819786072,30,0.0,11.29,13.97,14.61,,14.61,-30.0,0.37,0.22,0.42
702.3962168693542,30,0.0,11.29,13.97,14.61,,14.61,-30.0,0.37,0.22,0.42
702.8940098285675,30,0.0,11.29,13.97,14.61,,14.61,-30.0,0.37,0.22,0.42
703.3905518054962,30,0.0,11.29,13.97,14.61,,14.61,-30.0,0.37,0.22,0.42
703.8903715610504,30,0.0,11.29,13.97,14.61,,14.61,-30.0,0.37,0.22,0.42
704.3910145759583,30,0.0,11.29,13.97,14.61,,14.61,-30.0,0.37,0.22,0.42
704.9056298732758,30,0.0,11.29,13.97,14.61,,14.61,-30.0,0.37,0.22,0.42
705.40234375,30,0.0,11.29,13.97,14.61,,14.61,-30.0,0.37,0.22,0.42
705.9018557071686,30,0.0,11.29,13.97,14.61,,14.61,-30.0,0.37,0.22,0.42
706.4022142887115,30,0.0,11.29,13.97,14.65,,14.65,-30.0,0.37,0.22,0.42
706.9011960029602,30,0.0,11.29,13.97,14.65,,14.65,-30.0,0.37,0.22,0.42
707.4132137298584,30,0.0,11.29,13.97,14.65,,14.65,-30.0,0.37,0.22,0.42
707.9121224880219,30,0.0,11.29,13.97,14.65,,14.65,-30.0,0.37,0.22,0.42
708.4064891338348,30,0.0,11.29,14.01,14.65,,14.65,-30.0,0.37,0.22,0.42
708.9090054035187,30,0.0,11.29,13.97,14.61,,14.61,-30.0,0.37,0.22,0.42
709.4048488140106,30,0.0,11.29,13.97,14.65,,14.65,-30.0,0.37,0.22,0.42
709.9188597202301,30,0.0,11.29,13.97,14.61,,14.61,-30.0,0.37,0.22,0.42
710.4224121570587,30,0.0,11.29,13.97,14.61,,14.61,-30.0,0.37,0.22,0.42
710.9198744297028,30,0.0,11.29,13.97,14.65,,14.65,-30.0,0.37,0.22,0.42
711.4202680587769,30,0.0,11.29,13.97,14.65,,14.65,-30.0,0.37,0.22,0.42
711.9201605319977,30,0.0,11.29,13.97,14.65,,14.65,-30.0,0.37,0.22,0.42
712.4192476272583,30,0.0,11.29,13.97,14.65,,14.65,-30.0,0.37,0.22,0.42
712.9188423156738,30,0.0,11.29,13.97,14.65,,14.65,-30.0,0.37,0.22,0.42
713.4155523777008,30,0.0,11.29,13.97,14.65,,14.65,-30.0,0.37,0.22,0.42
713.929779291153,30,0.0,11.29,13.97,14.65,,14.65,-30.0,0.37,0.22,0.42
714.4318771362305,30,0.0,11.29,13.97,14.65,,14.65,-30.0,0.37,0.22,0.42
714.9317314624786,30,0.0,11.29,13.97,14.65,,14.65,-30.0,0.37,0.22,0.42
715.426765203476,30,0.0,11.29,13.97,14.65,,14.65,-30.0,0.37,0.22,0.42
715.9257748126984,30,0.0,11.29,13.97,14.65,,14.65,-30.0,0.37,0.22,0.42
716.424647808075,30,0.0,11.29,13.97,14.65,,14.65,-30.0,0.37,0.22,0.42
716.924173116684,30,0.0,11.29,13.97,14.65,,14.65,-30.0,0.37,0.22,0.42
717.4387907981873,30,0.0,11.29,13.97,14.65,,14.65,-30.0,0.37,0.22,0.42
717.9353942871094,30,0.0,11.29,13.97,14.65,,14.65,-30.0,0.37,0.22,0.42
718.434549331665,30,0.0,11.29,13.97,14.65,,14.65,-30.0,0.37,0.22,0.42
718.9336903095245,30,0.0,11.29,13.97,14.65,,14.65,-30.0,0.37,0.22,0.42
719.4359967708588,30,0.0,11.29,13.97,14.65,,14.65,-30.0,0.37,0.22,0.42
719.9352819919586,30,0.0,11.29,14.01,14.61,,14.61,-30.0,0.37,0.22,0.42
720.4480063915253,30,0.0,11.29,14.01,14.61,,14.61,-30.0,0.37,0.22,0.42
720.9447736740112,30,0.0,11.29,14.01,14.61,,14.61,-30.0,0.37,0.22,0.42
721.4438328742981,30,0.0,11.29,14.01,14.61,,14.61,-30.0,0.37,0.22,0.42
721.941232919693,30,0.0,11.29,14.01,14.61,,14.61,-30.0,0.37,0.22,0.42
722.4415197372437,30,0.0,11.29,14.01,14.61,,14.61,-30.0,0.37,0.22,0.42
722.9517333507538,30,0.0,11.29,14.01,14.61,,14.61,-30.0,0.37,0.22,0.42
723.4499325752258,30,0.0,11.29,14.04,14.61,,14.61,-30.0,0.37,0.22,0.42
723.9486036300659,30,0.0,11.29,14.01,14.61,,14.61,-30.0,0.37,0.22,0.42
724.4461784362793,30,0.0,11.29,14.01,14.61,,14.61,-30.0,0.37,0.22,0.42
724.9597256183624,30,0.0,11.29,14.01,14.61,,14.61,-30.0,0.37,0.22,0.42
725.4557371139526,30,0.0,11.29,14.01,14.61,,14.61,-30.0,0.37,0.22,0.42
725.955144405365,30,0.0,11.29,14.01,14.61,,14.61,-30.0,0.37,0.22,0.42
726.45654296875,30,0.0,11.29,13.97,14.61,,14.61,-30.0,0.37,0.22,0.42
726.955470085144,30,0.0,11.25,13.97,14.61,,14.61,-30.0,0.36,0.22,0.42
727.4555284976959,30,0.0,11.29,14.01,14.61,,14.61,-30.0,0.36,0.22,0.42
727.9684934616089,30,0.0,11.25,13.97,14.61,,14.61,-30.0,0.36,0.22,0.42
728.4650247097015,30,0.0,11.25,14.01,14.61,,14.61,-30.0,0.36,0.22,0.42
728.9652733802795,30,0.0,11.25,13.97,14.61,,14.61,-30.0,0.37,0.22,0.42
729.4651281833649,30,0.0,11.25,13.97,14.61,,14.61,-30.0,0.37,0.22,0.42
729.9651005268097,30,0.0,11.25,13.97,14.61,,14.61,-30.0,0.36,0.22,0.42
730.4663722515106,30,0.0,11.25,13.97,14.61,,14.61,-30.0,0.36,0.22,0.42
730.968780040741,30,0.0,11.25,13.97,14.61,,14.61,-30.0,0.36,0.22,0.42
731.4700090885162,30,0.0,11.25,13.97,14.65,,14.65,-30.0,0.37,0.22,0.42
731.963794708252,30,0.0,11.29,13.97,14.61,,14.61,-30.0,0.36,0.22,0.42
732.4801888465881,30,0.0,11.25,13.97,14.61,,14.61,-30.0,0.37,0.22,0.42
732.9809160232544,30,0.0,11.29,13.97,14.61,,14.61,-30.0,0.37,0.22,0.42
733.4819979667664,30,0.0,11.29,13.97,14.61,,14.61,-30.0,0.37,0.22,0.42
733.977979183197,30,0.0,11.29,13.97,14.61,,14.61,-30.0,0.37,0.22,0.42
734.47687292099,30,0.0,11.29,13.97,14.61,,14.61,-30.0,0.37,0.22,0.42
734.9749817848206,30,0.0,11.29,13.97,14.61,,14.61,-30.0,0.37,0.22,0.42
735.4730770587921,30,0.0,11.25,13.97,14.61,,14.61,-30.0,0.37,0.22,0.42
735.9763474464417,30,0.0,11.29,13.97,14.61,,14.61,-30.0,0.37,0.22,0.42
736.4883587360382,30,0.0,11.29,13.97,14.61,,14.61,-30.0,0.37,0.22,0.42
736.9882473945618,30,0.0,11.29,13.97,14.61,,14.61,-30.0,0.36,0.22,0.42
737.4845631122589,30,0.0,11.29,13.97,14.61,,14.61,-30.0,0.37,0.22,0.42
737.9823668003082,30,0.0,11.29,13.97,14.61,,14.61,-30.0,0.37,0.22,0.42
738.4813349246979,30,0.0,11.29,13.97,14.61,,14.61,-30.0,0.37,0.22,0.42
738.9844901561737,30,0.0,11.29,13.97,14.61,,14.61,-30.0,0.37,0.22,0.42
739.4864816665649,30,0.0,11.29,13.93,14.61,,14.61,-30.0,0.37,0.22,0.42
739.9867877960205,30,0.0,11.29,13.93,14.61,,14.61,-30.0,0.37,0.22,0.42
740.5157074928284,30,0.0,11.29,13.97,14.61,,14.61,-30.0,0.37,0.22,0.42
740.9998025894165,30,0.0,11.29,13.97,14.61,,14.61,-30.0,0.37,0.22,0.42
741.4977695941925,30,0.0,11.29,13.97,14.61,,14.61,-30.0,0.37,0.22,0.42
741.9998486042023,30,0.0,11.29,13.93,14.61,,14.61,-30.0,0.37,0.22,0.42
742.4963624477386,30,0.0,11.25,13.97,14.61,,14.61,-30.0,0.36,0.21,0.42
742.9954977035522,30,0.0,11.29,13.93,14.61,,14.61,-30.0,0.37,0.21,0.42
743.4958310127258,30,0.0,11.29,13.97,14.61,,14.61,-30.0,0.37,0.21,0.42
744.0082070827484,30,0.0,11.29,13.97,14.61,,14.61,-30.0,0.37,0.22,0.42
744.5055630207062,30,0.0,11.29,13.93,14.61,,14.61,-30.0,0.37,0.21,0.42
745.0040228366852,30,0.0,11.29,13.97,14.61,,14.61,-30.0,0.37,0.21,0.42
745.5020222663879,30,0.0,11.29,13.93,14.61,,14.61,-30.0,0.37,0.21,0.42
746.0022737979889,30,0.0,11.29,13.93,14.61,,14.61,-30.0,0.37,0.21,0.41
746.5174505710602,30,0.0,11.29,13.93,14.61,,14.61,-30.0,0.37,0.21,0.42
747.0211191177368,30,0.0,11.29,13.93,14.61,,14.61,-30.0,0.37,0.21,0.41
747.5204384326935,30,0.0,11.29,13.93,14.61,,14.61,-30.0,0.37,0.21,0.41
748.0194931030273,30,0.0,11.29,13.93,14.57,,14.57,-30.0,0.37,0.21,0.41
748.5193288326263,30,0.0,11.29,13.93,14.57,,14.57,-30.0,0.37,0.21,0.41
749.0197072029114,30,0.0,11.29,13.93,14.57,,14.57,-30.0,0.37,0.21,0.41
749.523758649826,30,0.0,11.29,13.93,14.57,,14.57,-30.0,0.37,0.21,0.41
750.023318529129,30,0.0,11.29,13.93,14.57,,14.57,-30.0,0.37,0.21,0.41
750.5226466655731,30,0.0,11.29,13.93,14.57,,14.57,-30.0,0.37,0.21,0.42
751.0195338726044,30,0.0,11.29,13.93,14.57,,14.57,-30.0,0.37,0.21,0.41
751.52148604393,30,0.0,11.29,13.97,14.57,,14.57,-30.0,0.37,0.21,0.41
752.0188782215118,30,0.0,11.29,13.93,14.57,,14.57,-30.0,0.37,0.22,0.41
752.5343878269196,30,0.0,11.29,13.97,14.57,,14.57,-30.0,0.37,0.22,0.41
753.0340723991394,30,0.0,11.29,13.97,14.57,,14.57,-30.0,0.37,0.21,0.41
753.5319187641144,30,0.0,11.29,13.97,14.57,,14.57,-30.0,0.37,0.21,0.41
754.0313811302185,30,0.0,11.29,13.97,14.57,,14.57,-30.0,0.37,0.21,0.41
754.5290412902832,30,0.0,11.29,13.93,14.57,,14.57,-30.0,0.37,0.21,0.41
755.0306284427643,30,0.0,11.29,13.93,14.57,,14.57,-30.0,0.37,0.21,0.41
755.5324285030365,30,0.0,11.29,13.93,14.57,,14.57,-30.0,0.37,0.21,0.41
756.0302693843842,30,0.0,11.29,13.93,14.57,,14.57,-30.0,0.37,0.21,0.41
756.5311172008514,30,0.0,11.29,13.97,14.57,,14.57,-30.0,0.37,0.21,0.41
757.0460500717163,30,0.0,11.25,13.93,14.57,,14.57,-30.0,0.37,0.21,0.41
757.54123711586,30,0.0,11.25,13.93,14.57,,14.57,-30.0,0.37,0.21,0.41
758.0424499511719,30,0.0,11.25,13.97,14.57,,14.57,-30.0,0.37,0.21,0.41
758.5408854484558,30,0.0,11.29,13.93,14.57,,14.57,-30.0,0.37,0.21,0.41
759.0402657985687,30,0.0,11.29,13.97,14.57,,14.57,-30.0,0.37,0.21,0.41
759.5386528968811,30,0.0,11.25,13.97,14.57,,14.57,-30.0,0.37,0.21,0.41
760.0400865077972,30,0.0,11.25,13.93,14.57,,14.57,-30.0,0.37,0.21,0.41
760.5541105270386,30,0.0,11.29,13.93,14.57,,14.57,-30.0,0.37,0.21,0.41
761.0564460754395,30,0.0,11.29,13.93,14.57,,14.57,-30.0,0.37,0.21,0.41
761.5538930892944,30,0.0,11.29,13.93,14.57,,14.57,-30.0,0.37,0.21,0.41
762.0478157997131,30,0.0,11.29,13.93,14.57,,14.57,-30.0,0.37,0.21,0.41
762.5485970973969,30,0.0,11.29,13.93,14.57,,14.57,-30.0,0.37,0.21,0.41
763.0620629787445,30,0.0,11.29,13.93,14.57,,14.57,-30.0,0.37,0.21,0.41
763.5478880405426,30,0.0,11.25,13.93,14.57,,14.57,-30.0,0.37,0.21,0.41
764.0629019737244,30,0.0,11.29,13.93,14.57,,14.57,-30.0,0.37,0.21,0.41
764.5596103668213,30,0.0,11.29,13.93,14.57,,14.57,-30.0,0.37,0.21,0.41
765.0570452213287,30,0.0,11.29,13.93,14.57,,14.57,-30.0,0.37,0.21,0.41
765.5612435340881,30,0.0,11.29,13.93,14.57,,14.57,-30.0,0.37,0.21,0.41
766.0595138072968,30,0.0,11.29,13.93,14.57,,14.57,-30.0,0.37,0.21,0.41
766.5606293678284,30,0.0,11.29,13.93,14.57,,14.57,-30.0,0.37,0.21,0.41
767.0713629722595,30,0.0,11.29,13.93,14.57,,14.57,-30.0,0.37,0.21,0.41
767.5693538188934,30,0.0,11.29,13.93,14.57,,14.57,-30.0,0.37,0.21,0.41
768.0667226314545,30,0.0,11.29,13.93,14.57,,14.57,-30.0,0.37,0.21,0.41
768.568953037262,30,0.0,11.29,13.93,14.57,,14.57,-30.0,0.37,0.21,0.41
769.0706512928009,30,0.0,11.29,13.93,14.53,,14.53,-30.0,0.37,0.21,0.41
769.5730979442596,30,0.0,11.29,13.9,14.57,,14.57,-30.0,0.37,0.21,0.41
770.073481798172,30,0.0,11.29,13.9,14.57,,14.57,-30.0,0.37,0.21,0.41
770.5787436962128,30,0.0,11.29,13.9,14.57,,14.57,-30.0,0.37,0.21,0.41
771.0734179019928,30,0.0,11.29,13.93,14.57,,14.57,-30.0,0.37,0.21,0.41
771.5730316638947,30,0.0,11.29,13.93,14.57,,14.57,-30.0,0.37,0.21,0.41
772.0720942020416,30,0.0,11.25,13.93,14.57,,14.57,-30.0,0.37,0.21,0.41
772.572096824646,30,0.0,11.25,13.93,14.57,,14.57,-30.0,0.37,0.21,0.41
773.086216211319,30,0.0,11.25,13.93,14.57,,14.57,-30.0,0.36,0.21,0.41
773.5837767124176,30,0.0,11.25,13.93,14.57,,14.57,-30.0,0.36,0.21,0.41
774.0838096141815,30,0.0,11.25,13.9,14.57,,14.57,-30.0,0.36,0.21,0.41
774.5822069644928,30,0.0,11.25,13.93,14.57,,14.57,-30.0,0.36,0.21,0.41
775.0842869281769,30,0.0,11.25,13.93,14.57,,14.57,-30.0,0.36,0.21,0.41
775.5807108879089,30,0.0,11.25,13.93,14.57,,14.57,-30.0,0.36,0.21,0.41
776.0947532653809,30,0.0,11.25,13.93,14.57,,14.57,-30.0,0.36,0.21,0.41
776.5948264598846,30,0.0,11.25,13.93,14.61,,14.61,-30.0,0.36,0.21,0.41
777.0964500904083,30,0.0,11.25,13.93,14.61,,14.61,-30.0,0.36,0.21,0.41
777.5898575782776,30,0.0,11.25,13.93,14.57,,14.57,-30.0,0.36,0.21,0.41
778.0874834060669,30,0.0,11.2,13.93,14.57,,14.57,-30.0,0.36,0.21,0.41
778.6025431156158,30,0.0,11.2,13.93,14.57,,14.57,-30.0,0.36,0.21,0.41
779.1025011539459,30,0.0,11.2,13.93,14.57,,14.57,-30.0,0.36,0.21,0.41
779.604574918747,30,0.0,11.2,13.93,14.57,,14.57,-30.0,0.36,0.21,0.41
780.1000671386719,30,0.0,11.2,13.93,14.57,,14.57,-30.0,0.36,0.21,0.41
780.6030116081238,30,0.0,11.2,13.93,14.61,,14.61,-30.0,0.36,0.21,0.42
781.1028728485107,30,0.0,11.2,13.93,14.61,,14.61,-30.0,0.36,0.21,0.42
781.6006731987,30,0.0,11.2,13.93,14.61,,14.61,-30.0,0.36,0.21,0.42
782.1000518798828,30,0.0,11.2,13.93,14.61,,14.61,-30.0,0.36,0.21,0.41
782.601322889328,30,0.0,11.2,13.93,14.61,,14.61,-30.0,0.36,0.22,0.42
783.1045291423798,30,0.0,11.25,13.93,14.61,,14.61,-30.0,0.36,0.22,0.42
783.6059417724609,30,0.0,11.2,13.93,14.61,,14.61,-30.0,0.36,0.21,0.42
784.1063792705536,30,0.0,11.25,13.93,14.61,,14.61,-30.0,0.36,0.21,0.42
784.6079654693604,30,0.0,11.2,13.93,14.61,,14.61,-30.0,0.36,0.21,0.42
785.1063041687012,30,0.0,11.2,13.93,14.61,,14.61,-30.0,0.36,0.21,0.41
785.6182601451874,30,0.0,11.25,13.93,14.61,,14.61,-30.0,0.36,0.21,0.41
786.1168024539948,30,0.0,11.25,13.93,14.57,,14.57,-30.0,0.36,0.21,0.41
786.6181840896606,30,0.0,11.25,13.93,14.61,,14.61,-30.0,0.36,0.21,0.41
787.1152086257935,30,0.0,11.25,13.93,14.61,,14.61,-30.0,0.36,0.21,0.41
787.6149761676788,30,0.0,11.2,13.93,14.61,,14.61,-30.0,0.36,0.21,0.41
788.1275918483734,30,0.0,11.2,13.93,14.61,,14.61,-30.0,0.36,0.21,0.41
788.6290121078491,30,0.0,11.2,13.93,14.61,,14.61,-30.0,0.36,0.21,0.42
789.1240222454071,30,0.0,11.2,13.93,14.61,,14.61,-30.0,0.36,0.21,0.41
789.6251492500305,30,0.0,11.2,13.93,14.61,,14.61,-30.0,0.36,0.21,0.42
790.1271343231201,30,0.0,11.2,13.93,14.61,,14.61,-30.0,0.36,0.21,0.42
790.6269507408142,30,0.0,11.2,13.93,14.61,,14.61,-30.0,0.36,0.21,0.42
791.1259264945984,30,0.0,11.16,13.93,14.61,,14.61,-30.0,0.36,0.21,0.42
791.6282949447632,30,0.0,11.2,13.93,14.61,,14.61,-30.0,0.36,0.21,0.42
792.1260511875153,30,0.0,11.16,13.93,14.61,,14.61,-30.0,0.36,0.21,0.42
792.6394383907318,30,0.0,11.2,13.93,14.61,,14.61,-30.0,0.36,0.21,0.42
793.1403996944427,30,0.0,11.16,13.93,14.61,,14.61,-30.0,0.36,0.21,0.42
793.6386468410492,30,0.0,11.16,13.93,14.61,,14.61,-30.0,0.36,0.21,0.42
794.1352405548096,30,0.0,11.2,13.93,14.65,,14.65,-30.0,0.36,0.21,0.42
794.6342270374298,30,0.0,11.2,13.93,14.65,,14.65,-30.0,0.36,0.21,0.42
795.1331450939178,30,0.0,11.2,13.93,14.61,,14.61,-30.0,0.36,0.21,0.42
795.6477632522583,30,0.0,11.2,13.93,14.65,,14.65,-30.0,0.36,0.21,0.42
796.1504580974579,30,0.0,11.2,13.93,14.65,,14.65,-30.0,0.36,0.21,0.42
796.6485152244568,30,0.0,11.2,13.93,14.65,,14.65,-30.0,0.36,0.21,0.42
797.1463820934296,30,0.0,11.2,13.93,14.65,,14.65,-30.0,0.36,0.21,0.42
797.6449837684631,30,0.0,11.2,13.93,14.65,,14.65,-30.0,0.36,0.21,0.42
798.1499171257019,30,0.0,11.2,13.93,14.65,,14.65,-30.0,0.36,0.21,0.42
798.6518867015839,30,0.0,11.2,13.93,14.65,,14.65,-30.0,0.36,0.21,0.42
799.1472284793854,30,0.0,11.2,13.93,14.65,,14.65,-30.0,0.36,0.21,0.42
799.6449813842773,30,0.0,11.2,13.93,14.65,,14.65,-30.0,0.36,0.21,0.42
800.1456882953644,30,0.0,11.2,13.93,14.65,,14.65,-30.0,0.36,0.21,0.42
800.658528804779,30,0.0,11.16,13.93,14.65,,14.65,-30.0,0.35,0.21,0.42
801.1707711219788,30,0.0,11.2,13.93,14.65,,14.65,-30.0,0.36,0.21,0.42
801.6638391017914,30,0.0,11.2,13.93,14.65,,14.65,-30.0,0.36,0.21,0.42
802.15078997612,30,0.0,11.25,13.93,14.65,,14.65,-30.0,0.36,0.21,0.42
802.6650562286377,30,0.0,11.2,13.93,14.65,,14.65,-30.0,0.36,0.21,0.42
803.163072347641,30,0.0,11.2,13.93,14.65,,14.65,-30.0,0.36,0.21,0.42
803.6617608070374,30,0.0,11.25,13.9,14.65,,14.65,-30.0,0.36,0.21,0.42
804.1613249778748,30,0.0,11.2,13.93,14.65,,14.65,-30.0,0.36,0.21,0.42
804.672201871872,30,0.0,11.2,13.93,14.65,,14.65,-30.0,0.36,0.21,0.42
805.1705873012543,30,0.0,11.2,13.9,14.65,,14.65,-30.0,0.36,0.21,0.42
805.6691353321075,30,0.0,11.2,13.9,14.65,,14.65,-30.0,0.36,0.21,0.42
806.1675686836243,30,0.0,11.2,13.93,14.65,,14.65,-30.0,0.36,0.21,0.42
806.6690983772278,30,0.0,11.2,13.9,14.65,,14.65,-30.0,0.36,0.21,0.42
807.1677896976471,30,0.0,11.2,13.9,14.65,,14.65,-30.0,0.36,0.21,0.42
807.6673367023468,30,0.0,11.2,13.9,14.65,,14.65,-30.0,0.36,0.21,0.42
808.1669187545776,30,0.0,11.25,13.9,14.61,,14.61,-30.0,0.36,0.21,0.42
808.681880235672,30,0.0,11.25,13.9,14.61,,14.61,-30.0,0.36,0.21,0.42
809.183559179306,30,0.0,11.25,13.9,14.61,,14.61,-30.0,0.36,0.21,0.42
809.6838538646698,30,0.0,11.25,13.9,14.61,,14.61,-30.0,0.36,0.21,0.42
810.1829879283905,30,0.0,11.25,13.9,14.61,,14.61,-30.0,0.36,0.21,0.42
810.6840696334839,30,0.0,11.25,13.9,14.61,,14.61,-30.0,0.36,0.21,0.42
811.1832900047302,30,0.0,11.2,13.9,14.61,,14.61,-30.0,0.36,0.21,0.42
811.6834173202515,30,0.0,11.2,13.9,14.61,,14.61,-30.0,0.36,0.21,0.42
812.1796209812164,30,0.0,11.2,13.9,14.61,,14.61,-30.0,0.36,0.21,0.42
812.6806061267853,30,0.0,11.25,13.9,14.61,,14.61,-30.0,0.36,0.21,0.42
813.1949095726013,30,0.0,11.2,13.9,14.61,,14.61,-30.0,0.36,0.21,0.42
813.6953504085541,30,0.0,11.2,13.9,14.61,,14.61,-30.0,0.36,0.21,0.42
814.1945405006409,30,0.0,11.2,13.9,14.61,,14.61,-30.0,0.36,0.21,0.42
814.6914730072021,30,0.0,11.25,13.93,14.61,,14.61,-30.0,0.36,0.21,0.42
815.1934978961945,30,0.0,11.25,13.93,14.61,,14.61,-30.0,0.36,0.21,0.42
815.6921465396881,30,0.0,11.25,13.9,14.61,,14.61,-30.0,0.36,0.21,0.42
816.1893095970154,30,0.0,11.25,13.9,14.61,,14.61,-30.0,0.36,0.21,0.42
816.7030267715454,30,0.0,11.25,13.9,14.61,,14.61,-30.0,0.36,0.21,0.42
817.203572511673,30,0.0,11.25,13.9,14.61,,14.61,-30.0,0.36,0.21,0.42
817.7027354240417,30,0.0,11.25,13.93,14.61,,14.61,-30.0,0.36,0.21,0.42
818.2004399299622,30,0.0,11.2,13.93,14.61,,14.61,-30.0,0.36,0.21,0.42
818.7010834217072,30,0.0,11.25,13.93,14.61,,14.61,-30.0,0.36,0.21,0.42
819.1981709003448,30,0.0,11.25,13.93,14.61,,14.61,-30.0,0.36,0.21,0.42
819.7107837200165,30,0.0,11.25,13.93,14.61,,14.61,-30.0,0.36,0.21,0.42
820.2075390815735,30,0.0,11.25,13.93,14.61,,14.61,-30.0,0.36,0.21,0.42
820.7083015441895,30,0.0,11.25,13.93,14.61,,14.61,-30.0,0.36,0.21,0.42
821.2071652412415,30,0.0,11.25,13.93,14.61,,14.61,-30.0,0.36,0.21,0.42
821.7057995796204,30,0.0,11.25,13.9,14.61,,14.61,-30.0,0.36,0.21,0.42
822.2054266929626,30,0.0,11.25,13.9,14.61,,14.61,-30.0,0.36,0.21,0.41
822.7043790817261,30,0.0,11.25,13.9,14.61,,14.61,-30.0,0.36,0.21,0.41
823.2082626819611,30,0.0,11.25,13.9,14.57,,14.57,-30.0,0.36,0.21,0.41
823.7200517654419,30,0.0,11.25,13.9,14.57,,14.57,-30.0,0.36,0.21,0.41
824.2183568477631,30,0.0,11.25,13.9,14.57,,14.57,-30.0,0.36,0.21,0.41
824.7189586162567,30,0.0,11.25,13.9,14.57,,14.57,-30.0,0.36,0.21,0.41
825.2194101810455,30,0.0,11.25,13.9,14.57,,14.57,-30.0,0.36,0.21,0.41
825.7196865081787,30,0.0,11.25,13.9,14.57,,14.57,-30.0,0.36,0.21,0.41
826.2183158397675,30,0.0,11.25,13.9,14.57,,14.57,-30.0,0.36,0.21,0.41
826.7191054821014,30,0.0,11.25,13.9,14.57,,14.57,-30.0,0.36,0.21,0.41
827.218076467514,30,0.0,11.25,13.9,14.57,,14.57,-30.0,0.36,0.21,0.41
827.7189586162567,30,0.0,11.25,13.9,14.57,,14.57,-30.0,0.36,0.21,0.41
828.2335169315338,30,0.0,11.25,13.93,14.57,,14.57,-30.0,0.36,0.21,0.41
828.7346332073212,30,0.0,11.25,13.93,14.57,,14.57,-30.0,0.36,0.21,0.41
829.2326400279999,30,0.0,11.25,13.93,14.57,,14.57,-30.0,0.36,0.21,0.41
829.731392621994,30,0.0,11.25,13.93,14.57,,14.57,-30.0,0.36,0.21,0.41
830.2293422222137,30,0.0,11.2,13.93,14.57,,14.57,-30.0,0.36,0.21,0.41
830.7280142307281,30,0.0,11.25,13.93,14.57,,14.57,-30.0,0.36,0.21,0.41
831.2285940647125,30,0.0,11.25,13.9,14.57,,14.57,-30.0,0.36,0.21,0.41
831.7291889190674,30,0.0,11.2,13.9,14.57,,14.57,-30.0,0.36,0.21,0.41
832.2458927631378,30,0.0,11.25,13.93,14.57,,14.57,-30.0,0.36,0.21,0.41
832.7459101676941,30,0.0,11.25,13.93,14.57,,14.57,-30.0,0.36,0.21,0.41
833.2439801692963,30,0.0,11.2,13.93,14.57,,14.57,-30.0,0.36,0.21,0.41
833.7432124614716,30,0.0,11.2,13.93,14.57,,14.57,-30.0,0.36,0.21,0.41
834.2413110733032,30,0.0,11.2,13.93,14.61,,14.61,-30.0,0.36,0.21,0.41
834.7413854598999,30,0.0,11.2,13.93,14.57,,14.57,-30.0,0.36,0.21,0.41
835.2398924827576,30,0.0,11.2,13.93,14.57,,14.57,-30.0,0.36,0.21,0.41
835.7538914680481,30,0.0,11.2,13.93,14.57,,14.57,-30.0,0.36,0.21,0.41
836.2508261203766,30,0.0,11.2,13.9,14.57,,14.57,-30.0,0.36,0.21,0.41
836.7482190132141,30,0.0,11.2,13.9,14.57,,14.57,-30.0,0.36,0.21,0.41
837.2488634586334,30,0.0,11.2,13.9,14.61,,14.61,-30.0,0.36,0.21,0.41
837.7484636306763,30,0.0,11.2,13.9,14.61,,14.61,-30.0,0.36,0.21,0.41
838.2485949993134,30,0.0,11.2,13.9,14.61,,14.61,-30.0,0.36,0.21,0.41
838.7502264976501,30,0.0,11.2,13.9,14.57,,14.57,-30.0,0.36,0.21,0.41
839.2634575366974,30,0.0,11.2,13.9,14.57,,14.57,-30.0,0.36,0.21,0.41
839.7664773464203,30,0.0,11.2,13.9,14.57,,14.57,-30.0,0.36,0.21,0.41
840.2620053291321,30,0.0,11.2,13.9,14.57,,14.57,-30.0,0.36,0.21,0.41
840.7623550891876,30,0.0,11.2,13.9,14.57,,14.57,-30.0,0.36,0.21,0.41
841.2600741386414,30,0.0,11.2,13.9,14.57,,14.57,-30.0,0.36,0.21,0.41
841.757082939148,30,0.0,11.2,13.9,14.57,,14.57,-30.0,0.36,0.21,0.42
842.257732629776,30,0.0,11.2,13.9,14.57,,14.57,-30.0,0.36,0.21,0.42
842.7710499763489,30,0.0,11.2,13.9,14.57,,14.57,-30.0,0.36,0.21,0.41
843.2696897983551,30,0.0,11.2,13.9,14.57,,14.57,-30.0,0.36,0.21,0.41
843.7711589336395,30,0.0,11.2,13.9,14.57,,14.57,-30.0,0.36,0.21,0.41
844.2729814052582,30,0.0,11.2,13.9,14.57,,14.57,-30.0,0.36,0.21,0.41
844.7725918292999,30,0.0,11.2,13.9,14.57,,14.57,-30.0,0.36,0.21,0.41
845.2713265419006,30,0.0,11.2,13.9,14.57,,14.57,-30.0,0.36,0.21,0.41
845.7713384628296,30,0.0,11.2,13.9,14.57,,14.57,-30.0,0.36,0.21,0.41
846.2834429740906,30,0.0,11.2,13.9,14.57,,14.57,-30.0,0.36,0.21,0.41
846.7829859256744,30,0.0,11.2,13.9,14.57,,14.57,-30.0,0.36,0.21,0.41
847.2835321426392,30,0.0,11.25,13.9,14.57,,14.57,-30.0,0.36,0.21,0.41
847.782744884491,30,0.0,11.25,13.9,14.57,,14.57,-30.0,0.36,0.21,0.41
848.2815527915955,30,0.0,11.2,13.9,14.57,,14.57,-30.0,0.36,0.21,0.41
848.7835505008698,30,0.0,11.2,13.9,14.57,,14.57,-30.0,0.36,0.21,0.41
849.282390832901,30,0.0,11.2,13.9,14.57,,14.57,-30.0,0.36,0.21,0.41
849.7795870304108,30,0.0,11.2,13.9,14.57,,14.57,-30.0,0.36,0.21,0.41
850.2811796665192,30,0.0,11.2,13.9,14.57,,14.57,-30.0,0.36,0.21,0.41
850.779620885849,30,0.0,11.2,13.9,14.57,,14.57,-30.0,0.36,0.21,0.41
851.2924122810364,30,0.0,11.2,13.9,14.57,,14.57,-30.0,0.36,0.21,0.41
851.790450334549,30,0.0,11.2,13.9,14.57,,14.57,-30.0,0.36,0.21,0.41
852.2899129390717,30,0.0,11.2,13.9,14.57,,14.57,-30.0,0.36,0.21,0.41
852.7945213317871,30,0.0,11.2,13.9,14.57,,14.57,-30.0,0.36,0.21,0.41
853.2944643497467,30,0.0,11.2,13.9,14.57,,14.57,-30.0,0.36,0.21,0.41
853.7911152839661,30,0.0,11.2,13.9,14.57,,14.57,-30.0,0.36,0.21,0.41
854.2942712306976,30,0.0,11.2,13.9,14.57,,14.57,-30.0,0.36,0.21,0.41
854.7915976047516,30,0.0,11.2,13.9,14.57,,14.57,-30.0,0.36,0.21,0.41
855.3049547672272,30,0.0,11.2,13.9,14.57,,14.57,-30.0,0.36,0.21,0.41
855.8024587631226,30,0.0,11.2,13.9,14.57,,14.57,-30.0,0.36,0.21,0.41
856.2998640537262,30,0.0,11.2,13.9,14.57,,14.57,-30.0,0.36,0.21,0.41
856.8011238574982,30,0.0,11.2,13.9,14.57,,14.57,-30.0,0.36,0.21,0.41
857.2999269962311,30,0.0,11.2,13.9,14.57,,14.57,-30.0,0.36,0.21,0.41
857.7988104820251,30,0.0,11.2,13.9,14.57,,14.57,-30.0,0.36,0.21,0.41
858.3001024723053,30,0.0,11.2,13.9,14.57,,14.57,-30.0,0.36,0.21,0.41
858.8124661445618,30,0.0,11.2,13.9,14.57,,14.57,-30.0,0.36,0.21,0.41
859.3140892982483,30,0.0,11.2,13.9,14.57,,14.57,-30.0,0.36,0.21,0.41
859.8119971752167,30,0.0,11.2,13.9,14.57,,14.57,-30.0,0.36,0.21,0.41
860.3113257884979,30,0.0,11.2,13.9,14.57,,14.57,-30.0,0.36,0.2,0.41
860.8125123977661,30,0.0,11.2,13.9,14.57,,14.57,-30.0,0.36,0.21,0.41
861.3109748363495,30,0.0,11.2,13.9,14.57,,14.57,-30.0,0.36,0.21,0.41
861.8112285137177,30,0.0,11.2,13.9,14.57,,14.57,-30.0,0.36,0.21,0.41
862.3225059509277,30,0.0,11.2,13.9,14.57,,14.57,-30.0,0.36,0.21,0.41
862.8188865184784,30,0.0,11.2,13.9,14.57,,14.57,-30.0,0.36,0.21,0.41
863.3181269168854,30,0.0,11.2,13.9,14.57,,14.57,-30.0,0.36,0.21,0.41
863.8194994926453,30,0.0,11.2,13.9,14.57,,14.57,-30.0,0.36,0.21,0.41
864.3187742233276,30,0.0,11.2,13.9,14.57,,14.57,-30.0,0.36,0.21,0.41
864.8174088001251,30,0.0,11.2,13.9,14.57,,14.57,-30.0,0.36,0.21,0.41
865.3321666717529,30,0.0,11.2,13.9,14.57,,14.57,-30.0,0.36,0.21,0.41
865.8289995193481,30,0.0,11.2,13.9,14.57,,14.57,-30.0,0.36,0.21,0.41
866.3298149108887,30,0.0,11.2,13.9,14.57,,14.57,-30.0,0.36,0.21,0.41
866.8407030105591,30,0.0,11.2,13.9,14.57,,14.57,-30.0,0.36,0.21,0.41
867.3269183635712,30,0.0,11.2,13.9,14.57,,14.57,-30.0,0.36,0.21,0.41
867.8259890079498,30,0.0,11.2,13.9,14.57,,14.57,-30.0,0.36,0.21,0.41
868.3381049633026,30,0.0,11.2,13.9,14.57,,14.57,-30.0,0.36,0.21,0.41
868.8385531902313,30,0.0,11.2,13.9,14.57,,14.57,-30.0,0.36,0.21,0.41
869.3381178379059,30,0.0,11.2,13.9,14.57,,14.57,-30.0,0.36,0.21,0.41
869.8358461856842,30,0.0,11.2,13.9,14.57,,14.57,-30.0,0.36,0.21,0.41
870.3404314517975,30,0.0,11.2,13.9,14.57,,14.57,-30.0,0.36,0.21,0.41
870.8424384593964,30,0.0,11.2,13.9,14.57,,14.57,-30.0,0.36,0.21,0.41
871.3391330242157,30,0.0,11.2,13.9,14.57,,14.57,-30.0,0.36,0.21,0.41
871.8365032672882,30,0.0,11.2,13.9,14.57,,14.57,-30.0,0.36,0.21,0.41
872.3495223522186,30,0.0,11.2,13.9,14.57,,14.57,-30.0,0.36,0.21,0.41
872.8511996269226,30,0.0,11.2,13.9,14.57,,14.57,-30.0,0.36,0.21,0.41
873.3458406925201,30,0.0,11.2,13.9,14.57,,14.57,-30.0,0.36,0.21,0.41
873.8458149433136,30,0.0,11.2,13.9,14.57,,14.57,-30.0,0.36,0.21,0.41
874.3457770347595,30,0.0,11.2,13.9,14.57,,14.57,-30.0,0.36,0.21,0.41
874.8465876579285,30,0.0,11.16,13.9,14.57,,14.57,-30.0,0.36,0.21,0.41
875.360916852951,30,0.0,11.16,13.9,14.57,,14.57,-30.0,0.36,0.21,0.41
875.857768535614,30,0.0,11.16,13.93,14.57,,14.57,-30.0,0.36,0.21,0.41
876.3556799888611,30,0.0,11.16,13.9,14.57,,14.57,-30.0,0.36,0.21,0.41
876.8499767780304,30,0.0,11.16,13.9,14.57,,14.57,-30.0,0.35,0.21,0.41
877.3654284477234,30,0.0,11.2,13.9,14.57,,14.57,-30.0,0.35,0.21,0.41
877.8612067699432,30,0.0,11.2,13.9,14.57,,14.57,-30.0,0.35,0.21,0.41
878.361147403717,30,0.0,11.2,13.9,14.57,,14.57,-30.0,0.36,0.21,0.41
878.8575160503387,30,0.0,11.16,13.9,14.57,,14.57,-30.0,0.35,0.21,0.41
879.3756356239319,30,0.0,11.16,13.9,14.57,,14.57,-30.0,0.35,0.21,0.41
879.8603849411011,30,0.0,11.16,13.9,14.57,,14.57,-30.0,0.35,0.21,0.41
880.3599281311035,30,0.0,11.16,13.9,14.57,,14.57,-30.0,0.35,0.21,0.41
880.8709733486176,30,0.0,11.16,13.86,14.53,,14.53,-30.0,0.35,0.21,0.41
881.3686652183533,30,0.0,11.16,13.9,14.57,,14.57,-30.0,0.35,0.2,0.41
881.8710596561432,30,0.0,11.16,13.9,14.53,,14.53,-30.0,0.35,0.2,0.41
882.3730309009552,30,0.0,11.16,13.9,14.57,,14.57,-30.0,0.35,0.2,0.41
882.8706715106964,30,0.0,11.16,13.9,14.53,,14.53,-30.0,0.35,0.2,0.41
883.3666062355042,30,0.0,11.16,13.86,14.57,,14.57,-30.0,0.35,0.2,0.41
883.8811423778534,30,0.0,11.16,13.9,14.57,,14.57,-30.0,0.35,0.2,0.41
884.3787972927094,30,0.0,11.16,13.86,14.57,,14.57,-30.0,0.35,0.2,0.41
884.8766787052155,30,0.0,11.16,13.86,14.53,,14.53,-30.0,0.35,0.2,0.41
885.377418756485,30,0.0,11.2,13.86,14.53,,14.53,-30.0,0.36,0.2,0.41
885.8765134811401,30,0.0,11.16,13.86,14.53,,14.53,-30.0,0.36,0.2,0.41
886.3768031597137,30,0.0,11.16,13.86,14.53,,14.53,-30.0,0.36,0.2,0.41
886.8774924278259,30,0.0,11.2,13.86,14.53,,14.53,-30.0,0.36,0.2,0.41
887.3897907733917,30,0.0,11.2,13.86,14.53,,14.53,-30.0,0.36,0.2,0.41
887.8918750286102,30,0.0,11.2,13.86,14.53,,14.53,-30.0,0.36,0.2,0.41
888.3886697292328,30,0.0,11.2,13.9,14.53,,14.53,-30.0,0.36,0.2,0.41
888.8886971473694,30,0.0,11.2,13.9,14.53,,14.53,-30.0,0.36,0.21,0.41
889.388772726059,30,0.0,11.16,13.86,14.53,,14.53,-30.0,0.36,0.21,0.41
889.8872833251953,30,0.0,11.16,13.86,14.53,,14.53,-30.0,0.35,0.2,0.41
890.389132976532,30,0.0,11.16,13.86,14.53,,14.53,-30.0,0.36,0.2,0.41
890.902717590332,30,0.0,11.2,13.9,14.53,,14.53,-30.0,0.36,0.2,0.41
891.3996362686157,30,0.0,11.16,13.86,14.53,,14.53,-30.0,0.36,0.2,0.41
891.8949820995331,30,0.0,11.16,13.86,14.53,,14.53,-30.0,0.35,0.2,0.41
892.396053314209,30,0.0,11.16,13.86,14.53,,14.53,-30.0,0.35,0.2,0.41
892.8927733898163,30,0.0,11.2,13.86,14.53,,14.53,-30.0,0.35,0.2,0.41
893.394289970398,30,0.0,11.2,13.86,14.53,,14.53,-30.0,0.35,0.2,0.41
893.8963415622711,30,0.0,11.2,13.86,14.53,,14.53,-30.0,0.36,0.2,0.41
894.4071276187897,30,0.0,11.16,13.86,14.53,,14.53,-30.0,0.36,0.2,0.41
894.9043231010437,30,0.0,11.16,13.86,14.53,,14.53,-30.0,0.35,0.2,0.41
895.4026122093201,30,0.0,11.16,13.86,14.53,,14.53,-30.0,0.36,0.2,0.41
895.9133763313293,30,0.0,11.2,13.86,14.53,,14.53,-30.0,0.36,0.2,0.41
896.4159781932831,30,0.0,11.16,13.86,14.53,,14.53,-30.0,0.36,0.2,0.41
896.914365530014,30,0.0,11.16,13.86,14.53,,14.53,-30.0,0.36,0.2,0.41
897.4118385314941,30,0.0,11.2,13.86,14.53,,14.53,-30.0,0.36,0.2,0.41
