time,T1,T2,T3
0,21,21,21
3.15544362088405e-30,21.0003084011814,21.0000009151142,21.0000000042088
7.8154129790401e-07,21.0012228172884,21.0000072502122,21.0000000665496
4.68924778742406e-06,21.002727328224,21.0000242334275,21.0000003329546
2.42277802350243e-05,21.0048063562681,21.0000568887363,21.0000010399666
0.000121920442473026,21.0074446590712,21.0001100414859,21.0000025092475
0.000610383753663032,21.010627322789,21.0001883237919,21.0000051422964
0.00305270030961306,21.014339755356,21.0002961798091,21.0000094153715
0.0152642830893632,21.0185676798939,21.0004378708774,21.0000158746082
0.076322196988114,21.0232971282539,21.0006174805476,21.0000251313281
0.381611766481868,21.0285144346893,21.0008389194871,21.0000378575327
0.5,21.0342062296547,21.0011059302698,21.0000547815762
1,21.0403594337321,21.0014220920528,21.0000766840108
1.5,21.0469612516779,21.0017908251416,21.0001043935999
2,21.0539991665911,21.0022153954461,21.0001387834936
2.5,21.061460934199,21.0026989188319,21.0001807675614
3,21.0693345772582,21.0032443653657,21.0002312968764
3.5,21.0776083800687,21.0038545634605,21.0002913563467
4,21.0862708830988,21.0045322039208,21.0003619614896
4.5,21.0953108777186,21.0052798438907,21.0004441553423
5,21.1047174010398,21.0060999107072,21.0005390055067
5.5,21.1144797308597,21.0069947056602,21.0006476013225
6,21.1245873807078,21.0079664076619,21.0007710511648
6.5,21.1350300949916,21.0090170768272,21.0009104798621
7,21.1457978442416,21.0101486579677,21.0010670262304
7.5,21.1568808204515,21.0113629839999,21.0012418407198
8,21.1682694325128,21.0126617792714,21.0014360831699
8.5,21.1799543017423,21.0140466628049,21.0016509206701
9,21.1919262574991,21.0155191514638,21.0018875255209
9.5,21.2041763328911,21.0170806630393,21.0021470732936
10,21.2166957605675,21.0187325192627,21.0024307409844
10.5,21.229475968597,21.0204759487423,21.0027397052596
11,21.2425085764293,21.022312089829,21.0030751407891
11.5,21.2557853909379,21.0242419934099,21.0034382186649
12,21.2692984025436,21.0262666256341,21.0038301049018
12.5,21.283039781416,21.0283868705689,21.0042519590169
13,21.2970018737518,21.0306035327918,21.0047049326859
13.5,21.3111771981288,21.0329173399162,21.0051901684726
14,21.3255584419336,21.0353289450547,21.0057087986299
14.5,21.3401384578614,21.0378389292207,21.0062619439686
15,21.3549102604869,21.0404478036689,21.0068507127927
15.5,21.3698670229049,21.0431560121774,21.0074761998981
16,21.3850020734378,21.0459639332722,21.008139485632
16.5,21.4003088924119,21.0488718823943,21.0088416350121
17,21.4157811089967,21.0518801140133,21.0095836969015
17.5,21.4314124981097,21.0549888236856,21.0103667032392
18,21.4471969773839,21.0581981500609,21.0111916683226
18.5,21.4631286041959,21.0615081768373,21.0120595881401
19,21.4792015727551,21.0649189346655,21.0129714397534
19.5,21.4954102112517,21.0684304030047,21.0139281807255
20,21.511748979062,21.0720425119298,21.0149307485939
20.5,21.5282124640116,21.0757551438923,21.0159800603873
21,21.5447953796927,21.0795681354355,21.017077012183
21.5,21.5614925628369,21.083481278864,21.0182224787047
22,21.5782989707408,21.0874943238708,21.0194173129579
22.5,21.5952096787439,21.0916069791209,21.0206623459025
23,21.6122198777585,21.095818913793,21.0219583861597
23.5,21.6293248718479,21.1001297590814,21.0233062197536
24,21.646520075856,21.1045391096573,21.0247066098839
24.5,21.6638010130835,21.1090465250915,21.0261602967302
25,21.6811633130117,21.1136515312388,21.0276679972854
25.5,21.6986027090732,21.1183536215861,21.029230405218
26,21.716115036467,21.1231522585634,21.0308481907607
26.5,21.7336962300186,21.12804687482,21.0325220006252
27,21.7513423220833,21.1330368744658,21.0342524579417
27.452742042206,21.7690494404924,21.1381216342793,21.0360401622217
27.4527420422062,21.7868138065408,21.1433005048818,21.0378856893437
27.4527420422065,21.8046317330163,21.1485728118807,21.0397895915602
27.5,21.8224996222679,21.1539378569801,21.0417523975245
27.5472579577935,21.8404139643145,21.1593949190616,21.0437746123381
27.6417738733806,21.8583713349915,21.1649432552346,21.0458567176155
27.8308057045548,21.8763683941352,21.1705821018579,21.0479991715673
28,21.8944018838041,21.1763106755321,21.0502024090999
28.5,21.9124686265372,21.1821281740647,21.0524668419308
29,21.9305655236466,21.1880337774078,21.0547928587191
29.5,21.9486895535456,21.1940266485687,21.0571808252101
30,21.9668377701111,21.2001059344958,21.0596310843941
30.5,21.9850073010788,21.2062707669378,21.0621439566767
31,22.0031953464715,21.2125202632792,21.0647197400622
31.5,22.0213991770594,21.2188535273513,21.0673587103481
32,22.0396161328517,21.2252696502195,21.0700611213298
32.5,22.0578436216194,21.2317677109479,21.072827205016
33,22.0760791174476,21.2383467773416,21.075657171853
33.5,22.094320159318,21.2450059066667,21.0785512109585
34,22.11256434972,21.2517441463494,21.0815094903627
34.5,22.1308093532902,21.258560534654,21.0845321572583
35,22.1490528954802,21.2654541013406,21.0876193382565
35.5,22.1672927612504,21.2724238683032,21.0907711396506
36,22.1855267937924,21.2794688501881,21.0939876476855
36.5,22.2037528932755,21.286588054994,21.0972689288323
37,22.2219690156207,21.2937804846529,21.1006150300696
37.5,22.2401731712982,21.301045135594,21.1040259791678
38,22.2583634241508,21.308380999289,21.1075017849795
38.5,22.2765378902406,21.3157870627816,21.1110424377325
39,22.2946947367197,21.3232623091991,21.1146479093278
39.5,22.3128321807233,21.3308057182489,21.1183181536394
40,22.3309484882885,21.3384162666976,21.1220531068177
40.5,22.3490419732895,21.3460929288368,21.1258526875959
41,22.3671109964,21.3538346769325,21.129716797598
41.5,22.3851539640752,21.3616404816593,21.1336453216483
42,22.4031693275534,21.3695093125218,21.1376381280838
42.5,22.4211555818801,21.3774401382608,21.1416950690662
43,22.4391112649507,21.3854319272469,21.1458159808966
43.5,22.4570349565733,21.3934836478598,21.1500006843299
44,22.4749252775515,21.4015942688554,21.1542489848898
44.5,22.4927808887845,21.4097627597205,21.1585606731847
45,22.5106004903874,21.4179880910142,21.1629355252228
45.5,22.5283828208286,21.4262692346987,21.1673733027274
46,22.546126656085,21.4346051644574,21.1718737534521
46.5,22.5638308088152,21.4429948560022,21.1764366114949
47,22.5814941275488,21.4514372873693,21.1810615976115
47.1965875330868,22.5991154958936,21.4599314392049,21.1857484195283
47.1965875330873,22.6166938317579,21.46847629504,21.1904967722532
47.1965875330877,22.6342280865902,21.4770708415548,21.1953063383861
47.5,22.6517172446328,21.4857140688335,21.2001767884271
47.8034124669123,22.6691603221929,21.4944049706093,21.2051077810838
48,22.6865563669272,21.5031425445001,21.2100989635761
48.5,22.7039044571416,21.5119257922346,21.2151499719397
49,22.7212037011063,21.5207537198701,21.2202604313271
49.5,22.7384532363835,21.529625338001,21.2254299563072
50,22.7556522291706,21.5385396619592,21.2306581511614
50.5,22.7727998736558,21.5474957120061,21.2359446101787
51,22.7898953913876,21.5564925135168,21.2412889179472
51.5,22.8069380306575,21.5655290971559,21.2466906496438
52,22.823927065895,21.5746044990468,21.2521493713208
52.5,22.8408617970757,21.5837177609321,21.2576646401901
53,22.8577415491411,21.5928679303286,21.2632360049041
53.5,22.874565671431,21.6020540606735,21.2688630058343
54,22.8913335371274,21.6112752114654,21.2745451753465
54.5,22.9080445427102,21.6205304483973,21.2802820380734
55,22.9246981074236,21.6298188434846,21.2860731111832
55.5,22.9412936727545,21.6391394751853,21.2919179046465
56,22.9578307019209,21.6484914285156,21.2978159214989
56.5,22.9743086793718,21.6578737951586,21.3037666581004
57,22.9907271102968,21.6672856735674,21.3097696043924
57.5,23.0070855201463,21.6767261690633,21.3158242441504
58,23.0233834541614,21.6861943939278,21.3219300552343
58.5,23.0396204769145,21.6956894674895,21.3280865098342
59,23.0557961718579,21.7052105162066,21.3342930747137
59.5,23.0719101408837,21.7147566737431,21.3405492114496
59.9999999999995,23.0879620038915,21.7243270810417,21.3468543766682
60,23.1039513983655,21.7339208863906,21.3532080222773
60.0000000000005,23.119877978961,21.7435372454871,21.3596095956964
60.5,23.1357414170991,21.7531753214955,21.3660585400816
61,23.1515414005695,21.7628342851021,21.3725542945484
61.5,23.1672776331429,21.7725133145644,21.3790962943899
62,23.1829498341899,21.782211595758,21.3856839712928
62.5,23.1985577383094,21.7919283222184,21.3923167535484
63,23.2141010949638,21.8016626951795,21.398994066261
63.5,23.2295796681225,21.8114139236082,21.4057153315529
64,23.2449932359123,21.8211812242357,21.4124799687652
64.5,23.260341590276,21.8309638215854,21.4192873946559
65,23.2756245366372,21.8407609479969,21.4261370235938
65.5,23.2908418935731,21.8505718436476,21.4330282677494
66,23.3059934924937,21.8603957565703,21.4399605372819
66.5,23.3210791773279,21.8702319426686,21.4469332405237
67,23.3360988042161,21.8800796657286,21.45394578416
67.5,23.3510522412095,21.8899381974285,21.4609975734062
68,23.365939367976,21.8998068173447,21.4680880121814
68.5,23.3807600755116,21.9096848129559,21.4752165032783
69,23.3955142658587,21.9195714796442,21.4823824485306
69.5,23.4102018518299,21.9294661206937,21.4895852489758
70,23.4248227567381,21.9393680472875,21.4968243050158
70.5,23.4393769141316,21.9492765785007,21.5040990165735
71,23.4538642675359,21.9591910412932,21.5114087832465
71.5,23.4682847702,21.9691107704986,21.5187530044573
72,23.4826383848486,21.9790351088123,21.5261310796005
72.5,23.49692508344,21.9889634067765,21.5335424081867
73,23.5111448469281,21.998895022764,21.5409863899832
73.5,23.5252976650303,22.0088293229602,21.5484624251515
74,23.5393835360004,22.0187656813423,21.555969914382
74.5,23.5534024664061,22.0287034796581,21.5635082590254
75,23.5673544709111,22.0386421074022,21.5710768612207
75.5,23.5812395720622,22.0485809617908,21.578675124021
76,23.5950578000811,22.0585194477349,21.5863024515156
76.5,23.6088091926603,22.0684569778127,21.5939582489496
77,23.6224937947636,22.078392972239,21.60164192284
77.5,23.6361116584307,22.0883268588351,21.6093528810898
78,23.6496628425868,22.0982580729959,21.6170905330983
78.5,23.663147412855,22.1081860576566,21.6248542898693
79,23.6765654413738,22.1181102632576,21.6326435641162
79.5,23.6899170066185,22.1280301477086,21.6404577703642
80,23.7032021932257,22.1379451763517,21.64829632505
80.5,23.7164210918226,22.1478548219227,21.6561586466189
81,23.7295737988593,22.1577585645126,21.6640441556192
81.5,23.7426604164451,22.1676558915265,21.6719522747936
82,23.7556810521881,22.1775462976434,21.6798824291684
82.5,23.7686358190388,22.1874292847733,21.6878340461403
83,23.7815248351366,22.1973043620149,21.6958065555603
83.5,23.7943482236597,22.2071710456118,21.7037993898154
84,23.8071061126788,22.2170288589078,21.7118119839074
84.5,23.8197986350135,22.226877332302,21.7198437755302
85,23.832425928092,22.2367160032025,21.7278942051437
85.5,23.844988133814,22.2465444159802,21.7359627160461
86,23.8574853984164,22.2563621219216,21.7440487544436
86.5,23.8699178723424,22.2661686791807,21.7521517695179
87,23.8822857101127,22.2759636527312,21.7602712134912
87.5,23.8945890702005,22.2857466143169,21.7684065416896
88,23.9068281149089,22.2955171424032,21.7765572126038
88.5,23.9190030102505,22.3052748221264,21.784722687948
89,23.9311139258305,22.3150192452443,21.7929024327164
89.5,23.9431610347318,22.324750010085,21.8010959152379
90,23.9551445134033,22.334466721496,21.8093026072286
90.5,23.9670645415497,22.3441689907928,21.8175219838428
91,23.9789213020252,22.3538564357072,21.825753523721
91.5,23.990714980728,22.3635286803356,21.8339967090374
92,24.0024457664982,22.3731853550862,21.8422510255438
92.5,24.014113851018,22.3828260966267,21.8505159626136
93,24.0257194287135,22.3924505478317,21.8587910132823
93.5,24.0372626966594,22.4020583577297,21.867075674287
94,24.0487438544855,22.4116491814496,21.875369446104
94.5,24.0601631042852,22.4212226801681,21.8836718329851
95,24.0715206505268,22.4307785210554,21.891982342991
95.5,24.0828166999655,22.4403163772226,21.9003004880247
96,24.094051461559,22.4498359276672,21.9086257838617
96.5,24.1052251463839,22.4593368572197,21.9169577501799
97,24.1163379675541,22.4688188564902,21.9252959105867
97.5,24.1273901401419,22.4782816218136,21.9336397926459
98,24.1383818810999,22.4877248551969,21.9419889279017
98.5,24.1493134091855,22.4971482642642,21.9503428519025
99,24.1601849448864,22.5065515622036,21.9587011042224
99.5,24.1709967103486,22.5159344677131,21.9670632284813
100,24.1817489293057,22.5252967049466,21.9754287723645
100.5,24.1924418270094,22.5346380034602,21.9837972876395
101,24.2030756301628,22.5439580981587,21.9921683301729
101.5,24.2136505668539,22.5532567292416,22.000541459945
102,24.2241668664916,22.5625336421498,22.0089162410638
102.5,24.2346247597431,22.571788587512,22.017292241777
103,24.2450244784721,22.5810213210916,22.0256690344834
103.5,24.2553662556793,22.5902316037331,22.034046195743
104,24.265650325444,22.5994192013092,22.0424233062857
104.5,24.2758769228669,22.6085838846678,22.050799951019
105,24.2860462840143,22.6177254295795,22.0591757190348
105.5,24.2961586458642,22.6268436166846,22.0675502036145
106,24.3062142462529,22.6359382314408,22.0759230022335
106.5,24.3162133238231,22.6450090640709,22.0842937165648
107,24.326156117974,22.654055909511,22.0926619524812
107.5,24.3360428688112,22.6630785673581,22.1010273200566
108,24.3458738170993,22.672076841819,22.1093894335662
108.5,24.3556492042147,22.6810505416586,22.1177479114866
109,24.3653692720998,22.6899994801487,22.1261023764935
109.5,24.3750342632182,22.6989234750171,22.1344524554597
110,24.3846444205117,22.7078223483967,22.1427977794518
110.5,24.3941999873572,22.7166959267754,22.1511379837261
111,24.4037012075258,22.7255440409453,22.1594727077235
111.5,24.4131483251419,22.7343665259532,22.1678015950637
112,24.4225415846444,22.7431632210509,22.1761242935389
112.5,24.4318812307478,22.7519339696452,22.184440455106
113,24.4411675084052,22.7606786192495,22.1927497358788
113.5,24.4504006627714,22.7693970214344,22.2010517961192
114,24.4595809391679,22.7780890317792,22.2093463002275
114.5,24.4687085830476,22.7867545098239,22.2176329167321
115,24.4777838399617,22.7953933190208,22.2259113182788
115.5,24.4868069555264,22.804005326687,22.234181181619
116,24.495778175391,22.8125904039569,22.2424421875978
116.5,24.5046977452066,22.8211484257352,22.2506940211407
117,24.5135659105959,22.82967927065,22.2589363712407
117.5,24.5223829171235,22.8381828210067,22.267168930944
118,24.531149010267,22.8466589627411,22.2753913973353
118.5,24.5398644353892,22.8551075853744,22.2836034715231
119,24.5485294377105,22.863528581967,22.2918048586237
119.5,24.5571442622825,22.8719218490737,22.2999952677451
120,24.565709153962,22.8802872866989,22.3081744119706
120.5,24.5742243573862,22.8886247982518,22.3163420083411
121,24.5826901169477,22.8969342905021,22.3244977778383
121.5,24.591106676771,22.9052156735367,22.3326414453657
122,24.5994742806894,22.9134688607156,22.340772739731
122.5,24.6077931722224,22.921693768629,22.3488913936265
123,24.6160635945535,22.9298903170542,22.3569971436102
123.5,24.6242857905095,22.9380584289134,22.3650897300858
124,24.6324600025395,22.9461980302313,22.3731688972829
124.5,24.6405864726947,22.9543090500933,22.3812343932364
125,24.6486654426091,22.9623914206042,22.3892859697656
125.5,24.6566971534804,22.9704450768465,22.3973233824531
126,24.6646818460518,22.9784699568404,22.4053463906235
126.5,24.6726197605938,22.9864660015027,22.4133547573215
127,24.6805111368871,22.9944331546067,22.4213482492899
127.5,24.6883562142058,23.0023713627431,22.429326636947
128,24.6961552313007,23.0102805752796,22.4372896943641
128.5,24.7039084263839,23.0181607443226,22.445237199243
129,24.7116160371132,23.0260118246781,22.453168932892
129.5,24.7192783005774,23.0338337738134,22.4610846802034
130,24.7268954532814,23.041626551819,22.4689842296292
130.5,24.7344677311327,23.0493901213709,22.4768673731578
131,24.7419953694278,23.0571244476935,22.4847339062894
131.5,24.7494786028388,23.0648294985221,22.4925836280123
132,24.756917665401,23.0725052440666,22.5004163407782
132.5,24.7643127905002,23.0801516569753,22.5082318504774
133,24.7716642108613,23.0877687122983,22.5160299664146
133.5,24.7789721585367,23.0953563874527,22.5238105012835
134,24.7862368648948,23.1029146621864,22.5315732711417
134.5,24.7934585606096,23.1104435185441,22.5393180953858
135,24.8006374756503,23.1179429408318,22.547044796726
135.5,24.8077738392712,23.1254129155831,22.5547532011604
136,24.8148678800022,23.132853431525,22.5624431379496
136.5,24.8219198256391,23.1402644795443,22.570114439591
137,24.8289299032351,23.1476460526547,22.5777669417931
137.5,24.8358983390917,23.1549981459631,22.5854004834495
138,24.8428253587506,23.1623207566377,22.5930149066129
138.5,24.8497111869856,23.1696138838754,22.6006100564693
139,24.8565560477948,23.17687752887,22.6081857813121
139.5,24.8633601643935,23.1841116947803,22.6157419325151
140,24.8701237592064,23.1913163866993,22.6232783645075
140.5,24.8768470538614,23.1984916116227,22.6307949347468
141,24.8835302691827,23.2056373784186,22.6382915036927
141.5,24.8901736251846,23.2127536977972,22.6457679347812
142,24.8967773410653,23.2198405822803,22.6532240943979
142.5,24.9033416352012,23.2268980461726,22.6606598518517
143,24.9098667251414,23.2339261055311,22.6680750793486
143.5,24.9163528276024,23.2409247781373,22.6754696519653
144,24.9228001584632,23.2478940834674,22.6828434476227
144.5,24.9292089327599,23.2548340426646,22.6901963470598
145,24.9355793646821,23.2617446785107,22.6975282338073
145.5,24.9419116675674,23.2686260153981,22.7048389941611
146,24.9482060538984,23.2754780793029,22.7121285171562
146.5,24.9544627352978,23.2823008977572,22.7193966945406
147,24.9606819225253,23.2890944998221,22.7266434207485
147.5,24.9668638254739,23.2958589160618,22.7338685928747
148,24.9730086531664,23.3025941785166,22.7410721106482
148.5,24.9791166137526,23.3093003206771,22.7482538764061
149,24.9851879145062,23.3159773774589,22.7554137950677
149.5,24.991222761822,23.3226253851767,22.7625517741081
150,24.9972213612135,23.3292443815193,22.7696677235328
150.5,25.0031839173103,23.3358344055251,22.7767615558515
151,25.0091106338561,23.3423954975569,22.7838331860523
151.5,25.0150017137065,23.3489276992785,22.7908825315762
152,25.020857358827,23.3554310536299,22.7979095122911
152.5,25.0266777702917,23.3619056048043,22.8049140504667
153,25.0324631482812,23.3683513982243,22.8118960707484
153.5,25.0382136920815,23.3747684805187,22.8188555001325
154,25.0439296000827,23.3811568994999,22.8257922679405
154.5,25.0496110697777,23.3875167041413,22.8327063057939
155,25.0552582977615,23.3938479445547,22.8395975475892
155.5,25.0608714797298,23.4001506719686,22.8464659294731
156,25.0664508104791,23.4064249387061,22.8533113898169
156.5,25.0719964839054,23.4126707981637,22.8601338691924
157,25.0775086930039,23.4188883047897,22.8669333103466
157.5,25.082987629869,23.4250775140636,22.8737096581776
158,25.0884334856936,23.4312384824748,22.8804628597098
158.5,25.0938464507693,23.4373712675029,22.8871928640695
159,25.0992267144864,23.4434759275966,22.893899622461
159.5,25.1045744653338,23.4495525221543,22.9005830881418
160,25.1098898908994,23.4556011115044,22.9072432163994
160.5,25.1151731778706,23.4616217568852,22.9138799645266
161,25.1204245120343,23.4676145204265,22.9204932917985
161.5,25.1256440782779,23.4735794651299,22.9270831594481
162,25.1308320605895,23.4795166548504,22.9336495306434
162.5,25.1359886420589,23.4854261542778,22.9401923704637
163,25.1411140048787,23.4913080289185,22.9467116458764
163.5,25.1462083303443,23.4971623450773,22.953207325714
164,25.1512717988559,23.5029891698396,22.9596793806509
164.5,25.156304589919,23.5087885710538,22.9661277831809
165,25.1613068821458,23.5145606173143,22.9725525075941
165.5,25.1662788532562,23.5203053779437,22.9789535299546
166,25.1712206800794,23.5260229229764,22.985330828078
166.5,25.1761325385552,23.531713323142,22.9916843815091
167,25.1810146037354,23.5373766498481,22.9980141715
167.5,25.1858670497853,23.5430129751649,23.0043201809877
168,25.1906900499856,23.5486223718088,23.0106023945725
168.5,25.1954837767338,23.5542049131263,23.0168607984963
169,25.2002484015459,23.5597606730789,23.0230953806211
169.5,25.2049840950584,23.5652897262274,23.0293061304075
170,25.2096910270303,23.5707921477167,23.0354930388935
170.5,25.2143693663444,23.5762680132609,23.0416560986732
171,25.2190192810101,23.5817173991284,23.0477953038764
171.5,25.2236409381649,23.5871403821275,23.0539106501471
172,25.2282345040766,23.5925370395917,23.0600021346234
172.5,25.2328001441455,23.5979074493659,23.0660697559168
173,25.2373380229068,23.6032516897921,23.0721135140918
173.5,25.2418483040325,23.6085698396957,23.0781334106459
174,25.2463311503336,23.6138619783718,23.0841294484893
174.5,25.2507867237632,23.619128185572,23.0901016319255
175,25.2552151854179,23.6243685414908,23.0960499666309
175.5,25.259616695541,23.6295831267529,23.1019744596359
176,25.2639914135246,23.6347720224001,23.1078751193051
176.5,25.2683394979122,23.6399353098788,23.1137519553183
177,25.2726611064012,23.6450730710274,23.119604978651
177.5,25.2769563958457,23.6501853880637,23.1254342015559
178,25.2812255222587,23.6552723435732,23.1312396375439
178.5,25.2854686408153,23.660334020497,23.1370213013656
179,25.289685905855,23.6653705021196,23.1427792089927
179.5,25.2938774708846,23.6703818720579,23.1485133775997
180,25.2980434885809,23.6753682142492,23.1542238255457
180.5,25.3021841107935,23.6803296129401,23.1599105723566
181,25.3062994885478,23.6852661526754,23.1655736387072
181.5,25.3103897720475,23.690177918287,23.1712130464032
182,25.3144551106778,23.6950649948832,23.1768288183641
182.5,25.318495653008,23.699927467838,23.1824209786056
183,25.3225115467948,23.7047654227805,23.1879895522224
183.5,25.3265029389849,23.7095789455848,23.193534565371
184,25.3304699757182,23.7143681223597,23.1990560452531
184.5,25.3344128023307,23.7191330394384,23.2045540200986
185,25.3383315633576,23.723873783369,23.210028519149
185.5,25.3422264025362,23.7285904409046,23.2154795726412
186,25.3460974628092,23.7332830989937,23.2209072117908
186.5,25.3499448863273,23.7379518447708,23.2263114687763
187,25.3537688144529,23.7425967655471,23.231692376723
187.5,25.3575693877628,23.7472179488012,23.237049969687
188,25.3613467460515,23.7518154821703,23.2423842826397
188.5,25.3651010283342,23.7563894534413,23.2476953514524
189,25.3688323728502,23.7609399505418,23.2529832128804
189.5,25.3725409170657,23.765467061532,23.2582479045484
190,25.3762267976774,23.7699708745956,23.263489464935
190.5,25.3798901506154,23.774451478032,23.2687079333578
191,25.3835311110465,23.7789089602477,23.2739033499588
191.5,25.3871498133773,23.7833434097487,23.2790757556896
192,25.3907463912578,23.7877549151321,23.2842251922969
192.5,25.3943209775841,23.7921435650783,23.2893517023083
193,25.3978737045021,23.7965094483438,23.294455329018
193.5,25.4014047034105,23.8008526537531,23.2995361164726
194,25.4049141049641,23.8051732701914,23.3045941094576
194.5,25.4084020390771,23.8094713865975,23.3096293534832
195,25.4118686349265,23.8137470919563,23.3146418947709
195.5,25.4153140209551,23.8180004752918,23.3196317802399
196,25.418738324875,23.8222316256603,23.324599057494
196.5,25.4221416736707,23.8264406321432,23.3295437748082
197,25.4255241936027,23.8306275838408,23.3344659811155
197.5,25.4288860102105,23.8347925698651,23.3393657259944
198,25.432227248316,23.8389356793335,23.3442430596557
198.5,25.4355480320268,23.8430570013626,23.3490980329303
199,25.4388484847396,23.8471566250616,23.3539306972562
199.5,25.4421287291434,23.8512346395261,23.3587411046666
200,25.4453888872226,23.8552911338325,23.3635293077773
200.5,25.4486290802608,23.8593261970314,23.3682953597748
201,25.4518494288438,23.863339918142,23.3730393144044
201.5,25.4550500528628,23.8673323861464,23.377761225958
202,25.458231071518,23.8713036899838,23.3824611492632
202.5,25.4613926033217,23.875253918545,23.3871391396706
203,25.4645347661017,23.8791831606668,23.3917952530436
203.5,25.4676576770044,23.8830915051268,23.3964295457459
204,25.4707614524985,23.886979040638,23.4010420746314
204.5,25.4738462083779,23.8908458558436,23.4056328970325
205,25.4769120597652,23.894692039312,23.4102020707493
205.5,25.479959121115,23.8985176795317,23.4147496540388
206,25.4829875062172,23.9023228649065,23.4192757056046
206.5,25.4859973282001,23.9061076837503,23.4237802845859
207,25.4889886995338,23.9098722242832,23.4282634505472
207.5,25.4919617320336,23.9136165746258,23.4327252634681
208,25.4949165368632,23.9173408227955,23.4371657837331
208.5,25.4978532245376,23.9210450567015,23.4415850721217
209,25.5007719049271,23.9247293641408,23.445983189798
209.5,25.50367268726,23.9283938327934,23.4503601983015
210,25.5065556801259,23.9320385502187,23.4547161595371
210.5,25.5094209914792,23.9356636038508,23.4590511357654
211,25.5122687286421,23.9392690809947,23.4633651895934
211.5,25.5150989983079,23.9428550688223,23.4676583839654
212,25.5179119065444,23.9464216543686,23.4719307821534
212.5,25.5207075587967,23.9499689245274,23.476182447748
213,25.5234860598908,23.9534969660483,23.4804134446497
213.5,25.5262475140369,23.9570058655324,23.4846238370599
214,25.5289920248321,23.9604957094288,23.488813689472
214.5,25.531719695264,23.9639665840314,23.4929830666628
215,25.5344306277137,23.967418575475,23.497132033684
215.5,25.537124923959,23.9708517697323,23.5012606558538
216,25.5398026851777,23.9742662526103,23.5053689987485
216.5,25.5424640119505,23.9776621097472,23.5094571281941
217,25.5451090042645,23.9810394266092,23.5135251102586
217.5,25.547737761516,23.9843982884872,23.5175730112436
218,25.5503503825138,23.9877387804942,23.5216008976766
218.5,25.5529469654822,23.9910609875616,23.525608836303
219,25.5555276080644,23.9943649944371,23.5295968940788
219.5,25.5580924073253,23.9976508856813,23.5335651381623
220,25.5606414597546,24.000918745665,23.5375136359074
220.5,25.5631748612702,24.0041686585667,23.5414424548556
221,25.5656927072209,24.0074007083696,23.5453516627291
221.5,25.5681950923895,24.0106149788592,23.5492413274232
222,25.5706821109964,24.0138115536207,23.5531115169995
222.5,25.5731538567018,24.0169905160366,23.5569622996789
223,25.5756104226093,24.020151949284,23.5607937438344
223.5,25.5780519012689,24.0232959363325,23.5646059179845
224,25.5804783846796,24.0264225599419,23.5683988907865
224.5,25.5828899642931,24.0295319026596,23.5721727310298
225,25.585286731016,24.0326240468188,23.5759275076294
225.5,25.5876687752133,24.0356990745359,23.5796632896192
226,25.5900361867114,24.038757067709,23.5833801461461
226.5,25.5923890548006,24.0417981080152,23.5870781464634
227,25.5947274682386,24.0448222769091,23.5907573599246
227.5,25.597051515253,24.0478296556204,23.5944178559776
228,25.5993612835445,24.0508203251526,23.5980597041582
228.5,25.6016568602897,24.0537943662804,23.6016829740849
229,25.603938332144,24.0567518595486,23.6052877354523
229.5,25.6062057852446,24.0596928852699,23.6088740580259
230,25.6084593052131,24.0626175235235,23.6124420116361
230.5,25.6106989771587,24.065525854153,23.6159916661728
231,25.6129248856811,24.0684179567655,23.6195230915799
231.5,25.6151371148728,24.0712939107291,23.6230363578498
232,25.6173357483225,24.0741537951722,23.626531535018
232.5,25.6195208691178,24.0769976889816,23.6300086931581
233,25.6216925598478,24.0798256708013,23.6334679023762
233.5,25.6238509026061,24.0826378190308,23.6369092328064
234,25.6259959789934,24.0854342118239,23.6403327546051
234.5,25.6281278701206,24.0882149270876,23.6437385379465
235,25.6302466566112,24.0909800424804,23.6471266530175
235.5,25.6323524186043,24.0937296354116,23.6504971700133
236,25.6344452357573,24.0964637830394,23.653850159132
236.5,25.6365251872483,24.0991825622707,23.6571856905705
237,25.6385923517795,24.101886049759,23.6605038345198
237.5,25.6406468075793,24.104574321904,23.6638046611603
238,25.642688632405,24.1072474548504,23.6670882406575
238.5,25.644717903546,24.1099055244866,23.6703546431579
239,25.6467346978261,24.1125486064442,23.673603938784
239.5,25.6487390916058,24.1151767760967,23.6768361976309
240,25.6507311607859,24.117790108559,23.6800514897617
240.5,25.6527109808093,24.1203886786861,23.6832498852031
241,25.6546786266637,24.1229725610723,23.6864314539423
241.5,25.6566341728847,24.125541830051,23.6895962659221
242,25.658577693558,24.1280965596932,23.6927443910374
242.5,25.660509262322,24.1306368238071,23.6958758991315
243,25.6624289523705,24.1331626959376,23.6989908599921
243.5,25.6643368364552,24.1356742493653,23.7020893433478
244,25.6662329868883,24.138171557106,23.7051714188641
244.5,25.6681174755448,24.14065469191,23.7082371561405
245,25.6699903738655,24.1431237262618,23.711286624706
245.5,25.6718517528589,24.1455787323793,23.7143198940167
246,25.6737016831042,24.1480197822132,23.7173370334516
246.5,25.6755402347537,24.1504469474471,23.7203381123097
247,25.6773674775348,24.1528602994961,23.7233231998064
247.5,25.6791834807532,24.1552599095071,23.7262923650708
248,25.6809883132949,24.1576458483584,23.7292456771417
248.5,25.6827820436286,24.1600181866589,23.7321832049655
249,25.6845647398083,24.1623769947477,23.7351050173923
249.5,25.6863364694757,24.1647223426946,23.7380111831733
250,25.6880972998626,24.1670543002986,23.7409017709579
250.5,25.6898472977931,24.1693729370889,23.7437768492905
251,25.6915865296863,24.1716783223233,23.746636486608
251.5,25.6933150615584,24.1739705249894,23.7494807512369
252,25.6950329590251,24.176249613803,23.7523097113905
252.5,25.6967402873041,24.1785156572091,23.7551234351661
253,25.6984371112173,24.1807687233809,23.7579219905428
253.5,25.700123495193,24.1830088802202,23.7607054453785
254,25.7017995032686,24.185236195357,23.7634738674075
254.5,25.7034651990923,24.1874507361495,23.7662273242382
255,25.705120645926,24.1896525696841,23.7689658833502
255.5,25.7067659066472,24.1918417627752,23.7716896120926
256,25.7084010437512,24.1940183819653,23.774398577681
256.5,25.7100261193539,24.196182493525,23.7770928471956
257,25.7116411951931,24.1983341634527,23.7797724875787
257.5,25.7132463326316,24.2004734574753,23.7824375656328
258,25.7148415926589,24.2026004410475,23.7850881480182
258.5,25.7164270358938,24.2047151793524,23.7877243012511
259,25.7180027225861,24.2068177373013,23.7903460917012
259.5,25.7195687126191,24.208908179534,23.7929535855899
260,25.7211250655118,24.2109865704188,23.7955468489885
260.5,25.7226718404207,24.2130529740528,23.7981259478159
261,25.7242090961425,24.2151074542616,23.8006909478367
261.5,25.7257368911158,24.2171500746002,23.8032419146599
262,25.7272552834233,24.2191808983525,23.8057789137364
262.5,25.7287643307939,24.2211999885322,23.8083020103575
263,25.7302640906051,24.2232074078823,23.8108112696533
263.5,25.7317546198846,24.2252032188758,23.8133067565907
264,25.7332359753126,24.2271874837159,23.8157885359721
264.5,25.734708213224,24.2291602643361,23.8182566724336
265,25.7361713896103,24.2311216224008,23.8207112304432
265.5,25.7376255601217,24.2330716193053,23.8231522742996
266,25.739070780069,24.2350103161761,23.8255798681305
266.5,25.7405071044258,24.2369377738716,23.8279940758914
267,25.7419345878304,24.2388540529819,23.8303949613635
267.5,25.7433532845877,24.2407592138299,23.8327825881532
268,25.7447632486716,24.2426533164707,23.83515701969
268.5,25.7461645337264,24.244536420693,23.8375183192255
269,25.7475571930691,24.2464085860186,23.839866549832
269.5,25.7489412796916,24.2482698717034,23.8422017744014
270,25.7503168462619,24.2501203367377,23.8445240556438
270.5,25.7516839451267,24.2519600398465,23.8468334560861
271,25.7530426283132,24.2537890394899,23.8491300380715
271.5,25.7543929475307,24.255607393864,23.8514138637575
272,25.7557349541728,24.2574151609005,23.8536849951155
272.5,25.7570686993193,24.2592123982683,23.8559434939294
273,25.7583942337378,24.260999163373,23.8581894217945
273.5,25.7597116078859,24.262775513358,23.8604228401168
274,25.7610208719127,24.2645415051047,23.8626438101116
274.5,25.7623220756612,24.2662971952332,23.8648523928028
275,25.7636152686694,24.2680426401027,23.867048649022
275.5,25.7649005001728,24.2697778958122,23.8692326394075
276,25.7661778191057,24.2715030182009,23.8714044244033
276.5,25.7674472741036,24.2732180628488,23.8735640642587
277,25.7687089135043,24.2749230850773,23.875711619027
277.5,25.7699627853501,24.2766181399497,23.8778471485648
278,25.7712089373896,24.2783032822719,23.8799707125317
278.5,25.7724474170792,24.2799785665928,23.8820823703889
279,25.7736782715853,24.2816440472053,23.8841821813987
279.5,25.7749015477856,24.2832997781464,23.8862702046244
280,25.7761172922709,24.2849458131981,23.8883464989286
280.5,25.777325551347,24.2865822058881,23.8904111229734
281,25.7785263710366,24.2882090094902,23.8924641352195
281.5,25.7797197970804,24.289826277025,23.8945055939255
282,25.7809058749393,24.2914340612608,23.8965355571474
282.5,25.7820846497959,24.293032414714,23.8985540827384
283,25.7832561665564,24.2946213896496,23.9005612283477
283.5,25.7844204698518,24.2962010380824,23.9025570514207
284,25.7855776040402,24.2977714117771,23.9045416091979
284.5,25.7867276132076,24.2993325622494,23.9065149587152
285,25.7878705411706,24.3008845407665,23.9084771568025
285.5,25.789006431477,24.3024273983478,23.9104282600843
286,25.7901353274081,24.3039611857656,23.9123683249786
286.5,25.7912572719802,24.3054859535458,23.9142974076967
287,25.7923723079458,24.3070017519687,23.916215564243
287.5,25.7934804777957,24.3085086310695,23.9181228504147
288,25.7945818237604,24.3100066406394,23.9200193218012
288.5,25.7956763878115,24.311495830226,23.9219050337841
289,25.7967642116635,24.3129762491339,23.9237800415369
289.5,25.7978453367754,24.3144479464259,23.9256444000244
290,25.7989198043519,24.3159109709234,23.927498164003
290.5,25.7999876553453,24.3173653712073,23.9293413880201
291,25.8010489304567,24.3188111956187,23.9311741264141
291.5,25.802103670138,24.3202484922594,23.9329964333141
292,25.8031519145929,24.3216773089932,23.9348083626398
292.5,25.8041937037786,24.3230976934463,23.9366099681013
293,25.8052290774076,24.3245096930079,23.9384013031992
293.5,25.8062580749486,24.3259133548314,23.940182421224
294,25.8072807356283,24.3273087258349,23.9419533752566
294.5,25.8082970984331,24.3286958527019,23.9437142181678
295,25.8093072021101,24.3300747818826,23.9454650026184
295.5,25.8103110851687,24.3314455595938,23.9472057810591
296,25.8113087858823,24.3328082318205,23.9489366057306
296.5,25.8123003422894,24.3341628443163,23.9506575286632
297,25.8132857921951,24.3355094426042,23.9523686016773
297.5,25.8142651731728,24.3368480719775,23.9540698763832
298,25.8152385225652,24.3381787775005,23.9557614041811
298.5,25.816205877486,24.3395016040095,23.9574432362609
299,25.817167274821,24.3408165961133,23.9591154236029
299.5,25.8181227512299,24.3421237981941,23.9607780169772
300,25.8190723431473,24.3434232544085,23.9624310669441
300.5,25.8200160867842,24.3447150086881,23.9640746238543
301,25.8209540181294,24.3459991047404,23.9657087378486
301.5,25.8218861729508,24.3472755860497,23.9673334588585
302,25.8228125867969,24.3485444958775,23.9689488366059
302.5,25.8237332949978,24.3498058772639,23.9705549206037
303,25.8246483326668,24.351059773028,23.9721517601555
303.5,25.8255577347016,24.352306225769,23.9737394043562
304,25.8264615357859,24.3535452778667,23.9753179020916
304.5,25.8273597703901,24.3547769714825,23.9768873020393
305,25.8282524727732,24.3560013485605,23.9784476526683
305.5,25.8291396769838,24.3572184508277,23.9799990022397
306,25.8300214168615,24.3584283197954,23.9815413988066
306.5,25.8308977260379,24.3596309967597,23.9830748902142
307,25.8317686379384,24.3608265228024,23.9845995241006
307.5,25.8326341857827,24.3620149387921,23.9861153478965
308,25.8334944025868,24.3631962853844,23.9876224088258
308.5,25.834349321164,24.3643706030234,23.9891207539057
309,25.8351989741257,24.3655379319421,23.9906104299472
309.5,25.8360433938833,24.3666983121637,23.992091483555
310,25.836882612649,24.3678517835016,23.9935639611282
310.5,25.8377166624372,24.3689983855611,23.9950279088605
311,25.8385455750655,24.3701381577399,23.9964833727403
311.5,25.8393693821561,24.3712711392287,23.9979303985513
312,25.8401881151371,24.3723973690124,23.999369031873
312.5,25.8410018052432,24.3735168858708,24.0007993180803
313,25.8418104835174,24.3746297283794,24.0022213023448
313.5,25.8426141808119,24.37573593491,24.0036350296345
314,25.8434129277895,24.3768355436323,24.0050405447144
314.5,25.8442067549242,24.3779285925137,24.006437892147
315,25.8449956925032,24.379015119321,24.0078271162923
315.5,25.8457797706273,24.3800951616207,24.0092082613088
316,25.8465590192123,24.3811687567802,24.0105813711533
316.5,25.8473334679902,24.3822359419683,24.0119464895815
317,25.8481031465105,24.3832967541563,24.0133036601488
317.5,25.8488680841407,24.3843512301186,24.0146529262101
318,25.8496283100681,24.3853994064337,24.0159943309207
318.5,25.8503838533005,24.3864413194851,24.0173279172364
319,25.8511347426673,24.3874770054619,24.0186537279143
319.5,25.8518810068209,24.3885065003598,24.019971805513
320,25.8526226742374,24.3895298399818,24.021282192393
320.5,25.8533597732179,24.3905470599393,24.0225849307175
321,25.8540923318896,24.3915581956525,24.0238800624523
321.5,25.8548203782067,24.3925632823516,24.0251676293671
322,25.8555439399516,24.3935623550776,24.026447673035
322.5,25.8562630447357,24.3945554486827,24.0277202348337
323,25.856977720001,24.3955425978318,24.0289853559459
323.5,25.8576879930204,24.3965238370027,24.0302430773594
324,25.8583938908995,24.3974992004874,24.0314934398681
324.5,25.8590954405768,24.3984687223925,24.032736484072
325,25.8597926688255,24.3994324366405,24.0339722503782
325.5,25.8604856022541,24.40039037697,24.0352007790012
326,25.8611742673074,24.4013425769373,24.0364221099632
326.5,25.8618586902677,24.4022890699164,24.037636283095
327,25.8625388972554,24.4032298891005,24.0388433380363
327.5,25.8632149142306,24.4041650675023,24.0400433142363
328,25.8638867669936,24.4050946379552,24.0412362509543
328.5,25.8645544811861,24.4060186331139,24.04242218726
329,25.8652180822919,24.4069370854552,24.0436011620345
329.5,25.8658775956383,24.4078500272788,24.0447732139702
330,25.8665330463968,24.4087574907085,24.0459383815719
330.5,25.8671844595839,24.4096595076923,24.0470967031572
331,25.8678318600624,24.4105561100038,24.0482482168571
331.5,25.8684752725422,24.4114473292428,24.0493929606162
332,25.869114721581,24.4123331968359,24.0505309721938
332.5,25.8697502315856,24.4132137440377,24.0516622891643
333,25.8703818268127,24.4140890019313,24.0527869489173
333.5,25.8710095313697,24.4149590014292,24.0539049886591
334,25.8716333692157,24.4158237732741,24.0550164454124
334.5,25.8722533641625,24.4166833480395,24.0561213560172
335,25.8728695398753,24.417537756131,24.0572197571317
335.5,25.8734819198737,24.4183870277864,24.0583116852325
336,25.8740905275329,24.419231193077,24.059397176615
336.5,25.8746953860838,24.4200702819084,24.0604762673948
337,25.8752965186149,24.4209043240207,24.0615489935074
337.5,25.8758939480721,24.4217333489901,24.0626153907092
338,25.8764876972607,24.422557386229,24.0636754945784
338.5,25.8770777888452,24.4233764649872,24.0647293405149
339,25.8776642453509,24.4241906143524,24.0657769637414
339.5,25.8782470891645,24.4249998632512,24.0668183993041
340,25.8788263425349,24.4258042404498,24.0678536820727
340.5,25.8794020275741,24.4266037745545,24.0688828467418
341,25.879974166258,24.4273984940131,24.0699059278309
341.5,25.8805427804274,24.4281884271149,24.0709229596853
342,25.8811078917887,24.4289736019921,24.0719339764766
342.5,25.8816695219144,24.4297540466201,24.0729390122033
343,25.8822276922447,24.4305297888186,24.0739381006917
343.5,25.8827824240877,24.4313008562522,24.074931275596
344,25.8833337386202,24.4320672764311,24.0759185703995
344.5,25.8838816568889,24.4328290767119,24.0769000184148
345,25.8844261998109,24.4335862842985,24.0778756527846
345.5,25.8849673881746,24.4343389262426,24.0788455064822
346,25.8855052426403,24.4350870294447,24.0798096123124
346.5,25.8860397837415,24.4358306206546,24.0807680029116
347,25.8865710318849,24.4365697264722,24.0817207107492
347.5,25.887099007352,24.4373043733485,24.0826677681275
348,25.8876237302991,24.438034587586,24.0836092071828
348.5,25.8881452207589,24.4387603953394,24.0845450598856
349,25.8886634986402,24.4394818226169,24.0854753580418
349.5,25.8891785837299,24.4401988952801,24.0864001332928
350,25.8896904956927,24.4409116390455,24.0873194171165
350.5,25.8901992540724,24.4416200794846,24.0882332408276
351,25.8907048782925,24.442324242025,24.0891416355786
351.5,25.8912073876569,24.4430241519512,24.0900446323601
352,25.8917068013507,24.4437198344049,24.0909422620017
352.5,25.8922031384409,24.444411314386,24.0918345551725
353,25.8926964178772,24.4450986167534,24.0927215423818
353.5,25.8931866584926,24.4457817662254,24.0936032539794
354,25.8936738790042,24.4464607873807,24.0944797201569
354.5,25.8941580980138,24.447135704659,24.0953509709477
355,25.8946393340088,24.4478065423617,24.0962170362282
355.5,25.8951176053628,24.4484733246526,24.0970779457177
356,25.8955929303361,24.4491360755584,24.0979337289798
356.5,25.8960653270768,24.4497948189699,24.0987844154226
357,25.8965348136213,24.4504495786423,24.0996300342995
357.5,25.8970014078948,24.4511003781957,24.1004706147096
358,25.8974651277122,24.4517472411165,24.1013061855987
358.5,25.8979259907789,24.4523901907574,24.1021367757597
359,25.898384014691,24.4530292503384,24.1029624138331
359.5,25.8988392169364,24.4536644429473,24.1037831283081
360,25.8992916148955,24.4542957915407,24.1045989475228
360.5,25.8997412258416,24.4549233189443,24.105409899665
361,25.9001880669414,24.4555470478539,24.1062160127728
361.5,25.9006321552564,24.4561670008358,24.1070173147353
362,25.9010735077426,24.4567832003276,24.107813833293
362.5,25.9015121412518,24.4573956686389,24.108605596039
363,25.9019480725321,24.4580044279518,24.1093926304188
363.5,25.9023813182285,24.4586095003219,24.1101749637317
364,25.9028118948833,24.4592109076785,24.110952623131
364.5,25.9032398189372,24.4598086718256,24.1117256356247
365,25.9036651067295,24.4604028144424,24.1124940280763
365.5,25.904087774499,24.4609933570842,24.1132578272051
366,25.9045078383845,24.4615803211824,24.1140170595872
366.5,25.9049253144254,24.4621637280461,24.1147717516558
367,25.9053402185623,24.4627435988618,24.1155219297021
367.5,25.9057525666378,24.4633199546947,24.1162676198758
368,25.9061623743968,24.4638928164892,24.1170088481856
368.5,25.9065696574873,24.4644622050691,24.1177456405001
369,25.906974431461,24.4650281411389,24.1184780225482
369.5,25.9073767117737,24.465590645284,24.1192060199198
370,25.9077765137863,24.4661497379714,24.1199296580664
370.5,25.9081738527648,24.4667054395503,24.1206489623018
371,25.9085687438814,24.467257770253,24.1213639578026
371.5,25.9089612022147,24.4678067501951,24.1220746696088
372,25.9093512427508,24.4683523993765,24.1227811226247
372.5,25.9097388803831,24.4688947376815,24.1234833416192
373,25.9101241299134,24.4694337848802,24.1241813512263
373.5,25.9105070060527,24.4699695606282,24.1248751759462
374,25.9108875234209,24.4705020844681,24.1255648401457
374.5,25.9112656965482,24.4710313758292,24.1262503680584
375,25.9116415398752,24.4715574540291,24.126931783786
375.5,25.9120150677536,24.4720803382733,24.1276091112985
376,25.9123862944468,24.4726000476565,24.1282823744347
376.5,25.9127552341302,24.4731166011629,24.1289515969031
377,25.9131219008921,24.473630017667,24.1296168022825
377.5,25.9134863087338,24.4741403159336,24.1302780140224
378,25.9138484715706,24.4746475146194,24.1309352554436
378.5,25.9142084032321,24.4751516322727,24.131588549739
379,25.9145661174625,24.4756526873342,24.132237919974
379.5,25.9149216279216,24.4761506981379,24.1328833890874
380,25.915274948185,24.4766456829113,24.1335249798915
380.5,25.9156260917446,24.4771376597763,24.1341627150731
381,25.9159750720094,24.4776266467492,24.134796617194
381.5,25.9163219023057,24.4781126617422,24.1354267086917
382,25.9166665958777,24.478595722563,24.1360530118794
382.5,25.9170091658881,24.4790758469159,24.1366755489476
383,25.9173496254185,24.4795530524025,24.1372943419638
383.5,25.9176879874701,24.4800273565215,24.1379094128734
384,25.9180242649637,24.4804987766704,24.1385207835004
384.5,25.9183584707408,24.4809673301448,24.139128475548
385,25.9186906175638,24.4814330341401,24.1397325105987
385.5,25.9190207181162,24.4818959057511,24.1403329101157
386,25.9193487850038,24.4823559619732,24.1409296954425
386.5,25.9196748307546,24.4828132197027,24.1415228878045
387,25.9199988678193,24.4832676957373,24.1421125083088
387.5,25.920320908572,24.4837194067767,24.1426985779449
388,25.9206409653107,24.4841683694231,24.1432811175858
388.5,25.9209590502576,24.4846146001819,24.1438601479879
389,25.9212751755596,24.4850581154618,24.1444356897919
389.5,25.9215893532887,24.4854989315759,24.1450077635233
390,25.9219015954428,24.4859370647419,24.1455763895931
390.5,25.9222119139456,24.4863725310825,24.1461415882981
391,25.9225203206475,24.4868053466263,24.1467033798215
391.5,25.9228268273261,24.487235527308,24.147261784234
392,25.923131445686,24.487663088969,24.1478168214933
392.5,25.9234341873603,24.4880880473581,24.1483685114459
393,25.9237350639099,24.4885104181316,24.1489168738265
393.5,25.9240340868248,24.4889302168543,24.1494619282593
394,25.9243312675242,24.4893474589996,24.1500036942585
394.5,25.9246266173569,24.4897621599504,24.1505421912284
395,25.9249201476018,24.4901743349991,24.1510774384642
395.5,25.9252118694684,24.4905839993485,24.1516094551529
396,25.9255017940972,24.4909911681123,24.1521382603731
396.5,25.9257899325598,24.4913958563152,24.1526638730963
397,25.92607629586,24.4917980788939,24.1531863121869
397.5,25.9263608949335,24.4921978506972,24.1537055964029
398,25.9266437406489,24.4925951864868,24.1542217443965
398.5,25.9269248438076,24.4929901009374,24.1547347747148
399,25.9272042151446,24.4933826086376,24.1552447057997
399.5,25.9274818653288,24.4937727240901,24.1557515559893
400,25.9277578049634,24.4941604617123,24.1562553435178
400.5,25.9280320445863,24.4945458358367,24.156756086516
401,25.9283045946703,24.4949288607115,24.1572538030125
401.5,25.9285754656239,24.4953095505009,24.1577485109332
402,25.9288446677915,24.4956879192857,24.158240228103
402.5,25.9291122114535,24.4960639810637,24.1587289722451
403,25.9293781068274,24.4964377497502,24.1592147609825
403.5,25.9296423640675,24.4968092391785,24.159697611838
404,25.9299049932655,24.4971784631003,24.1601775422349
404.5,25.9301660044511,24.497545435186,24.1606545694973
405,25.9304254075921,24.4979101690257,24.161128710851
405.5,25.9306832125951,24.4982726781288,24.1615999834236
406,25.9309394293054,24.4986329759253,24.1620684042451
406.5,25.9311940675078,24.4989910757657,24.1625339902488
407,25.931447136927,24.4993469909218,24.1629967582711
407.5,25.9316986472274,24.4997007345866,24.1634567250525
408,25.9319486080141,24.5000523198756,24.1639139072382
408.5,25.9321970288332,24.5004017598264,24.1643683213781
409,25.9324439191717,24.5007490673995,24.1648199839277
409.5,25.9326892884583,24.501094255479,24.1652689112483
410,25.9329331460636,24.5014373368724,24.1657151196079
410.5,25.9331755013005,24.5017783243117,24.1661586251813
411,25.9334163634246,24.5021172304533,24.1665994440506
411.5,25.9336557416342,24.5024540678787,24.167037592206
412,25.9338936450713,24.502788849095,24.167473085546
412.5,25.9341300828213,24.5031215865349,24.1679059398779
413,25.9343650639139,24.5034522925578,24.1683361709186
413.5,25.934598597323,24.5037809794494,24.1687637942945
414,25.9348306919673,24.5041076594229,24.1691888255425
414.5,25.9350613567104,24.5044323446189,24.1696112801101
415,25.9352906003615,24.5047550471059,24.1700311733563
415.5,25.9355184316755,24.505075778881,24.1704485205516
416,25.9357448593533,24.5053945518699,24.1708633368787
416.5,25.9359698920422,24.5057113779275,24.1712756374329
417,25.9361935383362,24.5060262688384,24.1716854372228
417.5,25.9364158067766,24.5063392363171,24.1720927511703
418,25.9366367058517,24.5066502920086,24.1724975941116
418.5,25.9368562439979,24.5069594474885,24.1728999807971
419,25.9370744295994,24.5072667142639,24.1732999258923
419.5,25.9372912709888,24.5075721037731,24.1736974439781
420,25.9375067764473,24.5078756273868,24.1740925495511
420.5,25.9377209542053,24.5081772964076,24.1744852570243
421,25.9379338124423,24.5084771220712,24.1748755807274
421.5,25.9381453592874,24.5087751155463,24.1752635349074
422,25.9383556028197,24.5090712879351,24.1756491337285
422.5,25.9385645510687,24.5093656502738,24.1760323912736
423,25.938772212014,24.5096582135328,24.1764133215436
423.5,25.9389785935866,24.509948988617,24.1767919384585
424,25.9391837036682,24.5102379863666,24.1771682558577
424.5,25.939387550092,24.5105252175571,24.1775422875005
425,25.9395901406433,24.5108106928996,24.1779140470663
425.5,25.9397914830589,24.5110944230417,24.1782835481551
426,25.9399915850285,24.5113764185672,24.1786508042883
426.5,25.940190454194,24.5116566899968,24.1790158289085
427,25.9403880981504,24.5119352477887,24.1793786353804
427.5,25.9405845244459,24.5122121023383,24.1797392369912
428,25.9407797405821,24.5124872639793,24.1800976469506
428.5,25.9409737540147,24.5127607429835,24.1804538783918
429,25.9411665721531,24.5130325495614,24.1808079443714
429.5,25.9413582023612,24.5133026938627,24.1811598578703
430,25.9415486519576,24.5135711859763,24.1815096317936
430.5,25.9417379282157,24.5138380359308,24.1818572789713
431,25.9419260383643,24.514103253695,24.182202812159
431.5,25.9421129895873,24.5143668491781,24.1825462440375
432,25.9422987890248,24.5146288322299,24.1828875872141
432.5,25.9424834437724,24.5148892126416,24.1832268542223
433,25.9426669608826,24.5151480001455,24.1835640575227
433.5,25.9428493473638,24.5154052044159,24.1838992095031
434,25.9430306101818,24.5156608350693,24.184232322479
434.5,25.9432107562591,24.5159149016645,24.1845634086941
435,25.9433897924757,24.5161674137031,24.1848924803204
435.5,25.9435677256693,24.5164183806299,24.1852195494589
436,25.9437445626352,24.5166678118331,24.1855446281398
436.5,25.9439203101272,24.5169157166446,24.185867728323
437,25.9440949748573,24.5171621043407,24.1861888618986
437.5,25.9442685634961,24.5174069841418,24.1865080406868
438,25.9444410826731,24.5176503652131,24.1868252764388
438.5,25.9446125389772,24.5178922566652,24.187140580837
439,25.9447829389565,24.5181326675537,24.1874539654954
439.5,25.9449522891188,24.5183716068801,24.1877654419599
440,25.9451205959317,24.5186090835919,24.1880750217087
440.5,25.9452878658232,24.518845106583,24.1883827161528
441,25.9454541051815,24.5190796846939,24.1886885366362
441.5,25.9456193203555,24.519312826712,24.1889924944363
442,25.9457835176551,24.5195445413721,24.1892946007645
442.5,25.9459467033511,24.5197748373564,24.1895948667662
443,25.9461088836759,24.5200037232953,24.1898933035214
443.5,25.9462700648233,24.5202312077671,24.190189922045
444,25.9464302529492,24.5204572992987,24.1904847332873
444.5,25.9465894541713,24.5206820063659,24.1907777481341
445,25.9467476745698,24.5209053373933,24.1910689774073
445.5,25.9469049201873,24.5211273007552,24.191358431865
446,25.9470611970293,24.5213479047755,24.191646122202
446.5,25.9472165110643,24.521567157728,24.1919320590505
447,25.9473708682239,24.5217850678368,24.1922162529796
447.5,25.9475242744034,24.5220016432766,24.1924987144966
448,25.9476767354614,24.522216892173,24.1927794540467
448.5,25.9478282572207,24.5224308226026,24.1930584820136
449,25.9479788454683,24.5226434425936,24.1933358087197
449.5,25.9481285059552,24.5228547601258,24.1936114444266
450,25.9482772443974,24.5230647831309,24.1938853993356
450.5,25.9484250664753,24.5232735194932,24.1941576835874
451,25.9485719778345,24.5234809770493,24.1944283072633
451.5,25.9487179840859,24.5236871635886,24.1946972803848
452,25.9488630908056,24.5238920868538,24.1949646129143
452.5,25.9490073035355,24.5240957545408,24.1952303147555
453,25.9491506277833,24.5242981742994,24.1954943957534
453.5,25.949293069023,24.524499353733,24.195756865695
454,25.9494346326944,24.5246993003995,24.1960177343092
454.5,25.9495753242042,24.5248980218112,24.1962770112678
455,25.9497151489257,24.525095525435,24.1965347061849
455.5,25.9498541121989,24.525291818693,24.1967908286182
456,25.9499922193312,24.5254869089624,24.1970453880684
456.5,25.9501294755972,24.5256808035761,24.1972983939805
457,25.9502658862388,24.5258735098227,24.197549855743
457.5,25.9504014564658,24.5260650349468,24.1977997826893
458,25.9505361914559,24.5262553861495,24.1980481840972
458.5,25.950670096355,24.5264445705882,24.1982950691898
459,25.950803176277,24.5266325953774,24.1985404471352
459.5,25.9509354363045,24.5268194675886,24.1987843270474
460,25.9510668814888,24.5270051942506,24.1990267179863
460.5,25.9511975168501,24.5271897823497,24.1992676289581
461,25.9513273473775,24.5273732388303,24.1995070689156
461.5,25.9514563780294,24.5275555705946,24.1997450467583
462,25.951584613734,24.5277367845032,24.1999815713332
462.5,25.9517120593886,24.5279168873755,24.2002166514344
463,25.9518387198607,24.5280958859895,24.200450295804
463.5,25.9519645999877,24.5282737870824,24.2006825131323
464,25.9520897045772,24.5284505973505,24.2009133120577
464.5,25.9522140384072,24.5286263234499,24.2011427011674
465,25.9523376062262,24.5288009719963,24.2013706889975
465.5,25.9524604127535,24.5289745495657,24.2015972840336
466,25.9525824626794,24.529147062694,24.2018224947105
466.5,25.9527037606652,24.5293185178779,24.202046329413
467,25.9528243113435,24.5294889215747,24.202268796476
467.5,25.9529441193184,24.5296582802026,24.2024899041848
468,25.9530631891655,24.5298266001411,24.2027096607755
468.5,25.9531815254324,24.5299938877312,24.2029280744349
469,25.9532991326385,24.5301601492754,24.2031451533013
469.5,25.9534160152756,24.5303253910382,24.2033609054645
470,25.9535321778077,24.5304896192461,24.2035753389661
470.5,25.9536476246711,24.530652840088,24.2037884617995
471,25.9537623602751,24.5308150597154,24.2040002819109
471.5,25.9538763890016,24.5309762842425,24.204210807199
472,25.9539897152056,24.5311365197465,24.2044200455151
472.5,25.9541023432154,24.531295772268,24.2046280046642
473,25.9542142773323,24.5314540478107,24.2048346924043
473.5,25.9543255218314,24.5316113523422,24.2050401164473
474,25.9544360809613,24.531767691794,24.2052442844591
474.5,25.9545459589446,24.5319230720616,24.2054472040599
475,25.9546551599776,24.5320774990047,24.2056488828242
475.5,25.9547636882311,24.5322309784477,24.2058493282814
476,25.9548715478499,24.5323835161796,24.2060485479161
476.5,25.9549787429534,24.5325351179545,24.2062465491678
477,25.9550852776356,24.5326857894914,24.2064433394319
477.5,25.9551911559654,24.5328355364748,24.2066389260595
478,25.9552963819863,24.5329843645548,24.2068333163577
478.5,25.9554009597173,24.533132279347,24.20702651759
479,25.9555048931524,24.5332792864333,24.2072185369765
479.5,25.9556081862609,24.5334253913616,24.2074093816939
480,25.955710842988,24.5335705996462,24.2075990588763
480.5,25.9558128672543,24.5337149167679,24.2077875756148
481,25.9559142629563,24.5338583481743,24.2079749389584
481.5,25.9560150339665,24.5340008992801,24.2081611559136
482,25.9561151841335,24.534142575467,24.2083462334451
482.5,25.9562147172825,24.5342833820841,24.2085301784759
483,25.9563136372146,24.5344233244481,24.2087129978876
483.5,25.956411947708,24.5345624078434,24.2088946985204
484,25.9565096525172,24.5347006375223,24.2090752871738
484.5,25.9566067553739,24.5348380187054,24.2092547706063
485,25.9567032599867,24.5349745565815,24.2094331555361
485.5,25.9567991700411,24.5351102563078,24.2096104486409
486,25.9568944892004,24.5352451230105,24.2097866565586
486.5,25.9569892211048,24.5353791617843,24.2099617858872
487,25.9570833693725,24.5355123776934,24.2101358431851
487.5,25.9571769375991,24.5356447757708,24.2103088349715
488,25.9572699293583,24.5357763610194,24.2104807677263
488.5,25.9573623482016,24.5359071384114,24.2106516478907
489,25.9574541976586,24.5360371128889,24.210821481867
489.5,25.9575454812374,24.536166289364,24.2109902760195
490,25.9576362024242,24.5362946727189,24.2111580366738
490.5,25.9577263646839,24.5364222678064,24.2113247701179
491,25.95781597146,24.5365490794494,24.2114904826018
491.5,25.9579050261748,24.5366751124418,24.2116551803381
492,25.9579935322295,24.5368003715483,24.211818869502
492.5,25.9580814930042,24.5369248615046,24.2119815562318
493,25.9581689118585,24.5370485870177,24.2121432466285
493.5,25.9582557921311,24.537171552766,24.2123039467569
494,25.95834213714,24.5372937633994,24.212463662645
494.5,25.9584279501831,24.5374152235394,24.2126224002848
495,25.9585132345378,24.5375359377798,24.2127801656321
495.5,25.9585979934611,24.537655910686,24.2129369646069
496,25.9586822301903,24.5377751467961,24.2130928030938
496.5,25.9587659479426,24.5378936506202,24.2132476869417
497,25.9588491499153,24.5380114266412,24.2134016219645
497.5,25.9589318392861,24.5381284793147,24.2135546139411
498,25.9590140192131,24.5382448130692,24.2137066686156
498.5,25.9590956928349,24.5383604323062,24.2138577916974
499,25.9591768632709,24.5384753414006,24.2140079888618
499.5,25.9592575336211,24.5385895447004,24.2141572657497
500,25.9593377069666,24.5387030465274,24.2143056279681
500.5,25.9594173863692,24.538815851177,24.2144530810902
501,25.9594965748722,24.5389279629184,24.2145996306557
501.5,25.9595752755,24.539039385995,24.214745282171
502,25.9596534912583,24.5391501246242,24.214890041109
502.5,25.9597312251343,24.5392601829979,24.21503391291
503,25.9598084800969,24.5393695652822,24.2151769029813
503.5,25.9598852590967,24.5394782756181,24.2153190166977
504,25.9599615650659,24.5395863181214,24.2154602594014
504.5,25.960037400919,24.5396936968826,24.2156006364026
505,25.9601127695522,24.5398004159675,24.2157401529795
505.5,25.9601876738441,24.5399064794171,24.2158788143782
506,25.9602621166554,24.5400118912478,24.2160166258135
506.5,25.9603361008293,24.5401166554515,24.2161535924685
507,25.9604096291914,24.5402207759958,24.2162897194951
507.5,25.96048270455,24.5403242568241,24.2164250120141
508,25.9605553296959,24.5404271018559,24.2165594751154
508.5,25.9606275074028,24.5405293149866,24.2166931138582
509,25.9606992404275,24.5406309000881,24.2168259332712
509.5,25.9607705315095,24.5407318610087,24.2169579383525
510,25.9608413833716,24.5408322015729,24.2170891340704
510.5,25.9609117987199,24.5409319255824,24.2172195253628
511,25.9609817802437,24.5410310368155,24.217349117138
511.5,25.9610513306157,24.5411295390272,24.2174779142748
512,25.9611204524922,24.5412274359502,24.2176059216221
512.5,25.9611891485131,24.5413247312939,24.2177331439999
513,25.9612574213022,24.5414214287454,24.2178595861989
513.5,25.9613252734668,24.5415175319692,24.2179852529807
514,25.9613927075985,24.5416130446076,24.2181101490785
514.5,25.9614597262728,24.5417079702804,24.2182342791965
515,25.9615263320491,24.5418023125857,24.2183576480107
515.5,25.9615925274714,24.5418960750994,24.2184802601687
516,25.9616583150678,24.5419892613756,24.2186021202901
516.5,25.9617236973509,24.5420818749469,24.2187232329665
517,25.9617886768178,24.5421739193242,24.2188436027616
517.5,25.9618532559502,24.5422653979971,24.2189632342118
518,25.9619174372146,24.5423563144337,24.2190821318257
518.5,25.9619812230622,24.5424466720812,24.2192003000849
519,25.9620446159291,24.5425364743657,24.2193177434438
519.5,25.9621076182364,24.5426257246922,24.2194344663297
520,25.9621702323904,24.5427144264452,24.2195504731433
520.5,25.9622324607825,24.5428025829885,24.2196657682585
521,25.9622943057892,24.5428901976651,24.2197803560229
521.5,25.9623557697727,24.542977273798,24.2198942407575
522,25.9624168550803,24.5430638146896,24.2200074267574
522.5,25.9624775640451,24.5431498236224,24.2201199182915
523,25.9625378989857,24.5432353038586,24.2202317196031
523.5,25.9625978622063,24.5433202586407,24.2203428349094
524,25.9626574559973,24.5434046911913,24.2204532684025
524.5,25.9627166826345,24.5434886047134,24.2205630242486
525,25.96277554438,24.5435720023903,24.2206721065892
525.5,25.9628340434819,24.5436548873861,24.2207805195402
526,25.9628921821744,24.5437372628454,24.2208882671929
526.5,25.9629499626779,24.5438191318936,24.2209953536137
527,25.9630073871992,24.5439004976371,24.2211017828443
527.5,25.9630644579316,24.5439813631634,24.2212075589018
528,25.9631211770546,24.5440617315408,24.2213126857793
528.5,25.9631775467346,24.5441416058193,24.2214171674453
529,25.9632335691243,24.5442209890299,24.2215210078443
529.5,25.9632892463635,24.5442998841855,24.2216242108972
530,25.9633445805786,24.5443782942801,24.2217267805007
530.5,25.9633995738829,24.5444562222898,24.221828720528
531,25.9634542283769,24.5445336711724,24.221930034829
531.5,25.9635085461477,24.5446106438675,24.22203072723
532,25.96356252927,24.5446871432969,24.2221308015341
532.5,25.9636161798056,24.5447631723646,24.2222302615214
533,25.9636694998035,24.5448387339566,24.2223291109491
533.5,25.9637224913,24.5449138309414,24.2224273535515
534,25.9637751563191,24.5449884661702,24.2225249930402
534.5,25.9638274968722,24.5450626424764,24.2226220331044
535,25.9638795149583,24.5451363626762,24.2227184774108
535.5,25.9639312125641,24.5452096295688,24.2228143296038
536,25.963982591664,24.545282445936,24.2229095933058
536.5,25.9640336542203,24.5453548145428,24.2230042721171
537,25.9640844021833,24.5454267381372,24.2230983696161
537.5,25.9641348374911,24.5454982194503,24.2231918893597
538,25.96418496207,24.5455692611968,24.2232848348828
538.5,25.9642347778344,24.5456398660746,24.2233772096991
539,25.9642842866868,24.545710036765,24.223469017301
539.5,25.9643334905181,24.5457797759331,24.2235602611594
540,25.9643823912076,24.5458490862277,24.2236509447243
540.5,25.9644309906228,24.5459179702814,24.2237410714249
541,25.9644792906199,24.5459864307104,24.2238306446691
541.5,25.9645272930435,24.5460544701154,24.2239196678444
542,25.9645749997271,24.5461220910807,24.2240081443178
542.5,25.9646224124927,24.5461892961753,24.2240960774355
543,25.964669533151,24.546256087952,24.2241834705236
543.5,25.9647163635018,24.5463224689484,24.2242703268879
544,25.9647629053335,24.5463884416862,24.2243566498142
544.5,25.9648091604237,24.5464540086719,24.224442442568
545,25.9648551305391,24.5465191723967,24.2245277083954
545.5,25.9649008174353,24.5465839353365,24.2246124505223
546,25.9649462228573,24.5466482999519,24.2246966721553
546.5,25.9649913485391,24.5467122686887,24.2247803764814
547,25.9650361962043,24.5467758439776,24.2248635666681
547.5,25.9650807675657,24.5468390282344,24.2249462458638
548,25.9651250643255,24.5469018238602,24.2250284171976
548.5,25.9651690881756,24.5469642332414,24.2251100837796
549,25.9652128407974,24.5470262587496,24.2251912487011
549.5,25.9652563238618,24.5470879027423,24.2252719150343
550,25.9652995390296,24.5471491675621,24.2253520858329
550.5,25.9653424879514,24.5472100555376,24.2254317641321
551,25.9653851722673,24.547270568983,24.2255109529484
551.5,25.9654275936077,24.5473307101984,24.22558965528
552,25.9654697535927,24.5473904814697,24.225667874107
552.5,25.9655116538326,24.547449885069,24.2257456123911
553,25.9655532959275,24.5475089232543,24.2258228730761
553.5,25.9655946814679,24.5475675982699,24.225899659088
554,25.9656358120344,24.5476259123464,24.2259759733347
554.5,25.9656766891979,24.5476838677005,24.2260518187065
555,25.9657173145196,24.5477414665356,24.2261271980763
555.5,25.9657576895511,24.5477987110416,24.2262021142992
556,25.9657978158343,24.5478556033946,24.226276570213
556.5,25.9658376949019,24.547912145758,24.2263505686383
557,25.9658773282769,24.5479683402814,24.2264241123784
557.5,25.965916717473,24.5480241891015,24.2264972042196
558,25.9659558639945,24.5480796943419,24.2265698469311
558.5,25.9659947693367,24.5481348581132,24.2266420432655
559,25.9660334349853,24.548189682513,24.2267137959582
559.5,25.966071862417,24.548244169626,24.2267851077283
560,25.9661100530997,24.5482983215244,24.2268559812781
560.5,25.9661480084917,24.5483521402674,24.2269264192936
561,25.9661857300428,24.5484056279018,24.2269964244442
561.5,25.9662232191936,24.5484587864617,24.2270659993832
562,25.966260477376,24.5485116179689,24.2271351467478
562.5,25.9662975060129,24.5485641244327,24.2272038691588
563,25.9663343065184,24.5486163078501,24.2272721692214
563.5,25.9663708802983,24.5486681702059,24.2273400495245
564,25.9664072287492,24.5487197134727,24.2274075126416
564.5,25.9664433532594,24.5487709396111,24.2274745611303
565,25.9664792552086,24.5488218505696,24.2275411975327
565.5,25.9665149359679,24.5488724482847,24.2276074243752
566,25.9665503969002,24.5489227346813,24.2276732441689
566.5,25.9665856393598,24.5489727116723,24.2277386594097
567,25.9666206646926,24.5490223811588,24.2278036725781
567.5,25.9666554742364,24.5490717450304,24.2278682861396
568,25.9666900693206,24.549120805165,24.2279325025445
568.5,25.9667244512665,24.5491695634292,24.2279963242283
569,25.9667586213872,24.549218021678,24.2280597536115
569.5,25.9667925809878,24.549266181755,24.2281227930999
570,25.9668263313653,24.5493140454926,24.2281854450847
570.5,25.9668598738086,24.5493616147119,24.2282477119424
571,25.9668932095989,24.5494088912229,24.2283095960348
571.5,25.9669263400093,24.5494558768244,24.2283710997098
572,25.9669592663052,24.5495025733043,24.2284322253004
572.5,25.9669919897441,24.5495489824394,24.2284929751258
573,25.9670245115758,24.5495951059958,24.2285533514907
573.5,25.9670568330423,24.5496409457286,24.228613356686
574,25.9670889553782,24.5496865033822,24.2286729929884
574.5,25.9671208798103,24.5497317806903,24.2287322626608
575,25.9671526075577,24.549776779376,24.2287911679523
575.5,25.9671841398323,24.5498215011518,24.2288497110982
576,25.9672154778384,24.5498659477197,24.2289078943201
576.5,25.9672466227729,24.5499101207713,24.2289657198263
577,25.9672775758252,24.5499540219878,24.2290231898113
577.5,25.9673083381776,24.54999765304,24.2290803064563
578,25.9673389110049,24.5500410155887,24.2291370719292
578.5,25.9673692954748,24.5500841112843,24.2291934883847
579,25.9673994927477,24.5501269417671,24.2292495579642
579.5,25.9674295039769,24.5501695086674,24.2293052827961
580,25.9674593303087,24.5502118136055,24.2293606649958
580.5,25.9674889728822,24.5502538581917,24.2294157066657
581,25.9675184328296,24.5502956440266,24.2294704098956
581.5,25.9675477112758,24.5503371727006,24.2295247767621
582,25.9675768093393,24.5503784457949,24.2295788093295
582.5,25.9676057281313,24.5504194648804,24.2296325096493
583,25.9676344687562,24.5504602315189,24.2296858797605
583.5,25.9676630323119,24.5505007472623,24.2297389216896
584,25.9676914198891,24.550541013653,24.2297916374507
584.5,25.9677196325721,24.550581032224,24.2298440290457
585,25.9677476714383,24.550620804499,24.2298960984642
585.5,25.9677755375588,24.5506603319922,24.2299478476836
586,25.9678032319976,24.5506996162085,24.2299992786692
586.5,25.9678307558127,24.5507386586437,24.2300503933744
587,25.9678581100551,24.5507774607843,24.2301011937405
587.5,25.9678852957696,24.5508160241077,24.230151681697
588,25.9679123139944,24.5508543500823,24.2302018591617
588.5,25.9679391657615,24.5508924401675,24.2302517280404
589,25.9679658520965,24.5509302958136,24.2303012902276
589.5,25.9679923740185,24.5509679184621,24.230350547606
590,25.9680187325404,24.5510053095458,24.2303995020467
590.5,25.968044928669,24.5510424704884,24.2304481554095
591,25.9680709634047,24.551079402705,24.2304965095429
591.5,25.968096837742,24.5511161076022,24.230544566284
592,25.9681225526689,24.5511525865777,24.2305923274585
592.5,25.9681481091677,24.5511888410208,24.2306397948811
593,25.9681735082143,24.5512248723121,24.2306869703556
593.5,25.9681987507789,24.5512606818239,24.2307338556742
594,25.9682238378255,24.5512962709199,24.2307804526188
594.5,25.9682487703122,24.5513316409557,24.2308267629598
595,25.9682735491913,24.5513667932784,24.2308727884573
595.5,25.9682981754092,24.5514017292267,24.2309185308601
596,25.9683226499064,24.5514364501313,24.2309639919068
596.5,25.9683469736175,24.5514709573147,24.231009173325
597,25.9683711474717,24.5515052520912,24.2310540768318
597.5,25.9683951723922,24.5515393357671,24.231098704134
598,25.9684190492965,24.5515732096407,24.2311430569277
598.5,25.9684427790966,24.5516068750022,24.2311871368988
599,25.9684663626987,24.551640333134,24.2312309457227
599.5,25.9684898010037,24.5516735853107,24.2312744850646
600,25.9685130949065,24.5517066327988,24.2313177565796
600.5,25.968536245297,24.5517394768572,24.2313607619127
601,25.9685592530592,24.5517721187372,24.2314035026986
601.5,25.968582119072,24.5518045596822,24.2314459805623
602,25.9686048442085,24.5518368009281,24.2314881971185
602.5,25.9686274293368,24.5518688437031,24.2315301539723
603,25.9686498753194,24.5519006892279,24.2315718527189
603.5,25.9686721830136,24.5519323387157,24.2316132949436
604,25.9686943532714,24.5519637933724,24.2316544822222
604.5,25.9687163869395,24.5519950543964,24.2316954161206
605,25.9687382848594,24.5520261229785,24.2317360981954
605.5,25.9687600478675,24.5520570003025,24.2317765299935
606,25.9687816767949,24.5520876875449,24.2318167130523
606.5,25.9688031724678,24.5521181858748,24.2318566488998
607,25.968824535707,24.5521484964543,24.2318963390547
607.5,25.9688457673286,24.5521786204382,24.2319357850264
608,25.9688668681434,24.5522085589744,24.2319749883151
608.5,25.9688878389572,24.5522383132035,24.2320139504115
609,25.9689086805711,24.5522678842594,24.2320526727976
609.5,25.968929393781,24.5522972732688,24.2320911569461
610,25.9689499793779,24.5523264813516,24.2321294043206
610.5,25.9689704381482,24.5523555096207,24.2321674163759
611,25.9689907708732,24.5523843591823,24.2322051945579
611.5,25.9690109783294,24.5524130311358,24.2322427403034
612,25.9690310612887,24.5524415265737,24.2322800550406
612.5,25.969051020518,24.5524698465818,24.232317140189
613,25.9690708567796,24.5524979922396,24.2323539971593
613.5,25.9690905708311,24.5525259646194,24.2323906273534
614,25.9691101634255,24.5525537647873,24.232427032165
614.5,25.9691296353111,24.5525813938028,24.2324632129788
615,25.9691489872314,24.5526088527189,24.2324991711715
615.5,25.9691682199257,24.5526361425818,24.2325349081109
616,25.9691873341285,24.5526632644318,24.2325704251567
616.5,25.9692063305698,24.5526902193025,24.2326057236601
617,25.9692252099751,24.5527170082211,24.2326408049643
617.5,25.9692439730654,24.5527436322088,24.232675670404
618,25.9692626205574,24.55277009228,24.2327103213057
618.5,25.9692811531633,24.5527963894435,24.232744758988
619,25.9692995715908,24.5528225247014,24.2327789847612
619.5,25.9693178765435,24.55284849905,24.2328129999277
620,25.9693360687204,24.5528743134791,24.2328468057818
620.5,25.9693541488164,24.5528999689728,24.2328804036099
621,25.9693721175219,24.5529254665089,24.2329137946907
621.5,25.9693899755232,24.5529508070592,24.2329469802947
622,25.9694077235025,24.5529759915898,24.232979961685
622.5,25.9694253621374,24.5530010210606,24.2330127401167
623,25.9694428921017,24.5530258964255,24.2330453168372
623.5,25.9694603140649,24.5530506186329,24.2330776930864
624,25.9694776286924,24.5530751886252,24.2331098700965
624.5,25.9694948366455,24.5530996073388,24.2331418490922
625,25.9695119385813,24.5531238757047,24.2331736312907
625.5,25.9695289351531,24.553147994648,24.2332052179015
626,25.96954582701,24.553171965088,24.233236610127
626.5,25.9695626147971,24.5531957879386,24.2332678091622
627,25.9695792991556,24.5532194641079,24.2332988161945
627.5,25.9695958807228,24.5532429944985,24.2333296324042
628,25.9696123601318,24.5532663800075,24.2333602589645
628.5,25.9696287380122,24.5532896215264,24.233390697041
629,25.9696450149894,24.5533127199411,24.2334209477927
629.5,25.969661191685,24.5533356761324,24.233451012371
630,25.969677268717,24.5533584909753,24.2334808919205
630.5,25.9696932466993,24.5533811653398,24.2335105875786
631,25.9697091262421,24.5534037000902,24.233540100476
631.5,25.969724907952,24.5534260960856,24.2335694317362
632,25.9697405924316,24.5534483541801,24.2335985824759
632.5,25.9697561802801,24.5534704752222,24.233627553805
633,25.9697716720928,24.5534924600552,24.2336563468266
633.5,25.9697870684612,24.5535143095174,24.2336849626368
634,25.9698023699736,24.5535360244419,24.2337134023252
634.5,25.9698175772141,24.5535576056566,24.2337416669748
635,25.9698326907638,24.5535790539844,24.2337697576617
635.5,25.9698477111997,24.553600370243,24.2337976754556
636,25.9698626390956,24.5536215552453,24.2338254214195
636.5,25.9698774750215,24.553642609799,24.2338529966099
637,25.9698922195442,24.5536635347069,24.2338804020769
637.5,25.9699068732267,24.5536843307669,24.2339076388641
638,25.9699214366287,24.5537049987719,24.2339347080087
638.5,25.9699359103064,24.5537255395101,24.2339616105415
639,25.9699502948126,24.5537459537646,24.233988347487
639.5,25.9699645906967,24.553766242314,24.2340149198636
640,25.9699787985047,24.5537864059319,24.234041328683
640.5,25.9699929187792,24.5538064453871,24.2340675749512
641,25.9700069520594,24.5538263614439,24.2340936596676
641.5,25.9700208988814,24.5538461548616,24.2341195838258
642,25.9700347597779,24.5538658263952,24.234145348413
642.5,25.9700485352782,24.5538853767947,24.2341709544107
643,25.9700622259084,24.5539048068056,24.234196402794
643.5,25.9700758321913,24.553924117169,24.2342216945323
644,25.9700893546468,24.5539433086213,24.2342468305889
644.5,25.9701027937912,24.5539623818943,24.2342718119211
645,25.9701161501378,24.5539813377154,24.2342966394807
645.5,25.9701294241967,24.5540001768075,24.2343213142132
646,25.9701426164749,24.554018899889,24.2343458370585
646.5,25.9701557274762,24.5540375076741,24.2343702089508
647,25.9701687577013,24.5540560008723,24.2343944308186
647.5,25.970181707648,24.554074380189,24.2344185035844
648,25.9701945778109,24.554092646325,24.2344424281653
648.5,25.9702073686813,24.5541107999771,24.2344662054727
649,25.970220080748,24.5541288418376,24.2344898364124
649.5,25.9702327144963,24.5541467725945,24.2345133218846
650,25.9702452704089,24.5541645929318,24.2345366627842
650.5,25.9702577489651,24.5541823035291,24.2345598600002
651,25.9702701506417,24.5541999050619,24.2345829144164
651.5,25.9702824759123,24.5542173982016,24.2346058269112
652,25.9702947252476,24.5542347836152,24.2346285983576
652.5,25.9703068991154,24.554252061966,24.234651229623
653,25.9703189979808,24.5542692339129,24.2346737215698
653.5,25.9703310223057,24.5542863001109,24.2346960750549
654,25.9703429725494,24.5543032612109,24.23471829093
654.5,25.9703548491683,24.5543201178599,24.2347403700416
655,25.9703666526161,24.5543368707009,24.2347623132309
655.5,25.9703783833435,24.5543535203727,24.234784121334
656,25.9703900417986,24.5543700675106,24.2348057951819
656.5,25.9704016284266,24.5543865127456,24.2348273356005
657,25.9704131436701,24.5544028567051,24.2348487434105
657.5,25.9704245879687,24.5544191000125,24.2348700194277
658,25.9704359617598,24.5544352432873,24.2348911644628
658.5,25.9704472654775,24.5544512871454,24.2349121793216
659,25.9704584995537,24.5544672321987,24.2349330648049
659.5,25.9704696644173,24.5544830790555,24.2349538217086
660,25.9704807604949,24.5544988283202,24.2349744508236
660.5,25.9704917882102,24.5545144805937,24.2349949529362
661,25.9705027479844,24.5545300364729,24.2350153288276
661.5,25.970513640236,24.5545454965514,24.2350355792744
662,25.970524465381,24.5545608614188,24.2350557050483
662.5,25.970535223833,24.5545761316613,24.2350757069162
663,25.9705459160028,24.5545913078614,24.2350955856405
663.5,25.9705565422987,24.554606390598,24.2351153419789
664,25.9705671031266,24.5546213804466,24.2351349766841
664.5,25.9705775988898,24.5546362779789,24.2351544905047
665,25.9705880299893,24.5546510837632,24.2351738841842
665.5,25.9705983968233,24.5546657983644,24.2351931584619
666,25.9706086997879,24.5546804223439,24.2352123140724
666.5,25.9706189392765,24.5546949562594,24.2352313517457
667,25.9706291156802,24.5547094006656,24.2352502722076
667.5,25.9706392293876,24.5547237561134,24.2352690761791
668,25.9706492807851,24.5547380231505,24.235287764377
668.5,25.9706592702565,24.5547522023212,24.2353063375137
669,25.9706691981833,24.5547662941664,24.235324796297
669.5,25.9706790649447,24.5547802992238,24.2353431414306
670,25.9706888709176,24.5547942180276,24.2353613736138
670.5,25.9706986164764,24.5548080511089,24.2353794935414
671,25.9707083019934,24.5548217989955,24.2353975019043
671.5,25.9707179278385,24.5548354622118,24.235415399389
672,25.9707274943793,24.5548490412791,24.2354331866775
672.5,25.9707370019812,24.5548625367155,24.2354508644481
673,25.9707464510072,24.5548759490359,24.2354684333745
673.5,25.9707558418184,24.554889278752,24.2354858941266
674,25.9707651747733,24.5549025263724,24.23550324737
674.5,25.9707744502285,24.5549156924025,24.2355204937661
675,25.970783668538,24.5549287773447,24.2355376339726
675.5,25.9707928300541,24.5549417816981,24.2355546686427
676,25.9708019351266,24.554954705959,24.235571598426
676.5,25.9708109841033,24.5549675506205,24.2355884239678
677,25.9708199773298,24.5549803161726,24.2356051459096
677.5,25.9708289151495,24.5549930031025,24.2356217648889
678,25.9708377979038,24.5550056118942,24.2356382815394
678.5,25.9708466259319,24.5550181430287,24.2356546964907
679,25.9708553995711,24.5550305969843,24.2356710103687
679.5,25.9708641191564,24.5550429742361,24.2356872237953
680,25.9708727850208,24.5550552752564,24.2357033373887
680.5,25.9708813974953,24.5550675005145,24.2357193517633
681,25.9708899569089,24.5550796504769,24.2357352675296
681.5,25.9708984635884,24.5550917256073,24.2357510852945
682,25.9709069178587,24.5551037263663,24.2357668056612
682.5,25.9709153200427,24.5551156532119,24.2357824292289
683,25.9709236704614,24.5551275065992,24.2357979565934
683.5,25.9709319694336,24.5551392869805,24.2358133883468
684,25.9709402172764,24.5551509948052,24.2358287250774
684.5,25.9709484143046,24.5551626305202,24.2358439673702
685,25.9709565608314,24.5551741945694,24.2358591158061
685.5,25.9709646571679,24.5551856873941,24.235874170963
686,25.9709727036234,24.5551971094329,24.2358891334148
686.5,25.9709807005051,24.5552084611215,24.2359040037321
687,25.9709886481184,24.5552197428933,24.2359187824819
687.5,25.970996546767,24.5552309551786,24.2359334702279
688,25.9710043967525,24.5552420984054,24.23594806753
688.5,25.9710121983746,24.5552531729988,24.2359625749449
689,25.9710199519314,24.5552641793814,24.2359769930259
689.5,25.971027657719,24.5552751179734,24.2359913223228
690,25.9710353160316,24.555285989192,24.2360055633819
690.5,25.9710429271618,24.5552967934521,24.2360197167464
691,25.9710504914003,24.5553075311661,24.2360337829561
691.5,25.9710580090359,24.5553182027437,24.2360477625473
692,25.9710654803559,24.5553288085921,24.2360616560531
692.5,25.9710729056454,24.5553393491161,24.2360754640035
693,25.9710802851881,24.5553498247179,24.2360891869249
693.5,25.971087619266,24.5553602357973,24.2361028253409
694,25.9710949081589,24.5553705827515,24.2361163797713
694.5,25.9711021521454,24.5553808659755,24.2361298507333
695,25.9711093515022,24.5553910858617,24.2361432387406
695.5,25.9711165065041,24.5554012428001,24.2361565443037
696,25.9711236174244,24.5554113371783,24.2361697679302
696.5,25.9711306845348,24.5554213693815,24.2361829101243
697,25.9711377081051,24.5554313397926,24.2361959713873
697.5,25.9711446884036,24.5554412487921,24.2362089522173
698,25.9711516256968,24.5554510967582,24.2362218531095
698.5,25.9711585202498,24.5554608840667,24.2362346745558
699,25.9711653723259,24.5554706110911,24.2362474170453
699.5,25.9711721821867,24.5554802782026,24.236260081064
700,25.9711789500923,24.5554898857702,24.236272667095
700.5,25.9711856763013,24.5554994341606,24.2362851756182
701,25.9711923610704,24.5555089237381,24.2362976071108
701.5,25.9711990046551,24.5555183548649,24.2363099620469
702,25.9712056073091,24.555527727901,24.2363222408978
702.5,25.9712121692844,24.555537043204,24.2363344441318
703,25.9712186908318,24.5555463011295,24.2363465722144
703.5,25.9712251722003,24.5555555020309,24.2363586256083
704,25.9712316136375,24.5555646462593,24.2363706047731
704.5,25.9712380153894,24.5555737341636,24.2363825101658
705,25.9712443777004,24.5555827660907,24.2363943422406
705.5,25.9712507008136,24.5555917423854,24.2364061014487
706,25.9712569849704,24.5556006633903,24.2364177882388
706.5,25.9712632304109,24.5556095294457,24.2364294030565
707,25.9712694373736,24.5556183408901,24.236440946345
707.5,25.9712756060956,24.5556270980599,24.2364524185446
708,25.9712817368124,24.5556358012892,24.2364638200929
708.5,25.9712878297582,24.5556444509101,24.2364751514249
709,25.9712938851658,24.555653047253,24.2364864129728
709.5,25.9712999032663,24.5556615906458,24.2364976051661
710,25.9713058842896,24.5556700814146,24.2365087284319
710.5,25.9713118284642,24.5556785198835,24.2365197831945
711,25.9713177360171,24.5556869063745,24.2365307698755
711.5,25.9713236071739,24.5556952412079,24.2365416888942
712,25.9713294421588,24.5557035247016,24.236552540667
712.5,25.9713352411947,24.5557117571719,24.2365633256079
713,25.971341004503,24.5557199389329,24.2365740441284
713.5,25.971346732304,24.5557280702971,24.2365846966373
714,25.9713524248163,24.5557361515746,24.2365952835411
714.5,25.9713580822574,24.5557441830741,24.2366058052437
715,25.9713637048432,24.5557521651019,24.2366162621464
715.5,25.9713692927887,24.5557600979629,24.2366266546482
716,25.9713748463071,24.5557679819598,24.2366369831455
716.5,25.9713803656107,24.5557758173935,24.2366472480325
717,25.9713858509101,24.5557836045631,24.2366574497007
717.5,25.9713913024149,24.5557913437658,24.2366675885393
718,25.9713967203333,24.5557990352971,24.2366776649351
718.5,25.9714021048722,24.5558066794505,24.2366876792726
719,25.9714074562372,24.5558142765178,24.2366976319339
719.5,25.9714127746328,24.5558218267889,24.2367075232986
720,25.9714180602621,24.5558293305522,24.2367173537441
720.5,25.9714233133269,24.5558367880939,24.2367271236456
721,25.9714285340279,24.5558441996988,24.2367368333757
721.5,25.9714337225644,24.5558515656498,24.2367464833049
722,25.9714388791347,24.555858886228,24.2367560738014
722.5,25.9714440039356,24.5558661617129,24.2367656052311
723,25.9714490971629,24.5558733923822,24.2367750779577
723.5,25.9714541590112,24.5558805785118,24.2367844923426
724,25.9714591896736,24.5558877203762,24.236793848745
724.5,25.9714641893425,24.5558948182478,24.2368031475218
725,25.9714691582087,24.5559018723977,24.236812389028
725.5,25.9714740964619,24.5559088830952,24.236821573616
726,25.9714790042909,24.5559158506077,24.2368307016364
726.5,25.971483881883,24.5559227752014,24.2368397734374
727,25.9714887294246,24.5559296571405,24.2368487893652
727.5,25.9714935471007,24.5559364966877,24.2368577497638
728,25.9714983350954,24.5559432941041,24.236866654975
728.5,25.9715030935915,24.5559500496491,24.2368755053387
729,25.9715078227709,24.5559567635808,24.2368843011926
729.5,25.971512522814,24.5559634361553,24.2368930428723
730,25.9715171939004,24.5559700676273,24.2369017307114
730.5,25.9715218362085,24.5559766582501,24.2369103650413
731,25.9715264499156,24.5559832082752,24.2369189461916
731.5,25.9715310351979,24.5559897179526,24.2369274744896
732,25.9715355922306,24.5559961875308,24.2369359502608
732.5,25.9715401211876,24.5560026172568,24.2369443738287
733,25.971544622242,24.556009007376,24.2369527455146
733.5,25.9715490955657,24.5560153581325,24.236961065638
734,25.9715535413295,24.5560216697685,24.2369693345164
734.5,25.9715579597031,24.5560279425251,24.2369775524653
735,25.9715623508555,24.5560341766417,24.2369857197984
735.5,25.9715667149541,24.5560403723563,24.2369938368272
736,25.9715710521659,24.5560465299054,24.2370019038616
736.5,25.9715753626563,24.556052649524,24.2370099212093
737,25.97157964659,24.5560587314459,24.2370178891763
737.5,25.9715839041306,24.5560647759031,24.2370258080667
738,25.9715881354408,24.5560707831264,24.2370336781827
738.5,25.9715923406821,24.5560767533452,24.2370414998246
739,25.9715965200152,24.5560826867873,24.2370492732908
739.5,25.9716006735996,24.5560885836793,24.2370569988781
740,25.9716048015941,24.5560944442462,24.2370646768812
740.5,25.9716089041562,24.5561002687118,24.2370723075932
741,25.9716129814426,24.5561060572985,24.2370798913052
741.5,25.9716170336091,24.5561118102273,24.2370874283067
742,25.9716210608105,24.5561175277177,24.2370949188852
742.5,25.9716250632005,24.556123209988,24.2371023633267
743,25.971629040932,24.5561288572552,24.2371097619153
743.5,25.9716329941569,24.5561344697348,24.2371171149333
744,25.9716369230262,24.5561400476412,24.2371244226612
744.5,25.97164082769,24.5561455911872,24.2371316853781
745,25.9716447082974,24.5561511005845,24.237138903361
745.5,25.9716485649965,24.5561565760434,24.2371460768855
746,25.9716523979348,24.5561620177729,24.2371532062253
746.5,25.9716562072586,24.5561674259809,24.2371602916524
747,25.9716599931133,24.5561728008737,24.2371673334374
747.5,25.9716637556436,24.5561781426566,24.2371743318488
748,25.9716674949931,24.5561834515335,24.2371812871539
748.5,25.9716712113048,24.556188727707,24.2371881996181
749,25.9716749047204,24.5561939713787,24.2371950695052
749.5,25.9716785753812,24.5561991827486,24.2372018970774
750,25.9716822234272,24.5562043620158,24.2372086825952
750.5,25.9716858489977,24.556209509378,24.2372154263176
751,25.9716894522314,24.5562146250316,24.237222128502
751.5,25.9716930332657,24.5562197091721,24.2372287894042
752,25.9716965922375,24.5562247619935,24.2372354092785
752.5,25.9717001292827,24.5562297836886,24.2372419883774
753,25.9717036445363,24.5562347744493,24.237248526952
753.5,25.9717071381327,24.556239734466,24.237255025252
754,25.9717106102052,24.5562446639282,24.2372614835253
754.5,25.9717140608865,24.556249563024,24.2372679020185
755,25.9717174903083,24.5562544319404,24.2372742809765
755.5,25.9717208986016,24.5562592708634,24.2372806206427
756,25.9717242858967,24.5562640799777,24.2372869212591
756.5,25.9717276523228,24.5562688594669,24.2372931830663
757,25.9717309980086,24.5562736095134,24.2372994063032
757.5,25.9717343230817,24.5562783302987,24.2373055912073
758,25.9717376276693,24.5562830220029,24.2373117380147
758.5,25.9717409118975,24.5562876848052,24.23731784696
759,25.9717441758918,24.5562923188835,24.2373239182764
759.5,25.9717474197768,24.556296924415,24.2373299521956
760,25.9717506436764,24.5563015015752,24.2373359489479
760.5,25.9717538477137,24.5563060505391,24.2373419087622
761,25.9717570320111,24.5563105714803,24.237347831866
761.5,25.9717601966903,24.5563150645713,24.2373537184853
762,25.9717633418721,24.5563195299838,24.2373595688449
762.5,25.9717664676765,24.5563239678882,24.237365383168
763,25.9717695742231,24.556328378454,24.2373711616766
763.5,25.9717726616304,24.5563327618496,24.2373769045913
764,25.9717757300164,24.5563371182422,24.2373826121312
764.5,25.9717787794982,24.5563414477983,24.2373882845141
765,25.9717818101923,24.5563457506832,24.2373939219567
765.5,25.9717848222145,24.556350027061,24.2373995246741
766,25.9717878156798,24.5563542770952,24.2374050928801
766.5,25.9717907907026,24.5563585009479,24.2374106267873
767,25.9717937473964,24.5563626987805,24.2374161266069
767.5,25.9717966858741,24.5563668707532,24.2374215925489
768,25.9717996062481,24.5563710170252,24.2374270248219
768.5,25.9718025086298,24.556375137755,24.2374324236332
769,25.9718053931301,24.5563792330998,24.2374377891889
769.5,25.9718082598592,24.556383303216,24.2374431216939
770,25.9718111089265,24.556387348259,24.2374484213516
770.5,25.9718139404409,24.5563913683833,24.2374536883644
771,25.9718167545104,24.5563953637423,24.2374589229333
771.5,25.9718195512427,24.5563993344885,24.2374641252582
772,25.9718223307444,24.5564032807737,24.2374692955376
772.5,25.9718250931218,24.5564072027484,24.2374744339688
773,25.9718278384804,24.5564111005624,24.2374795407481
773.5,25.9718305669249,24.5564149743646,24.2374846160703
774,25.9718332785596,24.5564188243027,24.2374896601293
774.5,25.9718359734882,24.556422650524,24.2374946731174
775,25.9718386518134,24.5564264531743,24.2374996552262
775.5,25.9718413136376,24.556430232399,24.2375046066457
776,25.9718439590625,24.5564339883422,24.237509527565
776.5,25.971846588189,24.5564377211475,24.237514418172
777,25.9718492011177,24.5564414309573,24.2375192786533
777.5,25.9718517979482,24.5564451179133,24.2375241091944
778,25.9718543787798,24.5564487821563,24.2375289099798
778.5,25.9718569437111,24.5564524238262,24.2375336811927
779,25.97185949284,24.5564560430619,24.2375384230152
779.5,25.9718620262638,24.5564596400018,24.2375431356285
780,25.9718645440793,24.5564632147832,24.2375478192123
780.5,25.9718670463828,24.5564667675424,24.2375524739454
781,25.9718695332697,24.5564702984153,24.2375571000056
781.5,25.971872004835,24.5564738075366,24.2375616975694
782,25.9718744611731,24.5564772950402,24.2375662668124
782.5,25.9718769023779,24.5564807610595,24.237570807909
783,25.9718793285426,24.5564842057266,24.2375753210325
783.5,25.9718817397598,24.5564876291732,24.2375798063551
784,25.9718841361216,24.5564910315299,24.2375842640483
784.5,25.9718865177196,24.5564944129266,24.237588694282
785,25.9718888846447,24.5564977734925,24.2375930972255
785.5,25.9718912369873,24.5565011133559,24.2375974730469
786,25.9718935748372,24.5565044326443,24.237601821913
786.5,25.9718958982838,24.5565077314845,24.2376061439901
787,25.9718982074157,24.5565110100023,24.237610439443
787.5,25.9719005023213,24.556514268323,24.2376147084359
788,25.971902783088,24.5565175065711,24.2376189511315
788.5,25.9719050498031,24.5565207248701,24.2376231676919
789,25.9719073025531,24.5565239233429,24.2376273582782
789.5,25.971909541424,24.5565271021117,24.2376315230501
790,25.9719117665013,24.5565302612978,24.2376356621668
790.5,25.9719139778701,24.5565334010219,24.2376397757863
791,25.9719161756148,24.5565365214038,24.2376438640656
791.5,25.9719183598193,24.5565396225628,24.2376479271608
792,25.971920530567,24.5565427046171,24.2376519652269
792.5,25.9719226879409,24.5565457676846,24.2376559784182
793,25.9719248320233,24.5565488118821,24.2376599668879
793.5,25.9719269628961,24.5565518373259,24.2376639307881
794,25.9719290806408,24.5565548441315,24.2376678702704
794.5,25.9719311853381,24.5565578324137,24.237671785485
795,25.9719332770686,24.5565608022867,24.2376756765814
795.5,25.971935355912,24.5565637538638,24.2376795437082
796,25.9719374219477,24.5565666872578,24.237683387013
796.5,25.9719394752548,24.5565696025806,24.2376872066426
797,25.9719415159115,24.5565724999435,24.2376910027427
797.5,25.9719435439958,24.5565753794573,24.2376947754583
798,25.9719455595853,24.5565782412318,24.2376985249334
798.5,25.9719475627568,24.5565810853763,24.2377022513112
799,25.9719495535869,24.5565839119995,24.2377059547339
799.5,25.9719515321516,24.5565867212092,24.2377096353429
800,25.9719534985265,24.5565895131127,24.2377132932788
800.5,25.9719554527866,24.5565922878167,24.2377169286811
801,25.9719573950067,24.5565950454271,24.2377205416888
801.5,25.9719593252608,24.5565977860491,24.2377241324396
802,25.9719612436228,24.5566005097875,24.2377277010708
802.5,25.9719631501659,24.5566032167462,24.2377312477185
803,25.9719650449628,24.5566059070287,24.2377347725182
803.5,25.971966928086,24.5566085807375,24.2377382756044
804,25.9719687996074,24.5566112379749,24.2377417571109
804.5,25.9719706595985,24.5566138788423,24.2377452171705
805,25.9719725081302,24.5566165034405,24.2377486559155
805.5,25.9719743452733,24.5566191118698,24.2377520734771
806,25.9719761710978,24.5566217042297,24.2377554699857
806.5,25.9719779856735,24.5566242806193,24.237758845571
807,25.9719797890698,24.5566268411369,24.237762200362
807.5,25.9719815813554,24.5566293858803,24.2377655344866
808,25.9719833625988,24.5566319149466,24.2377688480723
808.5,25.9719851328681,24.5566344284326,24.2377721412454
809,25.9719868922309,24.556636926434,24.2377754141318
809.5,25.9719886407543,24.5566394090463,24.2377786668564
810,25.9719903785052,24.5566418763644,24.2377818995433
810.5,25.9719921055499,24.5566443284824,24.2377851123161
811,25.9719938219544,24.5566467654939,24.2377883052973
811.5,25.9719955277842,24.5566491874921,24.2377914786089
812,25.9719972231045,24.5566515945693,24.237794632372
812.5,25.97199890798,24.5566539868176,24.2377977667071
813,25.9720005824751,24.5566563643283,24.2378008817337
813.5,25.9720022466537,24.5566587271921,24.2378039775709
814,25.9720039005794,24.5566610754993,24.2378070543369
814.5,25.9720055443154,24.5566634093395,24.237810112149
815,25.9720071779244,24.5566657288019,24.2378131511242
815.5,25.9720088014688,24.5566680339751,24.2378161713783
816,25.9720104150107,24.556670324947,24.2378191730267
816.5,25.9720120186116,24.5566726018052,24.237822156184
817,25.9720136123328,24.5566748646366,24.2378251209641
817.5,25.9720151962353,24.5566771135276,24.2378280674803
818,25.9720167703793,24.5566793485641,24.2378309958449
818.5,25.9720183348252,24.5566815698314,24.2378339061699
819,25.9720198896326,24.5566837774144,24.2378367985663
819.5,25.9720214348609,24.5566859713973,24.2378396731446
820,25.9720229705692,24.5566881518639,24.2378425300145
820.5,25.972024496816,24.5566903188976,24.2378453692851
821,25.9720260136598,24.5566924725809,24.2378481910648
821.5,25.9720275211583,24.5566946129963,24.2378509954614
822,25.9720290193692,24.5566967402254,24.2378537825819
822.5,25.9720305083498,24.5566988543495,24.2378565525327
823,25.9720319881568,24.5567009554492,24.2378593054196
823.5,25.9720334588468,24.5567030436048,24.2378620413478
824,25.9720349204759,24.5567051188961,24.2378647604216
824.5,25.9720363731001,24.5567071814023,24.2378674627449
825,25.9720378167747,24.5567092312022,24.2378701484209
825.5,25.9720392515549,24.556711268374,24.2378728175521
826,25.9720406774956,24.5567132929956,24.2378754702404
826.5,25.972042094651,24.5567153051442,24.2378781065872
827,25.9720435030755,24.5567173048967,24.237880726693
827.5,25.9720449028228,24.5567192923294,24.2378833306579
828,25.9720462939462,24.5567212675182,24.2378859185814
828.5,25.9720476764991,24.5567232305387,24.2378884905623
829,25.9720490505341,24.5567251814657,24.2378910466987
829.5,25.9720504161038,24.5567271203737,24.2378935870883
830,25.9720517732602,24.5567290473367,24.237896111828
830.5,25.9720531220553,24.5567309624284,24.2378986210143
831,25.9720544625406,24.556732865722,24.2379011147429
831.5,25.9720557947672,24.5567347572899,24.2379035931092
832,25.972057118786,24.5567366372046,24.2379060562076
832.5,25.9720584346477,24.5567385055378,24.2379085041324
833,25.9720597424024,24.5567403623608,24.2379109369768
833.5,25.9720610421,24.5567422077446,24.2379133548339
834,25.9720623337903,24.5567440417595,24.2379157577959
834.5,25.9720636175226,24.5567458644757,24.2379181459546
835,25.9720648933459,24.5567476759628,24.2379205194012
835.5,25.9720661613089,24.5567494762899,24.2379228782264
836,25.9720674214601,24.5567512655258,24.2379252225201
836.5,25.9720686738475,24.5567530437388,24.2379275523719
837,25.9720699185191,24.5567548109968,24.2379298678707
837.5,25.9720711555223,24.5567565673673,24.237932169105
838,25.9720723849044,24.5567583129174,24.2379344561627
838.5,25.9720736067123,24.5567600477137,24.237936729131
839,25.9720748209928,24.5567617718225,24.2379389880967
839.5,25.9720760277921,24.5567634853095,24.2379412331462
840,25.9720772271564,24.5567651882404,24.2379434643651
840.5,25.9720784191315,24.55676688068,24.2379456818386
841,25.9720796037629,24.5567685626931,24.2379478856515
841.5,25.9720807810959,24.5567702343437,24.2379500758878
842,25.9720819511754,24.5567718956959,24.2379522526312
842.5,25.9720831140461,24.556773546813,24.2379544159647
843,25.9720842697524,24.556775187758,24.2379565659711
843.5,25.9720854183384,24.5567768185937,24.2379587027324
844,25.9720865598481,24.5567784393824,24.2379608263302
844.5,25.9720876943251,24.5567800501858,24.2379629368455
845,25.9720888218125,24.5567816510655,24.237965034359
845.5,25.9720899423536,24.5567832420828,24.2379671189508
846,25.9720910559911,24.5567848232982,24.2379691907004
846.5,25.9720921627676,24.5567863947722,24.237971249687
847,25.9720932627252,24.5567879565649,24.2379732959892
847.5,25.9720943559061,24.5567895087358,24.2379753296851
848,25.9720954423519,24.5567910513442,24.2379773508524
848.5,25.9720965221043,24.5567925844491,24.2379793595683
849,25.9720975952043,24.5567941081089,24.2379813559094
849.5,25.972098661693,24.556795622382,24.237983339952
850,25.9720997216111,24.556797127326,24.2379853117718
850.5,25.9721007749992,24.5567986229985,24.2379872714442
851,25.9721018218974,24.5568001094566,24.237989219044
851.5,25.9721028623457,24.556801586757,24.2379911546455
852,25.9721038963838,24.5568030549562,24.2379930783227
852.5,25.9721049240514,24.5568045141102,24.2379949901489
853,25.9721059453875,24.5568059642748,24.2379968901973
853.5,25.9721069604312,24.5568074055053,24.2379987785403
854,25.9721079692213,24.5568088378568,24.2380006552502
854.5,25.9721089717963,24.556810261384,24.2380025203984
855,25.9721099681944,24.5568116761412,24.2380043740563
855.5,25.9721109584539,24.5568130821825,24.2380062162946
856,25.9721119426124,24.5568144795616,24.2380080471838
856.5,25.9721129207075,24.5568158683317,24.2380098667936
857,25.9721138927767,24.5568172485461,24.2380116751936
857.5,25.972114858857,24.5568186202572,24.2380134724528
858,25.9721158189853,24.5568199835177,24.2380152586399
858.5,25.9721167731984,24.5568213383794,24.2380170338231
859,25.9721177215326,24.5568226848943,24.2380187980701
859.5,25.9721186640241,24.5568240231135,24.2380205514483
860,25.972119600709,24.5568253530884,24.2380222940247
860.5,25.9721205316231,24.5568266748696,24.2380240258659
861,25.9721214568018,24.5568279885077,24.2380257470379
861.5,25.9721223762806,24.5568292940528,24.2380274576064
862,25.9721232900945,24.5568305915547,24.2380291576369
862.5,25.9721241982785,24.5568318810631,24.2380308471941
863,25.9721251008672,24.5568331626271,24.2380325263427
863.5,25.9721259978951,24.5568344362958,24.2380341951468
864,25.9721268893964,24.5568357021176,24.23803585367
864.5,25.9721277754053,24.5568369601411,24.2380375019757
865,25.9721286559555,24.5568382104142,24.2380391401269
865.5,25.9721295310807,24.5568394529847,24.2380407681861
866,25.9721304008143,24.5568406879,24.2380423862155
866.5,25.9721312651896,24.5568419152073,24.2380439942768
867,25.9721321242394,24.5568431349534,24.2380455924314
867.5,25.9721329779967,24.556844347185,24.2380471807405
868,25.9721338264941,24.5568455519483,24.2380487592646
868.5,25.9721346697639,24.5568467492894,24.2380503280641
869,25.9721355078383,24.5568479392539,24.2380518871987
869.5,25.9721363407495,24.5568491218874,24.2380534367282
870,25.9721371685291,24.5568502972349,24.2380549767115
870.5,25.9721379912088,24.5568514653413,24.2380565072076
871,25.97213880882,24.5568526262514,24.2380580282749
871.5,25.972139621394,24.5568537800093,24.2380595399715
872,25.9721404289618,24.5568549266592,24.2380610423551
872.5,25.9721412315542,24.5568560662449,24.238062535483
873,25.9721420292018,24.5568571988098,24.2380640194124
873.5,25.9721428219352,24.5568583243973,24.2380654941997
874,25.9721436097846,24.5568594430503,24.2380669599015
874.5,25.9721443927801,24.5568605548115,24.2380684165736
875,25.9721451709516,24.5568616597234,24.2380698642717
875.5,25.9721459443289,24.5568627578281,24.238071303051
876,25.9721467129414,24.5568638491677,24.2380727329665
876.5,25.9721474768185,24.5568649337838,24.2380741540728
877,25.9721482359895,24.5568660117179,24.2380755664242
877.5,25.9721489904832,24.556867083011,24.2380769700745
878,25.9721497403285,24.5568681477041,24.2380783650775
878.5,25.9721504855541,24.5568692058378,24.2380797514863
879,25.9721512261884,24.5568702574526,24.238081129354
879.5,25.9721519622597,24.5568713025887,24.2380824987331
880,25.972152693796,24.5568723412859,24.2380838596759
880.5,25.9721534208255,24.5568733735839,24.2380852122344
881,25.9721541433757,24.5568743995221,24.2380865564602
881.5,25.9721548614744,24.5568754191398,24.2380878924047
882,25.9721555751489,24.5568764324758,24.238089220119
882.5,25.9721562844264,24.5568774395688,24.2380905396536
883,25.9721569893342,24.5568784404574,24.238091851059
883.5,25.9721576898991,24.5568794351797,24.2380931543852
884,25.9721583861478,24.5568804237737,24.2380944496821
884.5,25.972159078107,24.5568814062771,24.2380957369991
885,25.972159765803,24.5568823827276,24.2380970163853
885.5,25.9721604492622,24.5568833531624,24.2380982878897
886,25.9721611285107,24.5568843176185,24.2380995515607
886.5,25.9721618035743,24.5568852761328,24.2381008074467
887,25.9721624744789,24.5568862287419,24.2381020555955
887.5,25.9721631412501,24.5568871754822,24.2381032960549
888,25.9721638039134,24.5568881163898,24.2381045288722
888.5,25.972164462494,24.5568890515006,24.2381057540945
889,25.9721651170172,24.5568899808504,24.2381069717686
889.5,25.9721657675078,24.5568909044746,24.238108181941
890,25.9721664139909,24.5568918224086,24.2381093846579
890.5,25.972167056491,24.5568927346874,24.2381105799652
891,25.9721676950326,24.5568936413458,24.2381117679086
891.5,25.9721683296403,24.5568945424185,24.2381129485334
892,25.9721689603382,24.5568954379398,24.2381141218848
892.5,25.9721695871504,24.556896327944,24.2381152880075
893,25.9721702101008,24.556897212465,24.238116446946
893.5,25.9721708292133,24.5568980915367,24.2381175987447
894,25.9721714445115,24.5568989651926,24.2381187434475
894.5,25.9721720560188,24.556899833466,24.2381198810981
895,25.9721726637587,24.5569006963902,24.23812101174
895.5,25.9721732677543,24.5569015539981,24.2381221354163
896,25.9721738680288,24.5569024063224,24.23812325217
896.5,25.9721744646049,24.5569032533957,24.2381243620437
897,25.9721750575057,24.5569040952503,24.2381254650798
897.5,25.9721756467535,24.5569049319184,24.2381265613204
898,25.9721762323711,24.556905763432,24.2381276508073
898.5,25.9721768143807,24.5569065898227,24.2381287335822
899,25.9721773928046,24.5569074111223,24.2381298096865
899.5,25.9721779676649,24.5569082273619,24.2381308791612
900,25.9721785389834,24.5569090385728,24.2381319420471
900.5,25.9721791067821,24.556909844786,24.2381329983849
901,25.9721796710826,24.5569106460323,24.2381340482149
901.5,25.9721802319066,24.5569114423422,24.2381350915772
902,25.9721807892753,24.5569122337462,24.2381361285116
902.5,25.97218134321,24.5569130202745,24.2381371590578
903,25.9721818937321,24.5569138019572,24.238138183255
903.5,25.9721824408623,24.556914578824,24.2381392011424
904,25.9721829846218,24.5569153509047,24.2381402127589
904.5,25.9721835250312,24.5569161182287,24.2381412181431
905,25.9721840621111,24.5569168808254,24.2381422173334
905.5,25.9721845958822,24.5569176387239,24.2381432103679
906,25.9721851263646,24.556918391953,24.2381441972846
906.5,25.9721856535789,24.5569191405417,24.2381451781212
907,25.972186177545,24.5569198845184,24.2381461529151
907.5,25.9721866982829,24.5569206239116,24.2381471217035
908,25.9721872158126,24.5569213587496,24.2381480845235
908.5,25.9721877301539,24.5569220890603,24.2381490414118
909,25.9721882413263,24.5569228148717,24.2381499924049
909.5,25.9721887493494,24.5569235362115,24.2381509375393
910,25.9721892542427,24.5569242531072,24.2381518768509
910.5,25.9721897560253,24.5569249655863,24.2381528103756
911,25.9721902547164,24.5569256736759,24.2381537381491
911.5,25.9721907503351,24.556926377403,24.2381546602068
912,25.9721912429004,24.5569270767947,24.238155576584
912.5,25.972191732431,24.5569277718775,24.2381564873156
913,25.9721922189456,24.5569284626779,24.2381573924364
913.5,25.9721927024629,24.5569291492225,24.2381582919809
914,25.9721931830012,24.5569298315374,24.2381591859836
914.5,25.9721936605789,24.5569305096487,24.2381600744786
915,25.9721941352143,24.5569311835822,24.2381609574997
915.5,25.9721946069255,24.5569318533637,24.2381618350808
916,25.9721950757306,24.5569325190188,24.2381627072553
916.5,25.9721955416473,24.5569331805729,24.2381635740565
917,25.9721960046936,24.5569338380513,24.2381644355176
917.5,25.972196464887,24.556934491479,24.2381652916715
918,25.9721969222453,24.5569351408811,24.2381661425507
918.5,25.9721973767857,24.5569357862823,24.2381669881879
919,25.9721978285258,24.5569364277073,24.2381678286153
919.5,25.9721982774827,24.5569370651806,24.2381686638651
920,25.9721987236737,24.5569376987265,24.238169493969
920.5,25.9721991671156,24.5569383283692,24.2381703189589
921,25.9721996078256,24.5569389541328,24.2381711388662
921.5,25.9722000458204,24.5569395760412,24.2381719537222
922,25.9722004811167,24.5569401941181,24.2381727635581
922.5,25.9722009137311,24.5569408083871,24.2381735684048
923,25.9722013436803,24.5569414188716,24.238174368293
923.5,25.9722017709806,24.5569420255951,24.2381751632532
924,25.9722021956483,24.5569426285806,24.2381759533159
924.5,25.9722026176996,24.5569432278513,24.2381767385112
925,25.9722030371507,24.5569438234299,24.238177518869
925.5,25.9722034540176,24.5569444153392,24.2381782944193
926,25.9722038683162,24.5569450036019,24.2381790651915
926.5,25.9722042800623,24.5569455882403,24.2381798312152
927,25.9722046892717,24.5569461692769,24.2381805925196
927.5,25.97220509596,24.5569467467338,24.2381813491338
928,25.9722055001426,24.5569473206331,24.2381821010866
928.5,25.9722059018352,24.5569478909967,24.2381828484068
929,25.9722063010529,24.5569484578463,24.2381835911229
929.5,25.9722066978111,24.5569490212037,24.2381843292633
930,25.9722070921248,24.5569495810903,24.2381850628561
930.5,25.9722074840093,24.5569501375275,24.2381857919295
931,25.9722078734793,24.5569506905366,24.2381865165111
931.5,25.9722082605499,24.5569512401387,24.2381872366288
932,25.9722086452357,24.5569517863547,24.23818795231
932.5,25.9722090275515,24.5569523292056,24.238188663582
933,25.9722094075119,24.5569528687121,24.238189370472
933.5,25.9722097851313,24.5569534048947,24.238190073007
934,25.9722101604243,24.556953937774,24.2381907712139
934.5,25.9722105334051,24.5569544673703,24.2381914651192
935,25.972210904088,24.5569549937038,24.2381921547495
935.5,25.9722112724871,24.5569555167946,24.2381928401311
936,25.9722116386166,24.5569560366628,24.2381935212902
936.5,25.9722120024903,24.5569565533281,24.2381941982529
937,25.9722123641222,24.5569570668103,24.2381948710449
937.5,25.9722127235262,24.556957577129,24.238195539692
938,25.9722130807159,24.5569580843037,24.2381962042196
938.5,25.9722134357049,24.5569585883538,24.2381968646533
939,25.9722137885069,24.5569590892985,24.2381975210181
939.5,25.9722141391353,24.5569595871569,24.2381981733392
940,25.9722144876035,24.5569600819481,24.2381988216414
940.5,25.9722148339248,24.556960573691,24.2381994659496
941,25.9722151781124,24.5569610624043,24.2382001062884
941.5,25.9722155201796,24.5569615481067,24.2382007426821
942,25.9722158601392,24.5569620308167,24.2382013751552
942.5,25.9722161980044,24.5569625105528,24.2382020037316
943,25.972216533788,24.5569629873334,24.2382026284356
943.5,25.9722168675029,24.5569634611765,24.2382032492908
944,25.9722171991618,24.5569639321004,24.2382038663211
944.5,25.9722175287773,24.5569644001229,24.23820447955
945,25.9722178563621,24.5569648652621,24.2382050890009
945.5,25.9722181819287,24.5569653275355,24.238205694697
946,25.9722185054895,24.556965786961,24.2382062966616
946.5,25.9722188270568,24.556966243556,24.2382068949176
947,25.972219146643,24.556966697338,24.2382074894878
947.5,25.9722194642602,24.5569671483242,24.238208080395
948,25.9722197799206,24.556967596532,24.2382086676618
948.5,25.9722200936362,24.5569680419785,24.2382092513104
949,25.9722204054191,24.5569684846806,24.2382098313633
949.5,25.9722207152811,24.5569689246553,24.2382104078427
950,25.972221023234,24.5569693619193,24.2382109807704
950.5,25.9722213292897,24.5569697964895,24.2382115501684
951,25.9722216334597,24.5569702283822,24.2382121160585
951.5,25.9722219357558,24.5569706576142,24.2382126784622
952,25.9722222361895,24.5569710842017,24.238213237401
952.5,25.9722225347722,24.556971508161,24.2382137928963
953,25.9722228315153,24.5569719295084,24.2382143449693
953.5,25.9722231264303,24.5569723482599,24.2382148936411
954,25.9722234195282,24.5569727644316,24.2382154389326
954.5,25.9722237108205,24.5569731780392,24.2382159808646
955,25.9722240003181,24.5569735890987,24.2382165194579
955.5,25.9722242880321,24.5569739976257,24.238217054733
956,25.9722245739735,24.5569744036357,24.2382175867104
956.5,25.9722248581532,24.5569748071444,24.2382181154103
957,25.9722251405822,24.5569752081672,24.2382186408531
957.5,25.9722254212711,24.5569756067193,24.2382191630586
958,25.9722257002307,24.5569760028159,24.2382196820469
958.5,25.9722259774716,24.5569763964723,24.2382201978379
959,25.9722262530045,24.5569767877033,24.2382207104511
959.5,25.9722265268398,24.5569771765241,24.2382212199062
960,25.9722267989881,24.5569775629493,24.2382217262226
960.5,25.9722270694596,24.5569779469939,24.2382222294197
961,25.9722273382648,24.5569783286724,24.2382227295166
961.5,25.9722276054139,24.5569787079994,24.2382232265326
962,25.9722278709172,24.5569790849894,24.2382237204865
962.5,25.9722281347846,24.5569794596568,24.2382242113972
963,25.9722283970264,24.556979832016,24.2382246992836
963.5,25.9722286576526,24.556980202081,24.2382251841641
964,25.972228916673,24.5569805698662,24.2382256660573
964.5,25.9722291740976,24.5569809353854,24.2382261449817
965,25.9722294299363,24.5569812986528,24.2382266209555
965.5,25.9722296841987,24.5569816596821,24.2382270939969
966,25.9722299368947,24.5569820184871,24.238227564124
966.5,25.9722301880338,24.5569823750816,24.2382280313547
967,25.9722304376256,24.5569827294791,24.2382284957068
967.5,25.9722306856797,24.5569830816932,24.2382289571982
968,25.9722309322056,24.5569834317374,24.2382294158464
968.5,25.9722311772126,24.556983779625,24.2382298716689
969,25.9722314207102,24.5569841253693,24.2382303246831
969.5,25.9722316627076,24.5569844689835,24.2382307749064
970,25.9722319032141,24.5569848104807,24.238231222356
970.5,25.9722321422388,24.556985149874,24.2382316670488
971,25.9722323797909,24.5569854871764,24.238232109002
971.5,25.9722326158794,24.5569858224006,24.2382325482324
972,25.9722328505135,24.5569861555596,24.2382329847567
972.5,25.9722330837019,24.556986486666,24.2382334185917
973,25.9722333154537,24.5569868157325,24.2382338497539
973.5,25.9722335457777,24.5569871427717,24.2382342782598
974,25.9722337746827,24.556987467796,24.2382347041257
974.5,25.9722340021774,24.5569877908179,24.2382351273678
975,25.9722342282705,24.5569881118496,24.2382355480025
975.5,25.9722344529707,24.5569884309035,24.2382359660457
976,25.9722346762865,24.5569887479918,24.2382363815134
976.5,25.9722348982265,24.5569890631265,24.2382367944214
977,25.9722351187991,24.5569893763197,24.2382372047856
977.5,25.9722353380128,24.5569896875834,24.2382376126216
978,25.9722355558759,24.5569899969293,24.238238017945
978.5,25.9722357723968,24.5569903043695,24.2382384207712
979,25.9722359875837,24.5569906099155,24.2382388211157
979.5,25.9722362014448,24.5569909135791,24.2382392189937
980,25.9722364139884,24.5569912153719,24.2382396144204
980.5,25.9722366252225,24.5569915153053,24.238240007411
981,25.9722368351551,24.5569918133909,24.2382403979803
981.5,25.9722370437945,24.55699210964,24.2382407861435
982,25.9722372511483,24.5569924040639,24.2382411719152
982.5,25.9722374572247,24.5569926966739,24.2382415553103
983,25.9722376620315,24.5569929874812,24.2382419363433
983.5,25.9722378655765,24.5569932764969,24.2382423150288
984,25.9722380678674,24.5569935637319,24.2382426913813
984.5,25.9722382689121,24.5569938491974,24.2382430654151
985,25.9722384687181,24.5569941329041,24.2382434371445
985.5,25.9722386672931,24.5569944148629,24.2382438065838
986,25.9722388646447,24.5569946950846,24.238244173747
986.5,25.9722390607804,24.5569949735798,24.2382445386482
987,25.9722392557078,24.5569952503593,24.2382449013012
987.5,25.9722394494342,24.5569955254336,24.23824526172
988,25.9722396419671,24.5569957988132,24.2382456199183
988.5,25.9722398333138,24.5569960705085,24.2382459759098
989,25.9722400234816,24.5569963405299,24.2382463297081
989.5,25.9722402124778,24.5569966088878,24.2382466813267
990,25.9722404003096,24.5569968755923,24.2382470307789
990.5,25.9722405869842,24.5569971406537,24.2382473780783
991,25.9722407725087,24.556997404082,24.238247723238
991.5,25.9722409568902,24.5569976658874,24.2382480662712
992,25.9722411401358,24.5569979260799,24.238248407191
992.5,25.9722413222523,24.5569981846693,24.2382487460105
993,25.9722415032469,24.5569984416656,24.2382490827425
993.5,25.9722416831264,24.5569986970785,24.2382494174
994,25.9722418618976,24.5569989509179,24.2382497499957
994.5,25.9722420395674,24.5569992031934,24.2382500805423
995,25.9722422161426,24.5569994539147,24.2382504090524
995.5,25.97224239163,24.5569997030912,24.2382507355387
996,25.9722425660362,24.5569999507327,24.2382510600135
996.5,25.9722427393679,24.5570001968484,24.2382513824892
997,25.9722429116316,24.5570004414478,24.2382517029782
997.5,25.9722430828341,24.5570006845403,24.2382520214927
998,25.9722432529818,24.5570009261351,24.2382523380449
998.5,25.9722434220813,24.5570011662415,24.2382526526469
999,25.9722435901389,24.5570014048686,24.2382529653106
999.5,25.9722437571611,24.5570016420255,24.2382532760481
1000,25.9722439231544,24.5570018777213,24.2382535848711
1000.5,25.9722440881249,24.5570021119651,24.2382538917915
1001,25.9722442520791,24.5570023447657,24.238254196821
1001.5,25.9722444150232,24.557002576132,24.2382544999713
1002,25.9722445769633,24.5570028060729,24.2382548012538
1002.5,25.9722447379058,24.5570030345971,24.2382551006803
1003,25.9722448978567,24.5570032617134,24.2382553982619
1003.5,25.9722450568222,24.5570034874305,24.2382556940103
1004,25.9722452148083,24.557003711757,24.2382559879365
1004.5,25.972245371821,24.5570039347014,24.2382562800519
1005,25.9722455278664,24.5570041562722,24.2382565703676
1005.5,25.9722456829504,24.557004376478,24.2382568588947
1006,25.9722458370789,24.5570045953271,24.2382571456443
1006.5,25.9722459902579,24.5570048128279,24.2382574306272
1007,25.9722461424931,24.5570050289888,24.2382577138543
1007.5,25.9722462937905,24.5570052438178,24.2382579953366
1008,25.9722464441557,24.5570054573233,24.2382582750846
1008.5,25.9722465935945,24.5570056695134,24.2382585531091
1009,25.9722467421126,24.5570058803963,24.2382588294208
1009.5,25.9722468897157,24.5570060899799,24.2382591040302
1010,25.9722470364094,24.5570062982723,24.2382593769477
1010.5,25.9722471821994,24.5570065052814,24.2382596481838
1011,25.9722473270911,24.5570067110151,24.2382599177488
1011.5,25.9722474710902,24.5570069154814,24.2382601856531
1012,25.9722476142022,24.5570071186879,24.2382604519068
1012.5,25.9722477564324,24.5570073206425,24.2382607165202
1013,25.9722478977863,24.5570075213529,24.2382609795034
1013.5,25.9722480382694,24.5570077208267,24.2382612408663
1014,25.9722481778869,24.5570079190716,24.238261500619
1014.5,25.9722483166443,24.5570081160951,24.2382617587714
1015,25.9722484545468,24.5570083119048,24.2382620153333
1015.5,25.9722485915997,24.5570085065081,24.2382622703146
1016,25.9722487278082,24.5570086999124,24.238262523725
1016.5,25.9722488631776,24.5570088921253,24.2382627755741
1017,25.9722489977129,24.5570090831539,24.2382630258716
1017.5,25.9722491314194,24.5570092730056,24.2382632746271
1018,25.9722492643021,24.5570094616876,24.23826352185
1018.5,25.9722493963662,24.5570096492072,24.2382637675498
1019,25.9722495276166,24.5570098355715,24.2382640117359
1019.5,25.9722496580584,24.5570100207876,24.2382642544176
1020,25.9722497876965,24.5570102048626,24.2382644956041
1020.5,25.9722499165359,24.5570103878036,24.2382647353047
1021,25.9722500445816,24.5570105696174,24.2382649735286
1021.5,25.9722501718384,24.5570107503111,24.2382652102847
1022,25.9722502983111,24.5570109298916,24.2382654455823
1022.5,25.9722504240047,24.5570111083657,24.2382656794302
1023,25.9722505489239,24.5570112857403,24.2382659118373
1023.5,25.9722506730734,24.557011462022,24.2382661428127
1024,25.9722507964581,24.5570116372177,24.238266372365
1024.5,25.9722509190826,24.557011811334,24.2382666005031
1025,25.9722510409517,24.5570119843776,24.2382668272356
1025.5,25.9722511620699,24.5570121563551,24.2382670525713
1026,25.9722512824419,24.5570123272731,24.2382672765187
1026.5,25.9722514020723,24.557012497138,24.2382674990864
1027,25.9722515209656,24.5570126659565,24.2382677202828
1027.5,25.9722516391265,24.5570128337348,24.2382679401165
1028,25.9722517565594,24.5570130004795,24.2382681585959
1028.5,25.9722518732688,24.5570131661969,24.2382683757292
1029,25.9722519892591,24.5570133308933,24.2382685915247
