Temps (s),Consigne (°C),Erreur (°C),Thermistance 1 - T1 (°C),Thermistance 2 - T2 (°C),Thermistance 3 - T3 (°C),T4',Thermistance 3 estimée - T3_moy (°C),Commande (PWM),Voltage T1 (V),Voltage T2 (V),Voltage T3 (V)
1.0160644054412842,22.0,0.0,35.59,36.67,38.27,,38.27,0.0,3.02,3.56,3.67
1.1828856468200684,22.0,0.0,35.59,36.64,38.24,,38.24,0.0,3.02,3.55,3.67
1.3852002620697021,22.0,0.0,35.55,36.57,38.17,,38.17,0.0,3.02,3.55,3.66
1.5882933139801025,22.0,0.0,35.5,36.57,38.13,,38.13,0.0,3.01,3.54,3.65
1.7837834358215332,22.0,0.0,35.46,36.54,38.1,,38.1,0.0,3.01,3.54,3.65
1.9754900932312012,22.0,0.0,35.41,36.51,38.06,,38.06,0.0,3.0,3.53,3.64
2.169572353363037,22.0,0.0,35.37,36.44,37.99,,37.99,0.0,3.0,3.52,3.63
2.3659756183624268,22.0,0.0,35.32,36.41,37.96,,37.96,0.0,3.0,3.52,3.63
2.5511558055877686,22.0,0.0,35.32,36.38,37.89,,37.89,0.0,2.99,3.51,3.62
2.7252273559570312,22.0,0.0,35.28,36.34,37.89,,37.89,0.0,2.99,3.5,3.61
2.898918628692627,22.0,0.0,35.23,36.31,37.82,,37.82,0.0,2.98,3.5,3.61
3.0629940032958984,22.0,0.0,35.19,36.28,37.78,,37.78,0.0,2.98,3.5,3.6
3.2287113666534424,22.0,0.0,35.14,36.22,37.75,,37.75,0.0,2.97,3.49,3.59
3.420931816101074,22.0,0.0,35.1,36.18,37.68,,37.68,0.0,2.97,3.48,3.59
3.6173288822174072,22.0,0.0,35.05,36.15,37.64,,37.64,0.0,2.96,3.48,3.58
4.005541563034058,22.0,-14.3098,34.07,34.99,36.34,,36.31,-70.0,2.85,3.3,3.4
4.199171304702759,22.0,-14.3096,34.07,34.96,36.27,,36.31,-70.0,2.85,3.3,3.39
4.412718772888184,22.0,-14.3091,33.98,34.92,36.24,,36.31,-70.0,2.84,3.29,3.39
4.62153697013855,22.0,-14.3078,33.84,34.86,36.21,,36.31,-70.0,2.83,3.29,3.38
4.823832273483276,22.0,-14.3059,33.67,34.86,36.17,,36.31,-70.0,2.82,3.28,3.38
5.018648386001587,22.0,-14.3033,33.44,34.8,36.1,,36.3,-70.0,2.79,3.27,3.37
5.21007776260376,22.0,-14.2995,33.13,34.76,36.07,,36.3,-70.0,2.75,3.27,3.36
5.399740695953369,22.0,-14.2948,32.82,34.73,36.03,,36.29,-70.0,2.72,3.26,3.35
5.590739727020264,22.0,-14.2891,32.5,34.7,35.96,,36.29,-70.0,2.68,3.26,3.35
5.7813849449157715,22.0,-14.2822,32.14,34.63,35.93,,36.28,-70.0,2.64,3.25,3.34
6.0265257358551025,22.0,-14.2741,31.83,34.6,35.86,,36.27,-70.0,2.61,3.24,3.33
6.53009295463562,22.0,-14.2649,31.52,34.54,35.82,,36.26,-70.0,2.58,3.24,3.33
7.031084299087524,22.0,-14.2545,31.2,34.47,35.72,,36.25,-70.0,2.54,3.23,3.31
7.5317018032073975,22.0,-14.2427,30.89,34.38,35.65,,36.24,-70.0,2.51,3.22,3.31
8.031256914138794,22.0,-14.2295,30.58,34.31,35.58,,36.23,-70.0,2.48,3.2,3.3
8.534653902053833,22.0,-14.2153,30.31,34.25,35.54,,36.22,-70.0,2.44,3.19,3.29
9.03236198425293,22.0,-14.1999,30.04,34.18,35.51,,36.2,-70.0,2.41,3.18,3.28
9.53150463104248,22.0,-14.1835,29.77,34.12,35.47,,36.18,-70.0,2.39,3.17,3.28
10.038693189620972,22.0,-14.1662,29.55,34.06,35.44,,36.17,-70.0,2.36,3.16,3.27
10.529914617538452,22.0,-14.1478,29.28,33.99,35.4,,36.15,-70.0,2.33,3.15,3.27
11.032068729400635,22.0,-14.1285,29.06,33.93,35.33,,36.13,-70.0,2.31,3.14,3.26
11.539863348007202,22.0,-14.1083,28.83,33.86,35.33,,36.11,-70.0,2.28,3.13,3.26
12.044973850250244,22.0,-14.0873,28.61,33.8,35.26,,36.09,-70.0,2.26,3.12,3.25
12.5455961227417,22.0,-14.0654,28.39,33.74,35.23,,36.07,-70.0,2.23,3.11,3.25
13.046315908432007,22.0,-14.0425,28.21,33.64,35.16,,36.04,-70.0,2.21,3.1,3.24
13.55058240890503,22.0,-14.0187,27.98,33.57,35.16,,36.02,-70.0,2.19,3.09,3.24
14.044193983078003,22.0,-13.9942,27.85,33.51,35.12,,35.99,-70.0,2.17,3.08,3.23
14.554383754730225,22.0,-13.969,27.62,33.45,35.09,,35.97,-70.0,2.15,3.07,3.23
15.052563190460205,22.0,-13.9429,27.45,33.35,35.06,,35.94,-70.0,2.13,3.05,3.22
15.551892757415771,22.0,-13.9159,27.27,33.29,35.02,,35.92,-70.0,2.12,3.04,3.22
16.05436897277832,22.0,-13.8884,27.13,33.22,34.99,,35.89,-70.0,2.1,3.04,3.21
16.553681135177612,22.0,-13.8601,26.95,33.13,34.95,,35.86,-70.0,2.08,3.02,3.21
17.060569524765015,22.0,-13.8309,26.77,33.06,34.92,,35.83,-70.0,2.06,3.01,3.2
17.559412956237793,22.0,-13.8013,26.64,33.0,34.88,,35.8,-70.0,2.04,3.0,3.2
18.049490928649902,22.0,-13.7709,26.46,32.9,34.85,,35.77,-70.0,2.02,2.99,3.19
18.56097149848938,22.0,-13.7397,26.28,32.84,34.78,,35.74,-70.0,2.01,2.98,3.18
19.06380820274353,22.0,-13.7078,26.15,32.74,34.74,,35.71,-70.0,1.99,2.96,3.18
19.565070867538452,22.0,-13.6752,26.01,32.65,34.71,,35.68,-70.0,1.97,2.95,3.17
20.068576335906982,22.0,-13.6419,25.88,32.58,34.64,,35.64,-70.0,1.96,2.94,3.16
20.559632778167725,22.0,-13.608,25.74,32.49,34.6,,35.61,-70.0,1.95,2.92,3.16
21.067939519882202,22.0,-13.5735,25.57,32.42,34.57,,35.57,-70.0,1.93,2.91,3.15
21.562033653259277,22.0,-13.5383,25.43,32.32,34.53,,35.54,-70.0,1.91,2.9,3.15
22.065379858016968,22.0,-13.5024,25.34,32.23,34.46,,35.5,-70.0,1.9,2.89,3.14
22.57431411743164,22.0,-13.466,25.16,32.16,34.43,,35.47,-70.0,1.89,2.87,3.13
23.075939893722534,22.0,-13.429,25.03,32.07,34.36,,35.43,-70.0,1.87,2.86,3.12
23.574777603149414,22.0,-13.3912,24.89,31.97,34.33,,35.39,-70.0,1.86,2.84,3.12
24.07837152481079,22.0,-13.3529,24.81,31.88,34.26,,35.35,-70.0,1.84,2.83,3.11
24.57912015914917,22.0,-13.314,24.67,31.81,34.19,,35.31,-70.0,1.83,2.82,3.1
25.081385612487793,22.0,-13.2747,24.54,31.72,34.15,,35.27,-70.0,1.81,2.81,3.09
25.58282208442688,22.0,-13.2346,24.4,31.62,34.08,,35.23,-70.0,1.8,2.79,3.08
26.079185724258423,22.0,-13.1942,24.31,31.56,34.05,,35.19,-70.0,1.79,2.78,3.08
26.584499835968018,22.0,-13.1533,24.18,31.46,33.98,,35.15,-70.0,1.77,2.77,3.07
27.089287996292114,22.0,-13.1117,24.04,31.36,33.94,,35.11,-70.0,1.76,2.76,3.06
27.592488288879395,22.0,-13.0698,23.95,31.3,33.88,,35.07,-70.0,1.75,2.74,3.05
28.0909743309021,22.0,-13.0274,23.87,31.2,33.81,,35.03,-70.0,1.74,2.73,3.04
28.590807676315308,22.0,-12.9847,23.73,31.14,33.77,,34.98,-70.0,1.73,2.72,3.04
29.091922760009766,22.0,-12.9415,23.6,31.04,33.7,,34.94,-70.0,1.71,2.7,3.03
29.58985996246338,22.0,-12.8979,23.51,30.98,33.67,,34.9,-70.0,1.7,2.69,3.02
30.094499588012695,22.0,-12.854,23.42,30.88,33.6,,34.85,-70.0,1.69,2.68,3.02
30.5972957611084,22.0,-12.8098,23.33,30.82,33.53,,34.81,-70.0,1.68,2.67,3.01
31.09657120704651,22.0,-12.7652,23.19,30.72,33.46,,34.77,-70.0,1.67,2.65,3.0
31.599271297454834,22.0,-12.7202,23.1,30.66,33.39,,34.72,-70.0,1.66,2.64,2.99
32.10022211074829,22.0,-12.6749,23.02,30.56,33.36,,34.67,-70.0,1.65,2.63,2.98
32.597883224487305,22.0,-12.6292,22.93,30.5,33.29,,34.63,-70.0,1.64,2.62,2.97
33.10373783111572,22.0,-12.5833,22.84,30.4,33.22,,34.58,-70.0,1.62,2.61,2.96
33.6043541431427,22.0,-12.5371,22.75,30.34,33.15,,34.54,-70.0,1.61,2.6,2.95
34.105822801589966,22.0,-12.4906,22.61,30.24,33.08,,34.49,-70.0,1.6,2.58,2.94
34.60786247253418,22.0,-12.4435,22.52,30.15,33.04,,34.44,-70.0,1.59,2.57,2.94
35.108625650405884,22.0,-12.3962,22.43,30.08,32.97,,34.4,-70.0,1.58,2.56,2.92
35.61036491394043,22.0,-12.3488,22.34,30.02,32.91,,34.35,-70.0,1.57,2.54,2.92
36.110626459121704,22.0,-12.3011,22.25,29.92,32.84,,34.3,-70.0,1.56,2.53,2.91
36.611518144607544,22.0,-12.2531,22.16,29.86,32.77,,34.25,-70.0,1.55,2.52,2.9
37.11064696311951,22.0,-12.2049,22.08,29.76,32.73,,34.2,-70.0,1.54,2.51,2.89
37.61244058609009,22.0,-12.1564,21.99,29.7,32.66,,34.16,-70.0,1.53,2.5,2.88
38.11690878868103,22.0,-12.1076,21.9,29.6,32.59,,34.11,-70.0,1.53,2.48,2.87
38.61782479286194,22.0,-12.0587,21.85,29.54,32.52,,34.06,-70.0,1.52,2.47,2.86
39.11978077888489,22.0,-12.0096,21.76,29.44,32.46,,34.01,-70.0,1.51,2.46,2.85
39.622188568115234,22.0,-11.9602,21.67,29.38,32.39,,33.96,-70.0,1.5,2.45,2.84
40.11935830116272,22.0,-11.9107,21.58,29.32,32.32,,33.91,-70.0,1.49,2.44,2.83
40.617228507995605,22.0,-11.861,21.49,29.22,32.25,,33.86,-70.0,1.49,2.42,2.83
41.118863344192505,22.0,-11.8111,21.4,29.16,32.18,,33.81,-70.0,1.47,2.41,2.82
41.61985754966736,22.0,-11.761,21.36,29.06,32.14,,33.76,-70.0,1.47,2.4,2.81
42.12095546722412,22.0,-11.7107,21.27,29.0,32.04,,33.71,-70.0,1.46,2.39,2.8
42.61664915084839,22.0,-11.6604,21.22,28.93,31.97,,33.66,-70.0,1.45,2.38,2.79
43.12419414520264,22.0,-11.61,21.14,28.84,31.9,,33.61,-70.0,1.44,2.37,2.78
43.631882429122925,22.0,-11.5593,21.05,28.77,31.83,,33.56,-70.0,1.43,2.35,2.76
44.1327269077301,22.0,-11.5085,21.0,28.67,31.73,,33.51,-70.0,1.43,2.34,2.75
44.63308930397034,22.0,-11.4575,20.91,28.61,31.66,,33.46,-70.0,1.42,2.33,2.74
45.1351683139801,22.0,-11.4063,20.82,28.51,31.59,,33.41,-70.0,1.41,2.32,2.73
45.630364179611206,22.0,-11.3549,20.78,28.45,31.52,,33.35,-70.0,1.4,2.31,2.72
46.136842489242554,22.0,-11.3035,20.69,28.39,31.45,,33.3,-70.0,1.39,2.3,2.71
46.64009881019592,22.0,-11.252,20.64,28.29,31.38,,33.25,-70.0,1.38,2.28,2.71
47.13955068588257,22.0,-11.2004,20.55,28.23,31.35,,33.2,-70.0,1.38,2.27,2.7
47.64033603668213,22.0,-11.1487,20.46,28.16,31.28,,33.15,-70.0,1.37,2.26,2.69
48.13210487365723,22.0,-11.097,20.42,28.1,31.21,,33.1,-70.0,1.36,2.25,2.68
48.63908553123474,22.0,-11.0452,20.33,28.0,31.14,,33.05,-70.0,1.35,2.24,2.67
49.14713454246521,22.0,-10.9931,20.24,27.94,31.07,,32.99,-70.0,1.35,2.23,2.66
49.647433042526245,22.0,-10.9411,20.2,27.87,31.0,,32.94,-70.0,1.34,2.22,2.65
50.14883494377136,22.0,-10.889,20.15,27.78,30.93,,32.89,-70.0,1.33,2.2,2.64
50.649441957473755,22.0,-10.8368,20.06,27.71,30.87,,32.84,-70.0,1.32,2.2,2.63
51.138835430145264,22.0,-10.7845,19.97,27.65,30.8,,32.78,-70.0,1.31,2.18,2.62
51.64956307411194,22.0,-10.7322,19.93,27.58,30.73,,32.73,-70.0,1.31,2.17,2.61
52.14749097824097,22.0,-10.68,19.84,27.52,30.66,,32.68,-70.0,1.3,2.17,2.6
52.654754638671875,22.0,-10.6278,19.79,27.45,30.59,,32.63,-70.0,1.3,2.16,2.6
53.14876079559326,22.0,-10.5755,19.7,27.39,30.52,,32.58,-70.0,1.29,2.15,2.59
53.65473508834839,22.0,-10.5233,19.66,27.32,30.49,,32.52,-70.0,1.28,2.14,2.58
54.16158390045166,22.0,-10.4711,19.57,27.26,30.42,,32.47,-70.0,1.27,2.13,2.57
54.66013693809509,22.0,-10.419,19.52,27.2,30.35,,32.42,-70.0,1.27,2.12,2.56
55.1612594127655,22.0,-10.3668,19.43,27.13,30.28,,32.37,-70.0,1.26,2.11,2.55
55.66427040100098,22.0,-10.3146,19.39,27.07,30.24,,32.31,-70.0,1.25,2.1,2.54
56.16315674781799,22.0,-10.2625,19.3,27.0,30.17,,32.26,-70.0,1.25,2.09,2.53
56.66096329689026,22.0,-10.2103,19.26,26.94,30.11,,32.21,-70.0,1.24,2.08,2.52
57.16790986061096,22.0,-10.1583,19.21,26.87,30.04,,32.16,-70.0,1.23,2.07,2.51
57.66840147972107,22.0,-10.1062,19.12,26.81,29.97,,32.11,-70.0,1.23,2.06,2.5
58.16861820220947,22.0,-10.0542,19.08,26.74,29.9,,32.05,-70.0,1.22,2.05,2.49
58.666022539138794,22.0,-10.0022,19.03,26.68,29.83,,32.0,-70.0,1.21,2.03,2.48
59.173863887786865,22.0,-9.9502,18.99,26.61,29.76,,31.95,-70.0,1.2,2.03,2.47
59.66910743713379,22.0,-9.8982,18.9,26.52,29.69,,31.9,-70.0,1.2,2.01,2.46
60.17043614387512,22.0,-9.846,18.85,26.45,29.62,,31.85,-70.0,1.19,2.01,2.45
60.675660133361816,22.0,-9.794,18.81,26.42,29.55,,31.79,-70.0,1.19,2.0,2.44
61.17734622955322,22.0,-9.7421,18.72,26.36,29.48,,31.74,-70.0,1.18,1.98,2.43
61.678704023361206,22.0,-9.6902,18.67,26.26,29.41,,31.69,-70.0,1.17,1.97,2.42
62.17851448059082,22.0,-9.6381,18.63,26.19,29.34,,31.64,-70.0,1.17,1.96,2.41
62.682464599609375,22.0,-9.5861,18.58,26.13,29.28,,31.59,-70.0,1.16,1.96,2.4
63.18290424346924,22.0,-9.5342,18.54,26.06,29.21,,31.53,-70.0,1.15,1.95,2.39
63.68364143371582,22.0,-9.4824,18.45,26.03,29.14,,31.48,-70.0,1.15,1.94,2.39
64.18058395385742,22.0,-9.4306,18.41,25.93,29.07,,31.43,-70.0,1.14,1.93,2.38
64.68693137168884,22.0,-9.3788,18.36,25.87,29.03,,31.38,-70.0,1.14,1.92,2.37
65.17706632614136,22.0,-9.3269,18.27,25.81,28.96,,31.33,-70.0,1.13,1.91,2.36
65.67465233802795,22.0,-9.2752,18.23,25.77,28.89,,31.28,-70.0,1.12,1.9,2.35
66.19028520584106,22.0,-9.2237,18.18,25.71,28.83,,31.22,-70.0,1.12,1.89,2.34
66.69121646881104,22.0,-9.1721,18.14,25.61,28.76,,31.17,-70.0,1.11,1.88,2.33
67.19254755973816,22.0,-9.1206,18.09,25.58,28.69,,31.12,-70.0,1.11,1.87,2.32
67.6945469379425,22.0,-9.0693,18.05,25.51,28.62,,31.07,-70.0,1.1,1.86,2.31
68.19130563735962,22.0,-9.018,17.96,25.45,28.55,,31.02,-70.0,1.09,1.85,2.3
68.6950511932373,22.0,-8.9667,17.96,25.38,28.48,,30.97,-70.0,1.09,1.84,2.29
69.19008898735046,22.0,-8.9155,17.87,25.32,28.44,,30.92,-70.0,1.09,1.83,2.29
69.69892072677612,22.0,-8.8642,17.82,25.25,28.38,,30.86,-70.0,1.08,1.82,2.28
70.19262742996216,22.0,-8.8132,17.78,25.22,28.31,,30.81,-70.0,1.08,1.82,2.27
70.6975257396698,22.0,-8.7623,17.69,25.16,28.24,,30.76,-70.0,1.07,1.81,2.26
71.20318007469177,22.0,-8.7114,17.64,25.09,28.17,,30.71,-70.0,1.06,1.8,2.25
71.7015917301178,22.0,-8.6607,17.6,25.06,28.1,,30.66,-70.0,1.06,1.79,2.24
72.20634484291077,22.0,-8.6101,17.56,24.96,28.06,,30.61,-70.0,1.05,1.78,2.23
72.705491065979,22.0,-8.5594,17.47,24.93,27.99,,30.56,-70.0,1.05,1.77,2.22
73.20893597602844,22.0,-8.5089,17.47,24.86,27.92,,30.51,-70.0,1.04,1.76,2.21
73.71119141578674,22.0,-8.4585,17.38,24.8,27.85,,30.46,-70.0,1.04,1.75,2.2
74.21185898780823,22.0,-8.408,17.33,24.73,27.82,,30.41,-70.0,1.03,1.75,2.2
74.70577549934387,22.0,-8.3577,17.29,24.7,27.75,,30.36,-70.0,1.03,1.74,2.19
75.2106831073761,22.0,-8.3076,17.24,24.63,27.68,,30.31,-70.0,1.02,1.73,2.18
75.71152377128601,22.0,-8.2575,17.2,24.57,27.61,,30.26,-70.0,1.01,1.72,2.17
76.21265053749084,22.0,-8.2075,17.15,24.5,27.58,,30.21,-70.0,1.01,1.72,2.17
76.71585774421692,22.0,-8.1576,17.11,24.47,27.51,,30.16,-70.0,1.0,1.71,2.16
77.22007274627686,22.0,-8.1081,17.06,24.44,27.44,,30.11,-70.0,1.0,1.7,2.15
77.72032189369202,22.0,-8.0588,17.06,24.37,27.4,,30.06,-70.0,0.99,1.69,2.14
78.22209978103638,22.0,-8.0095,16.97,24.31,27.33,,30.01,-70.0,0.99,1.68,2.13
78.72094345092773,22.0,-7.9602,16.93,24.24,27.26,,29.96,-70.0,0.98,1.67,2.12
79.22161197662354,22.0,-7.911,16.88,24.21,27.23,,29.91,-70.0,0.98,1.66,2.11
79.72315573692322,22.0,-7.862,16.84,24.14,27.16,,29.86,-70.0,0.97,1.66,2.11
80.22780466079712,22.0,-7.813,16.79,24.08,27.09,,29.81,-70.0,0.97,1.65,2.1
80.72658610343933,22.0,-7.7641,16.79,24.01,27.02,,29.76,-70.0,0.96,1.64,2.09
81.22158575057983,22.0,-7.7153,16.71,23.98,26.99,,29.72,-70.0,0.96,1.63,2.08
81.72642350196838,22.0,-7.6667,16.71,23.91,26.92,,29.67,-70.0,0.96,1.62,2.07
82.23389053344727,22.0,-7.6181,16.62,23.85,26.85,,29.62,-70.0,0.95,1.61,2.06
82.73437190055847,22.0,-7.5694,16.57,23.78,26.78,,29.57,-70.0,0.94,1.6,2.06
83.23432278633118,22.0,-7.521,16.53,23.75,26.71,,29.52,-70.0,0.94,1.6,2.05
83.73632383346558,22.0,-7.4727,16.53,23.68,26.67,,29.47,-70.0,0.93,1.59,2.04
84.23501777648926,22.0,-7.4245,16.44,23.65,26.6,,29.42,-70.0,0.93,1.58,2.03
84.73493218421936,22.0,-7.3765,16.44,23.59,26.53,,29.38,-70.0,0.93,1.57,2.02
85.23178815841675,22.0,-7.3286,16.39,23.52,26.5,,29.33,-70.0,0.92,1.56,2.01
85.74249982833862,22.0,-7.2808,16.35,23.49,26.43,,29.28,-70.0,0.92,1.56,2.0
86.24401664733887,22.0,-7.2332,16.3,23.42,26.36,,29.23,-70.0,0.91,1.55,1.99
86.73204278945923,22.0,-7.1855,16.26,23.35,26.32,,29.19,-70.0,0.91,1.54,1.98
87.23380470275879,22.0,-7.1378,16.21,23.29,26.25,,29.14,-70.0,0.9,1.53,1.98
87.74262166023254,22.0,-7.0903,16.17,23.26,26.18,,29.09,-70.0,0.9,1.52,1.97
88.24915933609009,22.0,-7.0429,16.12,23.19,26.12,,29.04,-70.0,0.89,1.52,1.96
88.74864959716797,22.0,-6.9956,16.08,23.16,26.08,,29.0,-70.0,0.89,1.51,1.96
89.24768567085266,22.0,-6.9486,16.08,23.09,26.01,,28.95,-70.0,0.88,1.5,1.95
89.75324892997742,22.0,-6.9017,16.03,23.06,25.94,,28.9,-70.0,0.88,1.5,1.94
90.25433421134949,22.0,-6.8549,15.99,22.99,25.91,,28.85,-70.0,0.88,1.49,1.93
90.7478678226471,22.0,-6.8082,15.9,22.96,25.84,,28.81,-70.0,0.87,1.48,1.92
91.2560625076294,22.0,-6.7617,15.9,22.89,25.77,,28.76,-70.0,0.87,1.47,1.91
91.75763702392578,22.0,-6.7151,15.85,22.83,25.73,,28.72,-70.0,0.87,1.47,1.91
92.24919295310974,22.0,-6.6687,15.81,22.79,25.66,,28.67,-70.0,0.86,1.46,1.9
92.75867748260498,22.0,-6.6224,15.77,22.73,25.59,,28.62,-70.0,0.86,1.45,1.89
93.26550722122192,22.0,-6.5763,15.72,22.69,25.56,,28.58,-70.0,0.86,1.44,1.88
93.76326942443848,22.0,-6.5302,15.72,22.63,25.49,,28.53,-70.0,0.85,1.43,1.87
94.26422834396362,22.0,-6.4844,15.63,22.59,25.42,,28.48,-70.0,0.85,1.43,1.87
94.76686263084412,22.0,-6.4386,15.63,22.53,25.38,,28.44,-70.0,0.84,1.42,1.86
95.26825976371765,22.0,-6.393,15.59,22.5,25.31,,28.39,-70.0,0.84,1.41,1.85
95.76464748382568,22.0,-6.3476,15.54,22.46,25.28,,28.35,-70.0,0.83,1.41,1.84
96.26168179512024,22.0,-6.3023,15.5,22.4,25.21,,28.3,-70.0,0.83,1.4,1.83
96.76581692695618,22.0,-6.257,15.45,22.33,25.17,,28.26,-70.0,0.82,1.39,1.83
97.27306580543518,22.0,-6.2118,15.41,22.3,25.1,,28.21,-70.0,0.82,1.38,1.82
97.77336573600769,22.0,-6.1669,15.36,22.26,25.07,,28.17,-70.0,0.81,1.38,1.81
98.27649116516113,22.0,-6.122,15.32,22.2,25.0,,28.12,-70.0,0.81,1.37,1.8
98.77734017372131,22.0,-6.0772,15.27,22.16,24.96,,28.08,-70.0,0.81,1.36,1.8
99.27086615562439,22.0,-6.0326,15.23,22.1,24.89,,28.03,-70.0,0.8,1.35,1.79
99.77788639068604,22.0,-5.988,15.18,22.06,24.85,,27.99,-70.0,0.8,1.35,1.78
100.27782940864563,22.0,-5.9437,15.18,22.03,24.78,,27.94,-70.0,0.79,1.34,1.77
100.76784896850586,22.0,-5.8997,15.14,22.0,24.75,,27.9,-70.0,0.79,1.33,1.77
101.27926874160767,22.0,-5.8558,15.09,21.93,24.68,,27.86,-70.0,0.78,1.33,1.76
101.77853226661682,22.0,-5.8119,15.05,21.9,24.64,,27.81,-70.0,0.78,1.32,1.75
102.2843964099884,22.0,-5.7683,15.0,21.86,24.57,,27.77,-70.0,0.77,1.32,1.74
102.78205871582031,22.0,-5.7249,14.96,21.83,24.54,,27.72,-70.0,0.77,1.31,1.74
103.28353929519653,22.0,-5.6816,14.91,21.76,24.5,,27.68,-70.0,0.77,1.3,1.74
103.79200077056885,22.0,-5.6384,14.91,21.73,24.43,,27.64,-70.0,0.76,1.3,1.73
104.29237222671509,22.0,-5.5953,14.87,21.66,24.4,,27.6,-70.0,0.76,1.29,1.72
104.79340553283691,22.0,-5.5522,14.83,21.63,24.36,,27.55,-70.0,0.75,1.29,1.71
105.29388666152954,22.0,-5.5094,14.78,21.6,24.29,,27.51,-70.0,0.75,1.28,1.71
105.79147934913635,22.0,-5.4668,14.74,21.56,24.26,,27.47,-70.0,0.74,1.28,1.7
106.2910578250885,22.0,-5.4245,14.74,21.53,24.19,,27.42,-70.0,0.74,1.27,1.69
106.79968619346619,22.0,-5.3823,14.69,21.46,24.15,,27.38,-70.0,0.74,1.26,1.69
107.29952621459961,22.0,-5.3401,14.65,21.43,24.12,,27.34,-70.0,0.73,1.26,1.68
107.79231905937195,22.0,-5.2981,14.65,21.4,24.05,,27.3,-70.0,0.73,1.25,1.67
108.29213213920593,22.0,-5.2563,14.6,21.33,24.01,,27.26,-70.0,0.73,1.24,1.67
108.79435849189758,22.0,-5.2147,14.56,21.33,23.94,,27.21,-70.0,0.72,1.24,1.66
109.30594611167908,22.0,-5.1733,14.56,21.26,23.9,,27.17,-70.0,0.72,1.23,1.65
109.8062334060669,22.0,-5.1319,14.51,21.23,23.87,,27.13,-70.0,0.72,1.23,1.65
110.3061888217926,22.0,-5.0908,14.47,21.19,23.8,,27.09,-69.84,0.72,1.22,1.64
110.80777859687805,22.0,-5.0498,14.47,21.13,23.76,,27.05,-69.59,0.71,1.22,1.63
111.30754089355469,22.0,-5.0088,14.42,21.09,23.73,,27.01,-69.35,0.71,1.21,1.63
111.80793952941895,22.0,-4.9681,14.42,21.06,23.69,,26.97,-69.23,0.71,1.2,1.62
112.30917882919312,22.0,-4.9276,14.38,21.03,23.62,,26.93,-69.11,0.71,1.2,1.61
112.80892443656921,22.0,-4.8874,14.38,20.99,23.59,,26.89,-68.99,0.7,1.19,1.61
113.30725240707397,22.0,-4.8473,14.33,20.96,23.55,,26.85,-68.87,0.7,1.19,1.6
113.80928707122803,22.0,-4.8074,14.33,20.89,23.48,,26.81,-68.62,0.69,1.18,1.59
114.31377220153809,22.0,-4.7674,14.29,20.86,23.45,,26.77,-68.36,0.69,1.18,1.59
114.80942344665527,22.0,-4.7278,14.29,20.82,23.41,,26.73,-68.24,0.69,1.17,1.58
115.32028532028198,22.0,-4.6883,14.24,20.79,23.34,,26.69,-68.11,0.69,1.16,1.57
115.82114839553833,22.0,-4.649,14.24,20.76,23.3,,26.65,-67.98,0.68,1.16,1.57
116.31803560256958,22.0,-4.6098,14.2,20.69,23.27,,26.61,-67.72,0.68,1.15,1.56
116.82364678382874,22.0,-4.5706,14.15,20.66,23.23,,26.57,-67.42,0.68,1.14,1.56
117.32699584960938,22.0,-4.5316,14.11,20.62,23.2,,26.53,-67.24,0.68,1.14,1.55
117.82174277305603,22.0,-4.4927,14.11,20.59,23.13,,26.49,-67.1,0.67,1.13,1.54
118.32986760139465,22.0,-4.4541,14.06,20.55,23.09,,26.45,-66.97,0.67,1.13,1.54
118.82765364646912,22.0,-4.4156,14.02,20.52,23.06,,26.42,-66.79,0.67,1.12,1.53
119.32856464385986,22.0,-4.3773,14.02,20.49,23.02,,26.38,-66.65,0.66,1.11,1.52
119.8337984085083,22.0,-4.339,13.98,20.42,22.95,,26.34,-66.38,0.66,1.11,1.52
120.3351719379425,22.0,-4.3007,13.93,20.39,22.91,,26.3,-66.06,0.66,1.1,1.52
120.8349962234497,22.0,-4.2627,13.93,20.35,22.88,,26.26,-65.92,0.65,1.1,1.51
121.3353819847107,22.0,-4.2248,13.89,20.32,22.84,,26.22,-65.78,0.65,1.09,1.51
121.83767533302307,22.0,-4.1871,13.89,20.28,22.77,,26.19,-65.64,0.65,1.09,1.5
122.3357002735138,22.0,-4.1496,13.89,20.25,22.74,,26.15,-65.54,0.65,1.09,1.49
122.8374571800232,22.0,-4.1123,13.84,20.22,22.7,,26.11,-65.39,0.65,1.08,1.49
123.34229183197021,22.0,-4.075,13.8,20.15,22.66,,26.07,-65.07,0.64,1.06,1.48
123.84275817871094,22.0,-4.0377,13.8,20.11,22.63,,26.04,-64.79,0.64,1.07,1.48
124.34399461746216,22.0,-4.0006,13.75,20.08,22.56,,26.0,-64.64,0.64,1.06,1.47
124.8361189365387,22.0,-3.9636,13.75,20.05,22.52,,25.96,-64.49,0.64,1.06,1.46
125.34706163406372,22.0,-3.9268,13.71,20.01,22.49,,25.93,-64.34,0.63,1.05,1.46
125.84995293617249,22.0,-3.8902,13.66,19.98,22.45,,25.89,-64.14,0.63,1.05,1.45
126.35085105895996,22.0,-3.8537,13.66,19.94,22.42,,25.85,-63.98,0.63,1.04,1.45
126.8508689403534,22.0,-3.8174,13.66,19.91,22.38,,25.82,-63.88,0.63,1.04,1.44
127.35268092155457,22.0,-3.7814,13.66,19.88,22.34,,25.78,-63.76,0.62,1.03,1.44
127.8492739200592,22.0,-3.7452,13.39,19.84,22.31,,25.75,-63.37,0.62,1.03,1.43
128.35091137886047,22.0,-3.7091,13.57,19.81,22.24,,25.71,-63.17,0.62,1.02,1.42
128.85826063156128,22.0,-3.6735,13.57,19.77,22.2,,25.67,-63.24,0.62,1.02,1.42
129.3588001728058,22.0,-3.6381,13.57,19.74,22.2,,25.64,-63.12,0.62,1.0,1.41
129.8589632511139,22.0,-3.603,13.53,19.74,22.13,,25.6,-63.09,0.61,1.01,1.41
130.3616325855255,22.0,-3.568,13.53,19.67,22.09,,25.57,-62.93,0.62,1.0,1.4
130.8587348461151,22.0,-3.533,13.53,19.64,22.06,,25.53,-62.67,0.61,1.0,1.4
131.36336636543274,22.0,-3.4982,13.48,19.6,22.02,,25.5,-62.51,0.61,0.99,1.39
131.86565494537354,22.0,-3.4635,13.44,19.57,21.99,,25.46,-62.29,0.61,0.99,1.39
132.36595058441162,22.0,-3.429,13.44,19.54,21.95,,25.43,-62.12,0.61,0.98,1.38
132.8635995388031,22.0,-3.3947,13.44,19.54,21.92,,25.39,-62.13,0.6,0.98,1.38
133.36656546592712,22.0,-3.3608,13.44,19.5,21.84,,25.36,-62.14,0.6,0.97,1.37
133.86615657806396,22.0,-3.3269,13.39,19.43,21.81,,25.33,-61.84,0.6,0.97,1.36
134.36466813087463,22.0,-3.2931,13.39,19.43,21.77,,25.29,-61.66,0.6,0.97,1.36
134.87410688400269,22.0,-3.2597,13.39,19.4,21.74,,25.26,-61.66,0.6,0.96,1.35
135.37132096290588,22.0,-3.2264,13.39,19.36,21.7,,25.23,-61.54,0.59,0.96,1.35
135.86447024345398,22.0,-3.1934,13.35,19.36,21.66,,25.19,-61.49,0.59,0.96,1.34
136.37115263938904,22.0,-3.1605,13.35,19.3,21.63,,25.16,-61.31,0.59,0.95,1.34
136.87870907783508,22.0,-3.1277,13.35,19.3,21.59,,25.13,-61.17,0.59,0.95,1.33
137.37869095802307,22.0,-3.0953,13.3,19.26,21.56,,25.1,-61.13,0.58,0.94,1.33
137.88162899017334,22.0,-3.0629,13.3,19.23,21.56,,25.06,-60.94,0.58,0.94,1.32
138.37877559661865,22.0,-3.0306,13.26,19.19,21.49,,25.03,-60.76,0.58,0.94,1.32
138.8839910030365,22.0,-2.9985,13.26,19.16,21.45,,25.0,-60.57,0.58,0.93,1.31
139.38248896598816,22.0,-2.9665,13.26,19.12,21.41,,24.97,-60.43,0.58,0.93,1.31
139.87962460517883,22.0,-2.9347,13.21,19.12,21.38,,24.93,-60.38,0.58,0.92,1.3
140.38227677345276,22.0,-2.9032,13.21,19.09,21.34,,24.9,-60.32,0.58,0.92,1.3
140.88849020004272,22.0,-2.8718,13.21,19.06,21.31,,24.87,-60.18,0.58,0.91,1.29
141.3855640888214,22.0,-2.8406,13.21,19.02,21.27,,24.84,-60.03,0.58,0.91,1.29
141.89058303833008,22.0,-2.8094,13.17,18.99,21.23,,24.81,-59.84,0.58,0.9,1.29
142.38549327850342,22.0,-2.7784,13.17,18.95,21.16,,24.78,-59.65,0.57,0.9,1.28
142.89482498168945,22.0,-2.7474,13.17,18.92,21.13,,24.75,-59.5,0.57,0.89,1.27
143.39554858207703,22.0,-2.7167,13.17,18.88,21.13,,24.72,-59.35,0.57,0.89,1.27
143.89757776260376,22.0,-2.6861,13.12,18.88,21.09,,24.69,-59.29,0.57,0.88,1.27
144.39826703071594,22.0,-2.6558,13.12,18.85,21.05,,24.66,-59.23,0.57,0.88,1.26
144.9012107849121,22.0,-2.6255,13.08,18.81,21.02,,24.63,-59.03,0.57,0.88,1.26
145.4017415046692,22.0,-2.5954,13.12,18.78,20.98,,24.6,-58.88,0.56,0.87,1.25
145.89713716506958,22.0,-2.5654,13.08,18.75,20.98,,24.57,-58.72,0.56,0.87,1.25
146.39213967323303,22.0,-2.5354,13.04,18.71,20.91,,24.54,-58.48,0.56,0.87,1.24
146.90554976463318,22.0,-2.5055,13.04,18.68,20.87,,24.51,-58.28,0.56,0.87,1.24
147.40486407279968,22.0,-2.4758,13.04,18.68,20.84,,24.48,-58.25,0.56,0.86,1.23
147.9068958759308,22.0,-2.4464,13.04,18.64,20.84,,24.45,-58.23,0.56,0.86,1.23
148.40900206565857,22.0,-2.4173,12.99,18.64,20.8,,24.42,-58.16,0.56,0.86,1.23
148.90960907936096,22.0,-2.3883,12.99,18.61,20.76,,24.39,-58.08,0.55,0.85,1.22
149.4121241569519,22.0,-2.3596,12.95,18.61,20.73,,24.36,-58.01,0.55,0.85,1.22
149.9108326435089,22.0,-2.331,12.95,18.57,20.69,,24.33,-57.93,0.55,0.85,1.21
150.41020941734314,22.0,-2.3025,12.95,18.54,20.66,,24.3,-57.77,0.55,0.84,1.21
150.90913891792297,22.0,-2.2742,12.95,18.5,20.62,,24.27,-57.6,0.55,0.84,1.2
151.41655778884888,22.0,-2.2461,12.95,18.5,20.58,,24.25,-57.57,0.55,0.83,1.2
151.91698360443115,22.0,-2.2182,12.9,18.47,20.55,,24.22,-57.49,0.55,0.83,1.19
152.4186246395111,22.0,-2.1898,12.9,18.33,20.51,,24.19,-56.87,0.54,0.83,1.19
152.92089247703552,22.0,-2.1616,12.9,18.4,20.48,,24.16,-56.71,0.54,0.82,1.18
153.41602301597595,22.0,-2.134,12.86,18.4,20.44,,24.13,-57.03,0.54,0.82,1.18
153.92415475845337,22.0,-2.1066,12.86,18.37,20.44,,24.11,-56.94,0.54,0.82,1.17
154.42193484306335,22.0,-2.0792,12.81,18.33,20.37,,24.08,-56.73,0.53,0.81,1.17
154.92543649673462,22.0,-2.0519,12.81,18.3,20.37,,24.05,-56.51,0.53,0.81,1.17
155.42490816116333,22.0,-2.0247,12.81,18.3,20.33,,24.02,-56.46,0.53,0.8,1.16
155.9226336479187,22.0,-1.9979,12.81,18.26,20.29,,24.0,-56.42,0.53,0.8,1.16
156.42860984802246,22.0,-1.9712,12.77,18.26,20.26,,23.97,-56.34,0.53,0.8,1.15
156.92563581466675,22.0,-1.9445,12.77,18.19,20.26,,23.94,-56.11,0.53,0.8,1.15
157.424471616745,22.0,-1.9179,12.81,18.19,20.19,,23.92,-55.98,0.53,0.79,1.14
157.9345314502716,22.0,-1.8916,12.77,18.16,20.19,,23.89,-55.93,0.53,0.79,1.14
158.435124874115,22.0,-1.8654,12.77,18.16,20.15,,23.87,-55.84,0.53,0.79,1.14
158.93817830085754,22.0,-1.8394,12.72,18.12,20.11,,23.84,-55.75,0.53,0.78,1.13
159.43732404708862,22.0,-1.8134,12.72,18.09,20.08,,23.81,-55.52,0.52,0.78,1.13
159.9396333694458,22.0,-1.7874,12.72,18.05,20.04,,23.79,-55.34,0.52,0.77,1.12
160.44036293029785,22.0,-1.7617,12.72,18.05,20.0,,23.76,-55.29,0.52,0.77,1.12
160.93549633026123,22.0,-1.7362,12.72,18.02,20.0,,23.74,-55.24,0.52,0.77,1.12
161.43927216529846,22.0,-1.7107,12.72,17.98,19.97,,23.71,-55.06,0.52,0.77,1.11
161.94185996055603,22.0,-1.6854,12.72,17.98,19.93,,23.69,-55.01,0.53,0.76,1.11
162.44149494171143,22.0,-1.6604,12.72,17.95,19.93,,23.66,-54.95,0.52,0.76,1.11
162.9484531879425,22.0,-1.6356,12.77,17.95,19.89,,23.64,-54.95,0.52,0.76,1.1
163.44628381729126,22.0,-1.6111,12.72,17.95,19.86,,23.61,-55.03,0.52,0.75,1.1
163.94813227653503,22.0,-1.5868,12.68,17.91,19.86,,23.59,-54.88,0.52,0.75,1.09
164.45158863067627,22.0,-1.5625,12.72,17.88,19.82,,23.56,-54.69,0.52,0.75,1.09
164.95294785499573,22.0,-1.5383,12.68,17.88,19.79,,23.54,-54.63,0.52,0.75,1.09
165.44281244277954,22.0,-1.5143,12.68,17.84,19.79,,23.51,-54.53,0.52,0.74,1.09
165.95122170448303,22.0,-1.4905,12.68,17.84,19.75,,23.49,-54.47,0.52,0.74,1.09
166.44232988357544,22.0,-1.4669,12.68,17.81,19.71,,23.47,-54.41,0.51,0.74,1.08
166.95864009857178,22.0,-1.4433,12.63,17.77,19.68,,23.44,-54.16,0.51,0.73,1.08
167.45962238311768,22.0,-1.4197,12.63,17.77,19.64,,23.42,-54.06,0.51,0.73,1.08
167.9564790725708,22.0,-1.3963,12.59,17.74,19.64,,23.4,-53.95,0.51,0.72,1.07
168.46174144744873,22.0,-1.3729,12.59,17.7,19.64,,23.37,-53.7,0.51,0.72,1.07
168.9628291130066,22.0,-1.3496,12.59,17.7,19.6,,23.35,-53.64,0.51,0.72,1.06
169.46366453170776,22.0,-1.3265,12.59,17.67,19.57,,23.33,-53.58,0.5,0.72,1.06
169.96612167358398,22.0,-1.3034,12.54,17.63,19.53,,23.3,-53.33,0.5,0.71,1.06
170.46764039993286,22.0,-1.2804,12.54,17.63,19.53,,23.28,-53.22,0.5,0.71,1.05
170.96580982208252,22.0,-1.2576,12.54,17.6,19.49,,23.26,-53.15,0.5,0.71,1.05
171.46972560882568,22.0,-1.2349,12.5,17.6,19.46,,23.23,-53.04,0.5,0.7,1.05
171.96675300598145,22.0,-1.2123,12.5,17.56,19.42,,23.21,-52.92,0.5,0.7,1.04
172.46639394760132,22.0,-1.1898,12.5,17.56,19.42,,23.19,-52.85,0.5,0.7,1.04
172.9735643863678,22.0,-1.1675,12.5,17.53,19.38,,23.17,-52.78,0.5,0.7,1.04
173.47007989883423,22.0,-1.1454,12.5,17.53,19.35,,23.15,-52.71,0.49,0.69,1.03
173.96601605415344,22.0,-1.1234,12.45,17.49,19.35,,23.12,-52.59,0.49,0.69,1.03
174.47566294670105,22.0,-1.1015,12.45,17.49,19.31,,23.1,-52.47,0.49,0.69,1.03
174.97947359085083,22.0,-1.0797,12.45,17.46,19.27,,23.08,-52.4,0.49,0.69,1.02
175.48067474365234,22.0,-1.058,12.45,17.42,19.24,,23.06,-52.19,0.49,0.68,1.02
175.97624349594116,22.0,-1.0364,12.45,17.42,19.24,,23.04,-52.11,0.49,0.68,1.02
176.48010563850403,22.0,-1.0149,12.41,17.39,19.2,,23.01,-51.99,0.49,0.68,1.01
176.98495292663574,22.0,-0.9933,12.41,17.35,19.2,,22.99,-51.73,0.49,0.68,1.01
177.48256993293762,22.0,-0.9718,12.41,17.35,19.16,,22.97,-51.66,0.49,0.67,1.01
177.986403465271,22.0,-0.9507,12.41,17.35,19.13,,22.95,-51.71,0.49,0.67,1.0
178.4888346195221,22.0,-0.9299,12.41,17.35,19.09,,22.93,-51.77,0.49,0.67,1.0
178.97959899902344,22.0,-0.9092,12.41,17.32,19.09,,22.91,-51.69,0.49,0.67,1.0
179.48554301261902,22.0,-0.8885,12.36,17.28,19.09,,22.89,-51.43,0.49,0.67,0.99
179.99191117286682,22.0,-0.8678,12.36,17.28,19.05,,22.87,-51.3,0.48,0.66,0.99
180.4900040626526,22.0,-0.8474,12.36,17.28,19.02,,22.85,-51.36,0.48,0.66,0.99
180.9805769920349,22.0,-0.8272,12.36,17.25,19.02,,22.83,-51.28,0.48,0.66,0.99
181.4865951538086,22.0,-0.807,12.32,17.25,18.98,,22.81,-51.14,0.48,0.65,0.98
181.99494194984436,22.0,-0.7869,12.32,17.21,18.98,,22.79,-51.01,0.48,0.65,0.98
182.4958155155182,22.0,-0.7668,12.32,17.18,18.94,,22.77,-50.79,0.48,0.65,0.98
182.99485635757446,22.0,-0.7467,12.27,17.18,18.94,,22.75,-50.66,0.48,0.65,0.97
183.50217652320862,22.0,-0.7269,12.27,17.18,18.91,,22.73,-50.66,0.47,0.65,0.97
184.00221467018127,22.0,-0.7072,12.27,17.14,18.87,,22.71,-50.58,0.47,0.65,0.97
184.50450325012207,22.0,-0.6876,12.27,17.14,18.87,,22.69,-50.49,0.47,0.64,0.97
185.00474858283997,22.0,-0.6682,12.27,17.11,18.83,,22.67,-50.4,0.47,0.64,0.96
185.50207495689392,22.0,-0.6486,12.23,17.07,18.83,,22.65,-50.12,0.47,0.64,0.96
186.00199055671692,22.0,-0.6291,12.23,17.07,18.8,,22.63,-49.99,0.47,0.64,0.96
186.509521484375,22.0,-0.6099,12.23,17.07,18.8,,22.61,-50.03,0.47,0.64,0.96
187.00938749313354,22.0,-0.5908,12.23,17.04,18.76,,22.59,-49.94,0.47,0.63,0.95
187.51046919822693,22.0,-0.5718,12.23,17.04,18.76,,22.57,-49.85,0.47,0.63,0.95
188.01332831382751,22.0,-0.553,12.19,17.04,18.72,,22.55,-49.85,0.46,0.63,0.95
188.509934425354,22.0,-0.5343,12.19,17.0,18.72,,22.53,-49.71,0.47,0.63,0.94
189.01191473007202,22.0,-0.5157,12.23,17.0,18.69,,22.52,-49.66,0.46,0.63,0.94
189.514226436615,22.0,-0.4975,12.23,17.0,18.69,,22.5,-49.75,0.46,0.62,0.94
190.01787114143372,22.0,-0.4792,12.23,16.93,18.65,,22.48,-49.51,0.47,0.62,0.94
190.5183069705963,22.0,-0.4608,12.19,16.93,18.61,,22.46,-49.24,0.46,0.62,0.93
191.01916766166687,22.0,-0.4426,12.23,16.93,18.61,,22.44,-49.28,0.47,0.62,0.93
191.52512288093567,22.0,-0.4248,12.23,16.93,18.58,,22.42,-49.36,0.47,0.61,0.93
192.0242567062378,22.0,-0.407,12.19,16.9,18.58,,22.41,-49.22,0.47,0.61,0.93
192.52408289909363,22.0,-0.3892,12.19,16.9,18.54,,22.39,-49.07,0.46,0.61,0.92
193.02540040016174,22.0,-0.3715,12.19,16.86,18.54,,22.37,-48.97,0.46,0.61,0.92
193.52846598625183,22.0,-0.354,12.19,16.86,18.5,,22.35,-48.87,0.46,0.61,0.92
194.02929949760437,22.0,-0.3366,12.19,16.86,18.5,,22.34,-48.91,0.46,0.6,0.92
194.5272397994995,22.0,-0.3193,12.14,16.83,18.46,,22.32,-48.76,0.46,0.6,0.91
195.02453422546387,22.0,-0.3019,12.14,16.79,18.46,,22.3,-48.47,0.46,0.6,0.91
195.53354501724243,22.0,-0.2846,12.14,16.79,18.43,,22.28,-48.37,0.46,0.6,0.91
196.03446173667908,22.0,-0.2675,12.19,16.79,18.43,,22.27,-48.45,0.46,0.6,0.91
196.5368857383728,22.0,-0.2506,12.14,16.76,18.39,,22.25,-48.35,0.46,0.59,0.9
197.0368847846985,22.0,-0.2336,12.14,16.76,18.39,,22.23,-48.2,0.46,0.59,0.9
197.53867077827454,22.0,-0.2168,12.14,16.72,18.35,,22.22,-48.09,0.46,0.59,0.9
198.0404851436615,22.0,-0.2,12.14,16.72,18.35,,22.2,-47.99,0.46,0.59,0.9
198.53866028785706,22.0,-0.1835,12.14,16.72,18.32,,22.18,-48.02,0.46,0.59,0.89
199.04324984550476,22.0,-0.1672,12.14,16.72,18.32,,22.17,-48.05,0.45,0.59,0.89
199.53869819641113,22.0,-0.1511,12.1,16.72,18.28,,22.15,-48.04,0.46,0.58,0.89
200.04469680786133,22.0,-0.135,12.1,16.68,18.28,,22.13,-47.88,0.45,0.58,0.89
200.53886151313782,22.0,-0.1188,12.1,16.65,18.24,,22.12,-47.63,0.46,0.58,0.88
201.03896617889404,22.0,-0.1026,12.1,16.65,18.24,,22.1,-47.52,0.45,0.58,0.88
201.53963446617126,22.0,-0.0867,12.1,16.65,18.24,,22.09,-47.55,0.45,0.58,0.88
202.04520416259766,22.0,-0.0709,12.1,16.61,18.21,,22.07,-47.44,0.45,0.57,0.88
202.55238008499146,22.0,-0.0551,12.1,16.61,18.21,,22.06,-47.33,0.45,0.57,0.88
203.05370044708252,22.0,-0.0395,12.05,16.61,18.21,,22.04,-47.31,0.45,0.57,0.87
203.55438470840454,22.0,-0.024,12.1,16.58,18.17,,22.02,-47.2,0.45,0.57,0.87
204.05701279640198,22.0,-0.0085,12.1,16.58,18.17,,22.01,-47.13,0.45,0.56,0.87
204.55449390411377,22.0,0.0067,12.05,16.58,18.13,,21.99,-47.11,0.45,0.57,0.87
205.05391025543213,22.0,0.022,12.05,16.54,18.13,,21.98,-46.95,0.45,0.57,0.87
205.5595145225525,22.0,0.0371,12.1,16.54,18.09,,21.96,-46.89,0.45,0.56,0.87
206.05946350097656,22.0,0.0521,12.05,16.54,18.09,,21.95,-46.91,0.45,0.56,0.87
206.56056237220764,22.0,0.067,12.05,16.51,18.09,,21.93,-46.74,0.45,0.56,0.87
207.06019759178162,22.0,0.0819,12.05,16.51,18.06,,21.92,-46.63,0.45,0.56,0.86
207.56462502479553,22.0,0.0967,12.05,16.47,18.06,,21.9,-46.51,0.45,0.55,0.86
208.06104159355164,22.0,0.1115,12.05,16.47,18.06,,21.89,-46.4,0.45,0.55,0.86
208.56520915031433,22.0,0.1261,12.05,16.47,18.02,,21.87,-46.42,0.45,0.55,0.86
209.06741189956665,22.0,0.1405,12.05,16.47,18.02,,21.86,-46.44,0.45,0.55,0.86
209.56744050979614,22.0,0.1548,12.05,16.44,18.02,,21.85,-46.32,0.45,0.55,0.86
210.07184529304504,22.0,0.1691,12.05,16.44,17.98,,21.83,-46.2,0.45,0.55,0.85
210.57333612442017,22.0,0.1832,12.05,16.44,17.98,,21.82,-46.22,0.45,0.55,0.85
211.07423973083496,22.0,0.1972,12.05,16.4,17.95,,21.8,-46.1,0.45,0.55,0.85
211.57183146476746,22.0,0.2112,12.05,16.4,17.95,,21.79,-45.98,0.45,0.54,0.85
212.06884741783142,22.0,0.225,12.05,16.4,17.95,,21.77,-46.0,0.44,0.54,0.85
212.57550048828125,22.0,0.2389,12.01,16.36,17.91,,21.76,-45.83,0.45,0.54,0.84
213.0740087032318,22.0,0.2527,12.01,16.36,17.91,,21.75,-45.66,0.45,0.54,0.84
213.58037781715393,22.0,0.2665,12.05,16.33,17.87,,21.73,-45.59,0.44,0.53,0.84
214.0730493068695,22.0,0.2802,12.05,16.33,17.87,,21.72,-45.51,0.44,0.53,0.84
214.5833671092987,22.0,0.2936,12.05,16.33,17.87,,21.71,-45.53,0.44,0.53,0.84
215.08185696601868,22.0,0.3071,12.01,16.29,17.83,,21.69,-45.36,0.44,0.53,0.83
215.58282375335693,22.0,0.3205,12.01,16.33,17.83,,21.68,-45.32,0.44,0.53,0.83
216.08312106132507,22.0,0.3337,12.01,16.29,17.8,,21.67,-45.34,0.44,0.53,0.83
216.5857753753662,22.0,0.3467,12.01,16.33,17.8,,21.65,-45.35,0.44,0.53,0.83
217.0800642967224,22.0,0.3595,11.96,16.29,17.76,,21.64,-45.32,0.44,0.53,0.82
217.5900206565857,22.0,0.3725,12.01,16.26,17.76,,21.63,-45.05,0.44,0.53,0.82
218.0889277458191,22.0,0.3855,11.96,16.26,17.72,,21.61,-44.92,0.44,0.52,0.82
218.59408283233643,22.0,0.3983,12.01,16.26,17.72,,21.6,-44.94,0.44,0.52,0.82
219.0948281288147,22.0,0.4108,12.01,16.26,17.72,,21.59,-44.99,0.44,0.52,0.82
219.5968313217163,22.0,0.4234,11.96,16.22,17.72,,21.58,-44.82,0.44,0.52,0.82
220.09698390960693,22.0,0.436,12.01,16.22,17.69,,21.56,-44.69,0.44,0.52,0.81
220.599059343338,22.0,0.4484,11.96,16.22,17.69,,21.55,-44.7,0.44,0.52,0.81
221.09696888923645,22.0,0.4607,11.96,16.22,17.69,,21.54,-44.66,0.44,0.51,0.81
221.60215973854065,22.0,0.473,11.96,16.19,17.69,,21.53,-44.53,0.44,0.51,0.81
222.09763264656067,22.0,0.4852,11.96,16.19,17.65,,21.51,-44.4,0.44,0.51,0.81
222.59757900238037,22.0,0.4974,11.92,16.19,17.65,,21.5,-44.36,0.44,0.51,0.81
223.10432744026184,22.0,0.5096,11.92,16.15,17.61,,21.49,-44.18,0.43,0.51,0.8
223.6068103313446,22.0,0.5217,11.92,16.15,17.61,,21.48,-44.05,0.44,0.51,0.8
224.1086061000824,22.0,0.5337,11.96,16.15,17.57,,21.47,-44.1,0.44,0.51,0.8
224.60930275917053,22.0,0.5455,11.92,16.15,17.57,,21.45,-44.11,0.44,0.51,0.8
225.11144471168518,22.0,0.5571,11.92,16.15,17.57,,21.44,-44.07,0.43,0.5,0.79
225.61134672164917,22.0,0.5688,11.92,16.11,17.54,,21.43,-43.93,0.43,0.5,0.79
226.11305451393127,22.0,0.5805,11.92,16.11,17.54,,21.42,-43.8,0.43,0.5,0.79
226.61263394355774,22.0,0.592,11.92,16.11,17.54,,21.41,-43.8,0.43,0.5,0.79
227.1118881702423,22.0,0.6035,11.92,16.08,17.5,,21.4,-43.67,0.43,0.5,0.79
227.61232137680054,22.0,0.615,11.92,16.08,17.5,,21.39,-43.54,0.43,0.5,0.79
228.11306166648865,22.0,0.6263,11.92,16.08,17.5,,21.37,-43.54,0.43,0.5,0.79
228.6178379058838,22.0,0.6375,11.92,16.08,17.5,,21.36,-43.54,0.43,0.5,0.78
229.11135387420654,22.0,0.6485,11.92,16.08,17.46,,21.35,-43.54,0.43,0.49,0.78
229.61859798431396,22.0,0.6596,11.92,16.04,17.46,,21.34,-43.41,0.43,0.49,0.78
230.11178374290466,22.0,0.6706,11.92,16.04,17.42,,21.33,-43.27,0.43,0.49,0.78
230.62539291381836,22.0,0.6816,11.92,16.01,17.42,,21.32,-43.13,0.43,0.49,0.78
231.1260495185852,22.0,0.6927,11.92,16.01,17.42,,21.31,-42.99,0.43,0.49,0.78
231.62655758857727,22.0,0.7036,11.92,16.01,17.39,,21.3,-42.99,0.43,0.49,0.77
232.12676548957825,22.0,0.7143,11.92,16.01,17.39,,21.29,-43.0,0.43,0.49,0.77
232.62573742866516,22.0,0.7249,11.92,16.01,17.39,,21.28,-43.0,0.43,0.49,0.77
233.1317858695984,22.0,0.7354,11.92,16.01,17.35,,21.26,-43.0,0.43,0.49,0.77
233.62777185440063,22.0,0.7458,11.92,15.97,17.35,,21.25,-42.85,0.43,0.48,0.77
234.13482403755188,22.0,0.7563,11.92,15.97,17.35,,21.24,-42.71,0.43,0.48,0.77
234.6363866329193,22.0,0.7666,11.92,15.97,17.35,,21.23,-42.71,0.44,0.48,0.77
235.1317994594574,22.0,0.7769,11.92,15.94,17.35,,21.22,-42.57,0.43,0.48,0.76
235.63923454284668,22.0,0.7871,11.96,15.97,17.31,,21.21,-42.62,0.43,0.48,0.76
236.13988518714905,22.0,0.797,11.96,15.94,17.31,,21.2,-42.66,0.44,0.48,0.76
236.64086365699768,22.0,0.807,11.96,15.94,17.31,,21.19,-42.52,0.44,0.48,0.76
237.14220070838928,22.0,0.8168,11.96,15.94,17.31,,21.18,-42.52,0.43,0.47,0.76
237.64102745056152,22.0,0.8266,11.96,15.9,17.28,,21.17,-42.38,0.44,0.47,0.75
238.1455225944519,22.0,0.8365,11.96,15.9,17.24,,21.16,-42.23,0.44,0.47,0.76
238.647132396698,22.0,0.8462,11.96,15.9,17.24,,21.15,-42.23,0.43,0.47,0.75
239.14869379997253,22.0,0.856,11.92,15.86,17.24,,21.14,-42.04,0.43,0.47,0.75
239.64089369773865,22.0,0.8659,11.92,15.86,17.24,,21.13,-41.85,0.43,0.47,0.75
240.14786100387573,22.0,0.8756,11.92,15.86,17.2,,21.12,-41.85,0.44,0.47,0.75
240.65084624290466,22.0,0.8852,11.92,15.86,17.2,,21.11,-41.84,0.43,0.47,0.74
241.15476250648499,22.0,0.8947,11.92,15.86,17.16,,21.11,-41.84,0.43,0.46,0.75
241.6543459892273,22.0,0.9042,11.92,15.83,17.16,,21.1,-41.7,0.43,0.46,0.74
242.15545439720154,22.0,0.9136,11.92,15.86,17.16,,21.09,-41.69,0.43,0.46,0.74
242.6576793193817,22.0,0.9228,11.92,15.83,17.16,,21.08,-41.68,0.43,0.46,0.74
243.15624618530273,22.0,0.9322,11.92,15.79,17.13,,21.07,-41.4,0.43,0.46,0.74
243.6549792289734,22.0,0.9415,11.92,15.83,17.13,,21.06,-41.39,0.43,0.46,0.74
244.1568865776062,22.0,0.9507,11.87,15.79,17.13,,21.05,-41.34,0.43,0.46,0.74
244.66282033920288,22.0,0.96,11.87,15.79,17.13,,21.04,-41.15,0.43,0.46,0.74
245.16383385658264,22.0,0.9692,11.87,15.79,17.13,,21.03,-41.14,0.43,0.46,0.73
245.66420578956604,22.0,0.9782,11.87,15.79,17.09,,21.02,-41.13,0.43,0.46,0.73
246.16625142097473,22.0,0.9871,11.87,15.79,17.09,,21.01,-41.12,0.43,0.45,0.73
246.66893601417542,22.0,0.996,11.87,15.76,17.09,,21.0,-40.97,0.43,0.45,0.73
247.1691656112671,22.0,1.005,11.92,15.76,17.09,,21.0,-40.87,0.43,0.45,0.73
247.66897821426392,22.0,1.0137,11.92,15.76,17.05,,20.99,-40.91,0.43,0.45,0.73
248.16860961914062,22.0,1.0225,11.92,15.72,17.05,,20.98,-40.76,0.43,0.45,0.73
248.6692659854889,22.0,1.0313,11.92,15.72,17.05,,20.97,-40.61,0.43,0.45,0.73
249.1689178943634,22.0,1.0401,11.87,15.72,17.05,,20.96,-40.56,0.43,0.45,0.73
249.67529678344727,22.0,1.0487,11.92,15.72,17.01,,20.95,-40.55,0.43,0.45,0.72
250.1761975288391,22.0,1.0574,11.87,15.68,17.01,,20.94,-40.4,0.43,0.44,0.72
250.66731309890747,22.0,1.0661,11.92,15.68,17.01,,20.93,-40.25,0.43,0.44,0.72
251.1792333126068,22.0,1.0746,11.87,15.68,16.98,,20.93,-40.24,0.43,0.44,0.72
251.67572283744812,22.0,1.083,11.87,15.72,16.98,,20.92,-40.33,0.43,0.44,0.72
252.17745661735535,22.0,1.0912,11.87,15.68,16.98,,20.91,-40.32,0.43,0.44,0.72
252.68226790428162,22.0,1.0995,11.87,15.68,16.98,,20.9,-40.16,0.43,0.44,0.71
253.18469786643982,22.0,1.1078,11.87,15.65,16.94,,20.89,-40.01,0.43,0.44,0.72
253.6869397163391,22.0,1.1162,11.83,15.65,16.94,,20.88,-39.81,0.43,0.44,0.71
254.18698167800903,22.0,1.1246,11.83,15.65,16.94,,20.88,-39.76,0.43,0.44,0.71
254.6866204738617,22.0,1.1329,11.87,15.61,16.94,,20.87,-39.65,0.43,0.44,0.71
255.1856906414032,22.0,1.1411,11.87,15.65,16.94,,20.86,-39.69,0.43,0.44,0.71
255.68376922607422,22.0,1.149,11.87,15.65,16.94,,20.85,-39.81,0.43,0.44,0.71
256.18734407424927,22.0,1.1567,11.87,15.65,16.9,,20.84,-39.8,0.43,0.44,0.71
256.6900465488434,22.0,1.1644,11.87,15.65,16.9,,20.84,-39.79,0.43,0.43,0.71
257.1967189311981,22.0,1.1719,11.87,15.65,16.9,,20.83,-39.77,0.43,0.43,0.71
257.6909363269806,22.0,1.1796,11.87,15.61,16.9,,20.82,-39.62,0.43,0.43,0.7
258.1984295845032,22.0,1.1872,11.87,15.61,16.86,,20.81,-39.46,0.43,0.43,0.7
258.6985921859741,22.0,1.1948,11.87,15.61,16.86,,20.81,-39.45,0.43,0.43,0.7
259.1988253593445,22.0,1.2022,11.87,15.61,16.86,,20.8,-39.44,0.43,0.43,0.7
259.69943714141846,22.0,1.2096,11.83,15.61,16.86,,20.79,-39.37,0.43,0.43,0.7
260.1991822719574,22.0,1.2169,11.87,15.61,16.82,,20.78,-39.36,0.43,0.43,0.7
260.6996338367462,22.0,1.224,11.87,15.61,16.82,,20.78,-39.38,0.43,0.43,0.7
261.20586109161377,22.0,1.2311,11.87,15.61,16.82,,20.77,-39.37,0.43,0.43,0.7
261.70687079429626,22.0,1.2382,11.83,15.58,16.82,,20.76,-39.16,0.43,0.43,0.69
262.2071375846863,22.0,1.2455,11.87,15.58,16.79,,20.75,-39.0,0.43,0.43,0.69
262.70611548423767,22.0,1.2525,11.87,15.58,16.79,,20.75,-39.03,0.43,0.43,0.69
263.20823192596436,22.0,1.2593,11.87,15.61,16.79,,20.74,-39.16,0.43,0.43,0.69
263.71265387535095,22.0,1.2659,11.87,15.61,16.79,,20.73,-39.28,0.43,0.43,0.69
264.21439146995544,22.0,1.2723,11.87,15.61,16.79,,20.73,-39.26,0.43,0.43,0.69
264.71070981025696,22.0,1.2789,11.92,15.54,16.79,,20.72,-39.0,0.43,0.43,0.69
265.2170753479004,22.0,1.2854,11.92,15.61,16.79,,20.71,-39.03,0.43,0.43,0.69
265.71808195114136,22.0,1.2917,11.87,15.58,16.79,,20.71,-39.1,0.43,0.43,0.69
266.2139160633087,22.0,1.2979,11.92,15.61,16.79,,20.7,-39.08,0.43,0.43,0.69
266.7212257385254,22.0,1.304,11.92,15.58,16.75,,20.7,-39.1,0.43,0.43,0.69
267.21888542175293,22.0,1.3099,11.92,15.61,16.79,,20.69,-39.08,0.43,0.43,0.69
267.7172501087189,22.0,1.3158,11.92,15.58,16.75,,20.68,-39.06,0.43,0.43,0.69
268.2153584957123,22.0,1.3218,11.92,15.58,16.75,,20.68,-38.9,0.43,0.43,0.69
268.7270803451538,22.0,1.3277,11.92,15.58,16.75,,20.67,-38.87,0.43,0.43,0.69
269.21481442451477,22.0,1.3335,11.92,15.58,16.75,,20.67,-38.85,0.43,0.43,0.69
269.72824692726135,22.0,1.3392,11.92,15.58,16.75,,20.66,-38.83,0.43,0.43,0.69
270.2269275188446,22.0,1.3449,11.87,15.58,16.75,,20.66,-38.76,0.43,0.43,0.69
270.7313828468323,22.0,1.3505,11.92,15.58,16.75,,20.65,-38.73,0.43,0.43,0.69
271.2281713485718,22.0,1.356,11.92,15.58,16.75,,20.64,-38.75,0.43,0.43,0.69
271.73092699050903,22.0,1.3616,11.92,15.54,16.75,,20.64,-38.59,0.43,0.43,0.68
272.2352285385132,22.0,1.3673,11.92,15.54,16.71,,20.63,-38.43,0.43,0.43,0.68
272.7304301261902,22.0,1.3727,11.92,15.58,16.71,,20.63,-38.55,0.43,0.43,0.68
273.23829793930054,22.0,1.3781,11.92,15.54,16.71,,20.62,-38.52,0.43,0.43,0.68
273.7394666671753,22.0,1.3835,11.92,15.54,16.71,,20.62,-38.35,0.43,0.43,0.68
274.24098777770996,22.0,1.3889,11.92,15.54,16.71,,20.61,-38.33,0.43,0.43,0.68
274.7427489757538,22.0,1.3942,11.92,15.54,16.67,,20.61,-38.3,0.43,0.43,0.68
275.2439441680908,22.0,1.3992,11.92,15.58,16.67,,20.6,-38.42,0.43,0.43,0.68
275.74513387680054,22.0,1.4042,11.92,15.54,16.71,,20.6,-38.39,0.43,0.43,0.68
276.2422981262207,22.0,1.4093,11.92,15.54,16.71,,20.59,-38.23,0.43,0.43,0.68
276.74897480010986,22.0,1.4143,11.92,15.54,16.71,,20.59,-38.2,0.43,0.43,0.68
277.24577021598816,22.0,1.4192,11.96,15.54,16.71,,20.58,-38.22,0.44,0.43,0.68
277.74870920181274,22.0,1.4241,11.96,15.5,16.71,,20.58,-38.1,0.44,0.43,0.68
278.2481415271759,22.0,1.4291,11.92,15.54,16.71,,20.57,-38.02,0.43,0.43,0.68
278.741304397583,22.0,1.4339,11.96,15.5,16.67,,20.57,-38.0,0.44,0.43,0.68
279.2423098087311,22.0,1.4387,11.92,15.54,16.71,,20.56,-37.97,0.44,0.43,0.68
279.7538046836853,22.0,1.4434,11.96,15.5,16.71,,20.56,-37.94,0.43,0.43,0.68
280.2561330795288,22.0,1.4482,11.92,15.5,16.67,,20.55,-37.77,0.43,0.42,0.68
280.75669288635254,22.0,1.4531,11.92,15.5,16.67,,20.55,-37.7,0.43,0.43,0.68
281.2540707588196,22.0,1.4576,11.96,15.54,16.67,,20.54,-37.86,0.44,0.42,0.68
281.75503849983215,22.0,1.462,11.92,15.5,16.67,,20.54,-37.83,0.43,0.42,0.67
282.26102352142334,22.0,1.4666,11.96,15.5,16.67,,20.53,-37.66,0.43,0.42,0.67
282.76117753982544,22.0,1.4711,11.92,15.5,16.64,,20.53,-37.63,0.43,0.42,0.67
283.2642664909363,22.0,1.4756,11.92,15.5,16.6,,20.52,-37.56,0.43,0.42,0.67
283.7594439983368,22.0,1.4801,11.92,15.5,16.64,,20.52,-37.53,0.43,0.42,0.67
284.26416206359863,22.0,1.4844,11.92,15.5,16.64,,20.52,-37.5,0.43,0.42,0.67
284.7670667171478,22.0,1.4889,11.96,15.47,16.64,,20.51,-37.38,0.43,0.42,0.67
285.2694761753082,22.0,1.4933,11.96,15.47,16.64,,20.51,-37.25,0.44,0.42,0.67
285.76652002334595,22.0,1.4978,11.92,15.47,16.6,,20.5,-37.18,0.43,0.42,0.67
286.27305126190186,22.0,1.5022,11.96,15.47,16.6,,20.5,-37.15,0.44,0.42,0.67
286.7726294994354,22.0,1.5063,11.96,15.5,16.6,,20.49,-37.31,0.44,0.42,0.67
287.2728502750397,22.0,1.5104,11.96,15.47,16.6,,20.49,-37.28,0.44,0.42,0.67
287.7768030166626,22.0,1.5146,11.96,15.47,16.64,,20.49,-37.11,0.44,0.42,0.67
288.2782118320465,22.0,1.5187,11.96,15.47,16.6,,20.48,-37.08,0.44,0.42,0.67
288.7779448032379,22.0,1.5228,11.96,15.47,16.6,,20.48,-37.05,0.44,0.42,0.67
289.28115367889404,22.0,1.5268,11.96,15.47,16.6,,20.47,-37.02,0.44,0.42,0.67
289.7819855213165,22.0,1.5307,11.96,15.47,16.6,,20.47,-36.99,0.44,0.42,0.67
290.2834732532501,22.0,1.5346,11.96,15.47,16.56,,20.47,-36.96,0.44,0.41,0.67
290.78470373153687,22.0,1.5385,11.96,15.47,16.56,,20.46,-36.93,0.44,0.41,0.66
291.28967237472534,22.0,1.5423,11.96,15.47,16.56,,20.46,-36.9,0.44,0.42,0.66
291.7860817909241,22.0,1.5462,11.96,15.43,16.56,,20.45,-36.73,0.44,0.41,0.66
292.4017324447632,22.0,1.5501,11.92,15.47,16.56,,20.45,-36.65,0.43,0.42,0.66
292.8018915653229,22.0,1.5538,11.96,15.47,16.56,,20.45,-36.76,0.44,0.41,0.66
293.2895474433899,22.0,1.5573,12.01,15.47,16.52,,20.44,-36.82,0.44,0.41,0.66
293.78464698791504,22.0,1.5608,11.96,15.47,16.56,,20.44,-36.78,0.44,0.41,0.66
294.29016757011414,22.0,1.5645,11.96,15.43,16.56,,20.44,-36.57,0.44,0.41,0.66
294.7866404056549,22.0,1.5682,11.96,15.43,16.52,,20.43,-36.39,0.44,0.41,0.66
295.29675555229187,22.0,1.572,11.96,15.43,16.52,,20.43,-36.36,0.44,0.41,0.66
295.79889845848083,22.0,1.5756,11.96,15.43,16.52,,20.42,-36.33,0.44,0.41,0.66
296.30087661743164,22.0,1.5792,12.01,15.43,16.52,,20.42,-36.34,0.44,0.41,0.66
296.80045104026794,22.0,1.5827,11.96,15.43,16.52,,20.42,-36.31,0.44,0.41,0.65
297.30185079574585,22.0,1.5862,12.01,15.43,16.49,,20.41,-36.28,0.44,0.41,0.65
297.802996635437,22.0,1.5895,12.01,15.43,16.49,,20.41,-36.29,0.44,0.41,0.65
298.3033838272095,22.0,1.5929,12.01,15.43,16.49,,20.41,-36.26,0.44,0.41,0.65
298.8021295070648,22.0,1.5961,12.01,15.43,16.49,,20.4,-36.23,0.44,0.41,0.65
299.3054838180542,22.0,1.5995,12.01,15.4,16.49,,20.4,-36.05,0.44,0.41,0.65
299.8080039024353,22.0,1.6029,12.01,15.43,16.49,,20.4,-36.02,0.44,0.41,0.65
300.3051073551178,22.0,1.6059,12.01,15.47,16.49,,20.39,-36.27,0.45,0.41,0.65
300.80832695961,22.0,1.6088,12.01,15.43,16.49,,20.39,-36.24,0.45,0.41,0.65
301.3104178905487,22.0,1.6118,12.05,15.43,16.49,,20.39,-36.11,0.44,0.41,0.65
301.8134572505951,22.0,1.6148,12.01,15.43,16.49,,20.39,-36.08,0.44,0.41,0.65
302.3142464160919,22.0,1.6177,12.05,15.43,16.49,,20.38,-36.04,0.45,0.41,0.65
302.8136954307556,22.0,1.6205,12.05,15.43,16.49,,20.38,-36.06,0.44,0.41,0.65
303.3171281814575,22.0,1.6234,12.01,15.43,16.49,,20.38,-35.97,0.44,0.41,0.65
303.8203682899475,22.0,1.6263,12.05,15.4,16.49,,20.37,-35.8,0.45,0.41,0.65
304.32084345817566,22.0,1.6294,12.05,15.4,16.49,,20.37,-35.67,0.45,0.41,0.65
304.8211045265198,22.0,1.6322,12.05,15.43,16.45,,20.37,-35.78,0.44,0.41,0.65
305.3210515975952,22.0,1.635,12.05,15.4,16.45,,20.36,-35.75,0.45,0.41,0.65
305.8211452960968,22.0,1.6378,12.01,15.43,16.45,,20.36,-35.67,0.45,0.41,0.65
306.3201198577881,22.0,1.6406,12.05,15.4,16.45,,20.36,-35.63,0.45,0.41,0.65
306.82564663887024,22.0,1.6433,12.05,15.43,16.45,,20.36,-35.64,0.45,0.41,0.65
307.3286063671112,22.0,1.6459,12.1,15.4,16.45,,20.35,-35.65,0.45,0.41,0.65
307.8289740085602,22.0,1.6484,12.05,15.43,16.45,,20.35,-35.62,0.45,0.41,0.65
308.3279528617859,22.0,1.6508,12.1,15.43,16.45,,20.35,-35.72,0.45,0.41,0.65
308.8200042247772,22.0,1.6532,12.1,15.4,16.49,,20.35,-35.59,0.45,0.41,0.65
309.33402943611145,22.0,1.6558,12.1,15.4,16.45,,20.34,-35.42,0.46,0.41,0.65
309.8284766674042,22.0,1.6583,12.1,15.4,16.45,,20.34,-35.38,0.45,0.41,0.65
310.3354003429413,22.0,1.6606,12.1,15.43,16.45,,20.34,-35.49,0.45,0.41,0.65
310.828458070755,22.0,1.6629,12.1,15.4,16.45,,20.34,-35.46,0.45,0.41,0.65
311.3280739784241,22.0,1.6652,12.1,15.43,16.45,,20.33,-35.42,0.45,0.41,0.65
311.83671164512634,22.0,1.6676,12.1,15.36,16.45,,20.33,-35.24,0.45,0.41,0.65
312.336177110672,22.0,1.67,12.1,15.43,16.45,,20.33,-35.21,0.45,0.4,0.65
312.8426122665405,22.0,1.672,12.1,15.43,16.45,,20.33,-35.45,0.45,0.41,0.65
313.34361720085144,22.0,1.6739,12.1,15.43,16.45,,20.33,-35.42,0.45,0.41,0.65
313.84365153312683,22.0,1.6759,12.1,15.43,16.45,,20.32,-35.38,0.45,0.41,0.65
314.34857749938965,22.0,1.6779,12.14,15.4,16.41,,20.32,-35.25,0.45,0.41,0.65
314.84230852127075,22.0,1.6799,12.1,15.43,16.41,,20.32,-35.21,0.45,0.41,0.65
315.3500597476959,22.0,1.682,12.1,15.4,16.41,,20.32,-35.13,0.46,0.41,0.65
315.8510386943817,22.0,1.684,12.1,15.43,16.41,,20.32,-35.09,0.46,0.41,0.65
316.35210633277893,22.0,1.6858,12.1,15.43,16.41,,20.31,-35.2,0.45,0.41,0.65
316.8429489135742,22.0,1.6879,11.96,15.4,16.41,,20.31,-34.88,0.45,0.41,0.65
317.3488051891327,22.0,1.69,12.1,15.43,16.41,,20.31,-34.84,0.45,0.41,0.65
317.8560721874237,22.0,1.6919,12.1,15.4,16.41,,20.31,-34.94,0.46,0.41,0.65
318.3589286804199,22.0,1.6938,12.1,15.43,16.41,,20.31,-34.9,0.45,0.41,0.65
318.8587293624878,22.0,1.6957,12.1,15.4,16.41,,20.3,-34.87,0.46,0.41,0.65
319.361186504364,22.0,1.6976,12.14,15.4,16.41,,20.3,-34.73,0.45,0.41,0.65
319.85765647888184,22.0,1.6994,12.1,15.43,16.41,,20.3,-34.84,0.45,0.41,0.65
320.3585982322693,22.0,1.7011,12.14,15.4,16.41,,20.3,-34.8,0.46,0.41,0.65
320.864768743515,22.0,1.7028,12.14,15.43,16.37,,20.3,-34.81,0.45,0.41,0.64
321.3587613105774,22.0,1.7043,12.1,15.43,16.41,,20.3,-34.87,0.46,0.41,0.65
321.8640892505646,22.0,1.7058,12.14,15.43,16.37,,20.29,-34.83,0.45,0.41,0.64
322.3685359954834,22.0,1.7074,12.1,15.4,16.37,,20.29,-34.65,0.46,0.41,0.64
322.8695397377014,22.0,1.7092,12.14,15.4,16.41,,20.29,-34.47,0.46,0.41,0.64
323.3727843761444,22.0,1.7109,12.14,15.4,16.37,,20.29,-34.48,0.46,0.41,0.64
323.87207984924316,22.0,1.7126,12.14,15.4,16.37,,20.29,-34.44,0.46,0.41,0.64
324.3732171058655,22.0,1.7142,12.19,15.4,16.37,,20.29,-34.45,0.46,0.41,0.64
324.8755829334259,22.0,1.7157,12.14,15.43,16.37,,20.28,-34.55,0.46,0.41,0.64
325.3659920692444,22.0,1.7171,12.19,15.4,16.37,,20.28,-34.51,0.46,0.41,0.64
325.87755942344666,22.0,1.7185,12.14,15.43,16.37,,20.28,-34.47,0.46,0.41,0.64
326.3792655467987,22.0,1.7197,12.14,15.43,16.37,,20.28,-34.53,0.46,0.41,0.64
326.8802168369293,22.0,1.7211,12.19,15.4,16.37,,20.28,-34.4,0.46,0.41,0.64
327.3765857219696,22.0,1.7225,12.19,15.4,16.37,,20.28,-34.26,0.46,0.41,0.64
327.88276505470276,22.0,1.7238,12.19,15.43,16.37,,20.28,-34.37,0.46,0.41,0.64
328.384756565094,22.0,1.725,12.19,15.4,16.33,,20.27,-34.33,0.46,0.41,0.64
328.8863785266876,22.0,1.7263,12.14,15.43,16.37,,20.27,-34.24,0.46,0.41,0.64
329.38876461982727,22.0,1.7276,12.19,15.4,16.37,,20.27,-34.2,0.46,0.41,0.64
329.8861355781555,22.0,1.729,12.19,15.4,16.33,,20.27,-34.07,0.46,0.41,0.64
330.389750957489,22.0,1.7303,12.19,15.4,16.37,,20.27,-34.03,0.46,0.41,0.64
330.89088559150696,22.0,1.7315,12.19,15.43,16.33,,20.27,-34.14,0.46,0.41,0.64
331.38864970207214,22.0,1.7326,12.19,15.4,16.33,,20.27,-34.1,0.46,0.41,0.64
331.89353799819946,22.0,1.7338,12.19,15.43,16.33,,20.27,-34.06,0.47,0.41,0.64
332.3951871395111,22.0,1.7347,12.23,15.43,16.33,,20.27,-34.21,0.47,0.41,0.64
332.89587688446045,22.0,1.7355,12.23,15.43,16.37,,20.26,-34.21,0.47,0.41,0.64
333.38591957092285,22.0,1.7363,12.23,15.43,16.37,,20.26,-34.17,0.47,0.41,0.64
333.89408683776855,22.0,1.7371,12.23,15.43,16.41,,20.26,-34.13,0.47,0.41,0.65
334.38966965675354,22.0,1.7379,12.27,15.43,16.41,,20.26,-34.14,0.47,0.41,0.64
334.90084290504456,22.0,1.7386,12.23,15.43,16.41,,20.26,-34.1,0.47,0.41,0.64
335.4030284881592,22.0,1.7394,12.23,15.43,16.41,,20.26,-34.01,0.47,0.41,0.65
335.89864897727966,22.0,1.7402,12.23,15.43,16.41,,20.26,-33.97,0.47,0.42,0.65
336.40464305877686,22.0,1.7409,12.23,15.43,16.41,,20.26,-33.93,0.47,0.41,0.65
336.90646409988403,22.0,1.7417,12.23,15.43,16.41,,20.26,-33.89,0.47,0.41,0.65
337.4055700302124,22.0,1.7425,12.23,15.43,16.41,,20.26,-33.85,0.47,0.41,0.65
337.9079632759094,22.0,1.7431,12.27,15.43,16.41,,20.26,-33.86,0.47,0.41,0.65
338.4105076789856,22.0,1.7438,12.23,15.43,16.41,,20.26,-33.82,0.47,0.41,0.65
338.9111359119415,22.0,1.7443,12.27,15.47,16.41,,20.26,-33.92,0.47,0.41,0.65
339.4129159450531,22.0,1.7448,12.23,15.43,16.37,,20.26,-33.88,0.47,0.41,0.65
339.91584968566895,22.0,1.7455,12.23,15.43,16.37,,20.25,-33.65,0.47,0.41,0.65
340.4156172275543,22.0,1.7462,12.23,15.43,16.41,,20.25,-33.61,0.47,0.41,0.65
340.91755628585815,22.0,1.7469,12.23,15.43,16.41,,20.25,-33.57,0.47,0.41,0.64
341.4171335697174,22.0,1.7476,12.23,15.43,16.41,,20.25,-33.53,0.47,0.41,0.65
341.91989612579346,22.0,1.7483,12.23,15.43,16.41,,20.25,-33.49,0.47,0.41,0.65
342.4175715446472,22.0,1.7489,12.27,15.43,16.37,,20.25,-33.49,0.47,0.41,0.65
342.91252398490906,22.0,1.7495,12.27,15.43,16.37,,20.25,-33.5,0.47,0.41,0.64
343.4225158691406,22.0,1.7501,12.27,15.43,16.37,,20.25,-33.46,0.47,0.41,0.64
343.92346811294556,22.0,1.7506,12.27,15.43,16.37,,20.25,-33.42,0.47,0.41,0.64
344.4246141910553,22.0,1.7511,12.27,15.43,16.37,,20.25,-33.38,0.47,0.41,0.64
344.9161550998688,22.0,1.7517,12.27,15.43,16.37,,20.25,-33.34,0.47,0.41,0.64
345.4239685535431,22.0,1.752,12.27,15.47,16.37,,20.25,-33.44,0.47,0.41,0.64
345.93052673339844,22.0,1.7524,12.27,15.43,16.37,,20.25,-33.4,0.47,0.41,0.64
346.42690229415894,22.0,1.7529,12.27,15.43,16.37,,20.25,-33.22,0.47,0.41,0.64
346.9330997467041,22.0,1.7534,12.27,15.43,16.33,,20.25,-33.17,0.47,0.41,0.64
347.4348554611206,22.0,1.7539,12.27,15.43,16.37,,20.25,-33.13,0.47,0.41,0.64
347.93211817741394,22.0,1.7544,12.27,15.43,16.37,,20.25,-33.09,0.47,0.41,0.64
348.4359691143036,22.0,1.7549,12.27,15.43,16.33,,20.25,-33.05,0.48,0.41,0.64
348.93820881843567,22.0,1.7554,12.27,15.43,16.37,,20.24,-33.01,0.47,0.41,0.64
349.43844175338745,22.0,1.7559,12.32,15.43,16.37,,20.24,-33.02,0.47,0.41,0.64
349.92893862724304,22.0,1.7563,12.27,15.43,16.33,,20.24,-32.98,0.47,0.41,0.64
350.4376676082611,22.0,1.7568,12.27,15.43,16.33,,20.24,-32.89,0.48,0.41,0.64
350.943886756897,22.0,1.7572,12.27,15.43,16.33,,20.24,-32.85,0.47,0.41,0.64
351.44558024406433,22.0,1.7577,12.27,15.43,16.33,,20.24,-32.81,0.48,0.42,0.64
351.94535756111145,22.0,1.7581,12.32,15.43,16.33,,20.24,-32.82,0.48,0.41,0.64
352.4479932785034,22.0,1.7585,12.32,15.43,16.33,,20.24,-32.82,0.48,0.41,0.64
352.9456672668457,22.0,1.7586,12.32,15.47,16.33,,20.24,-32.92,0.48,0.41,0.64
353.4467704296112,22.0,1.7588,12.32,15.43,16.33,,20.24,-32.88,0.48,0.42,0.64
353.94377040863037,22.0,1.7591,12.32,15.43,16.37,,20.24,-32.7,0.48,0.41,0.64
354.44395089149475,22.0,1.7595,12.32,15.43,16.33,,20.24,-32.66,0.48,0.41,0.64
354.95508885383606,22.0,1.7598,12.32,15.43,16.33,,20.24,-32.62,0.48,0.41,0.64
355.4508635997772,22.0,1.7601,12.32,15.43,16.33,,20.24,-32.58,0.48,0.41,0.64
355.951868057251,22.0,1.7604,12.36,15.43,16.33,,20.24,-32.59,0.48,0.41,0.64
356.4594511985779,22.0,1.7607,12.32,15.43,16.33,,20.24,-32.55,0.48,0.41,0.64
356.96024465560913,22.0,1.7611,12.36,15.4,16.3,,20.24,-32.36,0.48,0.41,0.63
357.46100640296936,22.0,1.7615,12.36,15.43,16.33,,20.24,-32.37,0.48,0.41,0.63
357.96168327331543,22.0,1.7617,12.36,15.43,16.33,,20.24,-32.47,0.48,0.41,0.63
358.46097779273987,22.0,1.762,12.36,15.4,16.3,,20.24,-32.29,0.48,0.41,0.63
358.9641263484955,22.0,1.7625,12.36,15.4,16.33,,20.24,-32.11,0.48,0.41,0.63
359.4597315788269,22.0,1.763,12.36,15.4,16.3,,20.24,-32.08,0.48,0.41,0.63
359.95963072776794,22.0,1.7635,12.36,15.4,16.33,,20.24,-32.04,0.48,0.41,0.63
360.46863055229187,22.0,1.764,12.36,15.4,16.3,,20.24,-32.0,0.48,0.41,0.63
360.96989369392395,22.0,1.7645,12.36,15.4,16.3,,20.24,-31.96,0.48,0.41,0.63
361.47148180007935,22.0,1.7648,12.36,15.43,16.3,,20.24,-32.06,0.48,0.41,0.63
361.9726107120514,22.0,1.765,12.36,15.43,16.3,,20.24,-32.17,0.48,0.41,0.63
362.4733233451843,22.0,1.7651,12.36,15.43,16.3,,20.23,-32.13,0.48,0.41,0.63
362.9741439819336,22.0,1.7654,12.36,15.4,16.3,,20.23,-31.95,0.49,0.41,0.63
363.4747302532196,22.0,1.7658,12.41,15.4,16.3,,20.23,-31.81,0.49,0.41,0.63
363.9783442020416,22.0,1.766,12.41,15.43,16.3,,20.23,-31.96,0.49,0.41,0.63
364.4795229434967,22.0,1.766,12.41,15.43,16.3,,20.23,-32.06,0.49,0.41,0.63
364.9792585372925,22.0,1.7662,12.36,15.4,16.3,,20.23,-31.84,0.49,0.41,0.63
365.48040294647217,22.0,1.7666,12.41,15.4,16.3,,20.23,-31.65,0.49,0.41,0.63
365.9844756126404,22.0,1.7669,12.41,15.4,16.3,,20.23,-31.66,0.49,0.41,0.63
366.4735414981842,22.0,1.767,12.45,15.43,16.3,,20.23,-31.81,0.49,0.41,0.63
366.9862377643585,22.0,1.7669,12.41,15.43,16.3,,20.23,-31.91,0.49,0.41,0.63
367.48820090293884,22.0,1.767,12.45,15.4,16.3,,20.23,-31.74,0.49,0.41,0.63
367.9891917705536,22.0,1.7672,12.45,15.4,16.3,,20.23,-31.6,0.49,0.41,0.63
368.4899616241455,22.0,1.7673,12.45,15.43,16.3,,20.23,-31.7,0.49,0.41,0.63
368.99099040031433,22.0,1.7671,12.45,15.43,16.3,,20.23,-31.81,0.49,0.41,0.63
369.49010467529297,22.0,1.7671,12.5,15.4,16.3,,20.23,-31.67,0.49,0.41,0.63
369.99451518058777,22.0,1.767,12.5,15.43,16.3,,20.23,-31.68,0.5,0.41,0.63
370.49553084373474,22.0,1.767,12.5,15.4,16.3,,20.23,-31.64,0.49,0.41,0.63
370.99646043777466,22.0,1.767,12.5,15.4,16.3,,20.23,-31.46,0.5,0.41,0.63
371.49768018722534,22.0,1.767,12.5,15.43,16.3,,20.23,-31.57,0.5,0.41,0.63
371.99834966659546,22.0,1.7669,12.5,15.4,16.26,,20.23,-31.53,0.5,0.41,0.63
372.50109696388245,22.0,1.7669,12.5,15.4,16.3,,20.23,-31.35,0.5,0.41,0.63
373.00309801101685,22.0,1.7668,12.5,15.43,16.3,,20.23,-31.45,0.5,0.41,0.63
373.4945728778839,22.0,1.7666,12.5,15.43,16.26,,20.23,-31.55,0.5,0.41,0.63
374.0040066242218,22.0,1.7665,12.5,15.4,16.3,,20.23,-31.37,0.5,0.41,0.63
374.502968788147,22.0,1.7666,12.5,15.4,16.3,,20.23,-31.19,0.5,0.41,0.63
375.00115060806274,22.0,1.7667,12.45,15.4,16.26,,20.23,-31.11,0.5,0.41,0.63
375.5028803348541,22.0,1.7666,12.5,15.43,16.26,,20.23,-31.21,0.5,0.41,0.63
376.01020193099976,22.0,1.7664,12.5,15.43,16.26,,20.23,-31.36,0.5,0.41,0.63
376.5083472728729,22.0,1.7661,12.5,15.43,16.3,,20.23,-31.32,0.49,0.41,0.63
377.01325130462646,22.0,1.7661,12.45,15.4,16.26,,20.23,-31.1,0.5,0.41,0.63
377.512042760849,22.0,1.7661,12.45,15.43,16.26,,20.23,-31.01,0.5,0.41,0.63
378.0154402256012,22.0,1.7659,12.5,15.43,16.3,,20.23,-31.16,0.5,0.41,0.63
378.5169746875763,22.0,1.7656,12.5,15.43,16.26,,20.23,-31.17,0.49,0.41,0.63
379.0177457332611,22.0,1.7653,12.5,15.43,16.3,,20.23,-31.13,0.49,0.41,0.63
379.5180547237396,22.0,1.7651,12.5,15.43,16.26,,20.23,-31.09,0.49,0.41,0.63
380.0178277492523,22.0,1.7648,12.5,15.43,16.26,,20.24,-31.05,0.49,0.41,0.63
380.518670797348,22.0,1.7646,12.5,15.43,16.26,,20.24,-31.01,0.5,0.41,0.63
381.0230643749237,22.0,1.7644,12.45,15.43,16.26,,20.24,-30.92,0.49,0.41,0.63
381.5230989456177,22.0,1.7643,12.5,15.4,16.26,,20.24,-30.74,0.5,0.41,0.63
382.0208911895752,22.0,1.7641,12.45,15.47,16.26,,20.24,-30.84,0.5,0.41,0.63
382.5195953845978,22.0,1.7638,12.5,15.43,16.26,,20.24,-30.94,0.5,0.41,0.63
383.02250957489014,22.0,1.7635,12.5,15.43,16.26,,20.24,-30.81,0.5,0.41,0.63
383.5288817882538,22.0,1.7633,12.5,15.43,16.26,,20.24,-30.77,0.5,0.41,0.63
384.0338468551636,22.0,1.7631,12.5,15.43,16.26,,20.24,-30.73,0.5,0.41,0.63
384.5328197479248,22.0,1.7628,12.5,15.43,16.26,,20.24,-30.69,0.5,0.41,0.63
385.0317163467407,22.0,1.7625,12.45,15.47,16.26,,20.24,-30.75,0.5,0.41,0.63
385.53189635276794,22.0,1.7621,12.5,15.43,16.3,,20.24,-30.7,0.5,0.41,0.63
386.0363039970398,22.0,1.7619,12.5,15.43,16.26,,20.24,-30.57,0.5,0.41,0.63
386.5350697040558,22.0,1.7617,12.5,15.43,16.26,,20.24,-30.53,0.5,0.41,0.63
387.03220534324646,22.0,1.7614,12.54,15.43,16.26,,20.24,-30.54,0.5,0.41,0.63
387.5328001976013,22.0,1.761,12.5,15.47,16.26,,20.24,-30.64,0.5,0.41,0.63
388.0376842021942,22.0,1.7604,12.5,15.47,16.26,,20.24,-30.69,0.5,0.41,0.63
388.54243183135986,22.0,1.7599,12.5,15.47,16.26,,20.24,-30.65,0.5,0.42,0.63
389.0443127155304,22.0,1.7595,12.54,15.43,16.26,,20.24,-30.51,0.5,0.42,0.63
389.54588294029236,22.0,1.7592,12.54,15.43,16.26,,20.24,-30.38,0.5,0.41,0.63
390.0473039150238,22.0,1.7587,12.54,15.47,16.26,,20.24,-30.48,0.5,0.42,0.63
390.54980635643005,22.0,1.7581,12.54,15.47,16.26,,20.24,-30.58,0.5,0.42,0.63
391.04541778564453,22.0,1.7575,12.54,15.47,16.26,,20.24,-30.54,0.5,0.42,0.63
391.5490572452545,22.0,1.7569,12.54,15.47,16.26,,20.24,-30.5,0.51,0.42,0.63
392.04767513275146,22.0,1.7564,12.54,15.43,16.26,,20.24,-30.32,0.5,0.42,0.63
392.55399990081787,22.0,1.756,12.54,15.47,16.26,,20.24,-30.28,0.5,0.42,0.63
393.05035376548767,22.0,1.7554,12.54,15.47,16.26,,20.24,-30.38,0.5,0.42,0.63
393.55612421035767,22.0,1.7548,12.59,15.47,16.26,,20.25,-30.39,0.5,0.42,0.63
394.0544865131378,22.0,1.7541,12.59,15.47,16.26,,20.25,-30.39,0.5,0.42,0.63
394.5582709312439,22.0,1.7536,12.54,15.43,16.3,,20.25,-30.16,0.5,0.42,0.63
395.06150364875793,22.0,1.753,12.59,15.5,16.26,,20.25,-30.26,0.51,0.42,0.63
395.56149411201477,22.0,1.7521,12.54,15.5,16.26,,20.25,-30.5,0.51,0.42,0.63
396.06240129470825,22.0,1.7513,12.59,15.47,16.3,,20.25,-30.32,0.51,0.42,0.63
396.56467366218567,22.0,1.7505,12.59,15.5,16.3,,20.25,-30.33,0.51,0.42,0.63
397.06411027908325,22.0,1.7496,12.59,15.5,16.3,,20.25,-30.42,0.51,0.42,0.63
397.56572699546814,22.0,1.7487,12.59,15.5,16.3,,20.25,-30.38,0.5,0.42,0.63
398.0687665939331,22.0,1.7479,12.59,15.47,16.3,,20.25,-30.2,0.51,0.42,0.63
398.5686676502228,22.0,1.7472,12.59,15.5,16.3,,20.25,-30.16,0.51,0.42,0.63
399.06982707977295,22.0,1.7463,12.59,15.5,16.3,,20.25,-30.26,0.51,0.42,0.63
399.5693473815918,22.0,1.7454,12.59,15.5,16.3,,20.25,-30.22,0.51,0.42,0.63
400.07077503204346,22.0,1.7445,12.59,15.5,16.3,,20.26,-30.17,0.51,0.42,0.63
400.57489466667175,22.0,1.7436,12.59,15.5,16.3,,20.26,-30.13,0.51,0.42,0.63
401.0753765106201,22.0,1.7428,12.59,15.5,16.3,,20.26,-30.09,0.51,0.42,0.63
401.5773048400879,22.0,1.742,12.59,15.5,16.3,,20.26,-30.05,0.51,0.42,0.63
402.0785529613495,22.0,1.7411,12.59,15.5,16.3,,20.26,-30.01,0.51,0.42,0.63
402.57713055610657,22.0,1.7403,12.63,15.5,16.3,,20.26,-30.01,0.51,0.42,0.63
403.15812063217163,22.0,1.7392,12.63,15.54,16.3,,20.26,-30.16,0.51,0.42,0.64
403.7277419567108,22.0,1.738,12.63,15.54,16.33,,20.26,-30.26,0.51,0.43,0.64
404.083997964859,22.0,1.7367,12.68,15.54,16.33,,20.26,-30.26,0.52,0.43,0.64
404.5855755805969,22.0,1.7354,12.68,15.54,16.33,,20.26,-30.27,0.52,0.43,0.64
405.0834035873413,22.0,1.7342,12.68,15.54,16.37,,20.27,-30.22,0.52,0.43,0.64
405.5881247520447,22.0,1.7327,12.68,15.58,16.37,,20.27,-30.32,0.52,0.43,0.64
406.0849916934967,22.0,1.7313,12.68,15.54,16.37,,20.27,-30.28,0.52,0.43,0.64
406.5908513069153,22.0,1.7301,12.68,15.54,16.37,,20.27,-30.1,0.52,0.43,0.64
407.0901119709015,22.0,1.7288,12.68,15.58,16.37,,20.27,-30.19,0.51,0.43,0.64
407.59098744392395,22.0,1.7274,12.68,15.54,16.37,,20.27,-30.15,0.52,0.43,0.64
408.0923316478729,22.0,1.7261,12.68,15.58,16.33,,20.27,-30.11,0.52,0.43,0.64
408.60267162323,22.0,1.7247,12.63,15.58,16.33,,20.28,-30.16,0.51,0.43,0.64
410.14880442619324,22.0,1.7233,12.68,15.58,16.33,,20.28,-30.11,0.51,0.43,0.64
410.97118496894836,22.0,1.7219,12.68,15.58,16.33,,20.28,-30.12,0.52,0.43,0.64
411.5787172317505,22.0,1.7207,12.68,15.54,16.33,,20.28,-29.94,0.52,0.43,0.64
412.2419443130493,22.0,1.7195,12.63,15.58,16.33,,20.28,-29.85,0.51,0.43,0.64
412.8105161190033,22.0,1.7182,12.68,15.58,16.33,,20.28,-29.94,0.52,0.43,0.64
413.4508261680603,22.0,1.7169,12.68,15.58,16.37,,20.28,-29.95,0.52,0.43,0.64
414.06043457984924,22.0,1.7156,12.63,15.58,16.37,,20.28,-29.86,0.52,0.43,0.64
414.66936230659485,22.0,1.7145,12.68,15.54,16.37,,20.29,-29.68,0.52,0.43,0.64
415.40103578567505,22.0,1.7136,12.68,15.54,16.33,,20.29,-29.54,0.52,0.43,0.64
416.00259613990784,22.0,1.7125,12.68,15.58,16.37,,20.29,-29.64,0.52,0.43,0.64
416.59066367149353,22.0,1.7112,12.68,15.58,16.37,,20.29,-29.74,0.52,0.43,0.64
417.21510767936707,22.0,1.71,12.68,15.58,16.37,,20.29,-29.7,0.52,0.43,0.64
417.8201062679291,22.0,1.7088,12.68,15.58,16.37,,20.29,-29.66,0.52,0.43,0.64
418.41008710861206,22.0,1.7075,12.72,15.58,16.37,,20.29,-29.66,0.52,0.43,0.64
418.99518871307373,22.0,1.7061,12.72,15.61,16.37,,20.29,-29.81,0.52,0.43,0.64
419.5307786464691,22.0,1.7046,12.72,15.58,16.41,,20.3,-29.77,0.52,0.43,0.64
420.10421538352966,22.0,1.7034,12.72,15.58,16.41,,20.3,-29.58,0.52,0.43,0.64
420.7287735939026,22.0,1.7021,12.72,15.58,16.41,,20.3,-29.54,0.53,0.43,0.64
421.2860198020935,22.0,1.7008,12.72,15.61,16.41,,20.3,-29.64,0.53,0.43,0.64
421.87709951400757,22.0,1.6992,12.72,15.61,16.37,,20.3,-29.74,0.52,0.43,0.65
422.4336574077606,22.0,1.6979,12.72,15.58,16.41,,20.3,-29.56,0.52,0.43,0.64
423.0292851924896,22.0,1.6968,12.72,15.58,16.41,,20.3,-29.37,0.53,0.43,0.64
423.65072083473206,22.0,1.6954,12.77,15.61,16.41,,20.3,-29.52,0.52,0.43,0.64
424.2357687950134,22.0,1.6939,12.72,15.61,16.37,,20.31,-29.62,0.52,0.43,0.65
424.59506821632385,22.0,1.6924,12.77,15.61,16.41,,20.31,-29.58,0.52,0.43,0.64
424.9369614124298,22.0,1.691,12.72,15.61,16.37,,20.31,-29.54,0.52,0.43,0.64
425.30127787590027,22.0,1.6896,12.72,15.61,16.41,,20.31,-29.45,0.53,0.43,0.65
425.9885296821594,22.0,1.6882,12.77,15.61,16.41,,20.31,-29.45,0.53,0.43,0.64
426.6068751811981,22.0,1.6868,12.77,15.61,16.37,,20.31,-29.46,0.52,0.43,0.65
427.00897336006165,22.0,1.6854,12.72,15.61,16.37,,20.31,-29.37,0.53,0.43,0.65
427.31613326072693,22.0,1.6841,12.77,15.61,16.37,,20.32,-29.33,0.53,0.43,0.65
427.62423276901245,22.0,1.6827,12.77,15.61,16.41,,20.32,-29.33,0.53,0.43,0.64
427.9250407218933,22.0,1.6812,12.77,15.65,16.41,,20.32,-29.43,0.53,0.43,0.65
428.23155450820923,22.0,1.6796,12.77,15.61,16.41,,20.32,-29.39,0.53,0.43,0.65
428.5644061565399,22.0,1.6783,12.77,15.61,16.41,,20.32,-29.21,0.53,0.43,0.65
428.88205552101135,22.0,1.677,12.81,15.61,16.41,,20.32,-29.22,0.53,0.43,0.65
429.21964383125305,22.0,1.6757,12.77,15.61,16.41,,20.32,-29.17,0.53,0.43,0.65
429.53142952919006,22.0,1.6744,12.77,15.61,16.41,,20.33,-29.09,0.53,0.43,0.65
429.8718972206116,22.0,1.673,12.77,15.65,16.41,,20.33,-29.19,0.53,0.43,0.65
430.22020077705383,22.0,1.6716,12.77,15.61,16.41,,20.33,-29.15,0.53,0.43,0.65
430.5327503681183,22.0,1.6703,12.81,15.61,16.45,,20.33,-29.01,0.53,0.43,0.65
430.86819434165955,22.0,1.6689,12.77,15.65,16.45,,20.33,-29.11,0.53,0.44,0.65
431.2007403373718,22.0,1.6675,12.77,15.65,16.45,,20.33,-29.16,0.53,0.44,0.65
431.5241856575012,22.0,1.6661,12.81,15.61,16.45,,20.33,-29.03,0.53,0.43,0.65
431.86421608924866,22.0,1.6647,12.81,15.65,16.45,,20.34,-29.04,0.53,0.43,0.65
432.2227473258972,22.0,1.6632,12.81,15.65,16.45,,20.34,-29.14,0.53,0.44,0.65
432.5416181087494,22.0,1.6617,12.81,15.65,16.45,,20.34,-29.1,0.53,0.44,0.65
432.86892652511597,22.0,1.6602,12.81,15.65,16.45,,20.34,-29.05,0.53,0.44,0.65
433.213095664978,22.0,1.6587,12.81,15.65,16.45,,20.34,-29.01,0.53,0.44,0.65
433.66262316703796,22.0,1.6572,12.81,15.65,16.45,,20.34,-28.97,0.53,0.44,0.65
434.16174268722534,22.0,1.6558,12.81,15.65,16.49,,20.34,-28.93,0.53,0.44,0.65
434.6618766784668,22.0,1.6542,12.81,15.68,16.49,,20.35,-29.03,0.53,0.44,0.65
435.1620099544525,22.0,1.6527,12.81,15.65,16.49,,20.35,-28.99,0.53,0.44,0.65
435.66807079315186,22.0,1.6512,12.81,15.68,16.49,,20.35,-28.95,0.53,0.44,0.65
436.1609628200531,22.0,1.6495,12.81,15.68,16.49,,20.35,-29.05,0.53,0.44,0.65
436.66958451271057,22.0,1.6479,12.81,15.68,16.49,,20.35,-29.01,0.53,0.44,0.65
437.1694643497467,22.0,1.6462,12.81,15.68,16.49,,20.35,-28.96,0.53,0.44,0.65
437.6681032180786,22.0,1.6445,12.81,15.72,16.49,,20.36,-29.06,0.53,0.44,0.65
438.169962644577,22.0,1.6427,12.86,15.68,16.49,,20.36,-29.07,0.54,0.44,0.65
438.6756613254547,22.0,1.641,12.86,15.68,16.49,,20.36,-28.93,0.54,0.44,0.65
439.17638874053955,22.0,1.6394,12.86,15.68,16.49,,20.36,-28.89,0.53,0.44,0.65
439.6772036552429,22.0,1.6377,12.86,15.72,16.49,,20.36,-28.99,0.54,0.45,0.66
440.1763243675232,22.0,1.6359,12.86,15.68,16.52,,20.36,-28.95,0.54,0.44,0.66
440.67814683914185,22.0,1.6344,12.86,15.68,16.52,,20.37,-28.77,0.54,0.44,0.66
441.1820776462555,22.0,1.6329,12.86,15.68,16.52,,20.37,-28.72,0.54,0.44,0.66
441.67831444740295,22.0,1.6312,12.86,15.72,16.52,,20.37,-28.83,0.54,0.45,0.66
442.1767666339874,22.0,1.6294,12.86,15.72,16.52,,20.37,-28.93,0.54,0.45,0.66
442.6877112388611,22.0,1.6276,12.86,15.72,16.52,,20.37,-28.89,0.54,0.45,0.66
443.1858479976654,22.0,1.6259,12.86,15.72,16.52,,20.37,-28.84,0.54,0.45,0.66
443.68634700775146,22.0,1.6243,12.9,15.68,16.52,,20.38,-28.71,0.54,0.45,0.66
444.19097566604614,22.0,1.6227,12.86,15.72,16.56,,20.38,-28.67,0.54,0.45,0.66
444.69135451316833,22.0,1.621,12.86,15.72,16.56,,20.38,-28.72,0.54,0.45,0.66
445.19247674942017,22.0,1.6193,12.9,15.72,16.56,,20.38,-28.72,0.54,0.45,0.66
445.6888048648834,22.0,1.6175,12.9,15.72,16.56,,20.38,-28.73,0.54,0.45,0.66
446.1959104537964,22.0,1.6158,12.95,15.72,16.56,,20.38,-28.74,0.54,0.45,0.66
446.6969749927521,22.0,1.614,12.9,15.72,16.56,,20.39,-28.7,0.54,0.45,0.66
447.1982569694519,22.0,1.6124,12.9,15.72,16.56,,20.39,-28.61,0.54,0.45,0.66
447.6991844177246,22.0,1.6105,12.95,15.76,16.56,,20.39,-28.76,0.55,0.45,0.66
448.19104528427124,22.0,1.6087,12.9,15.72,16.56,,20.39,-28.72,0.54,0.45,0.66
448.69172048568726,22.0,1.6071,12.9,15.72,16.56,,20.39,-28.49,0.54,0.45,0.66
449.2032890319824,22.0,1.6056,12.9,15.72,16.52,,20.39,-28.45,0.55,0.45,0.66
449.7054867744446,22.0,1.6039,12.9,15.76,16.56,,20.4,-28.55,0.55,0.45,0.66
450.20671248435974,22.0,1.6021,12.95,15.72,16.56,,20.4,-28.56,0.55,0.45,0.66
450.70566987991333,22.0,1.6005,12.95,15.72,16.56,,20.4,-28.42,0.55,0.45,0.66
451.2092719078064,22.0,1.5988,12.95,15.76,16.56,,20.4,-28.53,0.55,0.45,0.66
451.7099754810333,22.0,1.5969,12.95,15.76,16.56,,20.4,-28.63,0.55,0.45,0.66
452.2092010974884,22.0,1.5951,12.95,15.76,16.56,,20.4,-28.58,0.55,0.45,0.66
452.7120680809021,22.0,1.5934,12.95,15.72,16.56,,20.41,-28.41,0.55,0.45,0.66
453.21420907974243,22.0,1.5918,12.95,15.76,16.56,,20.41,-28.37,0.55,0.45,0.66
453.71471905708313,22.0,1.59,12.99,15.76,16.56,,20.41,-28.51,0.55,0.45,0.66
454.2167134284973,22.0,1.5882,12.95,15.76,16.56,,20.41,-28.47,0.55,0.45,0.66
454.71816992759705,22.0,1.5864,12.99,15.76,16.56,,20.41,-28.43,0.55,0.45,0.66
455.2203574180603,22.0,1.5846,12.95,15.76,16.56,,20.42,-28.4,0.55,0.45,0.66
455.72135877609253,22.0,1.5829,12.99,15.76,16.56,,20.42,-28.36,0.55,0.45,0.66
456.22227025032043,22.0,1.5811,12.99,15.76,16.56,,20.42,-28.36,0.55,0.45,0.66
456.7198028564453,22.0,1.5795,12.95,15.76,16.56,,20.42,-28.28,0.55,0.45,0.66
457.21948885917664,22.0,1.5779,12.95,15.76,16.56,,20.42,-28.19,0.55,0.45,0.66
457.7241368293762,22.0,1.5763,12.95,15.76,16.56,,20.42,-28.16,0.55,0.45,0.66
458.22708225250244,22.0,1.5747,12.99,15.76,16.56,,20.43,-28.16,0.55,0.45,0.66
458.72061133384705,22.0,1.5729,12.95,15.79,16.56,,20.43,-28.26,0.55,0.46,0.66
459.2275562286377,22.0,1.5712,12.99,15.76,16.56,,20.43,-28.23,0.55,0.45,0.66
459.7293767929077,22.0,1.5697,12.95,15.76,16.56,,20.43,-28.05,0.55,0.45,0.66
460.2336883544922,22.0,1.5681,12.95,15.79,16.56,,20.43,-28.1,0.55,0.46,0.66
460.7343738079071,22.0,1.5665,12.95,15.76,16.56,,20.43,-28.06,0.55,0.45,0.66
461.2354669570923,22.0,1.5651,12.95,15.76,16.52,,20.43,-27.88,0.55,0.45,0.66
461.7314350605011,22.0,1.5634,12.99,15.79,16.56,,20.44,-28.03,0.55,0.46,0.66
462.2311153411865,22.0,1.5616,12.99,15.79,16.56,,20.44,-28.18,0.55,0.46,0.66
462.7391629219055,22.0,1.56,12.99,15.76,16.56,,20.44,-28.0,0.55,0.45,0.66
463.2337772846222,22.0,1.5586,12.99,15.76,16.52,,20.44,-27.82,0.55,0.45,0.66
463.7359902858734,22.0,1.557,12.99,15.79,16.56,,20.44,-27.93,0.55,0.46,0.66
464.24079036712646,22.0,1.5554,13.04,15.76,16.56,,20.44,-27.94,0.56,0.45,0.66
464.7410213947296,22.0,1.5538,12.99,15.79,16.56,,20.45,-27.9,0.56,0.45,0.66
465.23479747772217,22.0,1.5522,12.99,15.79,16.56,,20.45,-27.96,0.55,0.46,0.66
465.74125623703003,22.0,1.5505,12.99,15.79,16.56,,20.45,-27.92,0.55,0.46,0.66
466.2493984699249,22.0,1.5489,12.99,15.79,16.56,,20.45,-27.88,0.55,0.46,0.65
466.7489926815033,22.0,1.5473,12.99,15.79,16.56,,20.45,-27.84,0.56,0.46,0.66
467.2505874633789,22.0,1.5457,12.99,15.79,16.56,,20.45,-27.8,0.56,0.46,0.66
467.7519714832306,22.0,1.5441,13.04,15.79,16.56,,20.46,-27.81,0.56,0.46,0.66
468.2497351169586,22.0,1.5424,13.04,15.79,16.56,,20.46,-27.82,0.56,0.46,0.66
468.755375623703,22.0,1.5408,13.04,15.79,16.56,,20.46,-27.78,0.56,0.46,0.66
469.2568919658661,22.0,1.5392,13.04,15.79,16.56,,20.46,-27.75,0.56,0.46,0.66
469.7557601928711,22.0,1.5376,13.08,15.79,16.56,,20.46,-27.75,0.56,0.46,0.66
470.2567777633667,22.0,1.5359,13.08,15.79,16.56,,20.46,-27.77,0.56,0.46,0.66
470.7577018737793,22.0,1.5344,13.04,15.79,16.56,,20.47,-27.68,0.56,0.46,0.66
471.25732421875,22.0,1.5328,13.08,15.79,16.56,,20.47,-27.65,0.56,0.46,0.66
471.75849318504333,22.0,1.5312,13.08,15.79,16.56,,20.47,-27.66,0.56,0.46,0.66
472.2660930156708,22.0,1.5294,13.08,15.83,16.56,,20.47,-27.76,0.56,0.46,0.66
472.7660162448883,22.0,1.5276,13.08,15.83,16.6,,20.47,-27.86,0.56,0.46,0.67
473.26449847221375,22.0,1.5257,13.08,15.83,16.6,,20.47,-27.83,0.57,0.46,0.67
473.7685217857361,22.0,1.5239,13.08,15.83,16.6,,20.48,-27.79,0.56,0.46,0.67
474.26947355270386,22.0,1.5221,13.08,15.83,16.56,,20.48,-27.75,0.57,0.46,0.67
474.7712550163269,22.0,1.5203,13.08,15.83,16.6,,20.48,-27.72,0.56,0.46,0.67
475.27078890800476,22.0,1.5185,13.08,15.83,16.6,,20.48,-27.68,0.57,0.46,0.67
475.77143907546997,22.0,1.5167,13.12,15.83,16.6,,20.48,-27.69,0.56,0.46,0.67
476.27421712875366,22.0,1.5149,13.12,15.83,16.6,,20.49,-27.7,0.56,0.46,0.67
476.7769236564636,22.0,1.5132,13.08,15.83,16.6,,20.49,-27.61,0.57,0.46,0.67
477.2784752845764,22.0,1.5115,13.08,15.83,16.6,,20.49,-27.53,0.57,0.46,0.67
477.77550649642944,22.0,1.5098,13.12,15.83,16.6,,20.49,-27.54,0.57,0.47,0.67
478.28055024147034,22.0,1.508,13.12,15.86,16.6,,20.49,-27.69,0.57,0.46,0.67
478.78200578689575,22.0,1.5059,13.12,15.86,16.6,,20.49,-27.79,0.57,0.47,0.67
479.2776072025299,22.0,1.5039,13.12,15.86,16.6,,20.5,-27.76,0.57,0.46,0.67
479.7830443382263,22.0,1.502,13.12,15.86,16.6,,20.5,-27.72,0.57,0.47,0.67
480.28043127059937,22.0,1.5,13.12,15.86,16.6,,20.5,-27.68,0.57,0.46,0.67
480.78304743766785,22.0,1.4981,13.12,15.86,16.6,,20.5,-27.64,0.57,0.46,0.67
481.28183007240295,22.0,1.4962,13.12,15.86,16.6,,20.5,-27.61,0.57,0.47,0.67
481.7829966545105,22.0,1.4945,13.17,15.83,16.64,,20.51,-27.48,0.57,0.47,0.67
482.2841181755066,22.0,1.4929,13.12,15.83,16.6,,20.51,-27.3,0.57,0.47,0.67
482.79243993759155,22.0,1.4912,13.17,15.86,16.6,,20.51,-27.41,0.57,0.47,0.67
483.29290747642517,22.0,1.4894,13.12,15.86,16.6,,20.51,-27.51,0.57,0.47,0.67
483.7955024242401,22.0,1.4876,13.17,15.86,16.64,,20.51,-27.47,0.57,0.47,0.67
484.29197001457214,22.0,1.4857,13.17,15.86,16.6,,20.51,-27.48,0.57,0.47,0.67
484.7959303855896,22.0,1.4839,13.17,15.86,16.64,,20.52,-27.45,0.57,0.47,0.67
485.29204392433167,22.0,1.4821,13.17,15.86,16.64,,20.52,-27.41,0.57,0.47,0.67
485.79423427581787,22.0,1.4803,13.17,15.86,16.64,,20.52,-27.37,0.57,0.47,0.67
486.2984278202057,22.0,1.4786,13.17,15.86,16.64,,20.52,-27.34,0.57,0.47,0.67
486.80046558380127,22.0,1.4769,13.17,15.86,16.6,,20.52,-27.3,0.57,0.47,0.67
487.30424547195435,22.0,1.4752,13.17,15.86,16.6,,20.52,-27.27,0.57,0.47,0.67
487.80338072776794,22.0,1.4735,13.17,15.86,16.64,,20.53,-27.23,0.57,0.47,0.67
488.30731868743896,22.0,1.4718,13.17,15.86,16.64,,20.53,-27.2,0.58,0.47,0.67
488.80350518226624,22.0,1.47,13.17,15.9,16.6,,20.53,-27.3,0.58,0.47,0.67
489.3068759441376,22.0,1.4681,13.17,15.9,16.64,,20.53,-27.41,0.58,0.47,0.67
489.8090353012085,22.0,1.4663,13.21,15.86,16.64,,20.53,-27.28,0.58,0.47,0.67
490.31184673309326,22.0,1.4645,13.17,15.9,16.64,,20.54,-27.24,0.57,0.47,0.67
490.809686422348,22.0,1.4626,13.21,15.9,16.64,,20.54,-27.34,0.58,0.47,0.67
491.3144853115082,22.0,1.4607,13.17,15.9,16.67,,20.54,-27.31,0.57,0.47,0.67
491.81550693511963,22.0,1.4589,13.17,15.9,16.67,,20.54,-27.23,0.57,0.47,0.67
492.3125283718109,22.0,1.4571,13.17,15.9,16.67,,20.54,-27.19,0.58,0.47,0.68
492.81884026527405,22.0,1.4554,13.17,15.9,16.67,,20.54,-27.15,0.57,0.47,0.68
493.3158690929413,22.0,1.4536,13.17,15.9,16.67,,20.55,-27.12,0.57,0.47,0.68
493.82151055336,22.0,1.4517,13.21,15.94,16.71,,20.55,-27.27,0.58,0.47,0.68
494.3231062889099,22.0,1.4497,13.21,15.9,16.67,,20.55,-27.28,0.58,0.47,0.68
494.82127118110657,22.0,1.448,13.17,15.9,16.67,,20.55,-27.06,0.57,0.47,0.68
495.3244035243988,22.0,1.4462,13.21,15.94,16.67,,20.55,-27.16,0.58,0.48,0.68
495.82152009010315,22.0,1.4441,13.21,15.94,16.71,,20.56,-27.31,0.58,0.48,0.68
496.32062458992004,22.0,1.4422,13.17,15.94,16.67,,20.56,-27.23,0.58,0.48,0.68
496.828670501709,22.0,1.4404,13.21,15.9,16.67,,20.56,-27.05,0.58,0.47,0.68
497.3297071456909,22.0,1.4386,13.21,15.94,16.67,,20.56,-27.07,0.58,0.48,0.68
497.8268246650696,22.0,1.4367,13.21,15.94,16.67,,20.56,-27.17,0.58,0.48,0.68
498.3309552669525,22.0,1.4348,13.21,15.94,16.67,,20.57,-27.13,0.58,0.48,0.68
498.8218002319336,22.0,1.4329,13.21,15.94,16.71,,20.57,-27.1,0.58,0.48,0.68
499.33577275276184,22.0,1.4309,13.21,15.97,16.67,,20.57,-27.2,0.58,0.48,0.68
499.8372654914856,22.0,1.4289,13.21,15.94,16.67,,20.57,-27.17,0.58,0.48,0.68
500.33709955215454,22.0,1.4271,13.21,15.94,16.67,,20.57,-26.99,0.58,0.48,0.68
500.83964228630066,22.0,1.4253,13.21,15.94,16.71,,20.57,-26.95,0.58,0.48,0.68
501.3356182575226,22.0,1.4236,13.26,15.94,16.67,,20.58,-26.96,0.58,0.48,0.68
501.84307980537415,22.0,1.4218,13.21,15.94,16.67,,20.58,-26.93,0.58,0.48,0.68
502.33808279037476,22.0,1.42,13.26,15.94,16.71,,20.58,-26.89,0.58,0.48,0.68
502.83961033821106,22.0,1.4183,13.26,15.94,16.67,,20.58,-26.9,0.58,0.48,0.68
503.3368203639984,22.0,1.4165,13.26,15.94,16.67,,20.58,-26.87,0.58,0.48,0.68
503.8368957042694,22.0,1.4148,13.26,15.94,16.67,,20.59,-26.84,0.59,0.48,0.68
504.33848881721497,22.0,1.413,13.3,15.94,16.67,,20.59,-26.85,0.59,0.48,0.68
504.85093212127686,22.0,1.4113,13.26,15.94,16.67,,20.59,-26.82,0.58,0.47,0.68
505.3507876396179,22.0,1.4096,13.3,15.94,16.67,,20.59,-26.78,0.59,0.48,0.68
505.84998083114624,22.0,1.4078,13.3,15.94,16.67,,20.59,-26.8,0.59,0.48,0.68
506.35459566116333,22.0,1.4061,13.3,15.94,16.67,,20.59,-26.76,0.59,0.48,0.68
506.85495948791504,22.0,1.4044,13.3,15.94,16.67,,20.6,-26.73,0.59,0.48,0.68
507.355694770813,22.0,1.4027,13.3,15.94,16.67,,20.6,-26.7,0.59,0.48,0.68
507.85700941085815,22.0,1.4009,13.3,15.97,16.67,,20.6,-26.81,0.59,0.48,0.68
508.3507807254791,22.0,1.399,13.35,15.94,16.67,,20.6,-26.82,0.59,0.48,0.67
508.858784198761,22.0,1.3972,13.35,15.97,16.67,,20.6,-26.83,0.59,0.48,0.67
509.3620979785919,22.0,1.3951,13.35,15.97,16.67,,20.6,-26.94,0.59,0.48,0.68
509.86351585388184,22.0,1.3931,13.35,15.97,16.67,,20.61,-26.9,0.59,0.48,0.68
510.3642382621765,22.0,1.3911,13.39,15.97,16.67,,20.61,-26.92,0.6,0.48,0.68
510.8634638786316,22.0,1.3891,13.35,15.97,16.67,,20.61,-26.88,0.59,0.48,0.67
511.36747884750366,22.0,1.3872,13.35,15.97,16.67,,20.61,-26.8,0.59,0.48,0.68
511.86784410476685,22.0,1.3852,13.35,16.01,16.67,,20.61,-26.91,0.59,0.49,0.68
512.3708844184875,22.0,1.3831,13.39,15.97,16.67,,20.62,-26.92,0.59,0.49,0.68
512.8714838027954,22.0,1.381,13.35,16.01,16.67,,20.62,-26.89,0.59,0.48,0.68
513.3727147579193,22.0,1.3789,13.35,16.01,16.71,,20.62,-26.95,0.6,0.48,0.68
513.8719985485077,22.0,1.3769,13.39,15.97,16.71,,20.62,-26.82,0.6,0.48,0.68
514.3752195835114,22.0,1.3751,13.39,15.97,16.71,,20.62,-26.69,0.6,0.48,0.68
514.8775231838226,22.0,1.3731,13.39,16.01,16.71,,20.63,-26.8,0.6,0.49,0.68
515.3789463043213,22.0,1.3709,13.44,16.01,16.75,,20.63,-26.95,0.6,0.49,0.69
515.8807954788208,22.0,1.3683,13.44,16.08,16.75,,20.63,-27.24,0.6,0.49,0.69
516.3814153671265,22.0,1.3656,13.48,16.04,16.79,,20.63,-27.4,0.61,0.5,0.69
516.8811614513397,22.0,1.3629,13.44,16.08,16.75,,20.64,-27.36,0.61,0.49,0.69
517.3826723098755,22.0,1.3603,13.48,16.04,16.79,,20.64,-27.32,0.61,0.49,0.69
517.8825187683105,22.0,1.3578,13.48,16.04,16.79,,20.64,-27.2,0.61,0.49,0.69
518.3841428756714,22.0,1.3553,13.48,16.04,16.79,,20.64,-27.16,0.61,0.49,0.69
518.8870413303375,22.0,1.3529,13.44,16.04,16.75,,20.65,-27.08,0.61,0.5,0.69
519.3862264156342,22.0,1.3504,13.48,16.08,16.79,,20.65,-27.19,0.61,0.5,0.69
519.8903486728668,22.0,1.3479,13.48,16.04,16.79,,20.65,-27.2,0.6,0.49,0.69
520.3843739032745,22.0,1.3456,13.48,16.04,16.79,,20.65,-27.02,0.61,0.5,0.69
520.8940098285675,22.0,1.3433,13.44,16.04,16.79,,20.66,-26.94,0.6,0.5,0.69
521.395174741745,22.0,1.341,13.48,16.08,16.79,,20.66,-27.05,0.6,0.5,0.69
521.8936536312103,22.0,1.3383,13.44,16.11,16.82,,20.66,-27.29,0.61,0.5,0.7
522.3933532238007,22.0,1.3356,13.44,16.11,16.82,,20.66,-27.35,0.61,0.5,0.69
522.8948605060577,22.0,1.3328,13.48,16.11,16.82,,20.67,-27.36,0.61,0.5,0.7
523.3999717235565,22.0,1.3301,13.48,16.11,16.82,,20.67,-27.37,0.61,0.5,0.7
523.899706363678,22.0,1.3272,13.48,16.15,16.86,,20.67,-27.47,0.61,0.51,0.7
524.4006824493408,22.0,1.3242,13.44,16.15,16.86,,20.68,-27.53,0.61,0.51,0.7
524.9046218395233,22.0,1.3214,13.44,16.15,16.86,,20.68,-27.44,0.61,0.51,0.7
525.3942828178406,22.0,1.3185,13.48,16.15,16.86,,20.68,-27.45,0.61,0.51,0.7
525.9045419692993,22.0,1.3157,13.48,16.15,16.82,,20.68,-27.46,0.6,0.51,0.7
526.4083290100098,22.0,1.313,13.48,16.11,16.82,,20.69,-27.29,0.61,0.51,0.7
526.9097435474396,22.0,1.3104,13.44,16.15,16.86,,20.69,-27.2,0.6,0.51,0.7
527.4093103408813,22.0,1.3077,13.48,16.15,16.86,,20.69,-27.31,0.61,0.5,0.7
527.9094834327698,22.0,1.3049,13.44,16.19,16.86,,20.7,-27.41,0.61,0.51,0.7
528.4105699062347,22.0,1.302,13.48,16.19,16.86,,20.7,-27.51,0.61,0.51,0.7
528.9122931957245,22.0,1.2993,13.44,16.15,16.86,,20.7,-27.34,0.61,0.52,0.7
529.4150266647339,22.0,1.2966,13.44,16.19,16.86,,20.7,-27.25,0.6,0.51,0.7
529.914229631424,22.0,1.2939,13.44,16.19,16.86,,20.71,-27.35,0.6,0.51,0.7
530.4081778526306,22.0,1.2912,13.44,16.19,16.86,,20.71,-27.32,0.6,0.51,0.7
530.917364358902,22.0,1.2885,13.44,16.19,16.86,,20.71,-27.28,0.61,0.51,0.7
531.4205610752106,22.0,1.2859,13.44,16.19,16.86,,20.71,-27.24,0.61,0.51,0.7
531.9188854694366,22.0,1.2833,13.44,16.19,16.86,,20.72,-27.2,0.6,0.51,0.7
532.4233953952789,22.0,1.2808,13.44,16.19,16.9,,20.72,-27.17,0.6,0.51,0.7
532.922746181488,22.0,1.2783,13.44,16.19,16.9,,20.72,-27.13,0.6,0.51,0.7
533.4220609664917,22.0,1.2758,13.44,16.19,16.9,,20.72,-27.1,0.6,0.51,0.71
533.9278786182404,22.0,1.2733,13.48,16.19,16.9,,20.73,-27.11,0.61,0.51,0.71
534.4261393547058,22.0,1.2708,13.48,16.19,16.94,,20.73,-27.12,0.6,0.51,0.71
534.9297144412994,22.0,1.2682,13.48,16.22,16.94,,20.73,-27.22,0.61,0.52,0.71
535.4249324798584,22.0,1.2654,13.48,16.22,16.94,,20.73,-27.32,0.61,0.52,0.71
535.9258720874786,22.0,1.2627,13.48,16.22,16.94,,20.74,-27.29,0.61,0.52,0.71
536.4339005947113,22.0,1.2601,13.48,16.22,16.98,,20.74,-27.25,0.61,0.52,0.71
536.9344453811646,22.0,1.2575,13.48,16.22,16.98,,20.74,-27.22,0.61,0.52,0.71
537.4347894191742,22.0,1.2549,13.48,16.22,16.98,,20.75,-27.18,0.61,0.52,0.72
537.9385397434235,22.0,1.2523,13.48,16.22,16.98,,20.75,-27.15,0.61,0.52,0.72
538.4370064735413,22.0,1.2495,13.48,16.29,16.98,,20.75,-27.39,0.61,0.52,0.72
538.9368321895599,22.0,1.2466,13.48,16.26,16.98,,20.75,-27.49,0.61,0.52,0.72
539.4378347396851,22.0,1.2438,13.48,16.26,16.98,,20.76,-27.31,0.61,0.52,0.72
539.9429337978363,22.0,1.2411,13.48,16.26,16.98,,20.76,-27.28,0.61,0.52,0.72
540.4378006458282,22.0,1.2385,13.48,16.26,16.98,,20.76,-27.24,0.6,0.52,0.72
540.9395442008972,22.0,1.2359,13.48,16.26,17.01,,20.76,-27.21,0.61,0.52,0.72
541.4474685192108,22.0,1.2333,13.48,16.26,16.98,,20.77,-27.17,0.61,0.52,0.72
541.9380774497986,22.0,1.2306,13.48,16.29,17.01,,20.77,-27.28,0.61,0.53,0.72
542.447634935379,22.0,1.2278,13.53,16.29,17.05,,20.77,-27.42,0.61,0.53,0.72
542.9466264247894,22.0,1.2248,13.57,16.29,17.05,,20.78,-27.48,0.61,0.53,0.72
543.452342748642,22.0,1.2218,13.53,16.33,17.01,,20.78,-27.58,0.61,0.53,0.72
543.9540240764618,22.0,1.2188,13.53,16.29,17.05,,20.78,-27.5,0.62,0.53,0.72
544.454656124115,22.0,1.2159,13.57,16.33,17.05,,20.78,-27.51,0.62,0.53,0.72
544.9521663188934,22.0,1.2128,13.57,16.33,17.05,,20.79,-27.66,0.62,0.53,0.73
545.4519152641296,22.0,1.2097,13.57,16.33,17.05,,20.79,-27.62,0.62,0.53,0.73
545.9599933624268,22.0,1.2066,13.62,16.33,17.05,,20.79,-27.63,0.62,0.53,0.73
546.4614343643188,22.0,1.2034,13.62,16.36,17.05,,20.8,-27.78,0.63,0.54,0.73
546.9613771438599,22.0,1.2,13.62,16.36,17.09,,20.8,-27.88,0.62,0.54,0.73
547.4603660106659,22.0,1.1968,13.57,16.36,17.09,,20.8,-27.8,0.62,0.54,0.73
547.9648041725159,22.0,1.1936,13.62,16.36,17.09,,20.81,-27.76,0.62,0.53,0.73
548.4669797420502,22.0,1.1903,13.57,16.4,17.09,,20.81,-27.86,0.62,0.54,0.73
548.9621260166168,22.0,1.187,13.57,16.36,17.09,,20.81,-27.78,0.62,0.54,0.73
549.4665706157684,22.0,1.1839,13.57,16.4,17.09,,20.82,-27.74,0.62,0.54,0.73
549.9685702323914,22.0,1.1806,13.57,16.4,17.13,,20.82,-27.84,0.62,0.54,0.73
550.4703063964844,22.0,1.1774,13.57,16.4,17.13,,20.82,-27.8,0.62,0.54,0.74
550.9722845554352,22.0,1.1743,13.57,16.4,17.13,,20.83,-27.77,0.62,0.54,0.74
551.4675998687744,22.0,1.1711,13.57,16.4,17.13,,20.83,-27.73,0.62,0.54,0.74
551.9720737934113,22.0,1.1681,13.57,16.4,17.16,,20.83,-27.7,0.62,0.54,0.74
552.4763290882111,22.0,1.1652,13.44,16.4,17.13,,20.83,-27.52,0.61,0.54,0.74
552.9713425636292,22.0,1.1624,13.57,16.4,17.16,,20.84,-27.48,0.62,0.54,0.74
553.4721956253052,22.0,1.1596,13.53,16.4,17.16,,20.84,-27.54,0.62,0.54,0.74
553.9804251194,22.0,1.1569,13.57,16.36,17.16,,20.84,-27.36,0.62,0.54,0.74
554.4834306240082,22.0,1.1543,13.57,16.4,17.16,,20.85,-27.38,0.62,0.54,0.74
554.9805345535278,22.0,1.1517,13.53,16.36,17.16,,20.85,-27.29,0.61,0.54,0.74
555.4794545173645,22.0,1.1493,13.57,16.36,17.16,,20.85,-27.12,0.62,0.54,0.74
555.9833831787109,22.0,1.1469,13.57,16.36,17.16,,20.85,-27.14,0.62,0.54,0.74
556.4822118282318,22.0,1.1444,13.57,16.4,17.16,,20.86,-27.24,0.61,0.54,0.74
556.9884326457977,22.0,1.142,13.57,16.36,17.16,,20.86,-27.21,0.62,0.54,0.74
557.4876224994659,22.0,1.1397,13.57,16.36,17.16,,20.86,-27.04,0.62,0.54,0.74
557.9854557514191,22.0,1.1374,13.62,16.36,17.16,,20.86,-27.05,0.62,0.54,0.74
558.4854607582092,22.0,1.1351,13.57,16.36,17.16,,20.86,-27.02,0.62,0.54,0.74
558.9905385971069,22.0,1.133,13.57,16.36,17.13,,20.87,-26.95,0.62,0.54,0.74
559.4923024177551,22.0,1.1308,13.57,16.36,17.13,,20.87,-26.92,0.62,0.54,0.74
559.9949443340302,22.0,1.1287,13.57,16.36,17.13,,20.87,-26.88,0.62,0.54,0.74
560.4988360404968,22.0,1.1267,13.57,16.36,17.13,,20.87,-26.86,0.62,0.54,0.74
560.997015953064,22.0,1.1246,13.57,16.36,17.16,,20.88,-26.82,0.62,0.54,0.74
561.5000660419464,22.0,1.1228,13.57,16.33,17.13,,20.88,-26.66,0.62,0.53,0.74
562.0024149417877,22.0,1.121,13.57,16.36,17.13,,20.88,-26.63,0.62,0.54,0.74
562.4979281425476,22.0,1.1191,13.62,16.33,17.13,,20.88,-26.64,0.62,0.53,0.74
563.0028946399689,22.0,1.1173,13.57,16.36,17.13,,20.88,-26.62,0.62,0.54,0.74
563.505181312561,22.0,1.1153,13.62,16.36,17.13,,20.88,-26.73,0.62,0.54,0.74
564.0061128139496,22.0,1.1134,13.57,16.36,17.13,,20.89,-26.7,0.63,0.54,0.74
564.508189201355,22.0,1.1115,13.62,16.36,17.13,,20.89,-26.67,0.62,0.54,0.74
565.0098407268524,22.0,1.1096,13.62,16.36,17.13,,20.89,-26.68,0.62,0.54,0.74
565.5108075141907,22.0,1.1077,13.57,16.36,17.13,,20.89,-26.61,0.62,0.54,0.73
566.0118465423584,22.0,1.1061,13.57,16.33,17.13,,20.89,-26.4,0.62,0.54,0.73
566.5114934444427,22.0,1.1046,13.62,16.33,17.09,,20.9,-26.28,0.62,0.53,0.73
567.0109193325043,22.0,1.103,13.62,16.36,17.13,,20.9,-26.44,0.62,0.53,0.73
567.5155868530273,22.0,1.1012,13.57,16.36,17.09,,20.9,-26.5,0.62,0.53,0.73
568.0162181854248,22.0,1.0996,13.62,16.33,17.09,,20.9,-26.33,0.62,0.53,0.73
568.5156319141388,22.0,1.0982,13.62,16.33,17.09,,20.9,-26.21,0.62,0.53,0.73
569.0138974189758,22.0,1.0967,13.57,16.36,17.05,,20.9,-26.28,0.62,0.53,0.73
569.5149710178375,22.0,1.0952,13.62,16.33,17.09,,20.9,-26.26,0.62,0.54,0.73
570.023273229599,22.0,1.0938,13.62,16.33,17.05,,20.91,-26.14,0.62,0.53,0.73
570.5239989757538,22.0,1.0925,13.57,16.33,17.09,,20.91,-26.07,0.62,0.53,0.73
571.0244703292847,22.0,1.091,13.62,16.36,17.09,,20.91,-26.18,0.62,0.53,0.73
571.5270576477051,22.0,1.0896,13.57,16.33,17.09,,20.91,-26.15,0.62,0.53,0.73
572.024111032486,22.0,1.0884,13.57,16.33,17.09,,20.91,-25.94,0.62,0.53,0.73
572.5240998268127,22.0,1.0872,13.62,16.33,17.05,,20.91,-25.96,0.62,0.53,0.73
573.0316133499146,22.0,1.0857,13.62,16.36,17.05,,20.91,-26.12,0.62,0.53,0.73
573.5243484973907,22.0,1.0842,13.66,16.33,17.05,,20.92,-26.15,0.62,0.53,0.73
574.0318808555603,22.0,1.083,13.62,16.33,17.09,,20.92,-25.98,0.62,0.53,0.73
574.5317542552948,22.0,1.0817,13.62,16.33,17.05,,20.92,-25.91,0.63,0.53,0.73
575.0361678600311,22.0,1.0805,13.66,16.33,17.05,,20.92,-25.93,0.63,0.53,0.73
575.5340523719788,22.0,1.0792,13.66,16.33,17.05,,20.92,-25.95,0.63,0.53,0.73
576.0389914512634,22.0,1.0779,13.66,16.33,17.05,,20.92,-25.93,0.63,0.53,0.73
576.5403120517731,22.0,1.0766,13.66,16.33,17.05,,20.92,-25.91,0.63,0.53,0.73
577.0407407283783,22.0,1.0754,13.66,16.33,17.05,,20.92,-25.88,0.63,0.53,0.73
577.5382266044617,22.0,1.0741,13.66,16.33,17.05,,20.93,-25.86,0.63,0.53,0.73
578.0425407886505,22.0,1.0729,13.66,16.33,17.05,,20.93,-25.84,0.63,0.53,0.73
578.544421672821,22.0,1.0717,13.66,16.33,17.05,,20.93,-25.81,0.63,0.53,0.73
579.0462560653687,22.0,1.0705,13.66,16.33,17.09,,20.93,-25.79,0.63,0.53,0.73
579.5486540794373,22.0,1.0693,13.66,16.33,17.05,,20.93,-25.76,0.63,0.53,0.73
580.0373182296753,22.0,1.0681,13.66,16.33,17.05,,20.93,-25.74,0.63,0.54,0.73
580.5384902954102,22.0,1.0669,13.66,16.33,17.05,,20.93,-25.72,0.63,0.53,0.73
581.0509340763092,22.0,1.0656,13.66,16.36,17.05,,20.93,-25.84,0.63,0.54,0.73
581.5492389202118,22.0,1.0643,13.66,16.33,17.05,,20.94,-25.81,0.63,0.53,0.73
582.0536479949951,22.0,1.0632,13.71,16.33,17.05,,20.94,-25.69,0.63,0.54,0.73
582.5519661903381,22.0,1.062,13.71,16.33,17.05,,20.94,-25.72,0.63,0.53,0.73
583.0565016269684,22.0,1.0608,13.66,16.33,17.05,,20.94,-25.65,0.63,0.53,0.73
583.5593433380127,22.0,1.0597,13.71,16.33,17.05,,20.94,-25.63,0.63,0.53,0.73
584.054459810257,22.0,1.0585,13.66,16.33,17.05,,20.94,-25.6,0.63,0.53,0.73
584.5627181529999,22.0,1.0574,13.71,16.33,17.05,,20.94,-25.58,0.63,0.53,0.73
585.05677318573,22.0,1.0563,13.71,16.33,17.05,,20.94,-25.61,0.63,0.53,0.73
585.5537672042847,22.0,1.0551,13.71,16.33,17.05,,20.94,-25.58,0.63,0.54,0.73
586.0650954246521,22.0,1.054,13.71,16.33,17.05,,20.95,-25.56,0.64,0.54,0.73
586.5694861412048,22.0,1.0527,13.71,16.36,17.05,,20.95,-25.68,0.63,0.54,0.73
587.0681235790253,22.0,1.0513,13.71,16.36,17.05,,20.95,-25.8,0.63,0.53,0.73
587.5619125366211,22.0,1.0499,13.71,16.36,17.05,,20.95,-25.77,0.63,0.54,0.73
588.0688812732697,22.0,1.0487,13.71,16.33,17.05,,20.95,-25.61,0.64,0.54,0.73
588.5696702003479,22.0,1.0476,13.71,16.33,17.05,,20.95,-25.45,0.64,0.53,0.73
589.0741295814514,22.0,1.0464,13.75,16.36,17.05,,20.95,-25.61,0.63,0.53,0.73
589.5688769817352,22.0,1.0449,13.75,16.36,17.05,,20.96,-25.77,0.64,0.53,0.73
590.0701630115509,22.0,1.0435,13.71,16.36,17.05,,20.96,-25.7,0.64,0.54,0.73
590.5756976604462,22.0,1.0423,13.75,16.33,17.05,,20.96,-25.54,0.64,0.53,0.73
591.0772368907928,22.0,1.0411,13.75,16.36,17.05,,20.96,-25.56,0.64,0.53,0.73
591.5675265789032,22.0,1.0398,13.75,16.33,17.05,,20.96,-25.54,0.64,0.53,0.73
592.0804119110107,22.0,1.0388,13.75,16.33,17.05,,20.96,-25.37,0.64,0.53,0.73
592.5840923786163,22.0,1.0377,13.75,16.33,17.05,,20.96,-25.36,0.64,0.53,0.73
593.0830473899841,22.0,1.0365,13.75,16.36,17.05,,20.96,-25.47,0.64,0.53,0.73
593.5859491825104,22.0,1.0353,13.75,16.33,17.05,,20.96,-25.45,0.64,0.53,0.73
594.0830457210541,22.0,1.0343,13.75,16.33,17.09,,20.97,-25.29,0.64,0.53,0.73
594.5842769145966,22.0,1.0333,13.75,16.33,17.05,,20.97,-25.27,0.64,0.53,0.73
595.0832991600037,22.0,1.0323,13.75,16.33,17.05,,20.97,-25.25,0.64,0.53,0.73
595.5838489532471,22.0,1.0312,13.75,16.36,17.05,,20.97,-25.37,0.64,0.53,0.73
596.0913934707642,22.0,1.03,13.75,16.33,17.05,,20.97,-25.34,0.64,0.54,0.73
596.5919024944305,22.0,1.029,13.8,16.33,17.09,,20.97,-25.23,0.64,0.54,0.73
597.0929884910583,22.0,1.0278,13.75,16.36,17.05,,20.97,-25.35,0.64,0.54,0.73
597.5958960056305,22.0,1.0266,13.75,16.36,17.09,,20.97,-25.42,0.64,0.54,0.73
598.09223985672,22.0,1.0255,13.75,16.33,17.09,,20.97,-25.26,0.64,0.53,0.73
598.6006252765656,22.0,1.0244,13.75,16.36,17.05,,20.98,-25.24,0.64,0.54,0.73
599.0990376472473,22.0,1.0232,13.75,16.36,17.05,,20.98,-25.35,0.64,0.54,0.73
599.6005952358246,22.0,1.022,13.75,16.36,17.09,,20.98,-25.33,0.64,0.54,0.73
600.0978016853333,22.0,1.0206,13.75,16.4,17.09,,20.98,-25.45,0.64,0.54,0.73
600.6025326251984,22.0,1.0191,13.75,16.4,17.09,,20.98,-25.56,0.64,0.54,0.73
601.1028718948364,22.0,1.0176,13.75,16.4,17.09,,20.98,-25.53,0.64,0.54,0.73
601.5989725589752,22.0,1.0162,13.75,16.4,17.09,,20.98,-25.51,0.64,0.55,0.74
602.1076595783234,22.0,1.0147,13.75,16.4,17.13,,20.99,-25.48,0.64,0.54,0.74
602.6072382926941,22.0,1.0132,13.8,16.4,17.13,,20.99,-25.51,0.64,0.55,0.74
603.1088533401489,22.0,1.0116,13.8,16.44,17.13,,20.99,-25.67,0.64,0.55,0.73
603.6055729389191,22.0,1.0097,13.8,16.44,17.13,,20.99,-25.79,0.64,0.55,0.74
604.1119785308838,22.0,1.008,13.75,16.44,17.13,,20.99,-25.71,0.64,0.55,0.74
604.6130828857422,22.0,1.0063,13.8,16.44,17.13,,20.99,-25.69,0.64,0.55,0.74
605.1131575107574,22.0,1.0045,13.8,16.44,17.13,,21.0,-25.71,0.64,0.55,0.74
605.6146924495697,22.0,1.0028,13.8,16.44,17.13,,21.0,-25.68,0.64,0.55,0.74
606.1162445545197,22.0,1.0011,13.8,16.44,17.16,,21.0,-25.66,0.64,0.55,0.74
606.6181216239929,22.0,0.9994,13.8,16.44,17.16,,21.0,-25.63,0.64,0.55,0.74
607.1195850372314,22.0,0.9978,13.8,16.44,17.16,,21.0,-25.61,0.64,0.55,0.74
607.617479801178,22.0,0.9961,13.8,16.44,17.16,,21.0,-25.58,0.64,0.55,0.74
608.1227600574493,22.0,0.9945,13.8,16.44,17.16,,21.01,-25.56,0.64,0.55,0.74
608.6238868236542,22.0,0.9927,13.84,16.47,17.16,,21.01,-25.72,0.65,0.55,0.74
609.1250941753387,22.0,0.9907,13.84,16.47,17.16,,21.01,-25.88,0.65,0.55,0.74
609.626876115799,22.0,0.989,13.84,16.44,17.16,,21.01,-25.71,0.65,0.55,0.74
610.1270625591278,22.0,0.9873,13.84,16.44,17.16,,21.01,-25.55,0.65,0.55,0.74
610.6251685619354,22.0,0.9855,13.89,16.47,17.16,,21.01,-25.71,0.65,0.55,0.74
611.1249482631683,22.0,0.9835,13.89,16.47,17.16,,21.02,-25.87,0.65,0.55,0.74
611.6257677078247,22.0,0.9816,13.89,16.47,17.16,,21.02,-25.85,0.65,0.55,0.74
612.1313872337341,22.0,0.9798,13.89,16.44,17.16,,21.02,-25.68,0.65,0.55,0.74
612.6349682807922,22.0,0.978,13.89,16.47,17.16,,21.02,-25.66,0.65,0.55,0.74
613.1368818283081,22.0,0.9761,13.89,16.47,17.16,,21.02,-25.77,0.65,0.55,0.74
613.6375591754913,22.0,0.9742,13.89,16.47,17.16,,21.03,-25.75,0.65,0.55,0.74
614.1419274806976,22.0,0.9725,13.89,16.44,17.13,,21.03,-25.59,0.65,0.55,0.74
614.6405348777771,22.0,0.9709,13.89,16.47,17.13,,21.03,-25.56,0.65,0.55,0.74
615.1352167129517,22.0,0.9692,13.89,16.44,17.13,,21.03,-25.54,0.65,0.55,0.74
615.6432414054871,22.0,0.9676,13.89,16.47,17.16,,21.03,-25.52,0.65,0.55,0.74
616.1406178474426,22.0,0.966,13.89,16.44,17.16,,21.03,-25.49,0.65,0.55,0.74
616.6403884887695,22.0,0.9644,13.89,16.47,17.16,,21.04,-25.47,0.65,0.55,0.74
617.1464850902557,22.0,0.9627,13.89,16.47,17.16,,21.04,-25.59,0.65,0.55,0.74
617.6437721252441,22.0,0.9611,13.84,16.47,17.16,,21.04,-25.52,0.65,0.55,0.74
618.1415596008301,22.0,0.96,13.84,16.36,17.16,,21.04,-25.03,0.65,0.55,0.74
618.6472413539886,22.0,0.9591,13.84,16.44,17.16,,21.04,-24.87,0.65,0.55,0.74
619.1509027481079,22.0,0.9576,13.89,16.47,17.16,,21.04,-25.31,0.65,0.55,0.74
619.6530351638794,22.0,0.9562,13.84,16.44,17.16,,21.04,-25.29,0.65,0.55,0.74
620.1559903621674,22.0,0.955,13.84,16.44,17.16,,21.04,-25.09,0.65,0.55,0.74
620.6568586826324,22.0,0.9538,13.89,16.44,17.16,,21.05,-25.11,0.65,0.55,0.74
621.1580808162689,22.0,0.9526,13.89,16.44,17.16,,21.05,-25.14,0.65,0.55,0.74
621.6563639640808,22.0,0.9513,13.89,16.44,17.16,,21.05,-25.12,0.65,0.55,0.74
622.1559348106384,22.0,0.9499,13.89,16.47,17.16,,21.05,-25.23,0.65,0.55,0.74
622.6622779369354,22.0,0.9484,13.89,16.47,17.16,,21.05,-25.35,0.65,0.55,0.74
623.1611025333405,22.0,0.9469,13.8,16.47,17.2,,21.05,-25.23,0.65,0.55,0.74
623.661098241806,22.0,0.9455,13.89,16.47,17.2,,21.05,-25.21,0.65,0.55,0.75
624.1659762859344,22.0,0.9441,13.89,16.47,17.2,,21.06,-25.28,0.65,0.55,0.74
624.6669223308563,22.0,0.9426,13.89,16.47,17.16,,21.06,-25.26,0.65,0.55,0.74
625.1705808639526,22.0,0.9412,13.89,16.47,17.2,,21.06,-25.23,0.65,0.55,0.74
625.7553653717041,22.0,0.9397,13.89,16.47,17.16,,21.06,-25.21,0.65,0.55,0.74
626.5628290176392,22.0,0.9383,13.89,16.47,17.16,,21.06,-25.19,0.65,0.55,0.74
627.1598269939423,22.0,0.9369,13.89,16.47,17.16,,21.06,-25.17,0.65,0.55,0.74
627.7187604904175,22.0,0.9355,13.89,16.47,17.16,,21.06,-25.14,0.65,0.55,0.74
628.2564897537231,22.0,0.9342,13.89,16.47,17.16,,21.07,-25.12,0.65,0.55,0.74
628.6080179214478,22.0,0.9329,13.89,16.47,17.16,,21.07,-25.1,0.65,0.55,0.74
628.9540567398071,22.0,0.9315,13.89,16.47,17.16,,21.07,-25.08,0.65,0.55,0.74
629.2685511112213,22.0,0.9302,13.89,16.47,17.16,,21.07,-25.06,0.65,0.55,0.74
629.6773898601532,22.0,0.9289,13.89,16.47,17.16,,21.07,-25.04,0.65,0.55,0.74
630.1766028404236,22.0,0.9277,13.89,16.47,17.2,,21.07,-25.01,0.65,0.55,0.74
630.6801421642303,22.0,0.9264,13.89,16.47,17.16,,21.07,-24.99,0.65,0.55,0.74
631.1815664768219,22.0,0.9252,13.89,16.47,17.16,,21.07,-24.97,0.65,0.55,0.74
631.6851501464844,22.0,0.9238,13.89,16.51,17.16,,21.08,-25.09,0.65,0.55,0.74
632.1837983131409,22.0,0.9224,13.93,16.47,17.16,,21.08,-25.11,0.65,0.55,0.74
632.6880307197571,22.0,0.9209,13.93,16.51,17.13,,21.08,-25.13,0.65,0.55,0.74
633.1897368431091,22.0,0.9193,13.93,16.51,17.2,,21.08,-25.25,0.65,0.55,0.75
633.6895644664764,22.0,0.9177,13.93,16.51,17.2,,21.08,-25.23,0.65,0.56,0.75
634.1879508495331,22.0,0.9162,13.93,16.51,17.2,,21.08,-25.21,0.65,0.56,0.75
634.6887085437775,22.0,0.9147,13.93,16.51,17.2,,21.09,-25.18,0.65,0.56,0.75
635.1954984664917,22.0,0.9131,13.93,16.51,17.24,,21.09,-25.16,0.65,0.56,0.75
635.6928217411041,22.0,0.9116,13.93,16.51,17.24,,21.09,-25.14,0.65,0.56,0.75
636.1974565982819,22.0,0.9102,13.93,16.51,17.24,,21.09,-25.12,0.65,0.56,0.75
636.6986222267151,22.0,0.9087,13.93,16.51,17.24,,21.09,-25.1,0.65,0.56,0.75
637.1981294155121,22.0,0.9071,13.93,16.54,17.24,,21.09,-25.21,0.65,0.56,0.75
637.6983962059021,22.0,0.9054,13.93,16.54,17.24,,21.09,-25.33,0.65,0.56,0.76
638.2021360397339,22.0,0.9037,13.93,16.54,17.28,,21.1,-25.31,0.65,0.56,0.75
638.698972940445,22.0,0.902,13.93,16.54,17.24,,21.1,-25.28,0.65,0.56,0.75
639.2026209831238,22.0,0.9003,13.93,16.54,17.24,,21.1,-25.26,0.65,0.56,0.75
639.7069919109344,22.0,0.8987,13.93,16.54,17.28,,21.1,-25.24,0.65,0.56,0.75
640.2095928192139,22.0,0.8971,13.93,16.54,17.24,,21.1,-25.21,0.65,0.56,0.75
640.7096741199493,22.0,0.8955,13.93,16.54,17.24,,21.1,-25.19,0.65,0.56,0.75
641.2062289714813,22.0,0.8939,13.93,16.54,17.28,,21.11,-25.17,0.65,0.56,0.76
641.7035946846008,22.0,0.8923,13.93,16.54,17.28,,21.11,-25.14,0.65,0.56,0.76
642.2115442752838,22.0,0.8908,13.93,16.54,17.24,,21.11,-25.12,0.65,0.56,0.76
642.7137036323547,22.0,0.8893,13.93,16.54,17.28,,21.11,-25.1,0.66,0.56,0.75
643.2140395641327,22.0,0.888,13.93,16.51,17.24,,21.11,-24.93,0.66,0.56,0.75
643.7140481472015,22.0,0.8866,13.98,16.54,17.28,,21.11,-24.96,0.66,0.57,0.75
644.2121629714966,22.0,0.8851,13.98,16.54,17.28,,21.11,-25.13,0.66,0.56,0.76
644.7137007713318,22.0,0.8835,13.98,16.54,17.28,,21.12,-25.1,0.66,0.56,0.76
645.2178449630737,22.0,0.8818,13.98,16.58,17.28,,21.12,-25.22,0.66,0.57,0.76
645.7244474887848,22.0,0.8802,13.98,16.54,17.28,,21.12,-25.2,0.66,0.56,0.76
646.21950507164,22.0,0.8785,14.02,16.58,17.28,,21.12,-25.22,0.66,0.57,0.76
646.7120335102081,22.0,0.8767,13.98,16.58,17.28,,21.12,-25.34,0.66,0.57,0.76
647.22225689888,22.0,0.8749,13.98,16.58,17.28,,21.13,-25.27,0.66,0.57,0.76
647.7213153839111,22.0,0.8732,13.98,16.58,17.28,,21.13,-25.25,0.66,0.56,0.76
648.2276737689972,22.0,0.8715,13.98,16.58,17.24,,21.13,-25.22,0.66,0.57,0.76
648.7309882640839,22.0,0.8698,13.98,16.58,17.24,,21.13,-25.2,0.65,0.57,0.76
649.2320108413696,22.0,0.868,13.98,16.61,17.28,,21.13,-25.32,0.66,0.57,0.75
649.732715845108,22.0,0.8661,13.93,16.61,17.24,,21.13,-25.38,0.66,0.57,0.75
650.2334480285645,22.0,0.8643,13.93,16.61,17.28,,21.14,-25.31,0.65,0.57,0.76
650.7356638908386,22.0,0.8627,13.93,16.58,17.24,,21.14,-25.15,0.66,0.57,0.76
651.2328641414642,22.0,0.8611,13.98,16.61,17.28,,21.14,-25.17,0.66,0.57,0.76
651.7350218296051,22.0,0.8593,13.93,16.61,17.24,,21.14,-25.29,0.65,0.57,0.76
652.2396056652069,22.0,0.8575,13.98,16.61,17.24,,21.14,-25.26,0.65,0.57,0.75
652.7420499324799,22.0,0.8558,13.93,16.61,17.28,,21.14,-25.24,0.66,0.57,0.76
653.2426552772522,22.0,0.8541,13.93,16.61,17.28,,21.15,-25.17,0.66,0.57,0.76
653.7430965900421,22.0,0.8525,13.93,16.61,17.28,,21.15,-25.14,0.66,0.57,0.76
654.2450518608093,22.0,0.851,13.98,16.58,17.28,,21.15,-25.03,0.66,0.57,0.76
654.735812664032,22.0,0.8495,13.98,16.61,17.28,,21.15,-25.05,0.65,0.57,0.76
655.242299079895,22.0,0.848,13.98,16.58,17.28,,21.15,-25.03,0.66,0.57,0.75
655.7489459514618,22.0,0.8465,13.98,16.61,17.28,,21.15,-25.01,0.65,0.57,0.76
656.2429397106171,22.0,0.8451,13.98,16.58,17.28,,21.15,-24.99,0.66,0.57,0.75
656.748761177063,22.0,0.8436,13.98,16.61,17.28,,21.16,-24.97,0.66,0.57,0.76
657.243635892868,22.0,0.842,13.98,16.61,17.28,,21.16,-25.09,0.66,0.57,0.76
657.7468249797821,22.0,0.8405,13.93,16.61,17.28,,21.16,-25.02,0.65,0.57,0.76
658.255232334137,22.0,0.8391,13.98,16.61,17.28,,21.16,-24.99,0.66,0.57,0.76
658.7570195198059,22.0,0.8375,13.98,16.61,17.28,,21.16,-25.02,0.66,0.57,0.76
659.2562072277069,22.0,0.8361,13.93,16.61,17.28,,21.16,-24.95,0.66,0.57,0.76
659.7561526298523,22.0,0.8349,13.98,16.58,17.28,,21.17,-24.79,0.66,0.57,0.76
660.261271238327,22.0,0.8336,13.98,16.61,17.28,,21.17,-24.82,0.66,0.57,0.76
660.7591423988342,22.0,0.8321,13.98,16.61,17.28,,21.17,-24.93,0.66,0.57,0.76
661.2550070285797,22.0,0.8309,13.98,16.58,17.28,,21.17,-24.77,0.66,0.57,0.76
661.7616713047028,22.0,0.8296,13.98,16.61,17.28,,21.17,-24.75,0.66,0.57,0.76
662.2640430927277,22.0,0.8284,14.02,16.58,17.28,,21.17,-24.78,0.66,0.57,0.76
662.7637021541595,22.0,0.8271,14.02,16.61,17.28,,21.17,-24.8,0.66,0.57,0.76
663.2656610012054,22.0,0.8256,14.02,16.61,17.28,,21.17,-24.92,0.66,0.57,0.76
663.7709131240845,22.0,0.8243,14.02,16.58,17.28,,21.18,-24.76,0.66,0.57,0.76
664.2714922428131,22.0,0.8231,14.02,16.61,17.28,,21.18,-24.74,0.66,0.57,0.76
664.7701134681702,22.0,0.8217,14.02,16.61,17.31,,21.18,-24.86,0.66,0.57,0.76
665.2756094932556,22.0,0.8203,14.02,16.61,17.28,,21.18,-24.84,0.66,0.57,0.76
665.7747521400452,22.0,0.8189,14.02,16.61,17.31,,21.18,-24.82,0.66,0.57,0.76
666.276891708374,22.0,0.8178,14.02,16.58,17.31,,21.18,-24.66,0.66,0.57,0.76
666.7770977020264,22.0,0.8166,14.02,16.61,17.31,,21.18,-24.64,0.66,0.57,0.76
667.2765688896179,22.0,0.8153,14.02,16.61,17.28,,21.18,-24.76,0.66,0.57,0.76
667.7797608375549,22.0,0.8139,14.06,16.61,17.31,,21.19,-24.79,0.66,0.57,0.76
668.2822165489197,22.0,0.8126,14.02,16.61,17.31,,21.19,-24.77,0.67,0.57,0.76
668.7837233543396,22.0,0.8113,14.06,16.61,17.31,,21.19,-24.75,0.67,0.57,0.76
669.2867045402527,22.0,0.8099,14.06,16.61,17.31,,21.19,-24.78,0.67,0.57,0.76
669.785811662674,22.0,0.8086,14.06,16.61,17.31,,21.19,-24.76,0.67,0.57,0.76
670.2874095439911,22.0,0.8073,14.06,16.61,17.28,,21.19,-24.74,0.67,0.57,0.76
670.7873725891113,22.0,0.806,14.06,16.61,17.31,,21.19,-24.72,0.67,0.57,0.76
671.288162946701,22.0,0.8047,14.06,16.61,17.31,,21.2,-24.7,0.67,0.57,0.76
671.7876372337341,22.0,0.8034,14.06,16.61,17.31,,21.2,-24.68,0.67,0.58,0.76
672.2887461185455,22.0,0.8022,14.06,16.61,17.28,,21.2,-24.67,0.67,0.57,0.76
672.7902593612671,22.0,0.8009,14.06,16.61,17.28,,21.2,-24.65,0.67,0.57,0.76
673.291422367096,22.0,0.7997,14.06,16.61,17.28,,21.2,-24.63,0.67,0.57,0.76
673.7976756095886,22.0,0.7985,14.06,16.61,17.31,,21.2,-24.61,0.67,0.57,0.76
674.2982985973358,22.0,0.7973,14.06,16.61,17.31,,21.2,-24.59,0.67,0.57,0.76
674.7999882698059,22.0,0.796,14.06,16.65,17.28,,21.2,-24.71,0.67,0.57,0.76
675.3001458644867,22.0,0.7946,14.06,16.61,17.31,,21.21,-24.69,0.67,0.58,0.76
675.8017838001251,22.0,0.7933,14.06,16.65,17.28,,21.21,-24.67,0.67,0.58,0.76
676.3026437759399,22.0,0.7921,14.06,16.61,17.31,,21.21,-24.65,0.67,0.57,0.76
676.8034181594849,22.0,0.7908,14.06,16.65,17.28,,21.21,-24.63,0.67,0.57,0.76
677.3057725429535,22.0,0.7894,14.06,16.65,17.31,,21.21,-24.75,0.67,0.57,0.76
677.8069591522217,22.0,0.7881,14.06,16.61,17.31,,21.21,-24.6,0.67,0.57,0.76
678.307564496994,22.0,0.7871,14.06,16.61,17.31,,21.21,-24.44,0.67,0.58,0.76
678.8068251609802,22.0,0.786,14.06,16.61,17.31,,21.21,-24.42,0.67,0.57,0.76
679.3088819980621,22.0,0.7849,14.06,16.65,17.31,,21.22,-24.54,0.67,0.58,0.76
679.8133962154388,22.0,0.7836,14.11,16.61,17.31,,21.22,-24.57,0.67,0.57,0.76
680.3125309944153,22.0,0.7824,14.11,16.65,17.31,,21.22,-24.6,0.67,0.58,0.76
680.8160474300385,22.0,0.7808,14.11,16.68,17.31,,21.22,-24.85,0.67,0.58,0.76
681.3146109580994,22.0,0.7792,14.11,16.65,17.31,,21.22,-24.83,0.67,0.57,0.76
681.817901134491,22.0,0.7779,14.06,16.65,17.31,,21.22,-24.63,0.67,0.58,0.76
682.3187799453735,22.0,0.7766,14.11,16.65,17.31,,21.22,-24.61,0.67,0.58,0.76
682.813490152359,22.0,0.7753,14.06,16.65,17.31,,21.22,-24.59,0.67,0.58,0.76
683.3232958316803,22.0,0.7741,14.06,16.65,17.31,,21.23,-24.53,0.67,0.58,0.76
683.821962594986,22.0,0.7729,14.06,16.65,17.31,,21.23,-24.51,0.67,0.58,0.76
684.3147583007812,22.0,0.7717,14.06,16.65,17.31,,21.23,-24.49,0.67,0.58,0.76
684.8270435333252,22.0,0.7704,14.06,16.68,17.31,,21.23,-24.61,0.67,0.58,0.76
685.3294060230255,22.0,0.7691,14.11,16.65,17.31,,21.23,-24.64,0.67,0.58,0.76
685.8293454647064,22.0,0.7679,14.06,16.65,17.31,,21.23,-24.48,0.67,0.58,0.76
686.3301138877869,22.0,0.7666,14.06,16.68,17.31,,21.23,-24.55,0.67,0.58,0.76
686.8306243419647,22.0,0.7652,14.06,16.68,17.31,,21.23,-24.67,0.67,0.58,0.76
687.3280143737793,22.0,0.764,14.06,16.65,17.31,,21.24,-24.51,0.67,0.58,0.76
687.834240436554,22.0,0.7629,14.06,16.65,17.31,,21.24,-24.36,0.67,0.58,0.76
688.3346223831177,22.0,0.7619,14.06,16.65,17.31,,21.24,-24.34,0.67,0.58,0.76
688.8347544670105,22.0,0.7607,14.06,16.68,17.31,,21.24,-24.46,0.67,0.58,0.77
689.3336987495422,22.0,0.7593,14.11,16.68,17.31,,21.24,-24.62,0.67,0.58,0.77
689.8348917961121,22.0,0.7579,14.06,16.68,17.31,,21.24,-24.6,0.67,0.58,0.76
690.3339505195618,22.0,0.7566,14.06,16.68,17.31,,21.24,-24.54,0.67,0.58,0.76
690.8379647731781,22.0,0.7554,14.06,16.68,17.31,,21.24,-24.52,0.67,0.58,0.76
691.3427767753601,22.0,0.7543,14.06,16.65,17.31,,21.25,-24.36,0.67,0.58,0.76
691.8460855484009,22.0,0.7534,14.06,16.65,17.35,,21.25,-24.2,0.67,0.58,0.76
692.3451888561249,22.0,0.7523,14.06,16.68,17.31,,21.25,-24.32,0.67,0.58,0.76
692.8461790084839,22.0,0.7512,14.11,16.65,17.31,,21.25,-24.35,0.67,0.58,0.76
693.342520236969,22.0,0.7502,14.11,16.65,17.31,,21.25,-24.24,0.67,0.58,0.76
693.8507127761841,22.0,0.7492,14.11,16.65,17.31,,21.25,-24.22,0.67,0.58,0.76
694.3475997447968,22.0,0.7483,14.06,16.65,17.31,,21.25,-24.16,0.67,0.58,0.76
694.8527195453644,22.0,0.7475,14.06,16.65,17.31,,21.25,-24.1,0.67,0.58,0.76
695.3536095619202,22.0,0.7466,14.11,16.65,17.35,,21.25,-24.13,0.67,0.58,0.76
695.8558373451233,22.0,0.7457,14.06,16.65,17.35,,21.25,-24.11,0.67,0.58,0.76
696.3568525314331,22.0,0.7449,14.11,16.65,17.31,,21.26,-24.1,0.67,0.58,0.76
696.855840921402,22.0,0.744,14.11,16.65,17.35,,21.26,-24.12,0.67,0.58,0.76
697.3595864772797,22.0,0.7429,14.11,16.68,17.35,,21.26,-24.25,0.67,0.58,0.77
697.8615622520447,22.0,0.742,14.11,16.61,17.35,,21.26,-24.09,0.67,0.58,0.76
698.3622324466705,22.0,0.7413,14.11,16.65,17.35,,21.26,-23.94,0.67,0.58,0.76
698.8584933280945,22.0,0.7405,14.06,16.65,17.31,,21.26,-24.01,0.67,0.58,0.76
699.3652813434601,22.0,0.7397,14.11,16.65,17.31,,21.26,-24.0,0.67,0.58,0.77
699.8661420345306,22.0,0.7388,14.11,16.65,17.35,,21.26,-24.03,0.67,0.58,0.76
700.3672997951508,22.0,0.738,14.11,16.65,17.31,,21.26,-24.01,0.67,0.58,0.77
700.8632771968842,22.0,0.7372,14.11,16.65,17.35,,21.26,-23.99,0.67,0.58,0.76
701.3698675632477,22.0,0.7364,14.11,16.65,17.31,,21.26,-23.98,0.67,0.58,0.76
701.8708343505859,22.0,0.7355,14.11,16.65,17.31,,21.26,-23.96,0.67,0.58,0.76
702.372462272644,22.0,0.7345,14.15,16.68,17.35,,21.27,-24.13,0.67,0.58,0.77
702.8751368522644,22.0,0.7334,14.11,16.68,17.35,,21.27,-24.25,0.67,0.58,0.77
703.3747045993805,22.0,0.7323,14.11,16.68,17.35,,21.27,-24.19,0.68,0.59,0.77
703.8734023571014,22.0,0.7311,14.15,16.68,17.35,,21.27,-24.22,0.68,0.59,0.77
704.3770432472229,22.0,0.7297,14.2,16.72,17.39,,21.27,-24.43,0.68,0.59,0.77
704.8790283203125,22.0,0.7281,14.2,16.72,17.39,,21.27,-24.59,0.68,0.59,0.77
705.3803181648254,22.0,0.7264,14.2,16.76,17.39,,21.27,-24.71,0.68,0.59,0.77
705.8795292377472,22.0,0.7247,14.24,16.72,17.42,,21.28,-24.74,0.69,0.59,0.77
706.3739397525787,22.0,0.7229,14.24,16.76,17.42,,21.28,-24.77,0.69,0.59,0.78
706.885303735733,22.0,0.7208,14.24,16.79,17.42,,21.28,-25.03,0.69,0.6,0.78
707.3844640254974,22.0,0.7186,14.24,16.79,17.46,,21.28,-25.14,0.69,0.6,0.78
707.8883829116821,22.0,0.7164,14.24,16.79,17.42,,21.28,-25.12,0.69,0.6,0.78
708.3859736919403,22.0,0.7142,14.24,16.79,17.46,,21.29,-25.1,0.69,0.6,0.78
708.8871741294861,22.0,0.7121,14.24,16.79,17.42,,21.29,-25.08,0.69,0.6,0.78
709.3863179683685,22.0,0.71,14.24,16.79,17.46,,21.29,-25.05,0.69,0.59,0.78
709.8886139392853,22.0,0.708,14.2,16.79,17.46,,21.29,-24.99,0.69,0.6,0.78
710.390239238739,22.0,0.7061,14.2,16.79,17.46,,21.29,-24.92,0.69,0.6,0.78
710.8878073692322,22.0,0.7042,14.2,16.79,17.46,,21.3,-24.9,0.69,0.6,0.79
711.389119386673,22.0,0.7024,14.2,16.79,17.5,,21.3,-24.88,0.68,0.6,0.78
711.8964993953705,22.0,0.7005,14.2,16.79,17.5,,21.3,-24.86,0.68,0.6,0.78
712.399432182312,22.0,0.6987,14.2,16.79,17.5,,21.3,-24.84,0.68,0.6,0.79
712.9002904891968,22.0,0.697,14.2,16.79,17.46,,21.3,-24.81,0.68,0.6,0.78
713.4019460678101,22.0,0.6952,14.2,16.79,17.5,,21.3,-24.8,0.68,0.6,0.79
713.9022026062012,22.0,0.6935,14.2,16.79,17.5,,21.31,-24.78,0.68,0.6,0.79
714.4036474227905,22.0,0.6918,14.2,16.79,17.5,,21.31,-24.75,0.68,0.6,0.78
714.9037594795227,22.0,0.6901,14.2,16.79,17.5,,21.31,-24.74,0.68,0.59,0.79
715.4014303684235,22.0,0.6885,14.2,16.79,17.5,,21.31,-24.72,0.68,0.6,0.79
715.908933877945,22.0,0.6869,14.15,16.79,17.46,,21.31,-24.65,0.68,0.6,0.78
716.4096903800964,22.0,0.6854,14.2,16.79,17.5,,21.31,-24.63,0.68,0.6,0.79
716.9076781272888,22.0,0.6838,14.2,16.79,17.5,,21.32,-24.66,0.68,0.6,0.79
717.40669465065,22.0,0.6823,14.2,16.79,17.5,,21.32,-24.64,0.68,0.6,0.79
717.9100873470306,22.0,0.6808,14.2,16.79,17.5,,21.32,-24.62,0.68,0.6,0.79
718.4149703979492,22.0,0.6793,14.2,16.79,17.5,,21.32,-24.6,0.68,0.6,0.79
718.9167242050171,22.0,0.6776,14.2,16.83,17.5,,21.32,-24.72,0.68,0.6,0.79
719.4172992706299,22.0,0.676,14.2,16.79,17.5,,21.32,-24.7,0.68,0.6,0.79
719.9191308021545,22.0,0.6744,14.2,16.83,17.5,,21.33,-24.68,0.68,0.6,0.79
720.4202086925507,22.0,0.6727,14.15,16.83,17.5,,21.33,-24.75,0.68,0.6,0.79
720.9155623912811,22.0,0.6711,14.15,16.83,17.5,,21.33,-24.69,0.68,0.6,0.79
721.4213488101959,22.0,0.6697,14.2,16.79,17.5,,21.33,-24.57,0.68,0.6,0.79
721.9215414524078,22.0,0.6682,14.2,16.83,17.54,,21.33,-24.6,0.68,0.6,0.79
722.4221320152283,22.0,0.6667,14.2,16.79,17.5,,21.33,-24.58,0.68,0.6,0.79
722.9263582229614,22.0,0.6653,14.2,16.83,17.54,,21.33,-24.57,0.68,0.6,0.79
723.4286744594574,22.0,0.6637,14.2,16.83,17.54,,21.34,-24.68,0.68,0.6,0.79
723.9246797561646,22.0,0.6621,14.2,16.83,17.54,,21.34,-24.66,0.68,0.6,0.79
724.4325985908508,22.0,0.6606,14.15,16.83,17.54,,21.34,-24.6,0.68,0.6,0.79
724.9325213432312,22.0,0.6592,14.2,16.83,17.54,,21.34,-24.58,0.68,0.6,0.79
725.4338219165802,22.0,0.6577,14.2,16.83,17.54,,21.34,-24.61,0.68,0.6,0.79
725.9321010112762,22.0,0.6562,14.2,16.83,17.54,,21.34,-24.59,0.68,0.6,0.79
726.4367830753326,22.0,0.6548,14.2,16.83,17.54,,21.35,-24.57,0.68,0.6,0.79
726.9377200603485,22.0,0.6534,14.2,16.83,17.54,,21.35,-24.55,0.68,0.6,0.79
727.4319331645966,22.0,0.6519,14.2,16.83,17.54,,21.35,-24.53,0.68,0.6,0.79
727.939311504364,22.0,0.6506,14.2,16.83,17.54,,21.35,-24.51,0.68,0.6,0.79
728.4372456073761,22.0,0.6492,14.2,16.83,17.54,,21.35,-24.5,0.68,0.6,0.79
728.9400198459625,22.0,0.6479,14.2,16.83,17.54,,21.35,-24.48,0.68,0.6,0.79
729.445166349411,22.0,0.6465,14.2,16.83,17.54,,21.35,-24.46,0.68,0.6,0.79
729.945732831955,22.0,0.6451,14.2,16.86,17.54,,21.35,-24.58,0.68,0.61,0.79
730.4465200901031,22.0,0.6435,14.2,16.86,17.5,,21.36,-24.7,0.68,0.6,0.79
730.9443726539612,22.0,0.6421,14.2,16.83,17.54,,21.36,-24.54,0.68,0.6,0.79
731.4442267417908,22.0,0.6408,14.2,16.83,17.54,,21.36,-24.39,0.68,0.6,0.79
731.9510958194733,22.0,0.6396,14.2,16.83,17.5,,21.36,-24.37,0.68,0.6,0.79
732.4498949050903,22.0,0.6383,14.2,16.86,17.54,,21.36,-24.49,0.68,0.61,0.79
732.9479424953461,22.0,0.6369,14.2,16.83,17.54,,21.36,-24.47,0.68,0.6,0.79
733.4532561302185,22.0,0.6356,14.2,16.86,17.54,,21.36,-24.45,0.68,0.61,0.79
733.9555411338806,22.0,0.6342,14.2,16.86,17.54,,21.37,-24.58,0.68,0.61,0.79
734.4552657604218,22.0,0.6327,14.24,16.86,17.54,,21.37,-24.6,0.68,0.61,0.79
734.9595239162445,22.0,0.6312,14.2,16.86,17.54,,21.37,-24.58,0.68,0.61,0.79
735.4614858627319,22.0,0.6298,14.2,16.86,17.54,,21.37,-24.52,0.69,0.61,0.79
735.9607539176941,22.0,0.6285,14.2,16.86,17.54,,21.37,-24.5,0.69,0.61,0.79
736.461309671402,22.0,0.6271,14.24,16.86,17.54,,21.37,-24.53,0.69,0.61,0.79
736.9628710746765,22.0,0.6256,14.24,16.86,17.54,,21.37,-24.56,0.68,0.61,0.79
737.4655311107635,22.0,0.6243,14.2,16.86,17.57,,21.38,-24.5,0.69,0.61,0.79
737.9630062580109,22.0,0.6229,14.24,16.86,17.54,,21.38,-24.48,0.69,0.61,0.79
738.4691548347473,22.0,0.6216,14.24,16.86,17.54,,21.38,-24.51,0.69,0.61,0.79
738.9682078361511,22.0,0.6202,14.24,16.86,17.54,,21.38,-24.49,0.69,0.61,0.79
739.4601757526398,22.0,0.6189,14.24,16.86,17.54,,21.38,-24.47,0.69,0.61,0.79
739.9734108448029,22.0,0.6176,14.24,16.86,17.54,,21.38,-24.46,0.68,0.61,0.79
740.4635081291199,22.0,0.6163,14.24,16.86,17.54,,21.38,-24.44,0.68,0.61,0.8
740.9740192890167,22.0,0.615,14.2,16.86,17.54,,21.38,-24.37,0.69,0.61,0.8
741.4746451377869,22.0,0.6139,14.2,16.86,17.54,,21.39,-24.31,0.69,0.61,0.79
741.9656858444214,22.0,0.6126,14.24,16.9,17.54,,21.39,-24.48,0.69,0.61,0.79
742.4786658287048,22.0,0.6112,14.24,16.86,17.57,,21.39,-24.51,0.69,0.61,0.79
742.9803347587585,22.0,0.61,14.24,16.86,17.54,,21.39,-24.35,0.68,0.61,0.79
743.482141494751,22.0,0.6088,14.24,16.86,17.54,,21.39,-24.34,0.68,0.61,0.79
743.981454372406,22.0,0.6076,14.24,16.86,17.54,,21.39,-24.32,0.68,0.61,0.79
744.4809684753418,22.0,0.6065,14.24,16.86,17.54,,21.39,-24.31,0.68,0.61,0.79
744.9788119792938,22.0,0.6054,14.2,16.86,17.54,,21.39,-24.25,0.69,0.61,0.8
745.4885928630829,22.0,0.6044,14.24,16.86,17.54,,21.4,-24.23,0.69,0.61,0.79
745.986850976944,22.0,0.6031,14.24,16.9,17.57,,21.4,-24.4,0.69,0.61,0.8
746.4884650707245,22.0,0.6019,14.24,16.86,17.57,,21.4,-24.38,0.69,0.6,0.8
746.9905507564545,22.0,0.6008,14.24,16.86,17.57,,21.4,-24.23,0.69,0.61,0.8
747.4892601966858,22.0,0.5996,14.2,16.9,17.57,,21.4,-24.3,0.69,0.61,0.8
747.9901766777039,22.0,0.5985,14.24,16.86,17.57,,21.4,-24.28,0.69,0.61,0.8
748.4901504516602,22.0,0.5975,14.24,16.86,17.57,,21.4,-24.18,0.68,0.61,0.8
748.9916067123413,22.0,0.5965,14.24,16.86,17.57,,21.4,-24.16,0.69,0.61,0.8
749.4982514381409,22.0,0.5956,14.2,16.86,17.57,,21.4,-24.1,0.69,0.61,0.8
749.9914600849152,22.0,0.5945,14.24,16.9,17.57,,21.41,-24.23,0.69,0.61,0.8
750.4891641139984,22.0,0.5934,14.24,16.86,17.57,,21.41,-24.26,0.69,0.61,0.8
