Temps (s),Consigne (°C),Erreur (°C),Thermistance 1 - T1 (°C),Thermistance 2 - T2 (°C),Thermistance 3 - T3 (°C),T4',Thermistance 3 estimée - T3_moy (°C),Commande (PWM),Voltage T1 (V),Voltage T2 (V),Voltage T3 (V)
1.315195083618164,30,0.0,32.82,30.24,30.21,,30.21,30.0,2.72,2.58,2.54
1.6690149307250977,30,0.0,32.68,30.24,30.21,,30.21,30.0,2.7,2.58,2.54
2.0291411876678467,30,0.0,32.55,30.24,30.17,,30.17,30.0,2.69,2.58,2.53
2.5289158821105957,30,0.0,32.46,30.28,30.17,,30.17,30.0,2.68,2.59,2.53
3.042309284210205,30,0.0,32.41,30.28,30.17,,30.17,30.0,2.67,2.59,2.53
3.542726993560791,30,0.0,32.46,30.28,30.17,,30.17,30.0,2.68,2.59,2.53
4.049766540527344,30,0.0,32.5,30.31,30.17,,30.17,30.0,2.68,2.59,2.53
4.54367470741272,30,0.0,32.59,30.31,30.14,,30.14,30.0,2.69,2.59,2.53
5.046921730041504,30,0.0,32.73,30.31,30.14,,30.14,30.0,2.71,2.59,2.53
5.548436641693115,30,0.0,32.86,30.31,30.14,,30.14,30.0,2.72,2.59,2.53
6.046709299087524,30,0.0,32.95,30.31,30.14,,30.14,30.0,2.73,2.59,2.53
6.545394420623779,30,0.0,33.08,30.31,30.14,,30.14,30.0,2.75,2.59,2.53
7.044719934463501,30,0.0,33.22,30.31,30.14,,30.14,30.0,2.76,2.59,2.53
7.545042037963867,30,0.0,33.35,30.34,30.14,,30.14,30.0,2.78,2.6,2.53
8.045494079589844,30,0.0,33.44,30.34,30.14,,30.14,30.0,2.79,2.6,2.53
8.558532953262329,30,0.0,33.58,30.34,30.11,,30.11,30.0,2.8,2.6,2.52
9.056297302246094,30,0.0,33.71,30.34,30.11,,30.11,30.0,2.81,2.6,2.52
9.556951522827148,30,0.0,33.8,30.37,30.11,,30.11,30.0,2.83,2.6,2.52
10.054019451141357,30,0.0,33.89,30.37,30.11,,30.11,30.0,2.83,2.6,2.52
10.553429126739502,30,0.0,33.98,30.37,30.11,,30.11,30.0,2.84,2.6,2.52
11.051319360733032,30,0.0,34.07,30.37,30.11,,30.11,30.0,2.85,2.6,2.52
11.552677392959595,30,0.0,34.2,30.4,30.07,,30.07,30.0,2.87,2.61,2.52
12.054813146591187,30,0.0,34.25,30.4,30.07,,30.07,30.0,2.88,2.61,2.52
12.555922031402588,30,0.0,34.34,30.44,30.07,,30.07,30.0,2.88,2.61,2.52
13.067927360534668,30,0.0,34.43,30.44,30.07,,30.07,30.0,2.89,2.61,2.52
13.566179752349854,30,0.0,34.52,30.44,30.07,,30.07,30.0,2.9,2.61,2.52
14.066413879394531,30,0.0,34.61,30.47,30.07,,30.07,30.0,2.91,2.61,2.52
14.563069820404053,30,0.0,34.65,30.47,30.07,,30.07,30.0,2.92,2.61,2.52
15.0645432472229,30,0.0,34.74,30.5,30.07,,30.07,30.0,2.93,2.62,2.52
15.564550638198853,30,0.0,34.78,30.5,30.07,,30.07,30.0,2.93,2.62,2.52
16.06574320793152,30,0.0,34.87,30.53,30.07,,30.07,30.0,2.94,2.62,2.52
16.578683137893677,30,0.0,34.92,30.53,30.07,,30.07,30.0,2.95,2.63,2.52
17.07834029197693,30,0.0,35.01,30.56,30.07,,30.07,30.0,2.96,2.63,2.52
17.576956510543823,30,0.0,35.05,30.6,30.07,,30.07,30.0,2.96,2.63,2.52
18.075777530670166,30,0.0,35.1,30.6,30.07,,30.07,30.0,2.97,2.63,2.52
18.573835372924805,30,0.0,35.19,30.63,30.04,,30.04,30.0,2.98,2.64,2.52
19.08621573448181,30,0.0,35.23,30.63,30.04,,30.04,30.0,2.98,2.64,2.52
19.586485862731934,30,0.0,35.28,30.66,30.04,,30.04,30.0,2.99,2.64,2.51
20.08659315109253,30,0.0,35.37,30.69,30.04,,30.04,30.0,3.0,2.65,2.51
20.584268808364868,30,0.0,35.41,30.69,30.04,,30.04,30.0,3.0,2.65,2.51
21.081806182861328,30,0.0,35.46,30.72,30.04,,30.04,30.0,3.01,2.65,2.51
21.58312749862671,30,0.0,35.5,30.76,30.04,,30.04,30.0,3.02,2.66,2.51
22.0951988697052,30,0.0,35.59,30.76,30.04,,30.04,30.0,3.02,2.66,2.51
22.59556007385254,30,0.0,35.64,30.79,30.04,,30.04,30.0,3.03,2.66,2.51
23.0969500541687,30,0.0,35.68,30.79,30.04,,30.04,30.0,3.03,2.66,2.51
23.600545167922974,30,0.0,35.72,30.82,30.07,,30.07,30.0,3.04,2.67,2.51
24.101049184799194,30,0.0,35.77,30.85,30.07,,30.07,30.0,3.04,2.67,2.52
24.602050065994263,30,0.0,35.81,30.88,30.07,,30.07,30.0,3.04,2.68,2.52
25.099878311157227,30,0.0,35.86,30.88,30.07,,30.07,30.0,3.05,2.68,2.52
25.59795618057251,30,0.0,35.9,30.92,30.07,,30.07,30.0,3.05,2.68,2.52
26.098422527313232,30,0.0,35.95,30.95,30.07,,30.07,30.0,3.06,2.69,2.52
26.598187685012817,30,0.0,35.99,30.95,30.07,,30.07,30.0,3.06,2.69,2.52
27.095738172531128,30,0.0,36.04,30.98,30.11,,30.11,30.0,3.07,2.69,2.52
27.597975730895996,30,0.0,36.04,31.01,30.11,,30.11,30.0,3.07,2.7,2.52
28.109549045562744,30,0.0,36.08,31.04,30.11,,30.11,30.0,3.07,2.7,2.52
28.61009430885315,30,0.0,36.13,31.04,30.11,,30.11,30.0,3.08,2.7,2.52
29.107985496520996,30,0.0,36.17,31.08,30.14,,30.14,30.0,3.08,2.71,2.53
29.604774951934814,30,0.0,36.22,31.11,30.14,,30.14,30.0,3.08,2.71,2.53
30.106337547302246,30,0.0,36.22,31.11,30.17,,30.17,30.0,3.09,2.72,2.53
30.603318452835083,30,0.0,36.26,31.14,30.17,,30.17,30.0,3.09,2.72,2.53
31.117419719696045,30,0.0,36.31,31.17,30.17,,30.17,30.0,3.1,2.72,2.53
31.619866609573364,30,0.0,36.35,31.17,30.17,,30.17,30.0,3.1,2.73,2.54
32.118354082107544,30,0.0,36.4,31.2,30.21,,30.21,30.0,3.11,2.73,2.54
32.620954513549805,30,0.0,36.44,31.24,30.21,,30.21,30.0,3.11,2.73,2.54
33.119436502456665,30,0.0,36.44,31.27,30.21,,30.21,30.0,3.11,2.74,2.54
33.6182963848114,30,0.0,36.49,31.27,30.24,,30.24,30.0,3.12,2.74,2.54
34.11966276168823,30,0.0,36.53,31.3,30.24,,30.24,30.0,3.12,2.74,2.54
34.616461515426636,30,0.0,36.53,31.33,30.24,,30.24,30.0,3.12,2.75,2.54
35.132556438446045,30,0.0,36.57,31.36,30.28,,30.28,30.0,3.13,2.75,2.55
35.628316164016724,30,0.0,36.57,31.36,30.28,,30.28,30.0,3.13,2.75,2.55
36.1263062953949,30,0.0,36.62,31.4,30.28,,30.28,30.0,3.13,2.76,2.55
36.62402033805847,30,0.0,36.62,31.43,30.31,,30.31,30.0,3.14,2.76,2.55
37.12401056289673,30,0.0,36.66,31.43,30.31,,30.31,30.0,3.14,2.76,2.55
37.63610887527466,30,0.0,36.71,31.46,30.35,,30.35,30.0,3.14,2.77,2.55
38.13622045516968,30,0.0,36.71,31.49,30.35,,30.35,30.0,3.14,2.77,2.56
38.63526797294617,30,0.0,36.75,31.52,30.35,,30.35,30.0,3.15,2.78,2.56
39.13506531715393,30,0.0,36.75,31.52,30.38,,30.38,30.0,3.15,2.78,2.56
39.63303279876709,30,0.0,36.8,31.56,30.38,,30.38,30.0,3.15,2.78,2.56
40.131919860839844,30,0.0,36.84,31.59,30.38,,30.38,30.0,3.16,2.79,2.56
40.635032176971436,30,0.0,36.84,31.59,30.42,,30.42,30.0,3.16,2.79,2.57
41.14051270484924,30,0.0,36.89,31.62,30.42,,30.42,30.0,3.16,2.79,2.57
41.636465549468994,30,0.0,36.89,31.65,30.45,,30.45,30.0,3.16,2.8,2.57
42.13581681251526,30,0.0,36.93,31.68,30.45,,30.45,30.0,3.17,2.8,2.57
42.63601851463318,30,0.0,36.93,31.68,30.49,,30.49,30.0,3.17,2.8,2.58
43.14940643310547,30,0.0,36.98,31.72,30.49,,30.49,30.0,3.17,2.81,2.58
43.64579463005066,30,0.0,37.02,31.75,30.52,,30.52,30.0,3.17,2.81,2.58
44.14349102973938,30,0.0,37.02,31.78,30.52,,30.52,30.0,3.18,2.82,2.58
44.64265322685242,30,0.0,37.07,31.78,30.52,,30.52,30.0,3.18,2.82,2.58
45.141205072402954,30,0.0,37.07,31.81,30.55,,30.55,30.0,3.18,2.82,2.59
45.65662384033203,30,0.0,37.11,31.81,30.55,,30.55,30.0,3.19,2.82,2.59
46.157347679138184,30,0.0,37.11,31.84,30.59,,30.59,30.0,3.19,2.83,2.59
46.65484642982483,30,0.0,37.16,31.84,30.59,,30.59,30.0,3.19,2.83,2.59
47.15547442436218,30,0.0,37.16,31.84,30.59,,30.59,30.0,3.19,2.83,2.59
47.655975580215454,30,0.0,37.2,31.88,30.62,,30.62,30.0,3.2,2.83,2.6
48.15574407577515,30,0.0,37.2,31.88,30.62,,30.62,30.0,3.2,2.83,2.6
48.65484571456909,30,0.0,37.25,31.91,30.66,,30.66,30.0,3.2,2.83,2.6
49.15258765220642,30,0.0,37.29,31.91,30.66,,30.66,30.0,3.2,2.84,2.6
49.66434121131897,30,0.0,37.29,31.94,30.66,,30.66,30.0,3.21,2.84,2.6
50.16352438926697,30,0.0,37.29,31.97,30.69,,30.69,30.0,3.21,2.84,2.61
50.66234850883484,30,0.0,37.34,31.97,30.69,,30.69,30.0,3.21,2.84,2.61
51.15937376022339,30,0.0,37.34,32.0,30.73,,30.73,30.0,3.21,2.85,2.61
51.67239952087402,30,0.0,37.38,32.04,30.73,,30.73,30.0,3.22,2.85,2.61
52.17206573486328,30,0.0,37.38,32.04,30.76,,30.76,30.0,3.22,2.85,2.61
52.66910719871521,30,0.0,37.43,32.07,30.76,,30.76,30.0,3.22,2.86,2.61
53.1686909198761,30,0.0,37.43,32.07,30.8,,30.8,30.0,3.22,2.86,2.62
53.67073082923889,30,0.0,37.47,32.1,30.8,,30.8,30.0,3.23,2.86,2.62
54.16728639602661,30,0.0,37.47,32.1,30.83,,30.83,30.0,3.23,2.87,2.62
54.68107724189758,30,0.0,37.47,32.13,30.83,,30.83,30.0,3.23,2.87,2.62
55.18154764175415,30,0.0,37.51,32.16,30.87,,30.87,30.0,3.23,2.87,2.63
55.680166244506836,30,0.0,37.51,32.16,30.87,,30.87,30.0,3.23,2.87,2.63
56.1808295249939,30,0.0,37.56,32.2,30.9,,30.9,30.0,3.24,2.88,2.63
56.680957317352295,30,0.0,37.56,32.23,30.9,,30.9,30.0,3.24,2.88,2.63
57.18574643135071,30,0.0,37.6,32.23,30.93,,30.93,30.0,3.24,2.88,2.64
57.6826913356781,30,0.0,37.6,32.26,30.93,,30.93,30.0,3.24,2.89,2.64
58.18325638771057,30,0.0,37.6,32.29,30.97,,30.97,30.0,3.24,2.89,2.64
58.68474531173706,30,0.0,37.65,32.29,31.0,,31.0,30.0,3.25,2.89,2.65
59.181639671325684,30,0.0,37.65,32.32,31.0,,31.0,30.0,3.25,2.9,2.65
59.681867837905884,30,0.0,37.69,32.36,31.04,,31.04,30.0,3.25,2.9,2.65
60.194467306137085,30,0.0,37.69,32.36,31.07,,31.07,30.0,3.25,2.9,2.66
60.69190073013306,30,0.0,37.74,32.39,31.07,,31.07,30.0,3.25,2.91,2.66
61.19115400314331,30,0.0,37.74,32.39,31.11,,31.11,30.0,3.26,2.91,2.66
61.69114542007446,30,0.0,37.74,32.42,31.11,,31.11,30.0,3.26,2.91,2.66
62.19009804725647,30,0.0,37.74,32.45,31.11,,31.11,30.0,3.26,2.92,2.67
62.68875288963318,30,0.0,37.78,32.45,31.14,,31.14,30.0,3.26,2.92,2.67
63.200273275375366,30,0.0,37.78,32.49,31.14,,31.14,30.0,3.26,2.92,2.67
63.69686317443848,30,0.0,37.78,32.49,31.18,,31.18,30.0,3.26,2.92,2.67
64.19942164421082,30,0.0,37.83,32.52,31.18,,31.18,30.0,3.26,2.93,2.67
64.69964361190796,30,0.0,37.83,32.52,31.21,,31.21,30.0,3.26,2.93,2.68
65.19692969322205,30,0.0,37.87,32.55,31.21,,31.21,30.0,3.27,2.93,2.68
65.71064138412476,30,0.0,37.87,32.55,31.25,,31.25,30.0,3.27,2.93,2.68
66.20996594429016,30,0.0,37.92,32.58,31.25,,31.25,30.0,3.27,2.93,2.68
66.70855593681335,30,0.0,37.92,32.58,31.25,,31.25,30.0,3.27,2.94,2.68
67.20813989639282,30,0.0,37.92,32.58,31.28,,31.28,30.0,3.27,2.94,2.69
67.70820641517639,30,0.0,37.96,32.61,31.28,,31.28,30.0,3.28,2.94,2.69
68.2059178352356,30,0.0,37.96,32.61,31.31,,31.31,30.0,3.28,2.94,2.69
68.70465540885925,30,0.0,37.96,32.65,31.31,,31.31,30.0,3.28,2.95,2.69
69.21983075141907,30,0.0,38.01,32.65,31.35,,31.35,30.0,3.28,2.95,2.7
69.71687817573547,30,0.0,38.01,32.65,31.35,,31.35,30.0,3.28,2.95,2.7
70.21654772758484,30,0.0,38.05,32.68,31.38,,31.38,30.0,3.28,2.95,2.7
70.71666693687439,30,0.0,38.05,32.71,31.38,,31.38,30.0,3.29,2.96,2.7
71.21611261367798,30,0.0,38.05,32.71,31.42,,31.42,30.0,3.29,2.96,2.71
71.71461176872253,30,0.0,38.1,32.71,31.42,,31.42,30.0,3.29,2.96,2.71
72.21474647521973,30,0.0,38.1,32.74,31.45,,31.45,30.0,3.29,2.96,2.71
72.72579598426819,30,0.0,38.14,32.74,31.45,,31.45,30.0,3.3,2.96,2.71
73.22690796852112,30,0.0,38.14,32.77,31.49,,31.49,30.0,3.3,2.97,2.72
73.72584915161133,30,0.0,38.14,32.77,31.49,,31.49,30.0,3.3,2.97,2.72
74.2247896194458,30,0.0,38.19,32.81,31.49,,31.49,30.0,3.3,2.97,2.72
74.72066521644592,30,0.0,38.19,32.81,31.52,,31.52,30.0,3.3,2.97,2.72
75.23651337623596,30,0.0,38.19,32.84,31.56,,31.56,30.0,3.31,2.98,2.73
75.72342371940613,30,0.0,38.23,32.84,31.56,,31.56,30.0,3.31,2.98,2.73
76.22474193572998,30,0.0,38.23,32.87,31.59,,31.59,30.0,3.31,2.98,2.73
76.7364718914032,30,0.0,38.28,32.87,31.59,,31.59,30.0,3.31,2.98,2.73
77.23396849632263,30,0.0,38.28,32.9,31.63,,31.63,30.0,3.31,2.99,2.74
77.73329567909241,30,0.0,38.28,32.9,31.63,,31.63,30.0,3.31,2.99,2.74
78.23142099380493,30,0.0,38.28,32.93,31.66,,31.66,30.0,3.31,2.99,2.74
78.73180055618286,30,0.0,38.32,32.93,31.66,,31.66,30.0,3.32,2.99,2.74
79.24518847465515,30,0.0,38.32,32.97,31.7,,31.7,30.0,3.32,3.0,2.75
79.74488234519958,30,0.0,38.32,33.0,31.7,,31.7,30.0,3.32,3.0,2.75
80.24708271026611,30,0.0,38.32,33.0,31.73,,31.73,30.0,3.32,3.0,2.75
80.74437546730042,30,0.0,38.36,33.03,31.76,,31.76,30.0,3.32,3.01,2.75
81.243093252182,30,0.0,38.36,33.03,31.76,,31.76,30.0,3.32,3.01,2.76
81.74215579032898,30,0.0,38.36,33.06,31.8,,31.8,30.0,3.32,3.01,2.76
82.24313068389893,30,0.0,38.41,33.06,31.8,,31.8,30.0,3.33,3.01,2.76
82.74205255508423,30,0.0,38.41,33.09,31.83,,31.83,30.0,3.33,3.01,2.77
83.25701689720154,30,0.0,38.41,33.09,31.83,,31.83,30.0,3.33,3.02,2.77
83.75240802764893,30,0.0,38.41,33.09,31.87,,31.87,30.0,3.33,3.02,2.77
84.25037407875061,30,0.0,38.41,33.13,31.87,,31.87,30.0,3.33,3.02,2.77
84.74955558776855,30,0.0,38.45,33.13,31.9,,31.9,30.0,3.33,3.02,2.78
85.24964904785156,30,0.0,38.45,33.13,31.9,,31.9,30.0,3.33,3.03,2.78
85.76271629333496,30,0.0,38.5,33.16,31.9,,31.9,30.0,3.34,3.03,2.78
86.26166033744812,30,0.0,38.5,33.16,31.94,,31.94,30.0,3.34,3.03,2.78
86.7608208656311,30,0.0,38.5,33.19,31.94,,31.94,30.0,3.34,3.03,2.79
87.26134133338928,30,0.0,38.5,33.19,31.97,,31.97,30.0,3.34,3.03,2.79
87.75763463973999,30,0.0,38.5,33.19,32.01,,32.01,30.0,3.34,3.03,2.79
88.25482368469238,30,0.0,38.54,33.22,32.01,,32.01,30.0,3.34,3.04,2.79
88.75867509841919,30,0.0,38.54,33.22,32.04,,32.04,30.0,3.34,3.04,2.8
89.26069974899292,30,0.0,38.54,33.25,32.04,,32.04,30.0,3.34,3.04,2.8
89.76181316375732,30,0.0,38.54,33.25,32.04,,32.04,30.0,3.34,3.04,2.8
90.27529883384705,30,0.0,38.59,33.29,32.08,,32.08,30.0,3.35,3.04,2.8
90.77166438102722,30,0.0,38.59,33.29,32.08,,32.08,30.0,3.35,3.04,2.8
91.2688238620758,30,0.0,38.63,33.32,32.08,,32.08,30.0,3.35,3.05,2.8
91.77026700973511,30,0.0,38.63,33.35,32.08,,32.08,30.0,3.35,3.05,2.8
92.26759696006775,30,0.0,38.63,33.35,32.11,,32.11,30.0,3.35,3.05,2.81
92.77324295043945,30,0.0,38.68,33.35,32.11,,32.11,30.0,3.35,3.06,2.81
93.27029347419739,30,0.0,38.63,33.38,32.11,,32.11,30.0,3.36,3.06,2.81
93.78326869010925,30,0.0,38.68,33.41,32.14,,32.14,30.0,3.36,3.06,2.81
94.28043293952942,30,0.0,38.68,33.41,32.14,,32.14,30.0,3.36,3.06,2.81
94.78121185302734,30,0.0,38.68,33.41,32.14,,32.14,30.0,3.36,3.06,2.81
95.2824923992157,30,0.0,38.68,33.45,32.18,,32.18,30.0,3.36,3.07,2.82
95.78125,30,0.0,38.68,33.45,32.18,,32.18,30.0,3.36,3.07,2.82
96.28164386749268,30,0.0,38.72,33.45,32.18,,32.18,30.0,3.36,3.07,2.82
96.78308081626892,30,0.0,38.72,33.45,32.18,,32.18,30.0,3.36,3.07,2.82
97.2819938659668,30,0.0,38.72,33.48,32.21,,32.21,30.0,3.36,3.07,2.82
97.79785180091858,30,0.0,38.72,33.48,32.21,,32.21,30.0,3.36,3.07,2.82
98.2943422794342,30,0.0,38.77,33.48,32.25,,32.25,30.0,3.37,3.07,2.83
98.79447054862976,30,0.0,38.77,33.51,32.25,,32.25,30.0,3.37,3.08,2.83
99.29380750656128,30,0.0,38.77,33.51,32.28,,32.28,30.0,3.37,3.08,2.83
99.79100227355957,30,0.0,38.77,33.51,32.32,,32.32,30.0,3.37,3.08,2.83
100.29039597511292,30,0.0,38.77,33.54,32.32,,32.32,30.0,3.37,3.08,2.83
100.78915452957153,30,0.0,38.81,33.54,32.32,,32.32,30.0,3.37,3.08,2.84
101.30205035209656,30,0.0,38.81,33.54,32.35,,32.35,30.0,3.37,3.09,2.84
101.80685782432556,30,0.0,38.81,33.57,32.39,,32.39,30.0,3.37,3.09,2.84
102.30591177940369,30,0.0,38.81,33.57,32.39,,32.39,30.0,3.37,3.09,2.84
102.80427670478821,30,0.0,38.81,33.61,32.42,,32.42,30.0,3.37,3.09,2.84
103.29982709884644,30,0.0,38.86,33.64,32.42,,32.42,30.0,3.38,3.1,2.85
103.80122542381287,30,0.0,38.86,33.64,32.42,,32.42,30.0,3.38,3.1,2.85
104.30122017860413,30,0.0,38.86,33.64,32.46,,32.46,30.0,3.38,3.1,2.85
104.81566381454468,30,0.0,38.86,33.67,32.46,,32.46,30.0,3.38,3.1,2.85
105.31150913238525,30,0.0,38.9,33.67,32.46,,32.46,30.0,3.38,3.1,2.85
105.81263446807861,30,0.0,38.9,33.67,32.49,,32.49,30.0,3.38,3.1,2.86
106.31148171424866,30,0.0,38.9,33.67,32.49,,32.49,30.0,3.39,3.1,2.86
106.81000280380249,30,0.0,38.95,33.67,32.49,,32.49,30.0,3.39,3.1,2.86
107.31192016601562,30,0.0,38.95,33.7,32.52,,32.52,30.0,3.39,3.11,2.86
107.81096148490906,30,0.0,38.95,33.7,32.52,,32.52,30.0,3.39,3.11,2.86
108.3100152015686,30,0.0,38.99,33.7,32.52,,32.52,30.0,3.39,3.11,2.86
108.8110179901123,30,0.0,38.99,33.74,32.52,,32.52,30.0,3.39,3.11,2.86
109.32373929023743,30,0.0,39.04,33.74,32.52,,32.52,30.0,3.4,3.11,2.86
109.82607817649841,30,0.0,39.04,33.74,32.56,,32.56,30.0,3.4,3.11,2.87
110.32722163200378,30,0.0,39.08,33.77,32.56,,32.56,30.0,3.4,3.12,2.87
110.82661485671997,30,0.0,39.08,33.77,32.56,,32.56,30.0,3.4,3.12,2.87
111.3287205696106,30,0.0,39.13,33.8,32.59,,32.59,30.0,3.41,3.12,2.87
111.82509422302246,30,0.0,39.13,33.8,32.59,,32.59,30.0,3.41,3.12,2.87
112.32316517829895,30,0.0,39.13,33.83,32.63,,32.63,30.0,3.41,3.13,2.87
112.82113909721375,30,0.0,39.17,33.83,32.63,,32.63,30.0,3.41,3.13,2.88
113.33465433120728,30,0.0,39.17,33.83,32.66,,32.66,30.0,3.41,3.13,2.88
113.83307385444641,30,0.0,39.17,33.86,32.66,,32.66,30.0,3.41,3.13,2.88
114.32997822761536,30,0.0,39.22,33.86,32.7,,32.7,30.0,3.42,3.13,2.89
114.83295607566833,30,0.0,39.22,33.9,32.73,,32.73,30.0,3.42,3.14,2.89
115.33199501037598,30,0.0,39.22,33.9,32.73,,32.73,30.0,3.42,3.14,2.89
115.83137917518616,30,0.0,39.26,33.93,32.77,,32.77,30.0,3.42,3.14,2.9
116.34553003311157,30,0.0,39.26,33.93,32.77,,32.77,30.0,3.42,3.14,2.9
116.8468770980835,30,0.0,39.26,33.93,32.77,,32.77,30.0,3.42,3.14,2.9
117.3337950706482,30,0.0,39.3,33.96,32.8,,32.8,30.0,3.43,3.14,2.9
117.84797811508179,30,0.0,39.3,33.96,32.8,,32.8,30.0,3.43,3.15,2.9
118.34799647331238,30,0.0,39.3,33.96,32.8,,32.8,30.0,3.43,3.15,2.9
118.84950828552246,30,0.0,39.3,33.99,32.8,,32.8,30.0,3.43,3.15,2.9
119.34997177124023,30,0.0,39.35,33.99,32.84,,32.84,30.0,3.43,3.15,2.91
119.8494222164154,30,0.0,39.35,33.99,32.84,,32.84,30.0,3.43,3.16,2.91
120.34923791885376,30,0.0,39.35,34.02,32.87,,32.87,30.0,3.43,3.16,2.91
120.84643530845642,30,0.0,39.35,34.06,32.87,,32.87,30.0,3.43,3.16,2.91
121.34575343132019,30,0.0,39.35,34.06,32.87,,32.87,30.0,3.43,3.16,2.92
121.8576271533966,30,0.0,39.35,34.06,32.91,,32.91,30.0,3.43,3.16,2.92
122.3607223033905,30,0.0,39.39,34.09,32.91,,32.91,30.0,3.43,3.17,2.92
122.85670495033264,30,0.0,39.39,34.09,32.94,,32.94,30.0,3.44,3.17,2.92
123.35943555831909,30,0.0,39.39,34.12,32.94,,32.94,30.0,3.44,3.17,2.92
123.85852003097534,30,0.0,39.39,34.12,32.94,,32.94,30.0,3.44,3.17,2.92
124.3570487499237,30,0.0,39.39,34.15,32.94,,32.94,30.0,3.44,3.17,2.92
124.85750031471252,30,0.0,39.39,34.15,32.94,,32.94,30.0,3.44,3.18,2.93
125.3569073677063,30,0.0,39.39,34.15,32.97,,32.97,30.0,3.44,3.18,2.93
125.8612539768219,30,0.0,39.39,34.18,32.97,,32.97,30.0,3.44,3.18,2.93
126.36108636856079,30,0.0,39.39,34.18,32.97,,32.97,30.0,3.44,3.18,2.93
126.87265467643738,30,0.0,39.39,34.22,33.01,,33.01,30.0,3.44,3.19,2.93
127.37163257598877,30,0.0,39.39,34.22,33.01,,33.01,30.0,3.44,3.19,2.93
127.8714644908905,30,0.0,39.39,34.22,33.01,,33.01,30.0,3.44,3.19,2.93
128.37016582489014,30,0.0,39.39,34.25,33.04,,33.04,30.0,3.44,3.19,2.94
128.86949944496155,30,0.0,39.44,34.25,33.04,,33.04,30.0,3.44,3.19,2.94
129.36733198165894,30,0.0,39.44,34.25,33.08,,33.08,30.0,3.44,3.19,2.94
129.88215684890747,30,0.0,39.44,34.28,33.08,,33.08,30.0,3.44,3.2,2.94
130.38186311721802,30,0.0,39.48,34.28,33.11,,33.11,30.0,3.45,3.2,2.94
130.87937307357788,30,0.0,39.48,34.28,33.11,,33.11,30.0,3.45,3.2,2.95
131.3781566619873,30,0.0,39.48,34.31,33.11,,33.11,30.0,3.45,3.2,2.95
131.87882280349731,30,0.0,39.48,34.31,33.15,,33.15,30.0,3.45,3.2,2.95
132.38101291656494,30,0.0,39.53,34.35,33.15,,33.15,30.0,3.45,3.2,2.95
132.8783574104309,30,0.0,39.53,34.35,33.15,,33.15,30.0,3.45,3.21,2.95
133.3780598640442,30,0.0,39.53,34.35,33.18,,33.18,30.0,3.45,3.21,2.96
133.87788248062134,30,0.0,39.53,34.38,33.18,,33.18,30.0,3.45,3.21,2.96
134.39431238174438,30,0.0,39.57,34.38,33.18,,33.18,30.0,3.46,3.21,2.96
134.8926568031311,30,0.0,39.57,34.41,33.18,,33.18,30.0,3.46,3.21,2.96
135.38970184326172,30,0.0,39.62,34.41,33.22,,33.22,30.0,3.46,3.22,2.96
135.8883466720581,30,0.0,39.62,34.41,33.22,,33.22,30.0,3.46,3.22,2.96
136.38951754570007,30,0.0,39.62,34.44,33.22,,33.22,30.0,3.46,3.22,2.96
136.88692450523376,30,0.0,39.62,34.44,33.22,,33.22,30.0,3.46,3.22,2.96
137.38729786872864,30,0.0,39.66,34.44,33.22,,33.22,30.0,3.47,3.22,2.96
137.90250658988953,30,0.0,39.66,34.44,33.22,,33.22,30.0,3.47,3.22,2.97
138.40164399147034,30,0.0,39.66,34.44,33.25,,33.25,30.0,3.47,3.22,2.97
138.90355777740479,30,0.0,39.66,34.44,33.25,,33.25,30.0,3.47,3.22,2.97
139.40370798110962,30,0.0,39.66,34.44,33.25,,33.25,30.0,3.47,3.22,2.97
139.89847683906555,30,0.0,39.71,34.47,33.29,,33.29,30.0,3.47,3.23,2.97
140.4001703262329,30,0.0,39.71,34.47,33.29,,33.29,30.0,3.47,3.23,2.97
140.8973662853241,30,0.0,39.71,34.47,33.32,,33.32,30.0,3.47,3.23,2.98
141.41064047813416,30,0.0,39.71,34.51,33.32,,33.32,30.0,3.47,3.23,2.98
141.91293382644653,30,0.0,39.71,34.51,33.32,,33.32,30.0,3.47,3.23,2.98
142.4168622493744,30,0.0,39.71,34.51,33.36,,33.36,30.0,3.47,3.23,2.98
142.9158456325531,30,0.0,39.71,34.51,33.36,,33.36,30.0,3.47,3.23,2.98
143.41459774971008,30,0.0,39.71,34.54,33.39,,33.39,30.0,3.47,3.24,2.99
143.9123933315277,30,0.0,39.75,34.54,33.39,,33.39,30.0,3.48,3.24,2.99
144.4138069152832,30,0.0,39.75,34.54,33.42,,33.42,30.0,3.48,3.24,2.99
144.91536235809326,30,0.0,39.75,34.54,33.42,,33.42,30.0,3.48,3.24,2.99
145.41474294662476,30,0.0,39.75,34.57,33.46,,33.46,30.0,3.48,3.24,3.0
145.9150948524475,30,0.0,39.8,34.57,33.46,,33.46,30.0,3.48,3.24,3.0
146.4146990776062,30,0.0,39.8,34.57,33.49,,33.49,30.0,3.48,3.24,3.0
146.91297483444214,30,0.0,39.8,34.6,33.49,,33.49,30.0,3.48,3.25,3.0
147.4278793334961,30,0.0,39.8,34.6,33.53,,33.53,30.0,3.48,3.25,3.01
147.92791652679443,30,0.0,39.8,34.6,33.53,,33.53,30.0,3.48,3.25,3.01
148.42685317993164,30,0.0,39.8,34.63,33.53,,33.53,30.0,3.48,3.25,3.01
148.92602920532227,30,0.0,39.8,34.63,33.53,,33.53,30.0,3.48,3.25,3.01
149.4234676361084,30,0.0,39.84,34.63,33.56,,33.56,30.0,3.48,3.25,3.01
149.92483711242676,30,0.0,39.84,34.63,33.56,,33.56,30.0,3.48,3.25,3.01
150.42569851875305,30,0.0,39.84,34.67,33.6,,33.6,30.0,3.48,3.26,3.02
150.9369933605194,30,0.0,39.84,34.67,33.6,,33.6,30.0,3.48,3.26,3.02
151.43730235099792,30,0.0,39.84,34.67,33.6,,33.6,30.0,3.48,3.26,3.02
151.93632984161377,30,0.0,39.84,34.67,33.63,,33.63,30.0,3.48,3.26,3.02
152.43361592292786,30,0.0,39.84,34.67,33.63,,33.63,30.0,3.48,3.26,3.02
152.93365597724915,30,0.0,39.84,34.7,33.63,,33.63,30.0,3.48,3.26,3.02
153.4318516254425,30,0.0,39.84,34.7,33.67,,33.67,30.0,3.48,3.26,3.03
153.9455246925354,30,0.0,39.84,34.7,33.67,,33.67,30.0,3.49,3.26,3.03
154.44487476348877,30,0.0,39.89,34.7,33.7,,33.7,30.0,3.49,3.26,3.03
154.94653940200806,30,0.0,39.89,34.73,33.7,,33.7,30.0,3.49,3.26,3.03
155.44884037971497,30,0.0,39.89,34.73,33.7,,33.7,30.0,3.49,3.26,3.03
155.94936871528625,30,0.0,39.89,34.73,33.7,,33.7,30.0,3.49,3.26,3.03
156.44650292396545,30,0.0,39.89,34.76,33.74,,33.74,30.0,3.49,3.27,3.04
156.94755029678345,30,0.0,39.89,34.76,33.74,,33.74,30.0,3.49,3.27,3.04
157.44797444343567,30,0.0,39.89,34.76,33.74,,33.74,30.0,3.49,3.27,3.04
157.94725918769836,30,0.0,39.89,34.8,33.74,,33.74,30.0,3.49,3.27,3.04
158.44563913345337,30,0.0,39.89,34.8,33.74,,33.74,30.0,3.49,3.27,3.04
158.95834493637085,30,0.0,39.89,34.8,33.74,,33.74,30.0,3.49,3.28,3.04
159.45588660240173,30,0.0,39.93,34.83,33.77,,33.77,30.0,3.49,3.28,3.04
159.95442628860474,30,0.0,39.93,34.83,33.77,,33.77,30.0,3.49,3.28,3.04
160.45505332946777,30,0.0,39.93,34.86,33.77,,33.77,30.0,3.49,3.28,3.04
160.9535791873932,30,0.0,39.93,34.86,33.77,,33.77,30.0,3.49,3.28,3.04
161.45521807670593,30,0.0,39.93,34.86,33.81,,33.81,30.0,3.49,3.29,3.04
161.9547848701477,30,0.0,39.93,34.89,33.81,,33.81,30.0,3.49,3.29,3.04
162.4535949230194,30,0.0,39.93,34.89,33.81,,33.81,30.0,3.49,3.29,3.04
162.9682857990265,30,0.0,39.98,34.89,33.81,,33.81,30.0,3.5,3.29,3.04
163.46875858306885,30,0.0,39.98,34.92,33.81,,33.81,30.0,3.5,3.29,3.04
163.96894311904907,30,0.0,39.98,34.92,33.81,,33.81,30.0,3.5,3.29,3.05
164.46999096870422,30,0.0,39.98,34.92,33.84,,33.84,30.0,3.5,3.29,3.05
164.96955466270447,30,0.0,39.98,34.96,33.84,,33.84,30.0,3.5,3.3,3.05
165.4691071510315,30,0.0,39.98,34.96,33.84,,33.84,30.0,3.5,3.3,3.05
165.969055891037,30,0.0,40.02,34.96,33.84,,33.84,30.0,3.5,3.3,3.05
166.46931886672974,30,0.0,40.02,34.99,33.88,,33.88,30.0,3.5,3.3,3.05
166.96709537506104,30,0.0,40.02,34.99,33.88,,33.88,30.0,3.5,3.3,3.05
167.4810299873352,30,0.0,40.02,34.99,33.88,,33.88,30.0,3.5,3.3,3.05
167.9799883365631,30,0.0,40.02,34.99,33.91,,33.91,30.0,3.5,3.3,3.06
168.47767329216003,30,0.0,40.02,34.99,33.91,,33.91,30.0,3.5,3.3,3.06
168.97160863876343,30,0.0,40.02,35.02,33.91,,33.91,30.0,3.5,3.31,3.06
169.47272872924805,30,0.0,40.02,35.02,33.91,,33.91,30.0,3.5,3.31,3.06
169.97321343421936,30,0.0,40.02,35.02,33.94,,33.94,30.0,3.5,3.31,3.06
170.48621320724487,30,0.0,40.02,35.02,33.94,,33.94,30.0,3.5,3.31,3.06
170.9844422340393,30,0.0,40.07,35.02,33.98,,33.98,30.0,3.51,3.31,3.06
171.4838855266571,30,0.0,40.02,35.05,33.98,,33.98,30.0,3.51,3.31,3.07
171.99609422683716,30,0.0,40.07,35.05,33.98,,33.98,30.0,3.51,3.31,3.07
172.48170685768127,30,0.0,40.07,35.05,34.01,,34.01,30.0,3.51,3.31,3.07
172.99403285980225,30,0.0,40.07,35.05,34.01,,34.01,30.0,3.51,3.31,3.07
173.49166107177734,30,0.0,40.07,35.05,34.01,,34.01,30.0,3.51,3.31,3.07
173.9904317855835,30,0.0,40.07,35.05,34.05,,34.05,30.0,3.51,3.31,3.08
174.48946952819824,30,0.0,40.07,35.05,34.05,,34.05,30.0,3.51,3.31,3.08
174.98728704452515,30,0.0,40.07,35.05,34.05,,34.05,30.0,3.51,3.31,3.08
175.48944187164307,30,0.0,40.11,35.09,34.08,,34.08,30.0,3.51,3.31,3.08
175.99047803878784,30,0.0,40.11,35.05,34.08,,34.08,30.0,3.51,3.32,3.08
176.5047585964203,30,0.0,40.07,35.09,34.08,,34.08,30.0,3.51,3.32,3.08
177.00477981567383,30,0.0,40.07,35.09,34.12,,34.12,30.0,3.51,3.32,3.09
177.50140929222107,30,0.0,40.11,35.09,34.12,,34.12,30.0,3.51,3.32,3.09
177.99903988838196,30,0.0,40.11,35.12,34.12,,34.12,30.0,3.51,3.32,3.09
178.49705457687378,30,0.0,40.11,35.12,34.15,,34.15,30.0,3.51,3.32,3.09
179.0112805366516,30,0.0,40.11,35.12,34.15,,34.15,30.0,3.51,3.32,3.09
179.50790977478027,30,0.0,40.11,35.12,34.15,,34.15,30.0,3.51,3.32,3.09
180.00720071792603,30,0.0,40.15,35.12,34.19,,34.19,30.0,3.52,3.32,3.1
180.50885486602783,30,0.0,40.15,35.12,34.19,,34.19,30.0,3.52,3.32,3.1
181.0045669078827,30,0.0,40.15,35.15,34.19,,34.19,30.0,3.52,3.33,3.1
181.519296169281,30,0.0,40.15,35.15,34.19,,34.19,30.0,3.52,3.33,3.1
182.00750613212585,30,0.0,40.15,35.15,34.22,,34.22,30.0,3.52,3.33,3.1
182.5099105834961,30,0.0,40.15,35.15,34.22,,34.22,30.0,3.52,3.33,3.1
183.00955748558044,30,0.0,40.15,35.18,34.22,,34.22,30.0,3.52,3.33,3.1
183.51261568069458,30,0.0,40.15,35.18,34.22,,34.22,30.0,3.52,3.33,3.1
184.01109075546265,30,0.0,40.15,35.18,34.26,,34.26,30.0,3.52,3.33,3.11
184.52694058418274,30,0.0,40.15,35.18,34.26,,34.26,30.0,3.52,3.33,3.11
185.02258825302124,30,0.0,40.2,35.18,34.26,,34.26,30.0,3.52,3.33,3.11
185.5224792957306,30,0.0,40.2,35.21,34.26,,34.26,30.0,3.52,3.34,3.11
186.0206422805786,30,0.0,40.2,35.21,34.26,,34.26,30.0,3.52,3.34,3.11
186.52011132240295,30,0.0,40.2,35.21,34.26,,34.26,30.0,3.52,3.34,3.11
187.02044582366943,30,0.0,40.2,35.21,34.26,,34.26,30.0,3.52,3.34,3.11
187.5211319923401,30,0.0,40.2,35.21,34.26,,34.26,30.0,3.52,3.34,3.11
188.0349464416504,30,0.0,40.2,35.21,34.29,,34.29,30.0,3.52,3.34,3.11
188.53650879859924,30,0.0,40.24,35.25,34.29,,34.29,30.0,3.53,3.34,3.11
189.03357076644897,30,0.0,40.24,35.25,34.29,,34.29,30.0,3.53,3.34,3.11
189.5319471359253,30,0.0,40.24,35.25,34.29,,34.29,30.0,3.53,3.34,3.11
190.03333377838135,30,0.0,40.24,35.25,34.29,,34.29,30.0,3.53,3.35,3.11
190.53473377227783,30,0.0,40.24,35.28,34.33,,34.33,30.0,3.53,3.35,3.12
191.03505301475525,30,0.0,40.24,35.28,34.33,,34.33,30.0,3.53,3.35,3.12
191.53197813034058,30,0.0,40.24,35.28,34.33,,34.33,30.0,3.53,3.35,3.12
192.03357100486755,30,0.0,40.29,35.31,34.33,,34.33,30.0,3.53,3.35,3.12
192.53525471687317,30,0.0,40.29,35.31,34.36,,34.36,30.0,3.53,3.35,3.12
193.03834700584412,30,0.0,40.29,35.31,34.36,,34.36,30.0,3.53,3.35,3.12
193.55125451087952,30,0.0,40.29,35.34,34.36,,34.36,30.0,3.53,3.36,3.13
194.05295729637146,30,0.0,40.29,35.34,34.4,,34.4,30.0,3.53,3.36,3.13
194.55052757263184,30,0.0,40.29,35.34,34.4,,34.4,30.0,3.54,3.36,3.13
195.05062913894653,30,0.0,40.33,35.34,34.4,,34.4,30.0,3.54,3.36,3.13
195.54926419258118,30,0.0,40.33,35.38,34.4,,34.4,30.0,3.54,3.36,3.13
196.048823595047,30,0.0,40.33,35.38,34.4,,34.4,30.0,3.54,3.36,3.13
196.55110239982605,30,0.0,40.33,35.38,34.4,,34.4,30.0,3.54,3.36,3.13
197.04676032066345,30,0.0,40.33,35.41,34.43,,34.43,30.0,3.54,3.37,3.13
197.5611445903778,30,0.0,40.33,35.41,34.43,,34.43,30.0,3.54,3.37,3.13
198.05828070640564,30,0.0,40.38,35.41,34.43,,34.43,30.0,3.54,3.37,3.13
198.55715131759644,30,0.0,40.38,35.41,34.43,,34.43,30.0,3.54,3.37,3.13
199.05886101722717,30,0.0,40.38,35.41,34.43,,34.43,30.0,3.54,3.37,3.14
199.5567491054535,30,0.0,40.38,35.44,34.46,,34.46,30.0,3.54,3.37,3.14
200.05513048171997,30,0.0,40.38,35.44,34.46,,34.46,30.0,3.54,3.37,3.14
200.55429005622864,30,0.0,40.38,35.44,34.46,,34.46,30.0,3.54,3.37,3.14
201.05697965621948,30,0.0,40.38,35.44,34.46,,34.46,30.0,3.54,3.37,3.14
201.57158088684082,30,0.0,40.38,35.47,34.46,,34.46,30.0,3.54,3.38,3.14
202.0718023777008,30,0.0,40.38,35.47,34.46,,34.46,30.0,3.54,3.38,3.14
202.5662522315979,30,0.0,40.38,35.47,34.46,,34.46,30.0,3.54,3.38,3.14
203.0994589328766,30,0.0,40.38,35.47,34.5,,34.5,30.0,3.54,3.38,3.14
203.5688967704773,30,0.0,40.38,35.47,34.5,,34.5,30.0,3.54,3.38,3.14
204.0672676563263,30,0.0,40.38,35.47,34.5,,34.5,30.0,3.54,3.38,3.14
204.5671889781952,30,0.0,40.38,35.47,34.5,,34.5,30.0,3.54,3.38,3.14
205.068359375,30,0.0,40.38,35.47,34.5,,34.5,30.0,3.54,3.38,3.14
205.5804717540741,30,0.0,40.42,35.47,34.5,,34.5,30.0,3.55,3.38,3.14
206.07852721214294,30,0.0,40.42,35.47,34.5,,34.5,30.0,3.55,3.38,3.15
206.57981181144714,30,0.0,40.42,35.47,34.5,,34.5,30.0,3.55,3.38,3.14
207.07941007614136,30,0.0,40.42,35.5,34.5,,34.5,30.0,3.55,3.38,3.15
207.58085107803345,30,0.0,40.47,35.5,34.53,,34.53,30.0,3.55,3.38,3.15
208.0763454437256,30,0.0,40.47,35.5,34.53,,34.53,30.0,3.55,3.38,3.15
208.59164762496948,30,0.0,40.47,35.5,34.53,,34.53,30.0,3.55,3.38,3.15
209.08732104301453,30,0.0,40.47,35.5,34.53,,34.53,30.0,3.55,3.38,3.15
209.58616304397583,30,0.0,40.47,35.5,34.53,,34.53,30.0,3.55,3.38,3.15
210.08659386634827,30,0.0,40.51,35.5,34.53,,34.53,30.0,3.55,3.39,3.15
210.586496591568,30,0.0,40.51,35.54,34.53,,34.53,30.0,3.56,3.39,3.15
211.08642077445984,30,0.0,40.51,35.54,34.57,,34.57,30.0,3.56,3.39,3.15
211.5851674079895,30,0.0,40.51,35.54,34.57,,34.57,30.0,3.56,3.39,3.15
212.08817839622498,30,0.0,40.51,35.54,34.57,,34.57,30.0,3.56,3.39,3.15
212.5863721370697,30,0.0,40.51,35.54,34.57,,34.57,30.0,3.56,3.39,3.15
213.10231971740723,30,0.0,40.51,35.57,34.6,,34.6,30.0,3.56,3.39,3.16
213.6005802154541,30,0.0,40.51,35.57,34.6,,34.6,30.0,3.56,3.39,3.16
214.10163760185242,30,0.0,40.51,35.57,34.6,,34.6,30.0,3.56,3.39,3.16
214.5988643169403,30,0.0,40.51,35.57,34.64,,34.64,30.0,3.56,3.39,3.16
215.09966921806335,30,0.0,40.51,35.57,34.64,,34.64,30.0,3.56,3.39,3.16
215.5984287261963,30,0.0,40.56,35.6,34.64,,34.64,30.0,3.56,3.4,3.16
216.10101079940796,30,0.0,40.56,35.6,34.67,,34.67,30.0,3.56,3.4,3.17
216.6000771522522,30,0.0,40.56,35.6,34.67,,34.67,30.0,3.56,3.4,3.17
217.09943914413452,30,0.0,40.56,35.6,34.67,,34.67,30.0,3.56,3.4,3.17
217.61440777778625,30,0.0,40.56,35.6,34.67,,34.67,30.0,3.56,3.4,3.17
218.1106414794922,30,0.0,40.56,35.6,34.67,,34.67,30.0,3.56,3.4,3.17
218.6124222278595,30,0.0,40.56,35.6,34.71,,34.71,30.0,3.56,3.4,3.17
219.1116750240326,30,0.0,40.56,35.6,34.71,,34.71,30.0,3.56,3.4,3.17
219.61097741127014,30,0.0,40.56,35.63,34.71,,34.71,30.0,3.57,3.4,3.17
220.10800886154175,30,0.0,40.6,35.63,34.71,,34.71,30.0,3.57,3.4,3.17
220.62162566184998,30,0.0,40.6,35.63,34.71,,34.71,30.0,3.57,3.4,3.17
221.12332701683044,30,0.0,40.56,35.67,34.71,,34.71,30.0,3.57,3.41,3.18
221.62265300750732,30,0.0,40.56,35.67,34.74,,34.74,30.0,3.57,3.41,3.18
222.11902523040771,30,0.0,40.56,35.67,34.74,,34.74,30.0,3.57,3.41,3.18
222.61820483207703,30,0.0,40.6,35.67,34.78,,34.78,30.0,3.57,3.41,3.18
223.11664819717407,30,0.0,40.6,35.7,34.78,,34.78,30.0,3.57,3.41,3.18
223.6176781654358,30,0.0,40.6,35.7,34.78,,34.78,30.0,3.57,3.41,3.18
224.1319661140442,30,0.0,40.6,35.7,34.78,,34.78,30.0,3.57,3.41,3.18
224.62892889976501,30,0.0,40.6,35.7,34.81,,34.81,30.0,3.57,3.41,3.19
225.12878942489624,30,0.0,40.6,35.73,34.81,,34.81,30.0,3.57,3.42,3.19
225.6290807723999,30,0.0,40.6,35.73,34.81,,34.81,30.0,3.57,3.42,3.19
226.12942624092102,30,0.0,40.65,35.73,34.81,,34.81,30.0,3.57,3.42,3.19
226.63079237937927,30,0.0,40.65,35.73,34.81,,34.81,30.0,3.57,3.42,3.19
227.12717008590698,30,0.0,40.65,35.73,34.81,,34.81,30.0,3.57,3.42,3.19
227.64131379127502,30,0.0,40.65,35.73,34.81,,34.81,30.0,3.57,3.42,3.19
228.14125752449036,30,0.0,40.65,35.76,34.81,,34.81,30.0,3.57,3.42,3.19
228.63769626617432,30,0.0,40.65,35.76,34.85,,34.85,30.0,3.57,3.42,3.19
229.13958764076233,30,0.0,40.65,35.76,34.85,,34.85,30.0,3.57,3.42,3.19
229.6390609741211,30,0.0,40.65,35.76,34.85,,34.85,30.0,3.57,3.42,3.19
230.13418340682983,30,0.0,40.65,35.76,34.85,,34.85,30.0,3.57,3.42,3.19
230.63445234298706,30,0.0,40.65,35.76,34.85,,34.85,30.0,3.57,3.42,3.19
231.14530992507935,30,0.0,40.65,35.76,34.85,,34.85,30.0,3.57,3.42,3.19
231.64732718467712,30,0.0,40.69,35.76,34.88,,34.88,30.0,3.58,3.42,3.2
232.14556980133057,30,0.0,40.69,35.8,34.88,,34.88,30.0,3.58,3.42,3.2
232.64747524261475,30,0.0,40.69,35.76,34.88,,34.88,30.0,3.58,3.42,3.19
233.1479742527008,30,0.0,40.69,35.8,34.85,,34.85,30.0,3.58,3.43,3.19
233.6440784931183,30,0.0,40.69,35.76,34.85,,34.85,30.0,3.58,3.43,3.2
234.15791726112366,30,0.0,40.69,35.76,34.88,,34.88,30.0,3.58,3.43,3.2
234.65676712989807,30,0.0,40.69,35.76,34.88,,34.88,30.0,3.58,3.43,3.2
235.15842962265015,30,0.0,40.74,35.8,34.88,,34.88,30.0,3.58,3.43,3.2
235.65516018867493,30,0.0,40.74,35.8,34.88,,34.88,30.0,3.58,3.43,3.2
236.15588808059692,30,0.0,40.74,35.8,34.88,,34.88,30.0,3.58,3.43,3.2
236.6540343761444,30,0.0,40.74,35.8,34.88,,34.88,30.0,3.58,3.43,3.2
237.15690660476685,30,0.0,40.74,35.8,34.92,,34.92,30.0,3.58,3.43,3.2
237.65511345863342,30,0.0,40.74,35.8,34.92,,34.92,30.0,3.58,3.43,3.2
238.16534233093262,30,0.0,40.74,35.8,34.92,,34.92,30.0,3.58,3.43,3.2
238.6676366329193,30,0.0,40.74,35.83,34.92,,34.92,30.0,3.58,3.43,3.2
239.16417956352234,30,0.0,40.74,35.83,34.92,,34.92,30.0,3.58,3.43,3.2
239.66641688346863,30,0.0,40.74,35.83,34.95,,34.95,30.0,3.58,3.43,3.21
240.16701865196228,30,0.0,40.78,35.83,34.95,,34.95,30.0,3.59,3.43,3.21
240.66603636741638,30,0.0,40.78,35.83,34.95,,34.95,30.0,3.59,3.43,3.21
241.1654670238495,30,0.0,40.78,35.86,34.95,,34.95,30.0,3.59,3.43,3.21
241.66604661941528,30,0.0,40.78,35.86,34.95,,34.95,30.0,3.59,3.43,3.21
242.17906022071838,30,0.0,40.78,35.86,34.95,,34.95,30.0,3.59,3.44,3.21
242.6675934791565,30,0.0,40.83,35.86,34.95,,34.95,30.0,3.59,3.44,3.21
243.18028092384338,30,0.0,40.83,35.86,34.95,,34.95,30.0,3.59,3.44,3.21
243.67666149139404,30,0.0,40.83,35.86,34.99,,34.99,30.0,3.59,3.44,3.21
244.17738366127014,30,0.0,40.83,35.86,34.99,,34.99,30.0,3.59,3.44,3.21
244.6770646572113,30,0.0,40.83,35.86,34.99,,34.99,30.0,3.59,3.44,3.21
245.17933011054993,30,0.0,40.83,35.86,34.99,,34.99,30.0,3.59,3.44,3.21
245.67866563796997,30,0.0,40.83,35.89,34.99,,34.99,30.0,3.6,3.44,3.21
246.17893528938293,30,0.0,40.87,35.89,34.99,,34.99,30.0,3.6,3.44,3.21
246.67999792099,30,0.0,40.87,35.89,35.02,,35.02,30.0,3.6,3.44,3.22
247.19265699386597,30,0.0,40.87,35.89,35.02,,35.02,30.0,3.6,3.44,3.22
247.68899154663086,30,0.0,40.92,35.92,35.02,,35.02,30.0,3.6,3.44,3.22
248.18635296821594,30,0.0,40.92,35.92,35.02,,35.02,30.0,3.6,3.45,3.22
248.68549418449402,30,0.0,40.92,35.92,35.02,,35.02,30.0,3.6,3.45,3.22
249.18556952476501,30,0.0,40.92,35.92,35.02,,35.02,30.0,3.6,3.45,3.22
249.70056462287903,30,0.0,40.92,35.92,35.02,,35.02,30.0,3.6,3.45,3.22
250.19903469085693,30,0.0,40.96,35.92,35.06,,35.06,30.0,3.61,3.45,3.22
250.69688057899475,30,0.0,40.96,35.92,35.06,,35.06,30.0,3.61,3.45,3.22
251.19749212265015,30,0.0,40.96,35.96,35.06,,35.06,30.0,3.61,3.45,3.22
251.69621086120605,30,0.0,40.96,35.96,35.06,,35.06,30.0,3.61,3.45,3.22
252.20619893074036,30,0.0,40.96,35.96,35.06,,35.06,30.0,3.61,3.45,3.22
252.70616269111633,30,0.0,40.96,35.96,35.06,,35.06,30.0,3.61,3.45,3.22
253.20860314369202,30,0.0,40.96,35.96,35.06,,35.06,30.0,3.61,3.45,3.22
253.70644330978394,30,0.0,40.96,35.96,35.09,,35.09,30.0,3.61,3.45,3.23
254.20482754707336,30,0.0,40.96,35.96,35.09,,35.09,30.0,3.61,3.45,3.23
254.70433735847473,30,0.0,40.96,35.96,35.09,,35.09,30.0,3.61,3.45,3.23
255.20137524604797,30,0.0,41.01,35.96,35.09,,35.09,30.0,3.61,3.45,3.23
255.70088505744934,30,0.0,40.96,35.96,35.09,,35.09,30.0,3.61,3.45,3.23
256.21765542030334,30,0.0,40.96,35.96,35.09,,35.09,30.0,3.61,3.45,3.23
256.7155759334564,30,0.0,40.96,35.99,35.09,,35.09,30.0,3.61,3.46,3.23
257.21299624443054,30,0.0,40.96,35.99,35.09,,35.09,30.0,3.61,3.46,3.23
257.7155086994171,30,0.0,40.96,35.99,35.09,,35.09,30.0,3.61,3.46,3.23
258.2115318775177,30,0.0,40.96,35.99,35.09,,35.09,30.0,3.61,3.46,3.23
258.7121670246124,30,0.0,40.96,35.99,35.09,,35.09,30.0,3.61,3.46,3.23
259.21066880226135,30,0.0,40.96,36.02,35.09,,35.09,30.0,3.61,3.46,3.23
259.7123136520386,30,0.0,40.96,36.02,35.09,,35.09,30.0,3.61,3.46,3.23
260.22690629959106,30,0.0,40.96,36.02,35.12,,35.12,30.0,3.61,3.46,3.23
260.7254238128662,30,0.0,40.96,36.02,35.12,,35.12,30.0,3.61,3.46,3.23
261.22369861602783,30,0.0,40.96,36.02,35.12,,35.12,30.0,3.61,3.46,3.23
261.7203092575073,30,0.0,40.96,36.02,35.12,,35.12,30.0,3.61,3.46,3.23
262.21948075294495,30,0.0,40.96,36.02,35.12,,35.12,30.0,3.61,3.46,3.23
262.73024320602417,30,0.0,40.96,36.02,35.12,,35.12,30.0,3.61,3.46,3.23
263.2283625602722,30,0.0,40.96,36.02,35.12,,35.12,30.0,3.61,3.46,3.24
263.7273750305176,30,0.0,40.96,36.02,35.16,,35.16,30.0,3.61,3.46,3.24
264.22526931762695,30,0.0,40.96,36.02,35.16,,35.16,30.0,3.61,3.46,3.24
264.7266802787781,30,0.0,40.96,36.02,35.16,,35.16,30.0,3.61,3.46,3.24
265.2412028312683,30,0.0,40.96,36.02,35.16,,35.16,30.0,3.61,3.46,3.24
265.7405209541321,30,0.0,40.96,36.02,35.16,,35.16,30.0,3.61,3.46,3.24
266.2368655204773,30,0.0,40.96,36.02,35.16,,35.16,30.0,3.61,3.46,3.24
266.73623275756836,30,0.0,40.96,36.02,35.16,,35.16,30.0,3.61,3.46,3.24
267.23484778404236,30,0.0,40.96,36.02,35.16,,35.16,30.0,3.61,3.46,3.24
267.73679661750793,30,0.0,40.96,36.02,35.16,,35.16,30.0,3.61,3.46,3.24
268.2358911037445,30,0.0,40.96,36.02,35.19,,35.19,30.0,3.61,3.46,3.24
268.7520806789398,30,0.0,40.96,36.02,35.19,,35.19,30.0,3.61,3.47,3.24
269.25063371658325,30,0.0,40.96,36.02,35.19,,35.19,30.0,3.61,3.47,3.24
269.74789094924927,30,0.0,40.96,36.02,35.19,,35.19,30.0,3.61,3.47,3.24
270.24670028686523,30,0.0,40.96,36.05,35.19,,35.19,30.0,3.61,3.47,3.25
270.74784231185913,30,0.0,40.96,36.05,35.23,,35.23,30.0,3.61,3.46,3.25
271.2458300590515,30,0.0,40.96,36.05,35.23,,35.23,30.0,3.61,3.47,3.25
271.7459969520569,30,0.0,40.96,36.05,35.23,,35.23,30.0,3.61,3.47,3.25
272.245929479599,30,0.0,40.96,36.05,35.23,,35.23,30.0,3.61,3.47,3.25
272.74662232398987,30,0.0,40.96,36.05,35.23,,35.23,30.0,3.61,3.47,3.25
273.26223587989807,30,0.0,40.96,36.05,35.23,,35.23,30.0,3.61,3.47,3.25
273.76006507873535,30,0.0,40.96,36.05,35.23,,35.23,30.0,3.61,3.47,3.25
274.2574050426483,30,0.0,41.01,36.05,35.23,,35.23,30.0,3.61,3.47,3.25
274.76124024391174,30,0.0,41.01,36.05,35.23,,35.23,30.0,3.61,3.47,3.25
275.2541344165802,30,0.0,41.01,36.05,35.23,,35.23,30.0,3.61,3.47,3.25
275.75510263442993,30,0.0,41.01,36.05,35.23,,35.23,30.0,3.61,3.47,3.25
276.2586832046509,30,0.0,41.01,36.09,35.26,,35.26,30.0,3.61,3.47,3.25
276.76840138435364,30,0.0,41.01,36.09,35.26,,35.26,30.0,3.61,3.47,3.25
277.2657279968262,30,0.0,41.01,36.09,35.26,,35.26,30.0,3.61,3.47,3.25
277.7684438228607,30,0.0,41.01,36.09,35.26,,35.26,30.0,3.61,3.47,3.25
278.26547622680664,30,0.0,41.01,36.09,35.26,,35.26,30.0,3.61,3.47,3.25
278.76675486564636,30,0.0,41.01,36.09,35.26,,35.26,30.0,3.61,3.47,3.25
279.2680072784424,30,0.0,41.01,36.09,35.26,,35.26,30.0,3.61,3.47,3.25
279.7666347026825,30,0.0,41.01,36.09,35.26,,35.26,30.0,3.61,3.47,3.25
280.2678415775299,30,0.0,41.01,36.09,35.3,,35.3,30.0,3.61,3.47,3.26
280.77965259552,30,0.0,41.01,36.09,35.3,,35.3,30.0,3.62,3.47,3.26
281.2825198173523,30,0.0,41.01,36.09,35.3,,35.3,30.0,3.62,3.47,3.26
281.78206157684326,30,0.0,41.01,36.09,35.3,,35.3,30.0,3.62,3.47,3.26
282.2820837497711,30,0.0,41.05,36.12,35.3,,35.3,30.0,3.62,3.47,3.26
282.7799253463745,30,0.0,41.05,36.12,35.3,,35.3,30.0,3.62,3.48,3.26
283.27994751930237,30,0.0,41.05,36.12,35.33,,35.33,30.0,3.62,3.48,3.26
283.7850444316864,30,0.0,41.05,36.12,35.33,,35.33,30.0,3.62,3.48,3.26
284.2819228172302,30,0.0,41.05,36.12,35.33,,35.33,30.0,3.62,3.48,3.26
284.78094506263733,30,0.0,41.05,36.15,35.33,,35.33,30.0,3.62,3.48,3.26
285.2926905155182,30,0.0,41.05,36.15,35.33,,35.33,30.0,3.62,3.48,3.26
285.79214906692505,30,0.0,41.05,36.15,35.33,,35.33,30.0,3.62,3.48,3.26
286.2881634235382,30,0.0,41.05,36.15,35.33,,35.33,30.0,3.62,3.48,3.26
286.7904281616211,30,0.0,41.05,36.18,35.33,,35.33,30.0,3.62,3.48,3.26
287.291615486145,30,0.0,41.05,36.18,35.33,,35.33,30.0,3.62,3.48,3.26
287.78657364845276,30,0.0,41.05,36.18,35.33,,35.33,30.0,3.62,3.48,3.26
288.300724029541,30,0.0,41.05,36.18,35.33,,35.33,30.0,3.62,3.48,3.26
288.8018424510956,30,0.0,41.05,36.18,35.33,,35.33,30.0,3.62,3.48,3.26
289.30417013168335,30,0.0,41.05,36.22,35.33,,35.33,30.0,3.62,3.49,3.26
289.8049898147583,30,0.0,41.05,36.22,35.37,,35.37,30.0,3.62,3.49,3.26
290.30597949028015,30,0.0,41.05,36.22,35.37,,35.37,30.0,3.62,3.49,3.26
290.80674386024475,30,0.0,41.05,36.22,35.37,,35.37,30.0,3.62,3.49,3.26
291.3070418834686,30,0.0,41.05,36.22,35.37,,35.37,30.0,3.62,3.49,3.26
291.8051505088806,30,0.0,41.05,36.22,35.37,,35.37,30.0,3.62,3.49,3.26
292.3055100440979,30,0.0,41.05,36.22,35.4,,35.4,30.0,3.62,3.49,3.26
292.80396938323975,30,0.0,41.05,36.22,35.37,,35.37,30.0,3.62,3.49,3.26
293.3029429912567,30,0.0,41.09,36.22,35.37,,35.37,30.0,3.62,3.49,3.26
293.8162829875946,30,0.0,41.09,36.22,35.37,,35.37,30.0,3.62,3.49,3.26
294.3323178291321,30,0.0,41.09,36.22,35.37,,35.37,30.0,3.62,3.49,3.26
294.81649684906006,30,0.0,41.09,36.22,35.37,,35.37,30.0,3.62,3.49,3.26
295.31294322013855,30,0.0,41.09,36.22,35.37,,35.37,30.0,3.62,3.49,3.26
295.8106551170349,30,0.0,41.09,36.22,35.37,,35.37,30.0,3.62,3.49,3.26
296.3108825683594,30,0.0,41.09,36.22,35.37,,35.37,30.0,3.62,3.49,3.26
296.81118154525757,30,0.0,41.09,36.22,35.37,,35.37,30.0,3.62,3.49,3.26
297.3212454319,30,0.0,41.09,36.22,35.37,,35.37,30.0,3.62,3.49,3.26
297.8224320411682,30,0.0,41.14,36.22,35.37,,35.37,30.0,3.62,3.49,3.26
298.320912361145,30,0.0,41.09,36.22,35.37,,35.37,30.0,3.63,3.49,3.26
298.8188018798828,30,0.0,41.14,36.22,35.4,,35.4,30.0,3.62,3.49,3.27
299.3301649093628,30,0.0,41.14,36.25,35.4,,35.4,30.0,3.63,3.49,3.27
299.8274199962616,30,0.0,41.14,36.25,35.4,,35.4,30.0,3.63,3.49,3.27
300.3309020996094,30,0.0,41.14,36.25,35.4,,35.4,30.0,3.63,3.49,3.27
300.83210158348083,30,0.0,41.14,36.25,35.4,,35.4,30.0,3.63,3.49,3.27
301.32984161376953,30,0.0,41.14,36.25,35.4,,35.4,30.0,3.63,3.49,3.27
301.82762145996094,30,0.0,41.14,36.25,35.4,,35.4,30.0,3.63,3.49,3.27
302.3269693851471,30,0.0,41.18,36.25,35.4,,35.4,30.0,3.63,3.49,3.27
302.8275775909424,30,0.0,41.14,36.25,35.4,,35.4,30.0,3.63,3.49,3.27
303.32952857017517,30,0.0,41.18,36.25,35.4,,35.4,30.0,3.63,3.49,3.27
303.82899928092957,30,0.0,41.18,36.25,35.4,,35.4,30.0,3.63,3.49,3.27
304.3430736064911,30,0.0,41.18,36.25,35.44,,35.44,30.0,3.63,3.49,3.27
304.8398380279541,30,0.0,41.18,36.25,35.44,,35.44,30.0,3.63,3.49,3.27
305.3387999534607,30,0.0,41.18,36.25,35.44,,35.44,30.0,3.63,3.5,3.27
305.84038281440735,30,0.0,41.18,36.25,35.44,,35.44,30.0,3.63,3.49,3.27
306.3495464324951,30,0.0,41.18,36.25,35.44,,35.44,30.0,3.63,3.49,3.27
306.8473777770996,30,0.0,41.18,36.28,35.44,,35.44,30.0,3.63,3.5,3.27
307.3442437648773,30,0.0,41.18,36.28,35.44,,35.44,30.0,3.63,3.5,3.27
307.84187173843384,30,0.0,41.18,36.28,35.44,,35.44,30.0,3.63,3.5,3.27
308.3533809185028,30,0.0,41.18,36.28,35.44,,35.44,30.0,3.63,3.5,3.27
308.85223054885864,30,0.0,41.18,36.31,35.44,,35.44,30.0,3.63,3.5,3.27
309.3495681285858,30,0.0,41.18,36.28,35.44,,35.44,30.0,3.63,3.5,3.27
309.85164046287537,30,0.0,41.18,36.31,35.44,,35.44,30.0,3.64,3.5,3.27
310.34880113601685,30,0.0,41.18,36.31,35.44,,35.44,30.0,3.64,3.5,3.27
310.8476972579956,30,0.0,41.18,36.31,35.44,,35.44,30.0,3.64,3.5,3.27
311.3612024784088,30,0.0,41.18,36.31,35.44,,35.44,30.0,3.63,3.5,3.27
311.85669136047363,30,0.0,41.18,36.31,35.44,,35.44,30.0,3.64,3.5,3.27
312.3553578853607,30,0.0,41.18,36.28,35.44,,35.44,30.0,3.64,3.5,3.27
312.8543472290039,30,0.0,41.23,36.28,35.44,,35.44,30.0,3.64,3.5,3.28
313.3546886444092,30,0.0,41.18,36.28,35.47,,35.47,30.0,3.63,3.5,3.28
313.8696415424347,30,0.0,41.23,36.28,35.47,,35.47,30.0,3.64,3.5,3.28
314.37060952186584,30,0.0,41.23,36.28,35.44,,35.44,30.0,3.64,3.5,3.28
314.8642144203186,30,0.0,41.23,36.28,35.47,,35.47,30.0,3.64,3.5,3.27
315.3646967411041,30,0.0,41.23,36.28,35.44,,35.44,30.0,3.64,3.5,3.27
315.86295461654663,30,0.0,41.23,36.28,35.44,,35.44,30.0,3.64,3.5,3.28
316.37799191474915,30,0.0,41.23,36.28,35.44,,35.44,30.0,3.64,3.5,3.28
316.8756196498871,30,0.0,41.23,36.28,35.44,,35.44,30.0,3.64,3.5,3.27
317.37726497650146,30,0.0,41.23,36.28,35.44,,35.44,30.0,3.64,3.5,3.28
317.8767673969269,30,0.0,41.23,36.28,35.44,,35.44,30.0,3.64,3.5,3.27
318.37535071372986,30,0.0,41.23,36.28,35.44,,35.44,30.0,3.64,3.5,3.28
318.8742892742157,30,0.0,41.23,36.31,35.47,,35.47,30.0,3.64,3.5,3.28
319.37246012687683,30,0.0,41.23,36.31,35.44,,35.44,30.0,3.64,3.5,3.28
319.87272334098816,30,0.0,41.23,36.28,35.47,,35.47,30.0,3.64,3.5,3.28
320.38643527030945,30,0.0,41.23,36.31,35.47,,35.47,30.0,3.64,3.5,3.28
320.88463521003723,30,0.0,41.23,36.31,35.47,,35.47,30.0,3.64,3.5,3.28
321.3849129676819,30,0.0,41.23,36.31,35.47,,35.47,30.0,3.64,3.5,3.28
321.8847198486328,30,0.0,41.27,36.31,35.47,,35.47,30.0,3.64,3.5,3.28
322.38183522224426,30,0.0,41.27,36.31,35.47,,35.47,30.0,3.64,3.5,3.28
322.8795702457428,30,0.0,41.27,36.31,35.47,,35.47,30.0,3.64,3.5,3.28
323.39261531829834,30,0.0,41.27,36.31,35.47,,35.47,30.0,3.64,3.5,3.28
323.90316891670227,30,0.0,41.27,36.31,35.47,,35.47,30.0,3.64,3.5,3.28
324.39769101142883,30,0.0,41.27,36.31,35.47,,35.47,30.0,3.64,3.5,3.28
324.89712715148926,30,0.0,41.27,36.31,35.47,,35.47,30.0,3.64,3.5,3.28
325.3994562625885,30,0.0,41.27,36.34,35.51,,35.51,30.0,3.64,3.5,3.28
325.8988015651703,30,0.0,41.27,36.34,35.51,,35.51,30.0,3.64,3.51,3.28
326.397732257843,30,0.0,41.27,36.34,35.51,,35.51,30.0,3.64,3.51,3.28
326.89318919181824,30,0.0,41.27,36.34,35.51,,35.51,30.0,3.64,3.51,3.28
327.39270281791687,30,0.0,41.27,36.34,35.51,,35.51,30.0,3.64,3.51,3.28
327.9076361656189,30,0.0,41.27,36.34,35.47,,35.47,30.0,3.64,3.51,3.28
328.4073097705841,30,0.0,41.27,36.34,35.51,,35.51,30.0,3.64,3.51,3.28
328.90774869918823,30,0.0,41.27,36.34,35.51,,35.51,30.0,3.64,3.51,3.28
329.40536308288574,30,0.0,41.27,36.34,35.51,,35.51,30.0,3.64,3.51,3.28
329.90296816825867,30,0.0,41.27,36.34,35.51,,35.51,30.0,3.64,3.51,3.28
330.4041805267334,30,0.0,41.27,36.34,35.51,,35.51,30.0,3.64,3.51,3.28
330.9041121006012,30,0.0,41.27,36.34,35.51,,35.51,30.0,3.64,3.51,3.28
331.4139754772186,30,0.0,41.27,36.34,35.51,,35.51,30.0,3.64,3.51,3.28
331.9135653972626,30,0.0,41.27,36.34,35.51,,35.51,30.0,3.64,3.51,3.28
332.4123783111572,30,0.0,41.27,36.34,35.51,,35.51,30.0,3.64,3.51,3.28
332.9133644104004,30,0.0,41.27,36.34,35.51,,35.51,30.0,3.64,3.51,3.28
333.41294264793396,30,0.0,41.27,36.34,35.51,,35.51,30.0,3.64,3.51,3.28
333.91099739074707,30,0.0,41.27,36.34,35.51,,35.51,30.0,3.64,3.51,3.28
334.4107985496521,30,0.0,41.32,36.34,35.51,,35.51,30.0,3.64,3.51,3.28
334.9240233898163,30,0.0,41.32,36.34,35.51,,35.51,30.0,3.65,3.51,3.28
335.4238452911377,30,0.0,41.32,36.34,35.51,,35.51,30.0,3.65,3.51,3.29
335.9219710826874,30,0.0,41.32,36.34,35.51,,35.51,30.0,3.65,3.51,3.28
336.42203736305237,30,0.0,41.32,36.34,35.54,,35.54,30.0,3.65,3.51,3.29
336.91889238357544,30,0.0,41.32,36.34,35.51,,35.51,30.0,3.65,3.51,3.29
337.43276023864746,30,0.0,41.32,36.34,35.51,,35.51,30.0,3.65,3.51,3.29
337.9209771156311,30,0.0,41.32,36.34,35.54,,35.54,30.0,3.65,3.51,3.28
338.4226727485657,30,0.0,41.32,36.34,35.54,,35.54,30.0,3.65,3.51,3.29
338.92508482933044,30,0.0,41.32,36.34,35.54,,35.54,30.0,3.65,3.51,3.29
339.42393159866333,30,0.0,41.32,36.34,35.54,,35.54,30.0,3.65,3.51,3.29
339.9391622543335,30,0.0,41.32,36.38,35.54,,35.54,30.0,3.65,3.51,3.29
340.4418215751648,30,0.0,41.32,36.38,35.54,,35.54,30.0,3.65,3.51,3.29
340.93800473213196,30,0.0,41.32,36.38,35.54,,35.54,30.0,3.65,3.51,3.29
341.43714118003845,30,0.0,41.32,36.38,35.54,,35.54,30.0,3.65,3.51,3.29
341.9357371330261,30,0.0,41.32,36.38,35.54,,35.54,30.0,3.65,3.51,3.29
342.43437576293945,30,0.0,41.32,36.38,35.54,,35.54,30.0,3.65,3.51,3.29
342.9468774795532,30,0.0,41.36,36.41,35.54,,35.54,30.0,3.65,3.52,3.29
343.4442822933197,30,0.0,41.36,36.41,35.58,,35.58,30.0,3.65,3.52,3.29
343.94798707962036,30,0.0,41.36,36.41,35.58,,35.58,30.0,3.65,3.52,3.29
344.44726061820984,30,0.0,41.36,36.41,35.58,,35.58,30.0,3.65,3.52,3.29
344.9446656703949,30,0.0,41.36,36.41,35.58,,35.58,30.0,3.65,3.52,3.29
345.4436066150665,30,0.0,41.36,36.41,35.58,,35.58,30.0,3.65,3.52,3.29
345.94052267074585,30,0.0,41.36,36.41,35.58,,35.58,30.0,3.65,3.52,3.29
346.44262647628784,30,0.0,41.36,36.41,35.58,,35.58,30.0,3.65,3.52,3.29
346.954363822937,30,0.0,41.36,36.41,35.58,,35.58,30.0,3.65,3.52,3.29
347.45320773124695,30,0.0,41.36,36.41,35.58,,35.58,30.0,3.65,3.52,3.29
347.9513394832611,30,0.0,41.32,36.41,35.58,,35.58,30.0,3.65,3.52,3.29
348.4508557319641,30,0.0,41.36,36.41,35.58,,35.58,30.0,3.65,3.52,3.3
348.949875831604,30,0.0,41.36,36.41,35.58,,35.58,30.0,3.65,3.52,3.3
349.4629349708557,30,0.0,41.36,36.41,35.61,,35.61,30.0,3.65,3.52,3.3
349.96000838279724,30,0.0,41.36,36.41,35.61,,35.61,30.0,3.65,3.52,3.3
350.45957231521606,30,0.0,41.36,36.41,35.61,,35.61,30.0,3.65,3.52,3.3
350.95983242988586,30,0.0,41.36,36.41,35.61,,35.61,30.0,3.65,3.52,3.3
351.45935916900635,30,0.0,41.36,36.41,35.61,,35.61,30.0,3.65,3.52,3.3
351.95697379112244,30,0.0,41.36,36.44,35.61,,35.61,30.0,3.65,3.52,3.3
352.4719834327698,30,0.0,41.36,36.44,35.61,,35.61,30.0,3.65,3.52,3.3
352.96815824508667,30,0.0,41.36,36.44,35.61,,35.61,30.0,3.65,3.52,3.3
353.4651367664337,30,0.0,41.36,36.44,35.61,,35.61,30.0,3.65,3.52,3.3
353.96584248542786,30,0.0,41.36,36.44,35.61,,35.61,30.0,3.65,3.52,3.3
354.4650733470917,30,0.0,41.36,36.44,35.61,,35.61,30.0,3.65,3.52,3.3
354.97867465019226,30,0.0,41.36,36.44,35.61,,35.61,30.0,3.65,3.52,3.3
355.474848985672,30,0.0,41.36,36.47,35.61,,35.61,30.0,3.65,3.53,3.3
355.9739589691162,30,0.0,41.36,36.44,35.61,,35.61,30.0,3.66,3.52,3.3
356.47230553627014,30,0.0,41.36,36.47,35.61,,35.61,30.0,3.66,3.53,3.3
356.9712882041931,30,0.0,41.36,36.47,35.61,,35.61,30.0,3.66,3.53,3.3
357.47122406959534,30,0.0,41.41,36.47,35.61,,35.61,30.0,3.66,3.52,3.3
357.9761793613434,30,0.0,41.41,36.47,35.61,,35.61,30.0,3.66,3.53,3.3
358.47933530807495,30,0.0,41.41,36.47,35.61,,35.61,30.0,3.66,3.53,3.3
358.97515845298767,30,0.0,41.41,36.47,35.61,,35.61,30.0,3.66,3.53,3.3
359.489942073822,30,0.0,41.41,36.47,35.61,,35.61,30.0,3.66,3.53,3.3
359.98947954177856,30,0.0,41.41,36.47,35.61,,35.61,30.0,3.66,3.53,3.3
360.4866933822632,30,0.0,41.41,36.47,35.61,,35.61,30.0,3.66,3.53,3.3
360.9843728542328,30,0.0,41.41,36.47,35.61,,35.61,30.0,3.66,3.53,3.3
361.48228573799133,30,0.0,41.41,36.47,35.61,,35.61,30.0,3.66,3.53,3.3
361.9829273223877,30,0.0,41.41,36.51,35.61,,35.61,30.0,3.66,3.53,3.3
362.4993224143982,30,0.0,41.41,36.51,35.65,,35.65,30.0,3.66,3.53,3.3
362.994802236557,30,0.0,41.41,36.51,35.65,,35.65,30.0,3.66,3.53,3.3
363.4938325881958,30,0.0,41.41,36.51,35.65,,35.65,30.0,3.66,3.53,3.3
363.994423866272,30,0.0,41.41,36.51,35.65,,35.65,30.0,3.66,3.53,3.3
364.49512124061584,30,0.0,41.41,36.51,35.65,,35.65,30.0,3.66,3.53,3.3
364.99401926994324,30,0.0,41.41,36.51,35.65,,35.65,30.0,3.66,3.53,3.3
365.4945878982544,30,0.0,41.41,36.51,35.61,,35.61,30.0,3.66,3.53,3.3
366.0061545372009,30,0.0,41.41,36.51,35.65,,35.65,30.0,3.66,3.54,3.3
366.5037124156952,30,0.0,41.41,36.54,35.65,,35.65,30.0,3.66,3.54,3.3
367.0027003288269,30,0.0,41.41,36.54,35.65,,35.65,30.0,3.66,3.54,3.3
367.50266218185425,30,0.0,41.41,36.54,35.65,,35.65,30.0,3.66,3.54,3.3
368.0008873939514,30,0.0,41.41,36.54,35.65,,35.65,30.0,3.66,3.54,3.3
368.50125002861023,30,0.0,41.41,36.54,35.65,,35.65,30.0,3.66,3.54,3.3
369.01552391052246,30,0.0,41.41,36.54,35.65,,35.65,30.0,3.66,3.54,3.3
369.51525807380676,30,0.0,41.41,36.54,35.68,,35.68,30.0,3.66,3.54,3.3
370.0123212337494,30,0.0,41.41,36.57,35.68,,35.68,30.0,3.66,3.54,3.31
370.5119128227234,30,0.0,41.41,36.57,35.68,,35.68,30.0,3.66,3.54,3.31
371.0133969783783,30,0.0,41.41,36.57,35.68,,35.68,30.0,3.66,3.54,3.31
371.5108411312103,30,0.0,41.41,36.57,35.68,,35.68,30.0,3.66,3.54,3.31
372.0231657028198,30,0.0,41.41,36.57,35.68,,35.68,30.0,3.66,3.54,3.31
372.5260498523712,30,0.0,41.41,36.57,35.68,,35.68,30.0,3.66,3.54,3.31
373.02192974090576,30,0.0,41.45,36.57,35.68,,35.68,30.0,3.66,3.54,3.31
373.5195405483246,30,0.0,41.41,36.57,35.72,,35.72,30.0,3.66,3.54,3.31
374.0188624858856,30,0.0,41.41,36.57,35.72,,35.72,30.0,3.66,3.54,3.31
374.517938375473,30,0.0,41.41,36.57,35.72,,35.72,30.0,3.66,3.54,3.31
375.0179674625397,30,0.0,41.45,36.57,35.72,,35.72,30.0,3.66,3.54,3.31
375.5349190235138,30,0.0,41.41,36.57,35.72,,35.72,30.0,3.66,3.54,3.31
376.03240489959717,30,0.0,41.45,36.57,35.72,,35.72,30.0,3.66,3.54,3.31
376.5326204299927,30,0.0,41.45,36.57,35.72,,35.72,30.0,3.66,3.54,3.31
377.0331828594208,30,0.0,41.45,36.57,35.72,,35.72,30.0,3.66,3.54,3.32
377.52920293807983,30,0.0,41.45,36.57,35.72,,35.72,30.0,3.66,3.54,3.32
378.02799558639526,30,0.0,41.45,36.57,35.72,,35.72,30.0,3.66,3.54,3.32
378.52715706825256,30,0.0,41.45,36.57,35.75,,35.75,30.0,3.66,3.54,3.32
379.03912591934204,30,0.0,41.45,36.57,35.72,,35.72,30.0,3.66,3.54,3.32
379.5382580757141,30,0.0,41.45,36.57,35.75,,35.75,30.0,3.66,3.54,3.32
380.0431728363037,30,0.0,41.45,36.57,35.75,,35.75,30.0,3.66,3.54,3.32
380.54217743873596,30,0.0,41.45,36.57,35.75,,35.75,30.0,3.66,3.54,3.32
381.0426342487335,30,0.0,41.45,36.57,35.75,,35.75,30.0,3.66,3.54,3.32
381.5486853122711,30,0.0,41.45,36.57,35.79,,35.79,30.0,3.66,3.54,3.32
382.04523277282715,30,0.0,41.45,36.57,35.79,,35.79,30.0,3.66,3.54,3.32
382.54694986343384,30,0.0,41.45,36.57,35.79,,35.79,30.0,3.66,3.54,3.32
383.0450587272644,30,0.0,41.45,36.6,35.82,,35.82,30.0,3.66,3.55,3.33
383.54350566864014,30,0.0,41.45,36.6,35.82,,35.82,30.0,3.66,3.55,3.33
384.04318141937256,30,0.0,41.45,36.6,35.82,,35.82,30.0,3.66,3.55,3.33
384.54552006721497,30,0.0,41.41,36.6,35.82,,35.82,30.0,3.66,3.55,3.33
385.0460875034332,30,0.0,41.41,36.64,35.82,,35.82,30.0,3.66,3.55,3.33
385.561803817749,30,0.0,41.45,36.64,35.82,,35.82,30.0,3.66,3.55,3.33
386.06104707717896,30,0.0,41.45,36.64,35.82,,35.82,30.0,3.66,3.55,3.33
386.560715675354,30,0.0,41.41,36.64,35.82,,35.82,30.0,3.66,3.55,3.33
387.0591356754303,30,0.0,41.41,36.64,35.82,,35.82,30.0,3.66,3.55,3.33
387.55847930908203,30,0.0,41.45,36.64,35.82,,35.82,30.0,3.66,3.55,3.33
388.05848813056946,30,0.0,41.41,36.64,35.82,,35.82,30.0,3.66,3.55,3.33
388.5569519996643,30,0.0,41.45,36.64,35.82,,35.82,30.0,3.66,3.55,3.33
389.0678746700287,30,0.0,41.41,36.64,35.82,,35.82,30.0,3.66,3.55,3.33
389.5673146247864,30,0.0,41.41,36.64,35.82,,35.82,30.0,3.66,3.55,3.33
390.0632631778717,30,0.0,41.45,36.64,35.82,,35.82,30.0,3.66,3.55,3.33
390.5631425380707,30,0.0,41.45,36.64,35.82,,35.82,30.0,3.66,3.55,3.33
391.06089901924133,30,0.0,41.45,36.64,35.82,,35.82,30.0,3.66,3.55,3.33
391.5766632556915,30,0.0,41.45,36.64,35.82,,35.82,30.0,3.66,3.55,3.33
392.07665848731995,30,0.0,41.45,36.64,35.82,,35.82,30.0,3.66,3.55,3.33
392.57554292678833,30,0.0,41.45,36.64,35.86,,35.86,30.0,3.66,3.55,3.33
393.07562017440796,30,0.0,41.45,36.64,35.86,,35.86,30.0,3.66,3.56,3.33
393.5750250816345,30,0.0,41.45,36.67,35.86,,35.86,30.0,3.66,3.56,3.33
394.07371401786804,30,0.0,41.45,36.67,35.86,,35.86,30.0,3.66,3.56,3.33
394.57072019577026,30,0.0,41.45,36.67,35.86,,35.86,30.0,3.66,3.56,3.33
395.08364629745483,30,0.0,41.45,36.67,35.86,,35.86,30.0,3.66,3.56,3.33
395.57923221588135,30,0.0,41.45,36.67,35.86,,35.86,30.0,3.66,3.56,3.33
396.07708072662354,30,0.0,41.45,36.7,35.86,,35.86,30.0,3.66,3.56,3.33
396.57693219184875,30,0.0,41.45,36.7,35.86,,35.86,30.0,3.66,3.56,3.33
397.08855986595154,30,0.0,41.45,36.7,35.86,,35.86,30.0,3.66,3.56,3.33
397.5884630680084,30,0.0,41.45,36.67,35.89,,35.89,30.0,3.66,3.56,3.34
398.08772373199463,30,0.0,41.45,36.67,35.89,,35.89,30.0,3.66,3.56,3.34
398.58619832992554,30,0.0,41.45,36.67,35.89,,35.89,30.0,3.66,3.56,3.34
399.08642745018005,30,0.0,41.45,36.67,35.89,,35.89,30.0,3.66,3.56,3.34
399.58542943000793,30,0.0,41.45,36.67,35.89,,35.89,30.0,3.66,3.56,3.34
400.08502292633057,30,0.0,41.45,36.7,35.89,,35.89,30.0,3.66,3.56,3.34
400.60085892677307,30,0.0,41.45,36.67,35.89,,35.89,30.0,3.66,3.56,3.34
401.0990357398987,30,0.0,41.45,36.67,35.89,,35.89,30.0,3.66,3.56,3.34
401.598904132843,30,0.0,41.45,36.7,35.89,,35.89,30.0,3.66,3.56,3.34
402.1013271808624,30,0.0,41.45,36.67,35.89,,35.89,30.0,3.66,3.56,3.34
402.59957909584045,30,0.0,41.45,36.67,35.89,,35.89,30.0,3.66,3.56,3.34
403.0990147590637,30,0.0,41.45,36.7,35.89,,35.89,30.0,3.66,3.56,3.34
403.59852051734924,30,0.0,41.45,36.67,35.89,,35.89,30.0,3.66,3.56,3.34
404.09942507743835,30,0.0,41.45,36.7,35.93,,35.93,30.0,3.66,3.56,3.34
404.5970985889435,30,0.0,41.45,36.7,35.93,,35.93,30.0,3.67,3.56,3.34
405.10989236831665,30,0.0,41.5,36.67,35.93,,35.93,30.0,3.67,3.56,3.34
405.60698080062866,30,0.0,41.45,36.67,35.93,,35.93,30.0,3.67,3.56,3.34
406.10480546951294,30,0.0,41.5,36.67,35.89,,35.89,30.0,3.67,3.56,3.34
406.6024842262268,30,0.0,41.5,36.67,35.89,,35.89,30.0,3.67,3.56,3.34
407.1033763885498,30,0.0,41.5,36.7,35.89,,35.89,30.0,3.67,3.56,3.34
407.6170914173126,30,0.0,41.5,36.7,35.89,,35.89,30.0,3.67,3.56,3.34
408.1171147823334,30,0.0,41.5,36.7,35.89,,35.89,30.0,3.67,3.56,3.34
408.61506032943726,30,0.0,41.5,36.7,35.89,,35.89,30.0,3.67,3.56,3.34
409.11536145210266,30,0.0,41.5,36.7,35.89,,35.89,30.0,3.67,3.56,3.34
409.6116752624512,30,0.0,41.5,36.7,35.89,,35.89,30.0,3.67,3.56,3.34
410.1125431060791,30,0.0,41.5,36.7,35.89,,35.89,30.0,3.67,3.56,3.34
410.62601375579834,30,0.0,41.5,36.7,35.89,,35.89,30.0,3.67,3.56,3.34
411.12675738334656,30,0.0,41.5,36.7,35.89,,35.89,30.0,3.67,3.56,3.34
411.62532019615173,30,0.0,41.5,36.7,35.89,,35.89,30.0,3.67,3.56,3.34
412.1258533000946,30,0.0,41.5,36.7,35.89,,35.89,30.0,3.67,3.56,3.34
412.62500286102295,30,0.0,41.5,36.7,35.89,,35.89,30.0,3.67,3.56,3.34
413.12163853645325,30,0.0,41.5,36.73,35.89,,35.89,30.0,3.67,3.57,3.34
413.62664318084717,30,0.0,41.5,36.73,35.89,,35.89,30.0,3.67,3.57,3.34
414.13554644584656,30,0.0,41.5,36.73,35.89,,35.89,30.0,3.67,3.57,3.34
414.63000416755676,30,0.0,41.5,36.73,35.89,,35.89,30.0,3.67,3.57,3.34
415.13324785232544,30,0.0,41.5,36.73,35.93,,35.93,30.0,3.67,3.57,3.34
415.6304576396942,30,0.0,41.5,36.77,35.93,,35.93,30.0,3.67,3.57,3.34
416.1307566165924,30,0.0,41.5,36.73,35.93,,35.93,30.0,3.67,3.57,3.34
416.6287100315094,30,0.0,41.5,36.73,35.93,,35.93,30.0,3.67,3.57,3.34
417.1422350406647,30,0.0,41.54,36.73,35.93,,35.93,30.0,3.67,3.57,3.34
417.6424071788788,30,0.0,41.54,36.73,35.93,,35.93,30.0,3.67,3.57,3.34
418.1379613876343,30,0.0,41.54,36.73,35.93,,35.93,30.0,3.67,3.57,3.34
418.6384344100952,30,0.0,41.5,36.73,35.93,,35.93,30.0,3.67,3.57,3.34
419.13812136650085,30,0.0,41.5,36.73,35.93,,35.93,30.0,3.67,3.57,3.34
419.6368396282196,30,0.0,41.5,36.73,35.93,,35.93,30.0,3.67,3.57,3.34
420.1534695625305,30,0.0,41.5,36.73,35.93,,35.93,30.0,3.67,3.57,3.35
420.6498246192932,30,0.0,41.5,36.73,35.96,,35.96,30.0,3.67,3.57,3.35
421.14717292785645,30,0.0,41.5,36.73,35.96,,35.96,30.0,3.67,3.57,3.35
421.64501667022705,30,0.0,41.5,36.73,35.96,,35.96,30.0,3.67,3.57,3.35
422.15720868110657,30,0.0,41.5,36.73,35.96,,35.96,30.0,3.67,3.57,3.35
422.65904545783997,30,0.0,41.5,36.73,35.96,,35.96,30.0,3.67,3.57,3.35
423.15724897384644,30,0.0,41.5,36.73,35.96,,35.96,30.0,3.67,3.57,3.35
423.65550208091736,30,0.0,41.54,36.73,35.96,,35.96,30.0,3.67,3.57,3.35
424.15530014038086,30,0.0,41.54,36.73,36.0,,36.0,30.0,3.67,3.57,3.35
424.6569106578827,30,0.0,41.5,36.73,36.0,,36.0,30.0,3.67,3.57,3.35
425.16290163993835,30,0.0,41.5,36.73,35.96,,35.96,30.0,3.67,3.57,3.35
425.65343976020813,30,0.0,41.5,36.77,35.96,,35.96,30.0,3.67,3.57,3.35
426.1598892211914,30,0.0,41.5,36.77,36.0,,36.0,30.0,3.67,3.57,3.35
426.6598925590515,30,0.0,41.5,36.77,36.0,,36.0,30.0,3.67,3.57,3.35
427.1565284729004,30,0.0,41.5,36.77,36.0,,36.0,30.0,3.67,3.57,3.35
427.66787981987,30,0.0,41.5,36.77,36.0,,36.0,30.0,3.67,3.57,3.35
428.16537952423096,30,0.0,41.5,36.77,36.0,,36.0,30.0,3.67,3.57,3.35
428.66528844833374,30,0.0,41.54,36.77,35.96,,35.96,30.0,3.67,3.57,3.35
429.16668677330017,30,0.0,41.5,36.77,36.0,,36.0,30.0,3.67,3.57,3.35
429.6661286354065,30,0.0,41.54,36.77,36.0,,36.0,30.0,3.67,3.57,3.35
430.16584277153015,30,0.0,41.54,36.77,36.0,,36.0,30.0,3.67,3.57,3.35
430.6656994819641,30,0.0,41.54,36.8,36.0,,36.0,30.0,3.67,3.58,3.35
431.1673080921173,30,0.0,41.5,36.8,36.0,,36.0,30.0,3.67,3.58,3.35
431.67965292930603,30,0.0,41.5,36.8,36.0,,36.0,30.0,3.67,3.57,3.35
432.18005752563477,30,0.0,41.54,36.8,36.0,,36.0,30.0,3.67,3.58,3.35
432.67710423469543,30,0.0,41.54,36.8,36.0,,36.0,30.0,3.67,3.57,3.35
433.1770555973053,30,0.0,41.54,36.8,36.0,,36.0,30.0,3.67,3.57,3.35
433.676411151886,30,0.0,41.54,36.77,36.0,,36.0,30.0,3.67,3.57,3.35
434.175089597702,30,0.0,41.54,36.77,36.0,,36.0,30.0,3.67,3.57,3.35
434.6881504058838,30,0.0,41.54,36.77,36.0,,36.0,30.0,3.67,3.57,3.35
435.18863558769226,30,0.0,41.54,36.77,36.03,,36.03,30.0,3.67,3.57,3.36
435.6859951019287,30,0.0,41.54,36.77,36.0,,36.0,30.0,3.67,3.57,3.36
436.1837134361267,30,0.0,41.54,36.77,36.0,,36.0,30.0,3.67,3.57,3.36
436.69655203819275,30,0.0,41.54,36.77,36.0,,36.0,30.0,3.67,3.57,3.36
437.18284463882446,30,0.0,41.54,36.77,36.03,,36.03,30.0,3.67,3.57,3.36
437.69629764556885,30,0.0,41.54,36.77,36.03,,36.03,30.0,3.67,3.57,3.36
438.19478011131287,30,0.0,41.54,36.77,36.03,,36.03,30.0,3.67,3.57,3.36
438.6948459148407,30,0.0,41.54,36.77,36.03,,36.03,30.0,3.67,3.57,3.36
439.1969749927521,30,0.0,41.54,36.77,36.03,,36.03,30.0,3.67,3.57,3.36
439.6940829753876,30,0.0,41.54,36.77,36.03,,36.03,30.0,3.67,3.57,3.36
440.19167280197144,30,0.0,41.54,36.77,36.03,,36.03,30.0,3.67,3.57,3.36
440.7041494846344,30,0.0,41.54,36.77,36.03,,36.03,30.0,3.67,3.57,3.36
441.2038526535034,30,0.0,41.54,36.77,36.03,,36.03,30.0,3.67,3.57,3.36
441.70060420036316,30,0.0,41.54,36.77,36.07,,36.07,30.0,3.67,3.57,3.36
442.19755482673645,30,0.0,41.54,36.77,36.07,,36.07,30.0,3.67,3.57,3.36
442.7112617492676,30,0.0,41.54,36.77,36.07,,36.07,30.0,3.67,3.57,3.36
443.20900535583496,30,0.0,41.54,36.77,36.07,,36.07,30.0,3.67,3.57,3.36
443.7095534801483,30,0.0,41.5,36.77,36.07,,36.07,30.0,3.67,3.58,3.36
444.2058470249176,30,0.0,41.54,36.77,36.07,,36.07,30.0,3.67,3.58,3.36
444.705664396286,30,0.0,41.54,36.77,36.03,,36.03,30.0,3.67,3.58,3.36
445.20506286621094,30,0.0,41.54,36.8,36.03,,36.03,30.0,3.67,3.58,3.36
445.7181966304779,30,0.0,41.54,36.8,36.03,,36.03,30.0,3.67,3.57,3.36
446.2185606956482,30,0.0,41.54,36.77,36.03,,36.03,30.0,3.67,3.57,3.36
446.71800780296326,30,0.0,41.54,36.77,36.03,,36.03,30.0,3.67,3.57,3.36
447.21662521362305,30,0.0,41.54,36.77,36.03,,36.03,30.0,3.67,3.57,3.36
447.71675658226013,30,0.0,41.54,36.77,36.03,,36.03,30.0,3.67,3.57,3.36
448.2141001224518,30,0.0,41.54,36.77,36.03,,36.03,30.0,3.67,3.57,3.36
448.7133505344391,30,0.0,41.54,36.77,36.03,,36.03,30.0,3.67,3.57,3.36
449.2270014286041,30,0.0,41.54,36.77,36.03,,36.03,30.0,3.67,3.57,3.36
449.722909450531,30,0.0,41.54,36.77,36.03,,36.03,30.0,3.68,3.57,3.36
450.22366881370544,30,0.0,41.54,36.77,36.03,,36.03,30.0,3.68,3.57,3.36
450.7216737270355,30,0.0,41.54,36.77,36.03,,36.03,30.0,3.68,3.58,3.36
451.22381114959717,30,0.0,41.54,36.8,36.03,,36.03,30.0,3.68,3.57,3.36
451.7238519191742,30,0.0,41.59,36.8,36.03,,36.03,30.0,3.68,3.58,3.36
452.2254068851471,30,0.0,41.59,36.77,36.03,,36.03,30.0,3.68,3.58,3.36
452.73608136177063,30,0.0,41.59,36.77,36.03,,36.03,30.0,3.68,3.58,3.36
453.2349183559418,30,0.0,41.59,36.8,36.0,,36.0,30.0,3.68,3.58,3.36
453.7299237251282,30,0.0,41.59,36.8,36.0,,36.0,30.0,3.68,3.57,3.36
454.2326548099518,30,0.0,41.59,36.8,36.0,,36.0,30.0,3.68,3.58,3.36
454.7327995300293,30,0.0,41.59,36.8,36.0,,36.0,30.0,3.68,3.58,3.36
455.23295044898987,30,0.0,41.59,36.8,36.0,,36.0,30.0,3.68,3.58,3.36
455.74480748176575,30,0.0,41.59,36.8,36.03,,36.03,30.0,3.68,3.58,3.35
456.243803024292,30,0.0,41.59,36.8,36.03,,36.03,30.0,3.68,3.58,3.36
456.7462441921234,30,0.0,41.59,36.8,36.03,,36.03,30.0,3.68,3.58,3.36
457.24817156791687,30,0.0,41.59,36.8,36.03,,36.03,30.0,3.68,3.58,3.36
457.74721932411194,30,0.0,41.59,36.77,36.03,,36.03,30.0,3.68,3.57,3.36
458.2440540790558,30,0.0,41.59,36.77,36.03,,36.03,30.0,3.68,3.57,3.36
458.74427485466003,30,0.0,41.59,36.77,36.03,,36.03,30.0,3.68,3.57,3.36
459.2421803474426,30,0.0,41.59,36.77,36.03,,36.03,30.0,3.68,3.57,3.36
459.75379061698914,30,0.0,41.59,36.77,36.03,,36.03,30.0,3.68,3.57,3.36
460.2520101070404,30,0.0,41.59,36.77,36.07,,36.07,30.0,3.68,3.57,3.36
460.7521982192993,30,0.0,41.59,36.77,36.07,,36.07,30.0,3.68,3.57,3.36
461.2499289512634,30,0.0,41.59,36.77,36.07,,36.07,30.0,3.68,3.57,3.36
461.74973130226135,30,0.0,41.59,36.77,36.07,,36.07,30.0,3.68,3.57,3.36
462.2740089893341,30,0.0,41.59,36.77,36.07,,36.07,30.0,3.68,3.57,3.36
462.76333713531494,30,0.0,41.59,36.77,36.07,,36.07,30.0,3.68,3.57,3.36
463.26396918296814,30,0.0,41.59,36.77,36.07,,36.07,30.0,3.68,3.57,3.36
463.76073956489563,30,0.0,41.59,36.77,36.03,,36.03,30.0,3.68,3.57,3.36
464.2607412338257,30,0.0,41.63,36.77,36.03,,36.03,30.0,3.68,3.57,3.36
464.7573425769806,30,0.0,41.59,36.77,36.03,,36.03,30.0,3.68,3.57,3.36
465.26975321769714,30,0.0,41.59,36.77,36.03,,36.03,30.0,3.68,3.57,3.36
465.76816034317017,30,0.0,41.59,36.77,36.07,,36.07,30.0,3.68,3.57,3.36
466.2650771141052,30,0.0,41.59,36.77,36.07,,36.07,30.0,3.68,3.57,3.36
466.76484656333923,30,0.0,41.63,36.77,36.07,,36.07,30.0,3.68,3.57,3.36
467.27449893951416,30,0.0,41.59,36.77,36.07,,36.07,30.0,3.68,3.57,3.36
467.7760601043701,30,0.0,41.63,36.77,36.07,,36.07,30.0,3.68,3.57,3.36
468.2747416496277,30,0.0,41.63,36.77,36.07,,36.07,30.0,3.68,3.57,3.36
468.774258852005,30,0.0,41.59,36.77,36.07,,36.07,30.0,3.68,3.57,3.36
469.2754154205322,30,0.0,41.59,36.77,36.07,,36.07,30.0,3.68,3.57,3.37
469.7699131965637,30,0.0,41.59,36.77,36.1,,36.1,30.0,3.68,3.57,3.37
470.2710795402527,30,0.0,41.59,36.77,36.1,,36.1,30.0,3.68,3.57,3.37
470.78566455841064,30,0.0,41.59,36.77,36.1,,36.1,30.0,3.68,3.57,3.37
471.2849726676941,30,0.0,41.59,36.77,36.1,,36.1,30.0,3.68,3.57,3.37
471.7867503166199,30,0.0,41.59,36.77,36.1,,36.1,30.0,3.68,3.57,3.37
472.2852199077606,30,0.0,41.59,36.77,36.1,,36.1,30.0,3.68,3.57,3.37
472.7887840270996,30,0.0,41.63,36.77,36.1,,36.1,30.0,3.68,3.57,3.36
473.27971744537354,30,0.0,41.63,36.77,36.07,,36.07,30.0,3.68,3.57,3.36
473.7946226596832,30,0.0,41.63,36.77,36.07,,36.07,30.0,3.68,3.57,3.36
474.2960364818573,30,0.0,41.63,36.77,36.07,,36.07,30.0,3.68,3.57,3.36
474.7950830459595,30,0.0,41.63,36.77,36.07,,36.07,30.0,3.68,3.57,3.36
475.2966227531433,30,0.0,41.63,36.77,36.07,,36.07,30.0,3.68,3.57,3.36
475.79754281044006,30,0.0,41.63,36.77,36.07,,36.07,30.0,3.68,3.57,3.36
476.2983820438385,30,0.0,41.63,36.77,36.07,,36.07,30.0,3.68,3.57,3.37
476.79588651657104,30,0.0,41.63,36.77,36.1,,36.1,30.0,3.68,3.57,3.37
477.2969181537628,30,0.0,41.63,36.77,36.1,,36.1,30.0,3.68,3.57,3.37
477.7962398529053,30,0.0,41.63,36.77,36.1,,36.1,30.0,3.68,3.57,3.37
478.29602813720703,30,0.0,41.63,36.77,36.1,,36.1,30.0,3.68,3.57,3.37
478.7977316379547,30,0.0,41.63,36.77,36.1,,36.1,30.0,3.68,3.57,3.37
479.2987127304077,30,0.0,41.63,36.77,36.1,,36.1,30.0,3.68,3.57,3.37
479.7992088794708,30,0.0,41.63,36.77,36.1,,36.1,30.0,3.68,3.57,3.37
480.3092703819275,30,0.0,41.63,36.77,36.14,,36.14,30.0,3.68,3.57,3.37
480.80956840515137,30,0.0,41.63,36.77,36.1,,36.1,30.0,3.68,3.57,3.37
481.3131968975067,30,0.0,41.63,36.77,36.1,,36.1,30.0,3.68,3.57,3.37
481.805894613266,30,0.0,41.63,36.77,36.1,,36.1,30.0,3.68,3.57,3.37
482.30803513526917,30,0.0,41.63,36.77,36.1,,36.1,30.0,3.68,3.57,3.37
482.80571961402893,30,0.0,41.63,36.8,36.1,,36.1,30.0,3.68,3.58,3.37
483.320170879364,30,0.0,41.63,36.8,36.1,,36.1,30.0,3.68,3.58,3.37
483.81915283203125,30,0.0,41.63,36.8,36.1,,36.1,30.0,3.68,3.58,3.37
484.3179702758789,30,0.0,41.63,36.8,36.1,,36.1,30.0,3.68,3.58,3.37
484.81464314460754,30,0.0,41.63,36.8,36.1,,36.1,30.0,3.68,3.58,3.37
485.31377148628235,30,0.0,41.63,36.8,36.07,,36.07,30.0,3.68,3.58,3.37
485.8174834251404,30,0.0,41.63,36.8,36.07,,36.07,30.0,3.68,3.58,3.36
486.31875252723694,30,0.0,41.63,36.8,36.1,,36.1,30.0,3.68,3.58,3.37
486.8167266845703,30,0.0,41.63,36.8,36.1,,36.1,30.0,3.68,3.58,3.37
487.31751465797424,30,0.0,41.63,36.8,36.1,,36.1,30.0,3.68,3.58,3.36
487.8306438922882,30,0.0,41.63,36.8,36.1,,36.1,30.0,3.68,3.58,3.37
488.3261556625366,30,0.0,41.63,36.8,36.07,,36.07,30.0,3.68,3.58,3.36
488.8259689807892,30,0.0,41.63,36.83,36.07,,36.07,30.0,3.68,3.58,3.36
489.32513785362244,30,0.0,41.63,36.8,36.07,,36.07,30.0,3.68,3.58,3.36
489.82887601852417,30,0.0,41.63,36.8,36.07,,36.07,30.0,3.68,3.58,3.37
490.32505226135254,30,0.0,41.63,36.83,36.07,,36.07,30.0,3.68,3.58,3.36
490.8373785018921,30,0.0,41.63,36.83,36.07,,36.07,30.0,3.68,3.58,3.37
491.33687257766724,30,0.0,41.63,36.83,36.07,,36.07,30.0,3.68,3.58,3.36
491.83469820022583,30,0.0,41.63,36.83,36.07,,36.07,30.0,3.68,3.58,3.36
492.3349950313568,30,0.0,41.63,36.83,36.07,,36.07,30.0,3.68,3.58,3.36
492.8325774669647,30,0.0,41.68,36.83,36.07,,36.07,30.0,3.68,3.58,3.36
493.3442165851593,30,0.0,41.68,36.83,36.07,,36.07,30.0,3.69,3.58,3.36
493.8437509536743,30,0.0,41.68,36.83,36.07,,36.07,30.0,3.69,3.58,3.36
494.3425054550171,30,0.0,41.68,36.83,36.1,,36.1,30.0,3.69,3.58,3.37
494.84407782554626,30,0.0,41.68,36.83,36.1,,36.1,30.0,3.69,3.58,3.37
495.3420112133026,30,0.0,41.68,36.83,36.1,,36.1,30.0,3.69,3.58,3.37
495.84251856803894,30,0.0,41.68,36.83,36.1,,36.1,30.0,3.69,3.58,3.37
496.3419198989868,30,0.0,41.68,36.83,36.14,,36.14,30.0,3.69,3.58,3.37
496.8552896976471,30,0.0,41.68,36.83,36.14,,36.14,30.0,3.69,3.58,3.37
497.35392928123474,30,0.0,41.68,36.83,36.14,,36.14,30.0,3.69,3.58,3.37
497.8494086265564,30,0.0,41.68,36.83,36.14,,36.14,30.0,3.69,3.58,3.37
498.34759163856506,30,0.0,41.68,36.83,36.14,,36.14,30.0,3.69,3.58,3.37
498.8472821712494,30,0.0,41.68,36.83,36.1,,36.1,30.0,3.69,3.58,3.37
499.3484351634979,30,0.0,41.68,36.83,36.14,,36.14,30.0,3.69,3.58,3.37
499.852995634079,30,0.0,41.68,36.83,36.14,,36.14,30.0,3.69,3.58,3.37
500.3511874675751,30,0.0,41.68,36.83,36.14,,36.14,30.0,3.69,3.58,3.37
500.8645107746124,30,0.0,41.68,36.83,36.14,,36.14,30.0,3.69,3.58,3.37
501.36442017555237,30,0.0,41.68,36.83,36.14,,36.14,30.0,3.69,3.58,3.37
501.8650987148285,30,0.0,41.68,36.86,36.14,,36.14,30.0,3.69,3.59,3.37
502.3657298088074,30,0.0,41.68,36.83,36.14,,36.14,30.0,3.69,3.58,3.37
502.863737821579,30,0.0,41.68,36.83,36.14,,36.14,30.0,3.69,3.58,3.37
503.36223125457764,30,0.0,41.68,36.86,36.14,,36.14,30.0,3.69,3.58,3.37
503.86069655418396,30,0.0,41.68,36.86,36.14,,36.14,30.0,3.69,3.59,3.37
504.37507915496826,30,0.0,41.68,36.83,36.14,,36.14,30.0,3.69,3.59,3.37
504.87448716163635,30,0.0,41.68,36.83,36.14,,36.14,30.0,3.69,3.59,3.37
505.36888241767883,30,0.0,41.68,36.83,36.14,,36.14,30.0,3.69,3.59,3.37
505.8697409629822,30,0.0,41.68,36.83,36.14,,36.14,30.0,3.69,3.58,3.37
506.37015867233276,30,0.0,41.68,36.83,36.14,,36.14,30.0,3.69,3.58,3.37
506.88217425346375,30,0.0,41.68,36.83,36.14,,36.14,30.0,3.69,3.58,3.37
507.37987089157104,30,0.0,41.68,36.83,36.14,,36.14,30.0,3.69,3.58,3.37
507.8789517879486,30,0.0,41.68,36.83,36.14,,36.14,30.0,3.69,3.58,3.37
508.37724804878235,30,0.0,41.68,36.83,36.1,,36.1,30.0,3.69,3.58,3.37
508.87308406829834,30,0.0,41.68,36.83,36.1,,36.1,30.0,3.69,3.58,3.37
509.3900947570801,30,0.0,41.68,36.83,36.1,,36.1,30.0,3.69,3.59,3.37
509.88929414749146,30,0.0,41.68,36.83,36.1,,36.1,30.0,3.69,3.58,3.37
510.3865633010864,30,0.0,41.68,36.83,36.1,,36.1,30.0,3.69,3.58,3.37
510.8850498199463,30,0.0,41.68,36.83,36.1,,36.1,30.0,3.69,3.58,3.37
511.3848512172699,30,0.0,41.68,36.83,36.1,,36.1,30.0,3.69,3.58,3.37
511.8821506500244,30,0.0,41.68,36.83,36.1,,36.1,30.0,3.69,3.58,3.37
512.3953189849854,30,0.0,41.68,36.83,36.14,,36.14,30.0,3.69,3.58,3.37
512.8953287601471,30,0.0,41.68,36.83,36.14,,36.14,30.0,3.69,3.58,3.37
513.3927879333496,30,0.0,41.68,36.83,36.14,,36.14,30.0,3.69,3.58,3.37
513.8923790454865,30,0.0,41.68,36.83,36.14,,36.14,30.0,3.69,3.58,3.37
514.3926939964294,30,0.0,41.68,36.83,36.14,,36.14,30.0,3.69,3.58,3.37
514.8940274715424,30,0.0,41.68,36.83,36.14,,36.14,30.0,3.69,3.58,3.37
515.3933165073395,30,0.0,41.68,36.83,36.14,,36.14,30.0,3.69,3.58,3.37
515.8924436569214,30,0.0,41.68,36.83,36.14,,36.14,30.0,3.69,3.58,3.37
516.4061334133148,30,0.0,41.68,36.83,36.14,,36.14,30.0,3.69,3.58,3.37
516.9052636623383,30,0.0,41.68,36.83,36.14,,36.14,30.0,3.69,3.58,3.37
517.4028952121735,30,0.0,41.68,36.83,36.14,,36.14,30.0,3.69,3.58,3.37
517.9009916782379,30,0.0,41.68,36.83,36.14,,36.14,30.0,3.69,3.58,3.37
518.3985276222229,30,0.0,41.68,36.86,36.14,,36.14,30.0,3.69,3.59,3.37
518.9120442867279,30,0.0,41.68,36.86,36.14,,36.14,30.0,3.69,3.59,3.37
519.4104211330414,30,0.0,41.68,36.83,36.14,,36.14,30.0,3.69,3.59,3.37
519.909581899643,30,0.0,41.68,36.83,36.14,,36.14,30.0,3.69,3.59,3.37
520.407972574234,30,0.0,41.68,36.86,36.14,,36.14,30.0,3.69,3.59,3.37
520.9075751304626,30,0.0,41.68,36.86,36.14,,36.14,30.0,3.69,3.59,3.37
521.4205150604248,30,0.0,41.68,36.86,36.14,,36.14,30.0,3.69,3.59,3.37
521.9189386367798,30,0.0,41.68,36.86,36.14,,36.14,30.0,3.69,3.59,3.37
522.4143216609955,30,0.0,41.63,36.86,36.14,,36.14,30.0,3.69,3.59,3.37
522.9165561199188,30,0.0,41.68,36.86,36.14,,36.14,30.0,3.69,3.59,3.37
523.4170088768005,30,0.0,41.68,36.86,36.14,,36.14,30.0,3.69,3.59,3.37
523.9187858104706,30,0.0,41.68,36.86,36.1,,36.1,30.0,3.69,3.59,3.37
524.4167158603668,30,0.0,41.68,36.86,36.1,,36.1,30.0,3.69,3.59,3.37
524.9152426719666,30,0.0,41.68,36.86,36.1,,36.1,30.0,3.69,3.59,3.37
525.431494474411,30,0.0,41.63,36.86,36.1,,36.1,30.0,3.69,3.59,3.37
525.9306361675262,30,0.0,41.63,36.86,36.14,,36.14,30.0,3.69,3.59,3.37
526.4277300834656,30,0.0,41.68,36.86,36.14,,36.14,30.0,3.69,3.59,3.37
526.9267933368683,30,0.0,41.68,36.86,36.14,,36.14,30.0,3.69,3.59,3.37
527.4377114772797,30,0.0,41.68,36.86,36.14,,36.14,30.0,3.69,3.59,3.37
527.923547744751,30,0.0,41.68,36.86,36.14,,36.14,30.0,3.69,3.59,3.37
528.4388628005981,30,0.0,41.68,36.86,36.14,,36.14,30.0,3.69,3.59,3.37
528.942257642746,30,0.0,41.68,36.86,36.14,,36.14,30.0,3.69,3.59,3.37
529.4280831813812,30,0.0,41.68,36.86,36.14,,36.14,30.0,3.69,3.59,3.37
529.9293212890625,30,0.0,41.68,36.86,36.14,,36.14,30.0,3.69,3.59,3.37
530.4348936080933,30,0.0,41.68,36.86,36.14,,36.14,30.0,3.69,3.59,3.38
530.9328980445862,30,0.0,41.68,36.86,36.17,,36.17,30.0,3.69,3.59,3.38
531.4516990184784,30,0.0,41.68,36.86,36.17,,36.17,30.0,3.69,3.59,3.38
531.9452714920044,30,0.0,41.68,36.86,36.17,,36.17,30.0,3.69,3.59,3.38
532.4447093009949,30,0.0,41.68,36.86,36.17,,36.17,30.0,3.69,3.59,3.38
532.9474604129791,30,0.0,41.68,36.86,36.17,,36.17,30.0,3.69,3.59,3.38
533.4455361366272,30,0.0,41.68,36.86,36.17,,36.17,30.0,3.69,3.59,3.38
533.950273513794,30,0.0,41.68,36.9,36.17,,36.17,30.0,3.69,3.59,3.38
534.4529809951782,30,0.0,41.68,36.86,36.17,,36.17,30.0,3.69,3.59,3.38
534.9505665302277,30,0.0,41.68,36.86,36.17,,36.17,30.0,3.69,3.59,3.38
535.448320388794,30,0.0,41.68,36.9,36.17,,36.17,30.0,3.69,3.59,3.38
535.958746433258,30,0.0,41.68,36.9,36.17,,36.17,30.0,3.69,3.59,3.38
536.4573936462402,30,0.0,41.68,36.9,36.14,,36.14,30.0,3.69,3.59,3.38
536.9565756320953,30,0.0,41.63,36.9,36.14,,36.14,30.0,3.69,3.59,3.38
537.4560794830322,30,0.0,41.68,36.9,36.14,,36.14,30.0,3.69,3.59,3.38
537.9537816047668,30,0.0,41.68,36.9,36.17,,36.17,30.0,3.69,3.59,3.38
538.4511539936066,30,0.0,41.68,36.9,36.17,,36.17,30.0,3.69,3.59,3.38
538.966028213501,30,0.0,41.68,36.9,36.17,,36.17,30.0,3.69,3.59,3.38
539.4644622802734,30,0.0,41.68,36.9,36.17,,36.17,30.0,3.69,3.59,3.38
539.9607424736023,30,0.0,41.68,36.9,36.17,,36.17,30.0,3.69,3.59,3.38
540.4646196365356,30,0.0,41.68,36.9,36.17,,36.17,30.0,3.69,3.59,3.38
540.9628102779388,30,0.0,41.68,36.9,36.17,,36.17,30.0,3.69,3.59,3.38
541.4622592926025,30,0.0,41.68,36.9,36.17,,36.17,30.0,3.69,3.59,3.38
541.9643595218658,30,0.0,41.68,36.9,36.14,,36.14,30.0,3.69,3.59,3.38
542.4769864082336,30,0.0,41.68,36.9,36.14,,36.14,30.0,3.69,3.59,3.37
542.9735436439514,30,0.0,41.68,36.9,36.14,,36.14,30.0,3.69,3.59,3.37
543.472954750061,30,0.0,41.68,36.9,36.14,,36.14,30.0,3.69,3.59,3.37
543.9703710079193,30,0.0,41.68,36.9,36.14,,36.14,30.0,3.69,3.59,3.37
544.4675674438477,30,0.0,41.68,36.9,36.14,,36.14,30.0,3.69,3.59,3.37
544.9696431159973,30,0.0,41.68,36.9,36.14,,36.14,30.0,3.69,3.59,3.37
545.4845681190491,30,0.0,41.68,36.9,36.14,,36.14,30.0,3.69,3.59,3.37
545.9865036010742,30,0.0,41.68,36.9,36.14,,36.14,30.0,3.69,3.59,3.37
546.474062204361,30,0.0,41.68,36.9,36.14,,36.14,30.0,3.69,3.59,3.37
546.9885876178741,30,0.0,41.68,36.9,36.14,,36.14,30.0,3.69,3.59,3.37
547.4851896762848,30,0.0,41.68,36.9,36.14,,36.14,30.0,3.69,3.59,3.37
547.9821226596832,30,0.0,41.68,36.9,36.14,,36.14,30.0,3.69,3.59,3.37
548.4789361953735,30,0.0,41.68,36.93,36.17,,36.17,30.0,3.69,3.59,3.38
548.9932591915131,30,0.0,41.68,36.9,36.17,,36.17,30.0,3.69,3.6,3.38
549.4882397651672,30,0.0,41.68,36.93,36.17,,36.17,30.0,3.69,3.6,3.38
549.9855732917786,30,0.0,41.68,36.93,36.21,,36.21,30.0,3.69,3.6,3.38
550.484386920929,30,0.0,41.68,36.93,36.21,,36.21,30.0,3.69,3.6,3.38
550.9986736774445,30,0.0,41.68,36.93,36.21,,36.21,30.0,3.69,3.6,3.38
551.4990041255951,30,0.0,41.68,36.93,36.21,,36.21,30.0,3.69,3.6,3.38
551.9985537528992,30,0.0,41.68,36.93,36.21,,36.21,30.0,3.69,3.6,3.38
552.4982278347015,30,0.0,41.68,36.93,36.21,,36.21,30.0,3.69,3.6,3.39
552.9978768825531,30,0.0,41.72,36.93,36.24,,36.24,30.0,3.69,3.6,3.39
553.4955937862396,30,0.0,41.72,36.93,36.21,,36.21,30.0,3.69,3.6,3.39
553.994980096817,30,0.0,41.72,36.93,36.21,,36.21,30.0,3.69,3.6,3.39
554.4947996139526,30,0.0,41.72,36.93,36.21,,36.21,30.0,3.69,3.6,3.38
555.0067806243896,30,0.0,41.72,36.93,36.21,,36.21,30.0,3.69,3.6,3.38
555.5057356357574,30,0.0,41.72,36.93,36.21,,36.21,30.0,3.69,3.6,3.38
556.0045850276947,30,0.0,41.72,36.93,36.21,,36.21,30.0,3.69,3.6,3.38
556.5052449703217,30,0.0,41.72,36.93,36.21,,36.21,30.0,3.69,3.6,3.38
557.0043640136719,30,0.0,41.72,36.93,36.21,,36.21,30.0,3.69,3.6,3.38
557.5071642398834,30,0.0,41.72,36.93,36.17,,36.17,30.0,3.69,3.6,3.38
558.0050666332245,30,0.0,41.72,36.93,36.17,,36.17,30.0,3.69,3.6,3.38
558.5190057754517,30,0.0,41.72,36.93,36.17,,36.17,30.0,3.69,3.6,3.38
559.0176155567169,30,0.0,41.72,36.93,36.17,,36.17,30.0,3.7,3.6,3.38
559.5146400928497,30,0.0,41.72,36.93,36.17,,36.17,30.0,3.69,3.6,3.38
560.0125291347504,30,0.0,41.77,36.93,36.17,,36.17,30.0,3.7,3.6,3.38
560.510440826416,30,0.0,41.77,36.93,36.17,,36.17,30.0,3.7,3.6,3.38
561.0242948532104,30,0.0,41.77,36.93,36.17,,36.17,30.0,3.7,3.6,3.38
561.5239734649658,30,0.0,41.77,36.93,36.17,,36.17,30.0,3.7,3.6,3.38
562.0215113162994,30,0.0,41.77,36.93,36.17,,36.17,30.0,3.7,3.6,3.38
562.5202329158783,30,0.0,41.77,36.93,36.14,,36.14,30.0,3.7,3.6,3.37
563.0223591327667,30,0.0,41.77,36.93,36.14,,36.14,30.0,3.7,3.6,3.37
563.5321578979492,30,0.0,41.77,36.93,36.14,,36.14,30.0,3.7,3.6,3.37
564.0326352119446,30,0.0,41.72,36.96,36.1,,36.1,30.0,3.69,3.6,3.37
564.5320134162903,30,0.0,41.72,36.93,36.14,,36.14,30.0,3.69,3.6,3.37
565.0349767208099,30,0.0,41.77,36.96,36.14,,36.14,30.0,3.69,3.6,3.37
565.5335228443146,30,0.0,41.72,36.96,36.14,,36.14,30.0,3.69,3.6,3.37
566.0328636169434,30,0.0,41.72,36.96,36.14,,36.14,30.0,3.7,3.6,3.37
566.5322549343109,30,0.0,41.72,36.96,36.14,,36.14,30.0,3.69,3.6,3.37
567.027978181839,30,0.0,41.72,36.96,36.14,,36.14,30.0,3.69,3.6,3.38
567.528776884079,30,0.0,41.72,36.96,36.17,,36.17,30.0,3.69,3.6,3.38
568.0412881374359,30,0.0,41.72,36.96,36.17,,36.17,30.0,3.69,3.6,3.38
568.5402369499207,30,0.0,41.72,36.96,36.17,,36.17,30.0,3.69,3.6,3.38
569.0399658679962,30,0.0,41.72,36.96,36.17,,36.17,30.0,3.69,3.6,3.38
569.5376250743866,30,0.0,41.72,36.96,36.17,,36.17,30.0,3.69,3.6,3.38
570.038492679596,30,0.0,41.72,36.96,36.17,,36.17,30.0,3.69,3.6,3.38
570.5501644611359,30,0.0,41.72,36.93,36.17,,36.17,30.0,3.69,3.6,3.38
571.0499248504639,30,0.0,41.72,36.93,36.17,,36.17,30.0,3.69,3.6,3.38
571.5488545894623,30,0.0,41.72,36.93,36.17,,36.17,30.0,3.69,3.6,3.38
572.0483422279358,30,0.0,41.72,36.93,36.17,,36.17,30.0,3.69,3.6,3.38
572.5489630699158,30,0.0,41.68,36.93,36.17,,36.17,30.0,3.69,3.6,3.38
573.0457651615143,30,0.0,41.68,36.93,36.17,,36.17,30.0,3.69,3.6,3.38
573.5492670536041,30,0.0,41.68,36.93,36.17,,36.17,30.0,3.69,3.6,3.38
574.0610408782959,30,0.0,41.68,36.93,36.21,,36.21,30.0,3.69,3.6,3.38
574.5602025985718,30,0.0,41.68,36.93,36.17,,36.17,30.0,3.69,3.6,3.38
575.0587818622589,30,0.0,41.68,36.93,36.17,,36.17,30.0,3.69,3.6,3.38
575.5538449287415,30,0.0,41.68,36.93,36.17,,36.17,30.0,3.69,3.6,3.38
576.0528426170349,30,0.0,41.68,36.96,36.17,,36.17,30.0,3.69,3.6,3.38
576.5525078773499,30,0.0,41.68,36.96,36.17,,36.17,30.0,3.69,3.6,3.38
577.0647103786469,30,0.0,41.68,36.96,36.17,,36.17,30.0,3.69,3.6,3.38
577.5648336410522,30,0.0,41.68,36.96,36.17,,36.17,30.0,3.69,3.6,3.38
578.064492225647,30,0.0,41.68,36.96,36.17,,36.17,30.0,3.69,3.6,3.38
578.5641353130341,30,0.0,41.68,36.93,36.17,,36.17,30.0,3.69,3.6,3.38
579.0610840320587,30,0.0,41.68,36.96,36.17,,36.17,30.0,3.69,3.6,3.38
579.5609574317932,30,0.0,41.68,36.96,36.17,,36.17,30.0,3.69,3.6,3.38
580.0636723041534,30,0.0,41.68,36.93,36.17,,36.17,30.0,3.69,3.6,3.38
580.5803067684174,30,0.0,41.68,36.96,36.17,,36.17,30.0,3.69,3.6,3.38
581.0776920318604,30,0.0,41.68,36.96,36.17,,36.17,30.0,3.69,3.6,3.38
581.5743005275726,30,0.0,41.68,36.93,36.17,,36.17,30.0,3.69,3.6,3.38
582.0752520561218,30,0.0,41.68,36.96,36.17,,36.17,30.0,3.69,3.6,3.38
582.5760912895203,30,0.0,41.68,36.93,36.17,,36.17,30.0,3.69,3.6,3.38
583.0773367881775,30,0.0,41.68,36.93,36.21,,36.21,30.0,3.69,3.6,3.38
583.5748074054718,30,0.0,41.68,36.93,36.21,,36.21,30.0,3.69,3.6,3.38
584.076061964035,30,0.0,41.68,36.93,36.21,,36.21,30.0,3.69,3.6,3.38
584.574324131012,30,0.0,41.68,36.9,36.21,,36.21,30.0,3.69,3.6,3.38
585.0874545574188,30,0.0,41.68,36.9,36.21,,36.21,30.0,3.69,3.6,3.38
585.5859830379486,30,0.0,41.68,36.93,36.21,,36.21,30.0,3.69,3.6,3.38
586.0858249664307,30,0.0,41.68,36.9,36.21,,36.21,30.0,3.69,3.59,3.38
586.5831489562988,30,0.0,41.68,36.9,36.21,,36.21,30.0,3.69,3.59,3.38
587.0856492519379,30,0.0,41.68,36.9,36.17,,36.17,30.0,3.69,3.6,3.38
587.5855138301849,30,0.0,41.72,36.93,36.17,,36.17,30.0,3.69,3.59,3.38
588.0833353996277,30,0.0,41.68,36.93,36.17,,36.17,30.0,3.69,3.59,3.38
588.5990476608276,30,0.0,41.68,36.9,36.17,,36.17,30.0,3.69,3.59,3.38
589.0988795757294,30,0.0,41.72,36.9,36.17,,36.17,30.0,3.69,3.59,3.38
589.5942256450653,30,0.0,41.72,36.9,36.17,,36.17,30.0,3.69,3.59,3.38
590.096658706665,30,0.0,41.72,36.93,36.17,,36.17,30.0,3.69,3.6,3.38
590.5909740924835,30,0.0,41.72,36.93,36.17,,36.17,30.0,3.69,3.6,3.38
591.1048536300659,30,0.0,41.72,36.93,36.17,,36.17,30.0,3.69,3.6,3.38
591.6026566028595,30,0.0,41.72,36.93,36.17,,36.17,30.0,3.69,3.6,3.38
592.1039252281189,30,0.0,41.72,36.93,36.17,,36.17,30.0,3.69,3.59,3.38
592.6019206047058,30,0.0,41.72,36.93,36.17,,36.17,30.0,3.69,3.6,3.38
593.1002080440521,30,0.0,41.72,36.93,36.17,,36.17,30.0,3.69,3.59,3.38
593.598484992981,30,0.0,41.72,36.93,36.17,,36.17,30.0,3.69,3.6,3.38
594.1147472858429,30,0.0,41.72,36.93,36.17,,36.17,30.0,3.69,3.6,3.38
594.6138648986816,30,0.0,41.72,36.93,36.17,,36.17,30.0,3.69,3.6,3.38
595.113981962204,30,0.0,41.72,36.9,36.17,,36.17,30.0,3.69,3.6,3.38
595.6131815910339,30,0.0,41.72,36.9,36.17,,36.17,30.0,3.69,3.6,3.38
596.112010717392,30,0.0,41.72,36.93,36.17,,36.17,30.0,3.69,3.6,3.38
596.6107721328735,30,0.0,41.72,36.93,36.17,,36.17,30.0,3.69,3.6,3.38
597.1115593910217,30,0.0,41.72,36.93,36.17,,36.17,30.0,3.69,3.6,3.38
597.610152721405,30,0.0,41.72,36.93,36.17,,36.17,30.0,3.69,3.6,3.38
598.1230895519257,30,0.0,41.72,36.93,36.17,,36.17,30.0,3.69,3.6,3.38
598.6197576522827,30,0.0,41.72,36.93,36.21,,36.21,30.0,3.69,3.6,3.38
599.1194431781769,30,0.0,41.72,36.93,36.21,,36.21,30.0,3.69,3.6,3.38
599.6206247806549,30,0.0,41.72,36.93,36.21,,36.21,30.0,3.69,3.6,3.38
600.1216461658478,30,0.0,41.72,36.93,36.21,,36.21,30.0,3.69,3.6,3.38
600.6242535114288,30,0.0,41.72,36.93,36.21,,36.21,30.0,3.69,3.6,3.38
601.1216449737549,30,0.0,41.72,36.93,36.21,,36.21,30.0,3.69,3.6,3.38
601.620995759964,30,0.0,41.72,36.93,36.21,,36.21,30.0,3.69,3.6,3.38
602.1356112957001,30,0.0,41.72,36.93,36.21,,36.21,30.0,3.69,3.6,3.38
602.6321635246277,30,0.0,41.72,36.93,36.21,,36.21,30.0,3.69,3.6,3.38
603.1308860778809,30,0.0,41.72,36.93,36.21,,36.21,30.0,3.69,3.6,3.38
603.6278479099274,30,0.0,41.72,36.93,36.21,,36.21,30.0,3.69,3.6,3.38
604.1304280757904,30,0.0,41.72,36.93,36.21,,36.21,30.0,3.69,3.6,3.38
604.6409413814545,30,0.0,41.72,36.93,36.21,,36.21,30.0,3.69,3.6,3.38
605.142655134201,30,0.0,41.72,36.93,36.21,,36.21,30.0,3.69,3.6,3.38
605.6421182155609,30,0.0,41.72,36.93,36.21,,36.21,30.0,3.69,3.6,3.38
606.1381516456604,30,0.0,41.72,36.93,36.21,,36.21,30.0,3.69,3.6,3.38
606.6348481178284,30,0.0,41.72,36.93,36.21,,36.21,30.0,3.69,3.6,3.38
607.133371591568,30,0.0,41.72,36.93,36.24,,36.24,30.0,3.69,3.6,3.39
607.6485047340393,30,0.0,41.68,36.93,36.24,,36.24,30.0,3.69,3.6,3.39
608.1463327407837,30,0.0,41.68,36.93,36.24,,36.24,30.0,3.69,3.6,3.39
608.644850730896,30,0.0,41.68,36.93,36.24,,36.24,30.0,3.69,3.6,3.39
609.1430292129517,30,0.0,41.68,36.93,36.24,,36.24,30.0,3.69,3.6,3.39
609.6451988220215,30,0.0,41.68,36.93,36.24,,36.24,30.0,3.69,3.6,3.39
610.1469116210938,30,0.0,41.68,36.93,36.24,,36.24,30.0,3.69,3.6,3.39
610.6448879241943,30,0.0,41.68,36.96,36.24,,36.24,30.0,3.69,3.6,3.39
611.158022403717,30,0.0,41.72,36.96,36.24,,36.24,30.0,3.69,3.6,3.39
611.6554980278015,30,0.0,41.72,36.96,36.24,,36.24,30.0,3.69,3.6,3.39
612.1519520282745,30,0.0,41.68,36.96,36.24,,36.24,30.0,3.69,3.6,3.39
612.6628124713898,30,0.0,41.68,36.96,36.24,,36.24,30.0,3.69,3.6,3.39
613.1626591682434,30,0.0,41.72,36.93,36.24,,36.24,30.0,3.69,3.6,3.39
613.6593046188354,30,0.0,41.72,36.93,36.21,,36.21,30.0,3.69,3.6,3.39
614.1629276275635,30,0.0,41.72,36.93,36.21,,36.21,30.0,3.69,3.6,3.38
614.6599199771881,30,0.0,41.72,36.93,36.21,,36.21,30.0,3.69,3.6,3.38
615.1578931808472,30,0.0,41.72,36.93,36.21,,36.21,30.0,3.69,3.6,3.38
615.6578054428101,30,0.0,41.72,36.93,36.21,,36.21,30.0,3.69,3.6,3.38
616.17276263237,30,0.0,41.72,36.93,36.21,,36.21,30.0,3.69,3.6,3.38
616.6733582019806,30,0.0,41.72,36.96,36.21,,36.21,30.0,3.69,3.6,3.38
617.1726489067078,30,0.0,41.72,36.96,36.21,,36.21,30.0,3.69,3.6,3.38
617.6707291603088,30,0.0,41.72,36.96,36.21,,36.21,30.0,3.69,3.6,3.38
618.1695215702057,30,0.0,41.72,36.96,36.21,,36.21,30.0,3.69,3.6,3.38
618.665610074997,30,0.0,41.72,36.96,36.21,,36.21,30.0,3.69,3.6,3.38
619.1686654090881,30,0.0,41.72,36.96,36.21,,36.21,30.0,3.69,3.6,3.38
619.681640625,30,0.0,41.72,36.96,36.21,,36.21,30.0,3.69,3.6,3.38
620.1806423664093,30,0.0,41.72,36.96,36.21,,36.21,30.0,3.69,3.6,3.38
620.6798644065857,30,0.0,41.72,36.96,36.21,,36.21,30.0,3.69,3.6,3.38
621.1770970821381,30,0.0,41.72,36.96,36.21,,36.21,30.0,3.69,3.6,3.38
621.6738822460175,30,0.0,41.72,36.96,36.21,,36.21,30.0,3.69,3.6,3.38
622.1743721961975,30,0.0,41.72,36.96,36.21,,36.21,30.0,3.69,3.6,3.38
622.6755528450012,30,0.0,41.72,36.96,36.21,,36.21,30.0,3.69,3.6,3.38
623.1908638477325,30,0.0,41.72,36.96,36.21,,36.21,30.0,3.69,3.6,3.38
623.6909558773041,30,0.0,41.72,36.99,36.21,,36.21,30.0,3.69,3.61,3.38
624.1900119781494,30,0.0,41.72,36.99,36.21,,36.21,30.0,3.69,3.61,3.38
624.6893208026886,30,0.0,41.72,36.96,36.21,,36.21,30.0,3.69,3.61,3.38
625.1878576278687,30,0.0,41.72,36.99,36.21,,36.21,30.0,3.69,3.61,3.38
625.6857187747955,30,0.0,41.72,36.99,36.21,,36.21,30.0,3.69,3.61,3.38
626.1869435310364,30,0.0,41.72,36.99,36.21,,36.21,30.0,3.69,3.61,3.38
626.6870744228363,30,0.0,41.72,36.99,36.21,,36.21,30.0,3.69,3.61,3.38
627.2015244960785,30,0.0,41.72,36.99,36.21,,36.21,30.0,3.69,3.61,3.38
627.7032244205475,30,0.0,41.72,36.99,36.21,,36.21,30.0,3.69,3.61,3.38
628.190024137497,30,0.0,41.72,36.99,36.21,,36.21,30.0,3.69,3.61,3.38
628.7046508789062,30,0.0,41.72,36.99,36.21,,36.21,30.0,3.69,3.61,3.38
629.202841758728,30,0.0,41.72,36.99,36.21,,36.21,30.0,3.69,3.61,3.38
629.6985290050507,30,0.0,41.72,36.99,36.21,,36.21,30.0,3.69,3.61,3.38
630.1966435909271,30,0.0,41.72,36.99,36.21,,36.21,30.0,3.69,3.61,3.38
630.7087740898132,30,0.0,41.72,36.99,36.21,,36.21,30.0,3.69,3.61,3.38
631.20530128479,30,0.0,41.72,36.99,36.21,,36.21,30.0,3.69,3.61,3.38
631.7032222747803,30,0.0,41.72,36.99,36.21,,36.21,30.0,3.69,3.61,3.38
632.2018392086029,30,0.0,41.72,36.99,36.21,,36.21,30.0,3.69,3.61,3.38
632.7143111228943,30,0.0,41.72,36.99,36.17,,36.17,30.0,3.69,3.61,3.38
633.2126305103302,30,0.0,41.72,36.99,36.21,,36.21,30.0,3.69,3.61,3.38
633.7130863666534,30,0.0,41.72,36.99,36.21,,36.21,30.0,3.69,3.61,3.38
634.2098898887634,30,0.0,41.72,36.99,36.21,,36.21,30.0,3.69,3.61,3.38
634.7085838317871,30,0.0,41.72,36.99,36.21,,36.21,30.0,3.69,3.61,3.38
635.2212405204773,30,0.0,41.72,36.99,36.21,,36.21,30.0,3.69,3.61,3.38
635.7181038856506,30,0.0,41.72,36.99,36.21,,36.21,30.0,3.69,3.61,3.38
636.2179236412048,30,0.0,41.72,36.99,36.21,,36.21,30.0,3.69,3.61,3.38
636.7153079509735,30,0.0,41.72,36.99,36.21,,36.21,30.0,3.69,3.61,3.38
637.214818239212,30,0.0,41.72,36.99,36.21,,36.21,30.0,3.69,3.61,3.38
637.7182030677795,30,0.0,41.72,36.99,36.21,,36.21,30.0,3.69,3.61,3.38
638.2298946380615,30,0.0,41.72,36.99,36.21,,36.21,30.0,3.69,3.61,3.38
638.7286958694458,30,0.0,41.72,36.99,36.21,,36.21,30.0,3.69,3.61,3.38
639.2275700569153,30,0.0,41.72,36.99,36.21,,36.21,30.0,3.69,3.61,3.38
639.7276413440704,30,0.0,41.72,36.99,36.21,,36.21,30.0,3.69,3.61,3.38
640.2269418239594,30,0.0,41.72,36.99,36.21,,36.21,30.0,3.69,3.61,3.38
640.7237846851349,30,0.0,41.72,36.99,36.21,,36.21,30.0,3.69,3.61,3.38
641.2253754138947,30,0.0,41.72,36.99,36.21,,36.21,30.0,3.69,3.61,3.38
641.7391147613525,30,0.0,41.72,36.99,36.21,,36.21,30.0,3.69,3.61,3.38
642.2371819019318,30,0.0,41.68,36.99,36.21,,36.21,30.0,3.69,3.61,3.38
642.7359626293182,30,0.0,41.72,37.03,36.21,,36.21,30.0,3.69,3.61,3.38
643.2341718673706,30,0.0,41.72,37.03,36.21,,36.21,30.0,3.69,3.61,3.39
643.7350175380707,30,0.0,41.72,37.03,36.24,,36.24,30.0,3.69,3.61,3.39
644.2363321781158,30,0.0,41.72,37.03,36.24,,36.24,30.0,3.69,3.61,3.39
644.7343947887421,30,0.0,41.72,37.03,36.24,,36.24,30.0,3.69,3.61,3.39
645.2369606494904,30,0.0,41.72,37.03,36.24,,36.24,30.0,3.69,3.61,3.39
645.749005317688,30,0.0,41.72,37.03,36.24,,36.24,30.0,3.69,3.61,3.39
646.2509579658508,30,0.0,41.72,37.03,36.24,,36.24,30.0,3.69,3.61,3.39
646.7471742630005,30,0.0,41.72,37.03,36.24,,36.24,30.0,3.69,3.61,3.39
647.2426514625549,30,0.0,41.72,37.03,36.24,,36.24,30.0,3.69,3.61,3.39
647.7433364391327,30,0.0,41.72,37.03,36.24,,36.24,30.0,3.69,3.61,3.39
648.256160736084,30,0.0,41.72,37.03,36.24,,36.24,30.0,3.69,3.61,3.39
648.7552831172943,30,0.0,41.72,37.03,36.24,,36.24,30.0,3.69,3.61,3.39
649.2565369606018,30,0.0,41.72,37.03,36.24,,36.24,30.0,3.69,3.61,3.39
649.7554180622101,30,0.0,41.72,37.03,36.24,,36.24,30.0,3.69,3.61,3.39
650.2547173500061,30,0.0,41.72,37.03,36.24,,36.24,30.0,3.69,3.61,3.39
650.7509272098541,30,0.0,41.72,37.03,36.24,,36.24,30.0,3.69,3.61,3.39
651.2643475532532,30,0.0,41.72,37.03,36.24,,36.24,30.0,3.69,3.61,3.39
651.7604081630707,30,0.0,41.72,37.03,36.24,,36.24,30.0,3.69,3.61,3.38
652.2574541568756,30,0.0,41.68,37.03,36.21,,36.21,30.0,3.69,3.61,3.39
652.7716054916382,30,0.0,41.68,37.03,36.21,,36.21,30.0,3.69,3.61,3.39
653.255654335022,30,0.0,41.72,36.99,36.21,,36.21,30.0,3.69,3.61,3.39
653.7582292556763,30,0.0,41.68,36.99,36.24,,36.24,30.0,3.69,3.61,3.39
654.2724788188934,30,0.0,41.72,36.99,36.24,,36.24,30.0,3.69,3.61,3.39
654.7706470489502,30,0.0,41.72,36.99,36.24,,36.24,30.0,3.69,3.61,3.39
655.2691447734833,30,0.0,41.72,36.99,36.24,,36.24,30.0,3.69,3.61,3.39
655.7692375183105,30,0.0,41.72,36.99,36.24,,36.24,30.0,3.69,3.61,3.39
656.2705783843994,30,0.0,41.72,36.99,36.24,,36.24,30.0,3.69,3.61,3.39
656.7710902690887,30,0.0,41.72,36.99,36.24,,36.24,30.0,3.69,3.61,3.39
657.268721818924,30,0.0,41.72,36.99,36.24,,36.24,30.0,3.69,3.61,3.39
657.7709693908691,30,0.0,41.72,36.99,36.24,,36.24,30.0,3.69,3.61,3.39
658.270904302597,30,0.0,41.72,36.99,36.24,,36.24,30.0,3.69,3.61,3.39
658.7830941677094,30,0.0,41.72,36.99,36.24,,36.24,30.0,3.69,3.61,3.39
659.2819495201111,30,0.0,41.72,36.99,36.24,,36.24,30.0,3.69,3.61,3.39
659.7826726436615,30,0.0,41.72,36.99,36.24,,36.24,30.0,3.69,3.61,3.39
660.2792778015137,30,0.0,41.72,36.99,36.24,,36.24,30.0,3.69,3.61,3.39
660.778263092041,30,0.0,41.72,36.99,36.24,,36.24,30.0,3.69,3.61,3.39
661.2936601638794,30,0.0,41.72,36.99,36.24,,36.24,30.0,3.69,3.61,3.39
661.790610074997,30,0.0,41.72,36.99,36.24,,36.24,30.0,3.69,3.61,3.39
662.288024187088,30,0.0,41.72,36.99,36.24,,36.24,30.0,3.69,3.61,3.39
662.7868084907532,30,0.0,41.72,36.99,36.21,,36.21,30.0,3.69,3.61,3.39
663.2873206138611,30,0.0,41.72,36.99,36.24,,36.24,30.0,3.7,3.61,3.39
663.8004879951477,30,0.0,41.72,36.99,36.24,,36.24,30.0,3.69,3.61,3.39
664.2886741161346,30,0.0,41.72,37.03,36.24,,36.24,30.0,3.69,3.61,3.39
664.7891566753387,30,0.0,41.72,37.03,36.24,,36.24,30.0,3.69,3.61,3.39
665.2890639305115,30,0.0,41.72,37.03,36.24,,36.24,30.0,3.69,3.61,3.39
665.8056764602661,30,0.0,41.72,37.03,36.24,,36.24,30.0,3.69,3.61,3.39
666.3039255142212,30,0.0,41.72,37.03,36.24,,36.24,30.0,3.69,3.61,3.39
666.8030650615692,30,0.0,41.72,37.03,36.24,,36.24,30.0,3.69,3.61,3.39
667.306024312973,30,0.0,41.72,37.03,36.24,,36.24,30.0,3.69,3.61,3.39
667.805248260498,30,0.0,41.72,37.03,36.24,,36.24,30.0,3.69,3.61,3.39
668.3045086860657,30,0.0,41.72,36.99,36.24,,36.24,30.0,3.69,3.61,3.39
668.8043310642242,30,0.0,41.72,36.99,36.24,,36.24,30.0,3.69,3.61,3.39
669.3029096126556,30,0.0,41.72,36.99,36.24,,36.24,30.0,3.69,3.61,3.39
669.8016726970673,30,0.0,41.72,36.99,36.24,,36.24,30.0,3.69,3.61,3.39
670.3047385215759,30,0.0,41.72,36.99,36.24,,36.24,30.0,3.69,3.61,3.39
670.8173792362213,30,0.0,41.72,36.99,36.24,,36.24,30.0,3.69,3.61,3.39
671.3173990249634,30,0.0,41.72,37.03,36.24,,36.24,30.0,3.69,3.61,3.39
671.8171584606171,30,0.0,41.72,37.03,36.24,,36.24,30.0,3.69,3.61,3.39
672.3145051002502,30,0.0,41.72,37.03,36.24,,36.24,30.0,3.69,3.61,3.39
672.8147146701813,30,0.0,41.72,37.03,36.24,,36.24,30.0,3.69,3.61,3.39
673.3134565353394,30,0.0,41.72,37.03,36.24,,36.24,30.0,3.69,3.61,3.39
673.8118515014648,30,0.0,41.72,37.03,36.24,,36.24,30.0,3.7,3.61,3.39
674.312983751297,30,0.0,41.77,37.03,36.24,,36.24,30.0,3.7,3.61,3.39
674.8227875232697,30,0.0,41.72,37.03,36.24,,36.24,30.0,3.7,3.61,3.39
675.3215253353119,30,0.0,41.77,37.03,36.24,,36.24,30.0,3.7,3.61,3.39
675.82146525383,30,0.0,41.72,37.03,36.24,,36.24,30.0,3.69,3.61,3.39
676.3201432228088,30,0.0,41.72,37.03,36.24,,36.24,30.0,3.69,3.61,3.39
676.8201084136963,30,0.0,41.72,37.03,36.24,,36.24,30.0,3.69,3.61,3.39
677.3323640823364,30,0.0,41.72,37.03,36.24,,36.24,30.0,3.69,3.61,3.39
677.8326554298401,30,0.0,41.72,37.03,36.24,,36.24,30.0,3.69,3.61,3.39
678.3351871967316,30,0.0,41.72,37.03,36.24,,36.24,30.0,3.69,3.61,3.39
678.8331353664398,30,0.0,41.72,37.03,36.24,,36.24,30.0,3.69,3.61,3.39
679.3334965705872,30,0.0,41.72,37.03,36.24,,36.24,30.0,3.69,3.61,3.39
679.8349449634552,30,0.0,41.72,37.03,36.24,,36.24,30.0,3.69,3.61,3.39
680.3319659233093,30,0.0,41.72,37.03,36.24,,36.24,30.0,3.69,3.61,3.39
680.8454587459564,30,0.0,41.72,37.03,36.24,,36.24,30.0,3.69,3.61,3.39
681.3441405296326,30,0.0,41.72,37.03,36.24,,36.24,30.0,3.69,3.61,3.39
681.8435912132263,30,0.0,41.72,37.03,36.24,,36.24,30.0,3.69,3.61,3.39
682.3421359062195,30,0.0,41.72,37.03,36.24,,36.24,30.0,3.69,3.61,3.39
682.8410494327545,30,0.0,41.72,37.03,36.24,,36.24,30.0,3.69,3.61,3.39
683.3408255577087,30,0.0,41.72,37.03,36.24,,36.24,30.0,3.69,3.61,3.39
683.8430919647217,30,0.0,41.72,37.03,36.24,,36.24,30.0,3.69,3.61,3.39
684.3416268825531,30,0.0,41.77,37.03,36.24,,36.24,30.0,3.7,3.61,3.39
684.8513329029083,30,0.0,41.77,37.03,36.24,,36.24,30.0,3.69,3.61,3.39
685.3491423130035,30,0.0,41.77,37.03,36.24,,36.24,30.0,3.69,3.61,3.39
685.845840215683,30,0.0,41.77,37.03,36.24,,36.24,30.0,3.7,3.61,3.39
686.3451008796692,30,0.0,41.77,37.03,36.24,,36.24,30.0,3.7,3.61,3.39
686.8586056232452,30,0.0,41.77,37.03,36.24,,36.24,30.0,3.7,3.61,3.39
687.3598213195801,30,0.0,41.77,37.03,36.24,,36.24,30.0,3.7,3.61,3.39
687.853937625885,30,0.0,41.77,37.03,36.24,,36.24,30.0,3.7,3.61,3.39
688.3547894954681,30,0.0,41.77,37.03,36.24,,36.24,30.0,3.7,3.61,3.39
688.8508636951447,30,0.0,41.77,37.03,36.24,,36.24,30.0,3.7,3.61,3.39
689.3544416427612,30,0.0,41.77,37.03,36.24,,36.24,30.0,3.7,3.61,3.39
689.8662991523743,30,0.0,41.77,37.03,36.24,,36.24,30.0,3.7,3.61,3.39
690.3657898902893,30,0.0,41.77,37.03,36.24,,36.24,30.0,3.7,3.61,3.39
690.860141992569,30,0.0,41.77,37.03,36.24,,36.24,30.0,3.7,3.61,3.39
691.3583655357361,30,0.0,41.77,37.03,36.27,,36.27,30.0,3.7,3.61,3.39
691.8599319458008,30,0.0,41.77,37.03,36.24,,36.24,30.0,3.7,3.61,3.39
692.3632533550262,30,0.0,41.77,37.03,36.24,,36.24,30.0,3.7,3.61,3.39
692.8770568370819,30,0.0,41.77,37.03,36.24,,36.24,30.0,3.7,3.61,3.39
693.3759641647339,30,0.0,41.77,37.03,36.24,,36.24,30.0,3.7,3.61,3.39
693.8772051334381,30,0.0,41.77,37.03,36.24,,36.24,30.0,3.7,3.61,3.39
694.3811824321747,30,0.0,41.77,37.03,36.24,,36.24,30.0,3.7,3.61,3.39
694.8803446292877,30,0.0,41.77,37.03,36.24,,36.24,30.0,3.7,3.61,3.39
695.376030921936,30,0.0,41.77,37.03,36.27,,36.27,30.0,3.7,3.61,3.39
695.8776886463165,30,0.0,41.77,37.03,36.27,,36.27,30.0,3.7,3.61,3.39
696.3762905597687,30,0.0,41.77,37.03,36.27,,36.27,30.0,3.7,3.61,3.39
696.8762013912201,30,0.0,41.77,37.03,36.27,,36.27,30.0,3.7,3.61,3.39
697.3761124610901,30,0.0,41.77,37.03,36.27,,36.27,30.0,3.7,3.61,3.39
697.8872406482697,30,0.0,41.77,37.03,36.27,,36.27,30.0,3.7,3.61,3.39
698.3886692523956,30,0.0,41.77,37.03,36.27,,36.27,30.0,3.7,3.61,3.39
698.8890836238861,30,0.0,41.77,37.03,36.27,,36.27,30.0,3.7,3.61,3.39
699.3870558738708,30,0.0,41.77,37.03,36.24,,36.24,30.0,3.7,3.61,3.39
699.8859026432037,30,0.0,41.77,37.03,36.24,,36.24,30.0,3.7,3.61,3.39
700.3892869949341,30,0.0,41.77,36.99,36.24,,36.24,30.0,3.7,3.61,3.39
700.8834056854248,30,0.0,41.77,36.99,36.24,,36.24,30.0,3.7,3.61,3.39
701.3970127105713,30,0.0,41.77,37.03,36.24,,36.24,30.0,3.7,3.61,3.39
701.8944675922394,30,0.0,41.77,36.99,36.24,,36.24,30.0,3.7,3.61,3.39
702.396087884903,30,0.0,41.77,36.99,36.24,,36.24,30.0,3.7,3.61,3.39
702.8955297470093,30,0.0,41.77,36.99,36.24,,36.24,30.0,3.7,3.61,3.39
703.4008092880249,30,0.0,41.72,36.99,36.24,,36.24,30.0,3.7,3.61,3.39
703.8988437652588,30,0.0,41.77,36.99,36.24,,36.24,30.0,3.7,3.61,3.39
704.399736404419,30,0.0,41.77,36.99,36.24,,36.24,30.0,3.7,3.61,3.39
704.9014971256256,30,0.0,41.77,36.99,36.24,,36.24,30.0,3.7,3.61,3.39
705.4003975391388,30,0.0,41.77,36.99,36.21,,36.21,30.0,3.7,3.61,3.38
705.8971178531647,30,0.0,41.77,36.99,36.21,,36.21,30.0,3.7,3.61,3.38
706.4083981513977,30,0.0,41.77,36.99,36.21,,36.21,30.0,3.7,3.6,3.38
706.9067492485046,30,0.0,41.77,36.99,36.21,,36.21,30.0,3.7,3.61,3.38
707.4038965702057,30,0.0,41.77,36.96,36.21,,36.21,30.0,3.7,3.61,3.38
707.9040532112122,30,0.0,41.77,36.96,36.21,,36.21,30.0,3.7,3.61,3.38
708.403525352478,30,0.0,41.77,36.99,36.21,,36.21,30.0,3.7,3.61,3.38
708.9046885967255,30,0.0,41.77,36.96,36.21,,36.21,30.0,3.7,3.61,3.38
709.4048228263855,30,0.0,41.77,36.99,36.21,,36.21,30.0,3.7,3.61,3.38
709.9172475337982,30,0.0,41.77,36.99,36.21,,36.21,30.0,3.7,3.61,3.38
710.4185345172882,30,0.0,41.77,36.96,36.21,,36.21,30.0,3.7,3.6,3.38
710.9176645278931,30,0.0,41.77,36.96,36.21,,36.21,30.0,3.7,3.61,3.38
711.4146852493286,30,0.0,41.77,36.96,36.21,,36.21,30.0,3.7,3.6,3.38
711.9281406402588,30,0.0,41.77,36.96,36.21,,36.21,30.0,3.7,3.6,3.38
712.4266583919525,30,0.0,41.77,36.96,36.24,,36.24,30.0,3.7,3.6,3.39
712.9273619651794,30,0.0,41.77,36.96,36.24,,36.24,30.0,3.7,3.6,3.39
713.4259784221649,30,0.0,41.77,36.96,36.24,,36.24,30.0,3.7,3.6,3.39
713.925788640976,30,0.0,41.77,36.96,36.24,,36.24,30.0,3.7,3.6,3.39
714.4238605499268,30,0.0,41.72,36.96,36.24,,36.24,30.0,3.7,3.6,3.39
714.9237568378448,30,0.0,41.77,36.96,36.24,,36.24,30.0,3.69,3.6,3.39
715.4251568317413,30,0.0,41.72,36.96,36.24,,36.24,30.0,3.69,3.6,3.39
715.9238953590393,30,0.0,41.77,36.96,36.24,,36.24,30.0,3.7,3.6,3.39
716.425936460495,30,0.0,41.72,36.96,36.24,,36.24,30.0,3.7,3.6,3.39
716.939466714859,30,0.0,41.72,36.96,36.24,,36.24,30.0,3.69,3.6,3.39
717.4390230178833,30,0.0,41.72,36.96,36.24,,36.24,30.0,3.7,3.6,3.39
717.9362099170685,30,0.0,41.72,36.96,36.24,,36.24,30.0,3.7,3.6,3.39
718.4367663860321,30,0.0,41.77,36.96,36.24,,36.24,30.0,3.7,3.6,3.39
718.9304752349854,30,0.0,41.77,36.96,36.24,,36.24,30.0,3.7,3.6,3.39
719.4373874664307,30,0.0,41.77,36.96,36.24,,36.24,30.0,3.7,3.6,3.39
719.9344706535339,30,0.0,41.77,36.96,36.24,,36.24,30.0,3.7,3.6,3.39
720.4351754188538,30,0.0,41.77,36.93,36.27,,36.27,30.0,3.7,3.6,3.39
720.9489822387695,30,0.0,41.77,36.93,36.24,,36.24,30.0,3.7,3.6,3.39
721.4456517696381,30,0.0,41.77,36.93,36.24,,36.24,30.0,3.7,3.6,3.39
