Temps (s),Consigne (°C),Erreur (°C),Thermistance 1 - T1 (°C),Thermistance 2 - T2 (°C),Thermistance 3 - T3 (°C),T4',Thermistance 3 estimée - T3_moy (°C),Commande (PWM),R1,R,R3
1.4292383193969727,20.0,0.0,24.94,25.58,25.94,,25.94,10.0,9821.55,9744.73,9631.21
1.9265882968902588,20.0,0.0,24.94,25.58,25.91,,25.91,10.0,9821.55,9744.73,9631.21
2.3909108638763428,20.0,0.0,24.94,25.55,25.91,,25.91,10.0,9821.55,9758.87,9631.21
2.858625650405884,20.0,0.0,24.98,25.55,25.87,,25.87,10.0,9800.82,9758.87,9645.15
3.323981285095215,20.0,0.0,25.03,25.55,25.87,,25.87,10.0,9780.15,9758.87,9645.15
3.8010165691375732,20.0,0.0,25.07,25.51,25.87,,25.87,10.0,9759.53,9773.04,9645.15
4.254317283630371,20.0,0.0,25.12,25.51,25.84,,25.84,10.0,9738.97,9773.04,9659.11
4.709611415863037,20.0,0.0,25.21,25.51,25.84,,25.84,10.0,9698.0,9773.04,9659.11
5.19691014289856,20.0,0.0,25.25,25.48,25.84,,25.84,10.0,9677.61,9787.23,9659.11
5.700626611709595,20.0,0.0,25.34,25.48,25.8,,25.8,10.0,9636.97,9787.23,9673.09
6.201067209243774,20.0,0.0,25.39,25.48,25.8,,25.8,10.0,9616.74,9787.23,9673.09
6.69998836517334,20.0,0.0,25.48,25.45,25.8,,25.8,10.0,9576.42,9801.45,9673.09
7.200838804244995,20.0,0.0,25.52,25.45,25.8,,25.8,10.0,9556.35,9801.45,9687.1
7.701521873474121,20.0,0.0,25.61,25.45,25.77,,25.77,10.0,9536.33,9801.45,9687.1
8.201780557632446,20.0,0.0,25.66,25.45,25.77,,25.77,10.0,9496.44,9801.45,9687.1
8.70314645767212,20.0,0.0,25.7,25.45,25.77,,25.77,10.0,9476.58,9801.45,9687.1
9.20374059677124,20.0,0.0,25.74,25.45,25.73,,25.73,10.0,9456.76,9801.45,9701.14
9.701359748840332,20.0,0.0,25.83,25.42,25.73,,25.73,10.0,9417.29,9815.7,9701.14
10.207176685333252,20.0,0.0,25.83,25.42,25.73,,25.73,10.0,9397.64,9815.7,9701.14
10.709010124206543,20.0,0.0,25.88,25.42,25.7,,25.7,10.0,9378.03,9815.7,9701.14
11.208513259887695,20.0,0.0,25.97,25.42,25.7,,25.7,10.0,9378.03,9815.7,9715.2
11.708028078079224,20.0,0.0,26.01,25.42,25.7,,25.7,10.0,9358.48,9815.7,9715.2
12.213994026184082,20.0,0.0,26.01,25.42,25.7,,25.7,10.0,9338.97,9815.7,9715.2
12.71054196357727,20.0,0.0,26.06,25.42,25.66,,25.66,10.0,9319.52,9815.7,9729.29
13.225080728530884,20.0,0.0,26.1,25.42,25.66,,25.66,10.0,9300.12,9815.7,9729.29
13.721594333648682,20.0,0.0,26.15,25.42,25.66,,25.66,10.0,9280.76,9815.7,9729.29
14.222643613815308,20.0,0.0,26.19,25.45,25.66,,25.66,10.0,9261.46,9815.7,9729.29
14.740336179733276,20.0,0.0,26.19,25.45,25.66,,25.66,10.0,9261.46,9801.45,9729.29
15.225354433059692,20.0,0.0,26.24,25.45,25.63,,25.63,10.0,9242.21,9801.45,9743.4
15.724830389022827,20.0,0.0,26.28,25.45,25.63,,25.63,10.0,9223.01,9801.45,9743.4
16.22497534751892,20.0,0.0,26.33,25.45,25.63,,25.63,10.0,9203.86,9801.45,9743.4
16.72356152534485,20.0,0.0,26.33,25.45,25.63,,25.63,10.0,9203.86,9801.45,9743.4
17.23607611656189,20.0,0.0,26.37,25.45,25.59,,25.59,10.0,9184.76,9801.45,9757.54
17.736217260360718,20.0,0.0,26.42,25.45,25.59,,25.59,10.0,9165.7,9801.45,9757.54
18.235154628753662,20.0,0.0,26.42,25.48,25.59,,25.59,10.0,9165.7,9787.23,9757.54
18.735344171524048,20.0,0.0,26.46,25.48,25.59,,25.59,10.0,9146.7,9787.23,9757.54
19.232794523239136,20.0,0.0,26.46,25.48,25.59,,25.59,10.0,9127.74,9787.23,9757.54
19.72923994064331,20.0,0.0,26.51,25.48,25.59,,25.59,10.0,9127.74,9787.23,9757.54
20.244282960891724,20.0,0.0,26.55,25.48,25.59,,25.59,10.0,9108.84,9787.23,9757.54
20.744020462036133,20.0,0.0,26.55,25.48,25.56,,25.56,10.0,9108.84,9787.23,9771.7
21.23995351791382,20.0,0.0,26.6,25.51,25.56,,25.56,10.0,9089.98,9773.04,9771.7
21.7393217086792,20.0,0.0,26.6,25.51,25.56,,25.56,10.0,9089.98,9773.04,9771.7
22.240036725997925,20.0,0.0,26.64,25.51,25.56,,25.56,10.0,9071.17,9773.04,9771.7
22.736530303955078,20.0,0.0,26.64,25.51,25.56,,25.56,10.0,9071.17,9773.04,9771.7
23.25427532196045,20.0,0.0,26.68,25.55,25.56,,25.56,10.0,9052.4,9758.87,9771.7
23.75374150276184,20.0,0.0,26.68,25.55,25.52,,25.52,10.0,9052.4,9758.87,9771.7
24.252739906311035,20.0,0.0,26.73,25.55,25.52,,25.52,10.0,9033.69,9758.87,9785.89
24.754303455352783,20.0,0.0,26.73,25.55,25.52,,25.52,10.0,9033.69,9758.87,9785.89
25.251024961471558,20.0,0.0,26.73,25.55,25.52,,25.52,10.0,9033.69,9758.87,9785.89
25.74833059310913,20.0,0.0,26.77,25.58,25.52,,25.52,10.0,9015.02,9744.73,9785.89
26.245861291885376,20.0,0.0,26.77,25.58,25.52,,25.52,10.0,9015.02,9744.73,9785.89
26.7481210231781,20.0,0.0,26.77,25.58,25.52,,25.52,10.0,9015.02,9744.73,9785.89
27.26318383216858,20.0,0.0,26.82,25.58,25.52,,25.52,10.0,8996.41,9744.73,9785.89
27.763758897781372,20.0,0.0,26.82,25.58,25.52,,25.52,10.0,8996.41,9744.73,9785.89
28.263360261917114,20.0,0.0,26.86,25.61,25.49,,25.49,10.0,8977.83,9730.61,9800.11
28.761460781097412,20.0,0.0,26.86,25.61,25.49,,25.49,10.0,8977.83,9730.61,9800.11
29.2594313621521,20.0,0.0,26.91,25.61,25.49,,25.49,10.0,8959.31,9730.61,9800.11
29.759347200393677,20.0,0.0,26.91,25.61,25.49,,25.49,10.0,8959.31,9730.61,9800.11
30.2580406665802,20.0,0.0,26.91,25.61,25.49,,25.49,10.0,8959.31,9716.52,9800.11
30.769487142562866,20.0,0.0,26.95,25.64,25.49,,25.49,10.0,8940.83,9716.52,9800.11
31.272008895874023,20.0,0.0,26.95,25.64,25.49,,25.49,10.0,8940.83,9716.52,9800.11
31.769065856933594,20.0,0.0,27.0,25.64,25.49,,25.49,10.0,8922.4,9716.52,9800.11
32.26878833770752,20.0,0.0,27.0,25.68,25.49,,25.49,10.0,8922.4,9702.46,9800.11
32.765488624572754,20.0,0.0,27.0,25.68,25.49,,25.49,10.0,8922.4,9702.46,9800.11
33.265170097351074,20.0,0.0,27.04,25.68,25.49,,25.49,10.0,8904.02,9702.46,9800.11
33.76839804649353,20.0,0.0,27.04,25.68,25.49,,25.49,10.0,8904.02,9702.46,9800.11
34.28308439254761,20.0,0.0,27.04,25.71,25.52,,25.52,10.0,8904.02,9688.42,9800.11
34.78313112258911,20.0,0.0,27.09,25.71,25.52,,25.52,10.0,8885.68,9688.42,9785.89
35.28356647491455,20.0,0.0,27.09,25.71,25.52,,25.52,10.0,8885.68,9688.42,9785.89
35.78332448005676,20.0,0.0,27.09,25.74,25.52,,25.52,10.0,8885.68,9688.42,9785.89
36.28060269355774,20.0,0.0,27.13,25.74,25.52,,25.52,10.0,8867.39,9674.41,9785.89
36.77898645401001,20.0,0.0,27.13,25.74,25.52,,25.52,10.0,8867.39,9674.41,9785.89
37.279101610183716,20.0,0.0,27.13,25.74,25.52,,25.52,10.0,8867.39,9674.41,9785.89
37.77789831161499,20.0,0.0,27.18,25.74,25.52,,25.52,10.0,8867.39,9674.41,9785.89
38.29168701171875,20.0,0.0,27.18,25.77,25.52,,25.52,10.0,8849.15,9660.42,9785.89
38.79095268249512,20.0,0.0,27.18,25.77,25.52,,25.52,10.0,8849.15,9660.42,9785.89
39.29128384590149,20.0,0.0,27.18,25.77,25.52,,25.52,10.0,8849.15,9660.42,9785.89
39.791176080703735,20.0,0.0,27.22,25.77,25.52,,25.52,10.0,8830.95,9660.42,9785.89
40.28904366493225,20.0,0.0,27.22,25.81,25.52,,25.52,10.0,8830.95,9646.46,9785.89
40.78697490692139,20.0,0.0,27.22,25.81,25.56,,25.56,10.0,8830.95,9646.46,9785.89
41.29994463920593,20.0,0.0,27.22,25.81,25.52,,25.52,10.0,8830.95,9646.46,9771.7
41.79763150215149,20.0,0.0,27.27,25.81,25.56,,25.56,10.0,8812.79,9646.46,9771.7
42.29833674430847,20.0,0.0,27.27,25.84,25.56,,25.56,10.0,8812.79,9632.52,9771.7
42.797282218933105,20.0,0.0,27.27,25.84,25.56,,25.56,10.0,8812.79,9632.52,9771.7
43.29680895805359,20.0,0.0,27.27,25.84,25.56,,25.56,10.0,8812.79,9632.52,9771.7
43.80839538574219,20.0,0.0,27.27,25.84,25.56,,25.56,10.0,8794.69,9632.52,9771.7
44.30887484550476,20.0,0.0,27.31,25.87,25.56,,25.56,10.0,8794.69,9632.52,9771.7
44.80811524391174,20.0,0.0,27.31,25.87,25.56,,25.56,10.0,8794.69,9618.61,9771.7
45.307085275650024,20.0,0.0,27.31,25.87,25.56,,25.56,10.0,8794.69,9618.61,9771.7
45.80367136001587,20.0,0.0,27.31,25.87,25.56,,25.56,10.0,8794.69,9618.61,9771.7
46.30094790458679,20.0,0.0,27.36,25.87,25.56,,25.56,10.0,8794.69,9618.61,9771.7
46.816163063049316,20.0,0.0,27.36,25.87,25.59,,25.59,10.0,8776.62,9604.73,9757.54
47.316375732421875,20.0,0.0,27.36,25.9,25.59,,25.59,10.0,8776.62,9604.73,9757.54
47.81624126434326,20.0,0.0,27.36,25.9,25.59,,25.59,10.0,8776.62,9604.73,9757.54
48.31679558753967,20.0,0.0,27.36,25.9,25.59,,25.59,10.0,8776.62,9604.73,9757.54
48.815757513046265,20.0,0.0,27.36,25.9,25.59,,25.59,10.0,8758.61,9604.73,9757.54
49.31784009933472,20.0,0.0,27.4,25.93,25.59,,25.59,10.0,8758.61,9590.87,9757.54
49.81805920600891,20.0,0.0,27.4,25.93,25.59,,25.59,10.0,8758.61,9590.87,9757.54
50.332369804382324,20.0,0.0,27.4,25.93,25.59,,25.59,10.0,8758.61,9590.87,9757.54
50.81802821159363,20.0,0.0,27.4,25.93,25.59,,25.59,10.0,8758.61,9590.87,9757.54
51.316466093063354,20.0,0.0,27.45,25.93,25.59,,25.59,10.0,8740.63,9590.87,9757.54
51.82874584197998,20.0,0.0,27.45,25.97,25.63,,25.63,10.0,8740.63,9577.04,9743.4
52.328855752944946,20.0,0.0,27.45,25.97,25.63,,25.63,10.0,8740.63,9577.04,9743.4
52.82684683799744,20.0,0.0,27.45,25.97,25.63,,25.63,10.0,8740.63,9577.04,9743.4
53.328372955322266,20.0,0.0,27.45,25.97,25.63,,25.63,10.0,8740.63,9577.04,9743.4
53.829944372177124,20.0,0.0,27.49,25.97,25.63,,25.63,10.0,8722.71,9563.23,9743.4
54.32500982284546,20.0,0.0,27.49,26.0,25.63,,25.63,10.0,8722.71,9563.23,9743.4
54.824723958969116,20.0,0.0,27.49,26.0,25.63,,25.63,10.0,8722.71,9563.23,9743.4
55.32581067085266,20.0,0.0,27.49,26.0,25.66,,25.66,10.0,8722.71,9563.23,9729.29
55.83088421821594,20.0,0.0,27.49,26.0,25.66,,25.66,10.0,8722.71,9563.23,9729.29
56.327677488327026,20.0,0.0,27.49,26.0,25.66,,25.66,10.0,8704.83,9563.23,9729.29
56.831273317337036,20.0,0.0,27.53,26.03,25.66,,25.66,10.0,8704.83,9549.44,9729.29
57.346314430236816,20.0,0.0,27.53,26.03,25.66,,25.66,10.0,8704.83,9549.44,9729.29
57.84470558166504,20.0,0.0,27.53,26.03,25.66,,25.66,10.0,8704.83,9549.44,9729.29
58.34542918205261,20.0,0.0,27.53,26.03,25.7,,25.7,10.0,8704.83,9549.44,9729.29
58.84469699859619,20.0,0.0,27.53,26.03,25.7,,25.7,10.0,8704.83,9549.44,9715.2
59.34174823760986,20.0,0.0,27.53,26.06,25.7,,25.7,10.0,8704.83,9535.68,9715.2
59.839393615722656,20.0,0.0,27.53,26.06,25.7,,25.7,10.0,8686.99,9535.68,9715.2
60.33942413330078,20.0,0.0,27.58,26.06,25.7,,25.7,10.0,8686.99,9535.68,9715.2
60.853479623794556,20.0,0.0,27.58,26.06,25.7,,25.7,10.0,8686.99,9535.68,9715.2
61.35193681716919,20.0,0.0,27.58,26.06,25.7,,25.7,10.0,8686.99,9535.68,9715.2
61.8496618270874,20.0,0.0,27.58,26.06,25.7,,25.7,10.0,8686.99,9535.68,9715.2
62.35113286972046,20.0,0.0,27.58,26.1,25.7,,25.7,10.0,8686.99,9521.95,9701.14
62.84709119796753,20.0,0.0,27.58,26.1,25.73,,25.73,10.0,8686.99,9521.95,9701.14
63.36049556732178,20.0,0.0,27.58,26.1,25.73,,25.73,10.0,8686.99,9521.95,9701.14
63.86106991767883,20.0,0.0,27.62,26.1,25.73,,25.73,10.0,8669.2,9521.95,9701.14
64.35858488082886,20.0,0.0,27.62,26.1,25.73,,25.73,10.0,8669.2,9521.95,9701.14
64.86008381843567,20.0,0.0,27.62,26.13,25.73,,25.73,10.0,8669.2,9508.24,9701.14
65.36095666885376,20.0,0.0,27.62,26.13,25.73,,25.73,10.0,8669.2,9508.24,9701.14
65.86004495620728,20.0,0.0,27.62,26.13,25.73,,25.73,10.0,8669.2,9508.24,9701.14
66.35884094238281,20.0,0.0,27.62,26.13,25.77,,25.77,10.0,8669.2,9508.24,9687.1
66.85752964019775,20.0,0.0,27.62,26.13,25.77,,25.77,10.0,8669.2,9508.24,9687.1
67.37086582183838,20.0,0.0,27.62,26.13,25.77,,25.77,10.0,8669.2,9508.24,9687.1
67.86922574043274,20.0,0.0,27.67,26.16,25.77,,25.77,10.0,8651.45,9494.56,9687.1
68.36934685707092,20.0,0.0,27.67,26.16,25.77,,25.77,10.0,8651.45,9494.56,9687.1
68.86769652366638,20.0,0.0,27.67,26.16,25.77,,25.77,10.0,8651.45,9494.56,9687.1
69.36704444885254,20.0,0.0,27.67,26.16,25.8,,25.8,10.0,8651.45,9494.56,9673.09
69.86512303352356,20.0,0.0,27.67,26.16,25.8,,25.8,10.0,8651.45,9494.56,9673.09
70.3672263622284,20.0,0.0,27.67,26.16,25.8,,25.8,10.0,8651.45,9494.56,9673.09
70.86532044410706,20.0,0.0,27.67,26.19,25.8,,25.8,10.0,8651.45,9480.9,9673.09
71.3795735836029,20.0,0.0,27.67,26.19,25.8,,25.8,10.0,8633.74,9480.9,9673.09
71.88153314590454,20.0,0.0,27.71,26.19,25.84,,25.84,10.0,8633.74,9480.9,9659.11
72.38129901885986,20.0,0.0,27.71,26.19,25.84,,25.84,10.0,8633.74,9480.9,9659.11
72.87866282463074,20.0,0.0,27.71,26.19,25.84,,25.84,10.0,8633.74,9480.9,9659.11
73.3787477016449,20.0,0.0,27.71,26.19,25.84,,25.84,10.0,8633.74,9480.9,9659.11
73.87945795059204,20.0,0.0,27.71,26.23,25.84,,25.84,10.0,8633.74,9467.26,9659.11
74.37781167030334,20.0,0.0,27.71,26.23,25.84,,25.84,10.0,8633.74,9467.26,9659.11
74.87923789024353,20.0,0.0,27.71,26.23,25.84,,25.84,10.0,8633.74,9467.26,9659.11
75.3766119480133,20.0,0.0,27.71,26.23,25.87,,25.87,10.0,8633.74,9467.26,9659.11
75.8939425945282,20.0,0.0,27.71,26.23,25.87,,25.87,10.0,8633.74,9467.26,9645.15
76.39163374900818,20.0,0.0,27.71,26.23,25.87,,25.87,10.0,8633.74,9467.26,9645.15
76.89148569107056,20.0,0.0,27.71,26.26,25.87,,25.87,10.0,8633.74,9453.65,9645.15
77.39099311828613,20.0,0.0,27.71,26.26,25.87,,25.87,10.0,8633.74,9453.65,9645.15
77.89289426803589,20.0,0.0,27.71,26.26,25.87,,25.87,10.0,8633.74,9453.65,9645.15
78.3894464969635,20.0,0.0,27.76,26.26,25.87,,25.87,10.0,8616.08,9453.65,9645.15
78.890145778656,20.0,0.0,27.76,26.26,25.91,,25.91,10.0,8616.08,9453.65,9631.21
79.39000105857849,20.0,0.0,27.76,26.26,25.91,,25.91,10.0,8616.08,9453.65,9631.21
79.8889708518982,20.0,0.0,27.76,26.26,25.91,,25.91,10.0,8616.08,9453.65,9631.21
80.40568089485168,20.0,0.0,27.76,26.26,25.91,,25.91,10.0,8616.08,9453.65,9631.21
80.9031195640564,20.0,0.0,27.76,26.29,25.91,,25.91,10.0,8616.08,9453.65,9631.21
81.4018611907959,20.0,0.0,27.76,26.29,25.94,,25.94,10.0,8616.08,9440.07,9617.31
81.90132164955139,20.0,0.0,27.76,26.29,25.94,,25.94,10.0,8616.08,9440.07,9617.31
82.40191316604614,20.0,0.0,27.76,26.29,25.94,,25.94,10.0,8616.08,9440.07,9617.31
82.89935111999512,20.0,0.0,27.76,26.29,25.94,,25.94,10.0,8616.08,9440.07,9617.31
83.41292381286621,20.0,0.0,27.76,26.29,25.94,,25.94,10.0,8616.08,9440.07,9617.31
83.91181874275208,20.0,0.0,27.8,26.32,25.94,,25.94,10.0,8598.47,9426.51,9617.31
84.40998268127441,20.0,0.0,27.8,26.32,25.94,,25.94,10.0,8598.47,9426.51,9617.31
84.90812087059021,20.0,0.0,27.8,26.32,25.98,,25.98,10.0,8598.47,9426.51,9603.42
85.4073235988617,20.0,0.0,27.8,26.32,25.98,,25.98,10.0,8598.47,9426.51,9603.42
85.90531349182129,20.0,0.0,27.8,26.32,25.98,,25.98,10.0,8598.47,9426.51,9603.42
86.41778016090393,20.0,0.0,27.8,26.32,25.98,,25.98,10.0,8598.47,9412.97,9603.42
86.91424465179443,20.0,0.0,27.8,26.36,25.98,,25.98,10.0,8598.47,9412.97,9603.42
87.41488194465637,20.0,0.0,27.85,26.36,25.98,,25.98,10.0,8598.47,9412.97,9603.42
87.91507601737976,20.0,0.0,27.85,26.36,25.98,,25.98,10.0,8580.89,9412.97,9603.42
88.41209363937378,20.0,0.0,27.85,26.36,26.01,,26.01,10.0,8580.89,9412.97,9589.57
88.91143846511841,20.0,0.0,27.85,26.36,26.01,,26.01,10.0,8580.89,9412.97,9589.57
89.42793774604797,20.0,0.0,27.85,26.36,26.01,,26.01,10.0,8580.89,9412.97,9589.57
89.92751717567444,20.0,0.0,27.85,26.39,26.01,,26.01,10.0,8580.89,9399.46,9589.57
90.42729425430298,20.0,0.0,27.85,26.39,26.01,,26.01,10.0,8580.89,9399.46,9589.57
90.92651772499084,20.0,0.0,27.85,26.39,26.01,,26.01,10.0,8580.89,9399.46,9589.57
91.4271867275238,20.0,0.0,27.85,26.39,26.01,,26.01,10.0,8580.89,9399.46,9589.57
91.92879796028137,20.0,0.0,27.89,26.39,26.01,,26.01,10.0,8563.36,9399.46,9589.57
92.42889904975891,20.0,0.0,27.89,26.39,26.01,,26.01,10.0,8563.36,9399.46,9589.57
92.92534923553467,20.0,0.0,27.89,26.39,26.05,,26.05,10.0,8563.36,9399.46,9589.57
93.44010949134827,20.0,0.0,27.89,26.39,26.05,,26.05,10.0,8563.36,9399.46,9575.74
93.94167065620422,20.0,0.0,27.89,26.42,26.05,,26.05,10.0,8563.36,9385.97,9575.74
94.43859696388245,20.0,0.0,27.89,26.42,26.05,,26.05,10.0,8563.36,9385.97,9575.74
94.93519353866577,20.0,0.0,27.89,26.42,26.05,,26.05,10.0,8563.36,9385.97,9575.74
95.43373489379883,20.0,0.0,27.89,26.42,26.05,,26.05,10.0,8563.36,9385.97,9575.74
95.93274235725403,20.0,0.0,27.89,26.42,26.05,,26.05,10.0,8563.36,9385.97,9575.74
96.43446278572083,20.0,0.0,27.89,26.42,26.05,,26.05,10.0,8563.36,9385.97,9561.93
96.93896436691284,20.0,0.0,27.89,26.42,26.08,,26.08,10.0,8563.36,9385.97,9561.93
97.43607640266418,20.0,0.0,27.94,26.45,26.08,,26.08,10.0,8563.36,9372.51,9561.93
97.94954133033752,20.0,0.0,27.94,26.45,26.08,,26.08,10.0,8545.88,9372.51,9561.93
98.45108270645142,20.0,0.0,27.94,26.45,26.08,,26.08,10.0,8545.88,9372.51,9561.93
98.94906282424927,20.0,0.0,27.94,26.45,26.08,,26.08,10.0,8545.88,9372.51,9561.93
99.44927883148193,20.0,0.0,27.94,26.45,26.08,,26.08,10.0,8545.88,9372.51,9561.93
99.94601082801819,20.0,0.0,27.94,26.45,26.08,,26.08,10.0,8545.88,9372.51,9561.93
100.44335842132568,20.0,0.0,27.94,26.45,26.12,,26.12,10.0,8545.88,9372.51,9561.93
100.95851993560791,20.0,0.0,27.94,26.45,26.12,,26.12,10.0,8545.88,9372.51,9548.15
101.45851826667786,20.0,0.0,27.94,26.49,26.12,,26.12,10.0,8545.88,9359.07,9548.15
101.95796418190002,20.0,0.0,27.94,26.49,26.12,,26.12,10.0,8545.88,9359.07,9548.15
102.45666217803955,20.0,0.0,27.94,26.49,26.12,,26.12,10.0,8545.88,9359.07,9548.15
102.95532369613647,20.0,0.0,27.94,26.49,26.12,,26.12,10.0,8545.88,9359.07,9548.15
103.4534821510315,20.0,0.0,27.94,26.49,26.12,,26.12,10.0,8545.88,9359.07,9548.15
103.96753311157227,20.0,0.0,27.94,26.49,26.12,,26.12,10.0,8545.88,9359.07,9534.39
104.46683073043823,20.0,0.0,27.94,26.49,26.15,,26.15,10.0,8528.43,9359.07,9534.39
104.96380233764648,20.0,0.0,27.94,26.49,26.15,,26.15,10.0,8528.43,9359.07,9534.39
105.46444416046143,20.0,0.0,27.98,26.52,26.15,,26.15,10.0,8528.43,9345.66,9534.39
105.96146297454834,20.0,0.0,27.98,26.52,26.15,,26.15,10.0,8528.43,9345.66,9534.39
106.46198558807373,20.0,0.0,27.98,26.52,26.15,,26.15,10.0,8528.43,9345.66,9534.39
106.97682595252991,20.0,0.0,27.98,26.52,26.15,,26.15,10.0,8528.43,9345.66,9534.39
107.47711324691772,20.0,0.0,27.98,26.52,26.15,,26.15,10.0,8528.43,9345.66,9534.39
107.9756531715393,20.0,0.0,27.98,26.52,26.18,,26.18,10.0,8528.43,9345.66,9520.66
108.47214198112488,20.0,0.0,27.98,26.52,26.18,,26.18,10.0,8528.43,9345.66,9520.66
108.97248220443726,20.0,0.0,27.98,26.52,26.18,,26.18,10.0,8511.03,9345.66,9520.66
109.47053337097168,20.0,0.0,27.98,26.52,26.18,,26.18,10.0,8528.43,9332.26,9520.66
109.97041392326355,20.0,0.0,27.98,26.55,26.18,,26.18,10.0,8511.03,9332.26,9520.66
110.46903800964355,20.0,0.0,27.98,26.55,26.18,,26.18,10.0,8511.03,9332.26,9520.66
110.98350071907043,20.0,0.0,27.98,26.55,26.18,,26.18,10.0,8511.03,9332.26,9506.95
111.48060965538025,20.0,0.0,28.03,26.55,26.22,,26.22,10.0,8511.03,9332.26,9506.95
111.97951650619507,20.0,0.0,28.03,26.55,26.22,,26.22,10.0,8528.43,9332.26,9506.95
112.47767949104309,20.0,0.0,28.03,26.58,26.22,,26.22,10.0,8511.03,9332.26,9506.95
112.97822570800781,20.0,0.0,28.03,26.58,26.22,,26.22,10.0,8511.03,9318.9,9506.95
113.49076247215271,20.0,0.0,28.03,26.58,26.22,,26.22,10.0,8511.03,9318.9,9506.95
113.98845529556274,20.0,0.0,28.03,26.58,26.22,,26.22,10.0,8511.03,9318.9,9506.95
114.4887158870697,20.0,0.0,28.03,26.58,26.22,,26.22,10.0,8511.03,9318.9,9506.95
114.99047756195068,20.0,0.0,28.03,26.58,26.25,,26.25,10.0,8511.03,9318.9,9493.27
115.48847484588623,20.0,0.0,28.03,26.58,26.25,,26.25,10.0,8511.03,9318.9,9493.27
115.98682379722595,20.0,0.0,28.03,26.58,26.25,,26.25,10.0,8511.03,9318.9,9493.27
116.48672986030579,20.0,0.0,28.03,26.58,26.25,,26.25,10.0,8511.03,9318.9,9493.27
117.00126934051514,20.0,0.0,28.03,26.58,26.25,,26.25,10.0,8511.03,9318.9,9493.27
117.49935531616211,20.0,0.0,28.03,26.61,26.25,,26.25,10.0,8511.03,9305.55,9493.27
118.00227856636047,20.0,0.0,28.03,26.61,26.25,,26.25,10.0,8511.03,9305.55,9493.27
118.50206065177917,20.0,0.0,28.07,26.61,26.29,,26.29,10.0,8493.67,9305.55,9479.62
118.99977731704712,20.0,0.0,28.07,26.61,26.29,,26.29,10.0,8493.67,9305.55,9479.62
119.4995174407959,20.0,0.0,28.07,26.61,26.29,,26.29,10.0,8493.67,9305.55,9479.62
120.01004242897034,20.0,0.0,28.07,26.61,26.29,,26.29,10.0,8493.67,9305.55,9479.62
120.50865697860718,20.0,0.0,28.07,26.61,26.29,,26.29,10.0,8493.67,9305.55,9479.62
121.0086874961853,20.0,0.0,28.07,26.61,26.29,,26.29,10.0,8493.67,9305.55,9479.62
121.50658631324768,20.0,0.0,28.07,26.65,26.29,,26.29,10.0,8493.67,9292.23,9479.62
122.00725245475769,20.0,0.0,28.07,26.65,26.29,,26.29,10.0,8493.67,9292.23,9479.62
122.50853729248047,20.0,0.0,28.07,26.65,26.29,,26.29,10.0,8493.67,9292.23,9479.62
123.02951335906982,20.0,0.0,28.07,26.65,26.29,,26.29,10.0,8493.67,9292.23,9479.62
123.51107597351074,20.0,0.0,28.07,26.65,26.32,,26.32,10.0,8493.67,9292.23,9465.98
124.00845885276794,20.0,0.0,28.07,26.65,26.32,,26.32,10.0,8493.67,9292.23,9465.98
124.52125215530396,20.0,0.0,28.07,26.65,26.32,,26.32,10.0,8493.67,9292.23,9465.98
125.0186619758606,20.0,0.0,28.07,26.65,26.32,,26.32,10.0,8493.67,9292.23,9465.98
125.51720952987671,20.0,0.0,28.12,26.68,26.32,,26.32,10.0,8476.36,9278.94,9465.98
126.01576805114746,20.0,0.0,28.07,26.68,26.32,,26.32,10.0,8476.36,9278.94,9465.98
126.5139627456665,20.0,0.0,28.07,26.68,26.32,,26.32,10.0,8476.36,9278.94,9465.98
127.01450681686401,20.0,0.0,28.12,26.68,26.32,,26.32,10.0,8493.67,9278.94,9452.38
127.52949666976929,20.0,0.0,28.12,26.68,26.36,,26.36,10.0,8476.36,9278.94,9452.38
128.0289487838745,20.0,0.0,28.12,26.68,26.36,,26.36,10.0,8476.36,9278.94,9452.38
128.52828741073608,20.0,0.0,28.12,26.68,26.36,,26.36,10.0,8476.36,9278.94,9452.38
129.02630066871643,20.0,0.0,28.12,26.68,26.36,,26.36,10.0,8476.36,9278.94,9452.38
129.52444052696228,20.0,0.0,28.12,26.68,26.36,,26.36,10.0,8476.36,9278.94,9452.38
130.02541399002075,20.0,0.0,28.12,26.68,26.36,,26.36,10.0,8476.36,9278.94,9452.38
130.53943991661072,20.0,0.0,28.12,26.68,26.36,,26.36,10.0,8476.36,9265.66,9452.38
131.03905868530273,20.0,0.0,28.12,26.71,26.36,,26.36,10.0,8476.36,9265.66,9452.38
131.54040718078613,20.0,0.0,28.12,26.71,26.39,,26.39,10.0,8476.36,9265.66,9438.79
132.03780102729797,20.0,0.0,28.12,26.71,26.39,,26.39,10.0,8476.36,9265.66,9438.79
132.5362033843994,20.0,0.0,28.12,26.71,26.39,,26.39,10.0,8476.36,9265.66,9438.79
133.03636932373047,20.0,0.0,28.12,26.71,26.39,,26.39,10.0,8476.36,9265.66,9438.79
133.5383632183075,20.0,0.0,28.12,26.71,26.39,,26.39,10.0,8476.36,9265.66,9438.79
134.03928589820862,20.0,0.0,28.12,26.71,26.39,,26.39,10.0,8476.36,9265.66,9438.79
134.5384030342102,20.0,0.0,28.12,26.71,26.39,,26.39,10.0,8476.36,9265.66,9438.79
135.0384602546692,20.0,0.0,28.16,26.71,26.39,,26.39,10.0,8459.09,9265.66,9438.79
135.53982305526733,20.0,0.0,28.16,26.71,26.39,,26.39,10.0,8459.09,9265.66,9438.79
136.0535604953766,20.0,0.0,28.16,26.74,26.39,,26.39,10.0,8459.09,9252.42,9425.24
136.55500650405884,20.0,0.0,28.16,26.74,26.43,,26.43,10.0,8459.09,9252.42,9425.24
137.053964138031,20.0,0.0,28.16,26.74,26.43,,26.43,10.0,8459.09,9252.42,9425.24
137.56776428222656,20.0,0.0,28.16,26.74,26.43,,26.43,10.0,8459.09,9252.42,9425.24
138.05526065826416,20.0,0.0,28.16,26.74,26.43,,26.43,10.0,8459.09,9252.42,9425.24
138.5532054901123,20.0,0.0,28.16,26.74,26.43,,26.43,10.0,8459.09,9252.42,9425.24
139.05236077308655,20.0,0.0,28.16,26.74,26.43,,26.43,10.0,8459.09,9252.42,9425.24
139.5503933429718,20.0,0.0,28.16,26.74,26.43,,26.43,10.0,8459.09,9252.42,9425.24
140.06309700012207,20.0,0.0,28.16,26.74,26.43,,26.43,10.0,8459.09,9252.42,9425.24
140.56707000732422,20.0,0.0,28.16,26.78,26.46,,26.46,10.0,8459.09,9239.19,9411.7
141.0657880306244,20.0,0.0,28.21,26.78,26.46,,26.46,10.0,8459.09,9239.19,9411.7
141.56703639030457,20.0,0.0,28.16,26.78,26.46,,26.46,10.0,8441.86,9239.19,9411.7
142.06643056869507,20.0,0.0,28.21,26.78,26.46,,26.46,10.0,8441.86,9239.19,9411.7
142.56443214416504,20.0,0.0,28.21,26.78,26.46,,26.46,10.0,8441.86,9239.19,9411.7
143.06678438186646,20.0,0.0,28.21,26.78,26.46,,26.46,10.0,8441.86,9239.19,9411.7
143.5622169971466,20.0,0.0,28.21,26.78,26.46,,26.46,10.0,8441.86,9239.19,9411.7
144.06323957443237,20.0,0.0,28.21,26.78,26.46,,26.46,10.0,8441.86,9239.19,9411.7
144.56662845611572,20.0,0.0,28.21,26.78,26.46,,26.46,10.0,8441.86,9239.19,9411.7
145.06712317466736,20.0,0.0,28.21,26.78,26.46,,26.46,10.0,8441.86,9239.19,9411.7
145.56943655014038,20.0,0.0,28.21,26.78,26.5,,26.5,10.0,8441.86,9239.19,9411.7
146.07070970535278,20.0,0.0,28.21,26.81,26.5,,26.5,10.0,8441.86,9225.99,9398.19
146.56738948822021,20.0,0.0,28.21,26.81,26.5,,26.5,10.0,8441.86,9225.99,9398.19
147.06911373138428,20.0,0.0,28.21,26.81,26.5,,26.5,10.0,8441.86,9225.99,9398.19
147.5700204372406,20.0,0.0,28.21,26.81,26.5,,26.5,10.0,8441.86,9225.99,9398.19
148.07268285751343,20.0,0.0,28.21,26.81,26.5,,26.5,10.0,8441.86,9225.99,9398.19
148.57539796829224,20.0,0.0,28.21,26.81,26.5,,26.5,10.0,8441.86,9225.99,9398.19
149.07666301727295,20.0,0.0,28.21,26.81,26.5,,26.5,10.0,8441.86,9225.99,9398.19
149.5723717212677,20.0,0.0,28.21,26.81,26.5,,26.5,10.0,8441.86,9225.99,9398.19
150.08288979530334,20.0,0.0,28.21,26.81,26.5,,26.5,10.0,8441.86,9225.99,9398.19
150.58210396766663,20.0,0.0,28.21,26.81,26.5,,26.5,10.0,8441.86,9225.99,9398.19
151.08383989334106,20.0,0.0,28.21,26.81,26.5,,26.5,10.0,8441.86,9225.99,9398.19
151.57988095283508,20.0,0.0,28.21,26.81,26.5,,26.5,10.0,8424.67,9225.99,9398.19
152.08110094070435,20.0,0.0,28.25,26.84,26.5,,26.5,10.0,8424.67,9212.81,9398.19
152.59419131278992,20.0,0.0,28.25,26.84,26.5,,26.5,10.0,8424.67,9212.81,9398.19
153.09430575370789,20.0,0.0,28.25,26.84,26.5,,26.5,10.0,8424.67,9212.81,9398.19
153.59058833122253,20.0,0.0,28.25,26.84,26.5,,26.5,10.0,8424.67,9212.81,9384.71
154.09284782409668,20.0,0.0,28.25,26.84,26.53,,26.53,10.0,8424.67,9212.81,9384.71
154.59493207931519,20.0,0.0,28.25,26.84,26.53,,26.53,10.0,8424.67,9212.81,9384.71
155.09732699394226,20.0,0.0,28.25,26.84,26.53,,26.53,10.0,8424.67,9212.81,9384.71
155.59505200386047,20.0,0.0,28.25,26.84,26.53,,26.53,10.0,8424.67,9212.81,9384.71
156.0963921546936,20.0,0.0,28.25,26.84,26.53,,26.53,10.0,8424.67,9212.81,9384.71
156.5949056148529,20.0,0.0,28.25,26.84,26.53,,26.53,10.0,8424.67,9212.81,9384.71
157.1087839603424,20.0,0.0,28.25,26.84,26.53,,26.53,10.0,8424.67,9212.81,9384.71
157.60803723335266,20.0,0.0,28.25,26.84,26.53,,26.53,10.0,8424.67,9212.81,9384.71
158.10558605194092,20.0,0.0,28.25,26.84,26.53,,26.53,10.0,8424.67,9212.81,9384.71
158.60601425170898,20.0,0.0,28.25,26.84,26.57,,26.57,10.0,8424.67,9212.81,9371.24
159.10551404953003,20.0,0.0,28.25,26.84,26.57,,26.57,10.0,8424.67,9212.81,9371.24
159.62310457229614,20.0,0.0,28.25,26.84,26.57,,26.57,10.0,8424.67,9212.81,9371.24
160.10458254814148,20.0,0.0,28.25,26.84,26.57,,26.57,10.0,8424.67,9212.81,9371.24
160.6054768562317,20.0,0.0,28.25,26.84,26.57,,26.57,10.0,8424.67,9199.66,9371.24
161.11797332763672,20.0,0.0,28.3,26.87,26.57,,26.57,10.0,8424.67,9199.66,9371.24
161.61650037765503,20.0,0.0,28.3,26.87,26.57,,26.57,10.0,8424.67,9199.66,9371.24
162.11383724212646,20.0,0.0,28.3,26.87,26.57,,26.57,10.0,8407.52,9199.66,9371.24
162.61501836776733,20.0,0.0,28.3,26.87,26.57,,26.57,10.0,8407.52,9199.66,9371.24
163.11553716659546,20.0,0.0,28.3,26.87,26.57,,26.57,10.0,8407.52,9199.66,9371.24
163.6130244731903,20.0,0.0,28.3,26.87,26.57,,26.57,10.0,8407.52,9199.66,9371.24
164.11194348335266,20.0,0.0,28.3,26.87,26.57,,26.57,10.0,8407.52,9199.66,9371.24
164.62285614013672,20.0,0.0,28.3,26.87,26.6,,26.6,10.0,8407.52,9199.66,9371.24
165.12728023529053,20.0,0.0,28.3,26.87,26.6,,26.6,10.0,8407.52,9186.53,9371.24
165.6289610862732,20.0,0.0,28.3,26.87,26.6,,26.6,10.0,8407.52,9186.53,9357.81
166.12845492362976,20.0,0.0,28.3,26.91,26.6,,26.6,10.0,8407.52,9186.53,9357.81
166.625723361969,20.0,0.0,28.3,26.91,26.6,,26.6,10.0,8407.52,9186.53,9357.81
167.12433767318726,20.0,0.0,28.3,26.91,26.6,,26.6,10.0,8407.52,9186.53,9357.81
167.62439942359924,20.0,0.0,28.3,26.91,26.6,,26.6,10.0,8407.52,9186.53,9357.81
168.1381049156189,20.0,0.0,28.3,26.91,26.6,,26.6,10.0,8407.52,9186.53,9357.81
168.63703036308289,20.0,0.0,28.3,26.91,26.6,,26.6,10.0,8407.52,9186.53,9357.81
169.13291192054749,20.0,0.0,28.3,26.91,26.6,,26.6,10.0,8407.52,9186.53,9357.81
169.631409406662,20.0,0.0,28.3,26.91,26.6,,26.6,10.0,8407.52,9186.53,9357.81
170.13213348388672,20.0,0.0,28.3,26.91,26.64,,26.64,10.0,8407.52,9186.53,9344.39
170.63308143615723,20.0,0.0,28.3,26.91,26.64,,26.64,10.0,8390.42,9186.53,9344.39
171.13430404663086,20.0,0.0,28.34,26.91,26.64,,26.64,10.0,8390.42,9186.53,9344.39
171.63393902778625,20.0,0.0,28.34,26.91,26.64,,26.64,10.0,8390.42,9186.53,9344.39
172.14818120002747,20.0,0.0,28.34,26.94,26.64,,26.64,10.0,8390.42,9186.53,9344.39
172.64720368385315,20.0,0.0,28.34,26.94,26.64,,26.64,10.0,8390.42,9173.42,9344.39
173.14702081680298,20.0,0.0,28.34,26.94,26.64,,26.64,10.0,8390.42,9173.42,9344.39
173.64442086219788,20.0,0.0,28.34,26.94,26.64,,26.64,10.0,8390.42,9173.42,9344.39
174.14535665512085,20.0,0.0,28.34,26.94,26.64,,26.64,10.0,8390.42,9173.42,9344.39
174.6432557106018,20.0,0.0,28.34,26.94,26.64,,26.64,10.0,8390.42,9173.42,9344.39
175.1427927017212,20.0,0.0,28.34,26.94,26.64,,26.64,10.0,8390.42,9173.42,9344.39
175.658056974411,20.0,0.0,28.34,26.94,26.64,,26.64,10.0,8390.42,9173.42,9344.39
176.15686202049255,20.0,0.0,28.34,26.94,26.64,,26.64,10.0,8390.42,9173.42,9344.39
176.65789651870728,20.0,0.0,28.34,26.94,26.64,,26.64,10.0,8390.42,9173.42,9344.39
177.15660691261292,20.0,0.0,28.34,26.94,26.64,,26.64,10.0,8390.42,9173.42,9344.39
177.65600299835205,20.0,0.0,28.34,26.94,26.64,,26.64,10.0,8390.42,9173.42,9344.39
178.15581583976746,20.0,0.0,28.34,26.94,26.64,,26.64,10.0,8390.42,9173.42,9344.39
178.6539227962494,20.0,0.0,28.34,26.94,26.64,,26.64,10.0,8390.42,9173.42,9344.39
179.1700496673584,20.0,0.0,28.34,26.97,26.64,,26.64,10.0,8390.42,9173.42,9344.39
179.66576766967773,20.0,0.0,28.34,26.97,26.64,,26.64,10.0,8390.42,9160.34,9344.39
180.16503500938416,20.0,0.0,28.34,26.97,26.64,,26.64,10.0,8390.42,9173.42,9331.0
180.6679413318634,20.0,0.0,28.34,26.97,26.64,,26.64,10.0,8390.42,9160.34,9344.39
181.16746068000793,20.0,0.0,28.34,26.97,26.64,,26.64,10.0,8390.42,9173.42,9344.39
181.6664731502533,20.0,0.0,28.34,26.97,26.64,,26.64,10.0,8390.42,9160.34,9344.39
182.1635537147522,20.0,0.0,28.34,26.97,26.64,,26.64,10.0,8390.42,9160.34,9331.0
182.6641194820404,20.0,0.0,28.34,26.97,26.67,,26.67,10.0,8390.42,9160.34,9331.0
183.1760597229004,20.0,0.0,28.34,26.97,26.67,,26.67,10.0,8390.42,9160.34,9331.0
183.67622995376587,20.0,0.0,28.34,26.97,26.67,,26.67,10.0,8390.42,9160.34,9331.0
184.1716058254242,20.0,0.0,28.34,26.97,26.67,,26.67,10.0,8390.42,9160.34,9331.0
184.67277002334595,20.0,0.0,28.34,26.97,26.67,,26.67,10.0,8390.42,9160.34,9331.0
185.17343616485596,20.0,0.0,28.34,26.97,26.67,,26.67,10.0,8390.42,9160.34,9331.0
185.67076921463013,20.0,0.0,28.34,26.97,26.67,,26.67,10.0,8390.42,9160.34,9331.0
186.18699145317078,20.0,0.0,28.34,26.97,26.67,,26.67,10.0,8390.42,9160.34,9331.0
186.68228793144226,20.0,0.0,28.34,26.97,26.67,,26.67,10.0,8390.42,9160.34,9331.0
187.18311262130737,20.0,0.0,28.34,26.97,26.67,,26.67,10.0,8390.42,9160.34,9331.0
187.68685388565063,20.0,0.0,28.34,26.97,26.67,,26.67,10.0,8390.42,9160.34,9331.0
188.18618488311768,20.0,0.0,28.34,26.97,26.67,,26.67,10.0,8390.42,9160.34,9331.0
188.68252801895142,20.0,0.0,28.34,26.97,26.67,,26.67,10.0,8390.42,9160.34,9331.0
189.1964190006256,20.0,0.0,28.34,26.97,26.67,,26.67,10.0,8390.42,9147.27,9331.0
189.69223880767822,20.0,0.0,28.34,27.0,26.67,,26.67,10.0,8390.42,9160.34,9331.0
190.19193267822266,20.0,0.0,28.39,27.0,26.67,,26.67,10.0,8373.36,9160.34,9331.0
190.6871702671051,20.0,0.0,28.39,27.0,26.67,,26.67,10.0,8373.36,9160.34,9331.0
191.1918694972992,20.0,0.0,28.39,27.0,26.67,,26.67,10.0,8373.36,9147.27,9317.64
191.68986749649048,20.0,0.0,28.39,27.0,26.71,,26.71,10.0,8373.36,9147.27,9317.64
192.1881721019745,20.0,0.0,28.39,27.0,26.71,,26.71,10.0,8373.36,9147.27,9317.64
192.68929719924927,20.0,0.0,28.39,27.0,26.71,,26.71,10.0,8373.36,9147.27,9317.64
193.19021701812744,20.0,0.0,28.39,27.0,26.71,,26.71,10.0,8373.36,9147.27,9317.64
193.70079064369202,20.0,0.0,28.39,27.0,26.71,,26.71,10.0,8373.36,9147.27,9317.64
194.1984622478485,20.0,0.0,28.39,27.0,26.71,,26.71,10.0,8373.36,9147.27,9317.64
194.69581413269043,20.0,0.0,28.39,27.0,26.71,,26.71,10.0,8373.36,9147.27,9317.64
195.19648218154907,20.0,0.0,28.39,27.0,26.71,,26.71,10.0,8373.36,9147.27,9317.64
195.70912218093872,20.0,0.0,28.39,27.0,26.71,,26.71,10.0,8373.36,9147.27,9317.64
196.2089719772339,20.0,0.0,28.39,27.0,26.71,,26.71,10.0,8373.36,9147.27,9317.64
196.7270472049713,20.0,0.0,28.39,27.0,26.71,,26.71,10.0,8373.36,9147.27,9317.64
197.20732021331787,20.0,0.0,28.39,27.0,26.71,,26.71,10.0,8356.34,9147.27,9317.64
197.70382356643677,20.0,0.0,28.39,27.0,26.71,,26.71,10.0,8356.34,9147.27,9317.64
198.2051260471344,20.0,0.0,28.39,27.0,26.71,,26.71,10.0,8356.34,9147.27,9317.64
198.71771478652954,20.0,0.0,28.43,27.0,26.71,,26.71,10.0,8356.34,9147.27,9317.64
199.222092628479,20.0,0.0,28.43,27.0,26.71,,26.71,10.0,8356.34,9147.27,9317.64
199.71752047538757,20.0,0.0,28.43,27.03,26.71,,26.71,10.0,8356.34,9147.27,9317.64
200.21835613250732,20.0,0.0,28.43,27.03,26.71,,26.71,10.0,8356.34,9147.27,9317.64
200.7184455394745,20.0,0.0,28.43,27.03,26.71,,26.71,10.0,8356.34,9134.24,9317.64
201.2184236049652,20.0,0.0,28.43,27.03,26.71,,26.71,10.0,8356.34,9134.24,9317.64
201.71632170677185,20.0,0.0,28.43,27.03,26.71,,26.71,10.0,8356.34,9147.27,9317.64
202.21663808822632,20.0,0.0,28.43,27.03,26.71,,26.71,10.0,8356.34,9134.24,9317.64
202.71613025665283,20.0,0.0,28.43,27.03,26.74,,26.74,10.0,8356.34,9134.24,9317.64
203.23044109344482,20.0,0.0,28.43,27.03,26.74,,26.74,10.0,8356.34,9134.24,9304.3
203.73219633102417,20.0,0.0,28.43,27.03,26.74,,26.74,10.0,8356.34,9134.24,9304.3
204.2302234172821,20.0,0.0,28.43,27.03,26.74,,26.74,10.0,8356.34,9134.24,9304.3
204.73049020767212,20.0,0.0,28.43,27.03,26.74,,26.74,10.0,8356.34,9134.24,9304.3
205.22919034957886,20.0,0.0,28.43,27.03,26.74,,26.74,10.0,8356.34,9134.24,9304.3
205.72793865203857,20.0,0.0,28.43,27.03,26.74,,26.74,10.0,8356.34,9134.24,9304.3
206.22528862953186,20.0,0.0,28.43,27.03,26.74,,26.74,10.0,8356.34,9134.24,9304.3
206.74008345603943,20.0,0.0,28.43,27.03,26.74,,26.74,10.0,8356.34,9134.24,9304.3
207.2391815185547,20.0,0.0,28.43,27.03,26.74,,26.74,10.0,8356.34,9134.24,9304.3
207.7390296459198,20.0,0.0,28.43,27.03,26.74,,26.74,10.0,8356.34,9134.24,9304.3
208.23844385147095,20.0,0.0,28.43,27.03,26.74,,26.74,10.0,8356.34,9134.24,9304.3
208.73943519592285,20.0,0.0,28.43,27.03,26.74,,26.74,10.0,8356.34,9134.24,9304.3
209.24232149124146,20.0,0.0,28.43,27.07,26.74,,26.74,10.0,8356.34,9134.24,9304.3
209.74024415016174,20.0,0.0,28.43,27.03,26.74,,26.74,10.0,8356.34,9121.22,9304.3
210.24225330352783,20.0,0.0,28.43,27.07,26.74,,26.74,10.0,8356.34,9121.22,9304.3
210.74010825157166,20.0,0.0,28.43,27.03,26.74,,26.74,10.0,8356.34,9121.22,9304.3
211.25281739234924,20.0,0.0,28.43,27.07,26.74,,26.74,10.0,8356.34,9121.22,9304.3
211.74960589408875,20.0,0.0,28.43,27.07,26.74,,26.74,10.0,8356.34,9121.22,9290.98
212.25191402435303,20.0,0.0,28.43,27.07,26.74,,26.74,10.0,8356.34,9121.22,9290.98
212.75068926811218,20.0,0.0,28.43,27.07,26.74,,26.74,10.0,8356.34,9121.22,9290.98
213.2484486103058,20.0,0.0,28.43,27.07,26.74,,26.74,10.0,8356.34,9121.22,9290.98
213.74713516235352,20.0,0.0,28.43,27.07,26.78,,26.78,10.0,8356.34,9121.22,9290.98
214.24763870239258,20.0,0.0,28.43,27.07,26.78,,26.78,10.0,8356.34,9121.22,9290.98
214.75045251846313,20.0,0.0,28.43,27.07,26.78,,26.78,10.0,8356.34,9121.22,9290.98
215.2510371208191,20.0,0.0,28.43,27.07,26.78,,26.78,10.0,8356.34,9121.22,9290.98
215.75118255615234,20.0,0.0,28.43,27.07,26.78,,26.78,10.0,8356.34,9121.22,9290.98
216.26381015777588,20.0,0.0,28.43,27.07,26.78,,26.78,10.0,8356.34,9121.22,9290.98
216.76610040664673,20.0,0.0,28.43,27.07,26.78,,26.78,10.0,8356.34,9121.22,9290.98
217.26721739768982,20.0,0.0,28.43,27.07,26.78,,26.78,10.0,8356.34,9121.22,9290.98
217.76945066452026,20.0,0.0,28.43,27.07,26.78,,26.78,10.0,8356.34,9121.22,9290.98
218.2678575515747,20.0,0.0,28.43,27.07,26.78,,26.78,10.0,8356.34,9121.22,9290.98
218.76225399971008,20.0,0.0,28.43,27.07,26.78,,26.78,10.0,8356.34,9121.22,9290.98
219.2589147090912,20.0,0.0,28.43,27.07,26.78,,26.78,10.0,8356.34,9121.22,9290.98
219.7734293937683,20.0,0.0,28.47,27.07,26.78,,26.78,10.0,8339.36,9121.22,9290.98
220.2757031917572,20.0,0.0,28.43,27.07,26.78,,26.78,10.0,8339.36,9121.22,9290.98
220.77577114105225,20.0,0.0,28.43,27.07,26.78,,26.78,10.0,8339.36,9121.22,9290.98
221.2740285396576,20.0,0.0,28.43,27.07,26.78,,26.78,10.0,8339.36,9121.22,9290.98
221.77135562896729,20.0,0.0,28.43,27.07,26.78,,26.78,10.0,8339.36,9121.22,9290.98
222.26966452598572,20.0,0.0,28.43,27.07,26.78,,26.78,10.0,8339.36,9121.22,9290.98
222.76880073547363,20.0,0.0,28.47,27.07,26.78,,26.78,10.0,8339.36,9121.22,9290.98
223.2847375869751,20.0,0.0,28.47,27.07,26.78,,26.78,10.0,8339.36,9121.22,9290.98
223.78399324417114,20.0,0.0,28.47,27.07,26.78,,26.78,10.0,8339.36,9121.22,9290.98
224.28149795532227,20.0,0.0,28.47,27.07,26.78,,26.78,10.0,8339.36,9121.22,9290.98
224.78143072128296,20.0,0.0,28.47,27.07,26.81,,26.81,10.0,8339.36,9121.22,9290.98
225.28229999542236,20.0,0.0,28.47,27.1,26.78,,26.78,10.0,8339.36,9121.22,9290.98
225.78294968605042,20.0,0.0,28.47,27.07,26.78,,26.78,10.0,8339.36,9121.22,9290.98
226.2823724746704,20.0,0.0,28.47,27.1,26.81,,26.81,10.0,8339.36,9108.23,9277.69
226.78568148612976,20.0,0.0,28.47,27.1,26.81,,26.81,10.0,8339.36,9108.23,9277.69
227.2849190235138,20.0,0.0,28.47,27.1,26.81,,26.81,10.0,8339.36,9121.22,9277.69
227.7957935333252,20.0,0.0,28.47,27.1,26.81,,26.81,10.0,8339.36,9121.22,9277.69
228.2922933101654,20.0,0.0,28.47,27.1,26.81,,26.81,10.0,8339.36,9108.23,9277.69
228.79102897644043,20.0,0.0,28.47,27.1,26.81,,26.81,10.0,8339.36,9108.23,9277.69
229.29402017593384,20.0,0.0,28.47,27.1,26.81,,26.81,10.0,8339.36,9108.23,9277.69
229.79416251182556,20.0,0.0,28.47,27.1,26.81,,26.81,10.0,8339.36,9108.23,9277.69
230.29083442687988,20.0,0.0,28.47,27.1,26.81,,26.81,10.0,8339.36,9108.23,9277.69
230.80443620681763,20.0,0.0,28.47,27.1,26.81,,26.81,10.0,8339.36,9108.23,9277.69
231.30191826820374,20.0,0.0,28.47,27.1,26.81,,26.81,10.0,8339.36,9108.23,9277.69
231.79996919631958,20.0,0.0,28.47,27.1,26.81,,26.81,10.0,8339.36,9108.23,9277.69
232.29675006866455,20.0,0.0,28.47,27.1,26.81,,26.81,10.0,8339.36,9108.23,9277.69
232.79556322097778,20.0,0.0,28.47,27.1,26.81,,26.81,10.0,8339.36,9108.23,9277.69
233.30900716781616,20.0,0.0,28.47,27.1,26.81,,26.81,10.0,8339.36,9108.23,9277.69
233.80585718154907,20.0,0.0,28.47,27.1,26.81,,26.81,10.0,8339.36,9108.23,9277.69
234.30553483963013,20.0,0.0,28.47,27.1,26.81,,26.81,10.0,8339.36,9108.23,9277.69
234.80410861968994,20.0,0.0,28.47,27.1,26.81,,26.81,10.0,8339.36,9108.23,9277.69
235.3067536354065,20.0,0.0,28.47,27.1,26.81,,26.81,10.0,8339.36,9108.23,9277.69
235.8191637992859,20.0,0.0,28.47,27.1,26.81,,26.81,10.0,8339.36,9108.23,9277.69
236.3205282688141,20.0,0.0,28.47,27.1,26.81,,26.81,10.0,8339.36,9108.23,9277.69
236.8184757232666,20.0,0.0,28.47,27.1,26.81,,26.81,10.0,8339.36,9108.23,9277.69
237.321524143219,20.0,0.0,28.47,27.1,26.81,,26.81,10.0,8339.36,9108.23,9277.69
237.8092656135559,20.0,0.0,28.47,27.1,26.81,,26.81,10.0,8339.36,9108.23,9277.69
238.32315802574158,20.0,0.0,28.47,27.1,26.81,,26.81,10.0,8339.36,9108.23,9264.42
238.82183456420898,20.0,0.0,28.47,27.1,26.81,,26.81,10.0,8339.36,9108.23,9277.69
239.32313466072083,20.0,0.0,28.47,27.1,26.81,,26.81,10.0,8339.36,9108.23,9277.69
239.81995177268982,20.0,0.0,28.47,27.1,26.81,,26.81,10.0,8339.36,9108.23,9277.69
240.3202452659607,20.0,0.0,28.47,27.1,26.81,,26.81,10.0,8339.36,9108.23,9277.69
240.81966304779053,20.0,0.0,28.47,27.1,26.81,,26.81,10.0,8339.36,9108.23,9277.69
241.33364176750183,20.0,0.0,28.47,27.1,26.81,,26.81,10.0,8339.36,9108.23,9277.69
241.83349227905273,20.0,0.0,28.47,27.1,26.85,,26.85,10.0,8339.36,9108.23,9264.42
242.3351469039917,20.0,0.0,28.47,27.1,26.85,,26.85,10.0,8339.36,9108.23,9264.42
242.83615899085999,20.0,0.0,28.47,27.1,26.85,,26.85,10.0,8339.36,9108.23,9264.42
243.33249402046204,20.0,0.0,28.47,27.1,26.85,,26.85,10.0,8339.36,9108.23,9264.42
243.82973957061768,20.0,0.0,28.47,27.1,26.85,,26.85,10.0,8339.36,9108.23,9264.42
244.3311014175415,20.0,0.0,28.47,27.13,26.85,,26.85,10.0,8339.36,9108.23,9264.42
244.82856512069702,20.0,0.0,28.52,27.13,26.85,,26.85,10.0,8322.42,9108.23,9264.42
245.34274911880493,20.0,0.0,28.52,27.13,26.85,,26.85,10.0,8322.42,9108.23,9264.42
245.83781337738037,20.0,0.0,28.52,27.1,26.85,,26.85,10.0,8322.42,9095.26,9264.42
246.33748388290405,20.0,0.0,28.52,27.1,26.85,,26.85,10.0,8322.42,9108.23,9264.42
246.83475875854492,20.0,0.0,28.52,27.13,26.85,,26.85,10.0,8322.42,9095.26,9264.42
247.33304119110107,20.0,0.0,28.52,27.1,26.85,,26.85,10.0,8322.42,9108.23,9264.42
247.8490068912506,20.0,0.0,28.52,27.13,26.85,,26.85,10.0,8322.42,9095.26,9264.42
248.347092628479,20.0,0.0,28.52,27.1,26.85,,26.85,10.0,8322.42,9095.26,9264.42
248.84790563583374,20.0,0.0,28.52,27.13,26.85,,26.85,10.0,8322.42,9095.26,9264.42
249.34656953811646,20.0,0.0,28.52,27.13,26.85,,26.85,10.0,8322.42,9095.26,9264.42
249.8469340801239,20.0,0.0,28.52,27.13,26.85,,26.85,10.0,8322.42,9095.26,9264.42
250.34799671173096,20.0,0.0,28.52,27.13,26.85,,26.85,10.0,8322.42,9095.26,9264.42
250.84492683410645,20.0,0.0,28.52,27.13,26.85,,26.85,10.0,8322.42,9095.26,9264.42
251.35951399803162,20.0,0.0,28.52,27.13,26.85,,26.85,10.0,8322.42,9095.26,9264.42
251.8581042289734,20.0,0.0,28.52,27.13,26.85,,26.85,10.0,8322.42,9095.26,9264.42
252.35500574111938,20.0,0.0,28.52,27.13,26.88,,26.88,10.0,8322.42,9095.26,9251.17
252.85250973701477,20.0,0.0,28.52,27.13,26.88,,26.88,10.0,8322.42,9095.26,9251.17
253.35281491279602,20.0,0.0,28.52,27.13,26.88,,26.88,10.0,8322.42,9095.26,9251.17
253.85466241836548,20.0,0.0,28.52,27.13,26.88,,26.88,10.0,8322.42,9095.26,9264.42
254.35376405715942,20.0,0.0,28.52,27.13,26.88,,26.88,10.0,8322.42,9095.26,9251.17
254.86610960960388,20.0,0.0,28.52,27.13,26.88,,26.88,10.0,8322.42,9095.26,9251.17
255.36442017555237,20.0,0.0,28.52,27.13,26.88,,26.88,10.0,8322.42,9095.26,9251.17
255.86428356170654,20.0,0.0,28.52,27.13,26.88,,26.88,10.0,8322.42,9095.26,9251.17
256.36414861679077,20.0,0.0,28.52,27.13,26.88,,26.88,10.0,8322.42,9095.26,9251.17
256.8628959655762,20.0,0.0,28.52,27.13,26.88,,26.88,10.0,8322.42,9095.26,9251.17
257.3611481189728,20.0,0.0,28.52,27.13,26.88,,26.88,10.0,8322.42,9095.26,9251.17
257.8732650279999,20.0,0.0,28.52,27.13,26.88,,26.88,10.0,8322.42,9095.26,9251.17
258.37587547302246,20.0,0.0,28.52,27.13,26.88,,26.88,10.0,8322.42,9095.26,9251.17
258.87475991249084,20.0,0.0,28.52,27.13,26.88,,26.88,10.0,8322.42,9095.26,9251.17
259.37581419944763,20.0,0.0,28.52,27.13,26.88,,26.88,10.0,8322.42,9095.26,9251.17
259.8742616176605,20.0,0.0,28.52,27.13,26.88,,26.88,10.0,8322.42,9095.26,9251.17
260.3713274002075,20.0,0.0,28.52,27.13,26.88,,26.88,10.0,8322.42,9095.26,9251.17
260.8703808784485,20.0,0.0,28.52,27.13,26.88,,26.88,10.0,8322.42,9095.26,9251.17
261.3831298351288,20.0,0.0,28.52,27.16,26.88,,26.88,10.0,8322.42,9082.31,9251.17
261.8810980319977,20.0,0.0,28.52,27.16,26.88,,26.88,10.0,8322.42,9082.31,9251.17
262.38096952438354,20.0,0.0,28.52,27.16,26.88,,26.88,10.0,8322.42,9082.31,9251.17
262.87933683395386,20.0,0.0,28.52,27.16,26.88,,26.88,10.0,8322.42,9082.31,9251.17
263.3784418106079,20.0,0.0,28.52,27.16,26.88,,26.88,10.0,8322.42,9082.31,9251.17
263.89300513267517,20.0,0.0,28.52,27.16,26.88,,26.88,10.0,8322.42,9082.31,9251.17
264.39284563064575,20.0,0.0,28.52,27.16,26.88,,26.88,10.0,8322.42,9082.31,9251.17
264.8913724422455,20.0,0.0,28.52,27.16,26.88,,26.88,10.0,8322.42,9082.31,9251.17
265.3901364803314,20.0,0.0,28.52,27.16,26.88,,26.88,10.0,8322.42,9082.31,9251.17
265.8940005302429,20.0,0.0,28.52,27.16,26.88,,26.88,10.0,8322.42,9082.31,9251.17
266.3963394165039,20.0,0.0,28.52,27.16,26.88,,26.88,10.0,8322.42,9082.31,9251.17
266.89502930641174,20.0,0.0,28.52,27.16,26.88,,26.88,10.0,8322.42,9082.31,9251.17
267.39508295059204,20.0,0.0,28.52,27.16,26.92,,26.92,10.0,8322.42,9082.31,9251.17
267.8954031467438,20.0,0.0,28.52,27.16,26.88,,26.88,10.0,8322.42,9082.31,9237.95
268.4101777076721,20.0,0.0,28.52,27.16,26.88,,26.88,10.0,8322.42,9082.31,9237.95
268.9017469882965,20.0,0.0,28.52,27.16,26.88,,26.88,10.0,8322.42,9082.31,9251.17
269.40428709983826,20.0,0.0,28.52,27.16,26.88,,26.88,10.0,8322.42,9082.31,9251.17
269.89955496788025,20.0,0.0,28.52,27.16,26.92,,26.92,10.0,8322.42,9082.31,9237.95
270.40008664131165,20.0,0.0,28.52,27.16,26.92,,26.92,10.0,8322.42,9082.31,9237.95
270.8990020751953,20.0,0.0,28.52,27.2,26.92,,26.92,10.0,8322.42,9069.39,9237.95
271.40045046806335,20.0,0.0,28.52,27.16,26.92,,26.92,10.0,8322.42,9069.39,9237.95
271.9093008041382,20.0,0.0,28.52,27.2,26.92,,26.92,10.0,8322.42,9082.31,9237.95
272.40729427337646,20.0,0.0,28.52,27.2,26.92,,26.92,10.0,8322.42,9069.39,9237.95
272.9057137966156,20.0,0.0,28.52,27.2,26.92,,26.92,10.0,8322.42,9069.39,9237.95
273.4071981906891,20.0,0.0,28.52,27.2,26.92,,26.92,10.0,8322.42,9069.39,9237.95
273.9031734466553,20.0,0.0,28.52,27.2,26.92,,26.92,10.0,8322.42,9069.39,9237.95
274.4203288555145,20.0,0.0,28.52,27.2,26.92,,26.92,10.0,8322.42,9069.39,9237.95
274.9183762073517,20.0,0.0,28.52,27.2,26.92,,26.92,10.0,8322.42,9069.39,9237.95
275.4200553894043,20.0,0.0,28.52,27.2,26.92,,26.92,10.0,8322.42,9069.39,9237.95
275.9213480949402,20.0,0.0,28.52,27.2,26.92,,26.92,10.0,8322.42,9069.39,9237.95
276.42202258110046,20.0,0.0,28.52,27.2,26.92,,26.92,10.0,8322.42,9069.39,9237.95
276.9207344055176,20.0,0.0,28.52,27.2,26.92,,26.92,10.0,8322.42,9069.39,9237.95
277.4213593006134,20.0,0.0,28.52,27.2,26.92,,26.92,10.0,8322.42,9069.39,9237.95
277.91900157928467,20.0,0.0,28.52,27.2,26.92,,26.92,10.0,8322.42,9069.39,9237.95
278.41945123672485,20.0,0.0,28.52,27.2,26.92,,26.92,10.0,8322.42,9069.39,9237.95
278.9322154521942,20.0,0.0,28.52,27.2,26.92,,26.92,10.0,8322.42,9069.39,9237.95
279.4280650615692,20.0,0.0,28.52,27.2,26.92,,26.92,10.0,8305.52,9069.39,9237.95
279.92801904678345,20.0,0.0,28.52,27.2,26.92,,26.92,10.0,8322.42,9069.39,9237.95
280.4242877960205,20.0,0.0,28.56,27.2,26.92,,26.92,10.0,8305.52,9069.39,9237.95
280.92365431785583,20.0,0.0,28.52,27.2,26.95,,26.95,10.0,8322.42,9069.39,9237.95
281.4373164176941,20.0,0.0,28.52,27.2,26.95,,26.95,10.0,8322.42,9069.39,9224.75
281.93752360343933,20.0,0.0,28.56,27.2,26.95,,26.95,10.0,8322.42,9069.39,9224.75
282.43546891212463,20.0,0.0,28.56,27.2,26.95,,26.95,10.0,8305.52,9069.39,9224.75
282.93606662750244,20.0,0.0,28.56,27.2,26.95,,26.95,10.0,8305.52,9069.39,9224.75
283.4383080005646,20.0,0.0,28.56,27.2,26.95,,26.95,10.0,8305.52,9069.39,9224.75
283.9391849040985,20.0,0.0,28.56,27.2,26.95,,26.95,10.0,8305.52,9069.39,9224.75
284.4401581287384,20.0,0.0,28.56,27.2,26.95,,26.95,10.0,8305.52,9069.39,9224.75
284.93701696395874,20.0,0.0,28.56,27.2,26.95,,26.95,10.0,8305.52,9069.39,9224.75
285.43742299079895,20.0,0.0,28.56,27.2,26.95,,26.95,10.0,8305.52,9069.39,9224.75
285.9353778362274,20.0,0.0,28.56,27.2,26.95,,26.95,10.0,8305.52,9069.39,9224.75
286.43936228752136,20.0,0.0,28.56,27.2,26.95,,26.95,10.0,8305.52,9069.39,9224.75
286.93925952911377,20.0,0.0,28.56,27.2,26.95,,26.95,10.0,8305.52,9069.39,9224.75
287.4413068294525,20.0,0.0,28.56,27.2,26.95,,26.95,10.0,8305.52,9069.39,9224.75
287.9557237625122,20.0,0.0,28.56,27.2,26.95,,26.95,10.0,8305.52,9069.39,9224.75
288.4529757499695,20.0,0.0,28.56,27.2,26.95,,26.95,10.0,8305.52,9069.39,9224.75
288.95371747016907,20.0,0.0,28.56,27.2,26.95,,26.95,10.0,8305.52,9069.39,9224.75
289.45115423202515,20.0,0.0,28.56,27.2,26.95,,26.95,10.0,8305.52,9069.39,9224.75
289.9500892162323,20.0,0.0,28.56,27.2,26.95,,26.95,10.0,8305.52,9069.39,9224.75
290.4502260684967,20.0,0.0,28.56,27.2,26.95,,26.95,10.0,8305.52,9069.39,9224.75
290.9611678123474,20.0,0.0,28.56,27.2,26.95,,26.95,10.0,8305.52,9069.39,9224.75
291.46138620376587,20.0,0.0,28.56,27.2,26.95,,26.95,10.0,8305.52,9069.39,9224.75
291.95772647857666,20.0,0.0,28.56,27.2,26.95,,26.95,10.0,8305.52,9069.39,9224.75
292.45504212379456,20.0,0.0,28.56,27.2,26.95,,26.95,10.0,8305.52,9069.39,9224.75
292.95618867874146,20.0,0.0,28.56,27.2,26.95,,26.95,10.0,8305.52,9069.39,9224.75
293.4703516960144,20.0,0.0,28.56,27.2,26.95,,26.95,10.0,8305.52,9069.39,9224.75
293.9682950973511,20.0,0.0,28.56,27.23,26.95,,26.95,10.0,8305.52,9069.39,9224.75
294.46428084373474,20.0,0.0,28.56,27.23,26.95,,26.95,10.0,8305.52,9069.39,9224.75
294.96359944343567,20.0,0.0,28.56,27.23,26.95,,26.95,10.0,8305.52,9069.39,9224.75
295.4626111984253,20.0,0.0,28.56,27.2,26.95,,26.95,10.0,8305.52,9069.39,9224.75
295.97667813301086,20.0,0.0,28.56,27.2,26.95,,26.95,10.0,8305.52,9069.39,9224.75
296.4747247695923,20.0,0.0,28.56,27.2,26.95,,26.95,10.0,8305.52,9056.49,9224.75
296.970751285553,20.0,0.0,28.56,27.2,26.95,,26.95,10.0,8305.52,9069.39,9224.75
297.47165036201477,20.0,0.0,28.56,27.2,26.95,,26.95,10.0,8305.52,9056.49,9211.58
297.970680475235,20.0,0.0,28.56,27.23,26.95,,26.95,10.0,8305.52,9056.49,9224.75
298.4721567630768,20.0,0.0,28.56,27.23,26.95,,26.95,10.0,8305.52,9056.49,9224.75
298.98377776145935,20.0,0.0,28.56,27.23,26.95,,26.95,10.0,8305.52,9056.49,9224.75
299.47402000427246,20.0,0.0,28.56,27.23,26.95,,26.95,10.0,8305.52,9056.49,9224.75
299.98544049263,20.0,0.0,28.56,27.23,26.99,,26.99,10.0,8305.52,9056.49,9211.58
300.48200249671936,20.0,0.0,28.56,27.23,26.95,,26.95,10.0,8305.52,9056.49,9211.58
300.9819414615631,20.0,0.0,28.56,27.23,26.99,,26.99,10.0,8305.52,9056.49,9211.58
301.48061180114746,20.0,0.0,28.56,27.23,26.99,,26.99,10.0,8305.52,9056.49,9211.58
301.9858298301697,20.0,0.0,28.56,27.23,26.99,,26.99,10.0,8305.52,9056.49,9211.58
302.48707604408264,20.0,0.0,28.56,27.23,26.99,,26.99,10.0,8305.52,9056.49,9211.58
302.98985409736633,20.0,0.0,28.56,27.23,26.99,,26.99,10.0,8305.52,9056.49,9211.58
303.48952078819275,20.0,0.0,28.56,27.23,26.99,,26.99,10.0,8305.52,9056.49,9211.58
303.98795557022095,20.0,0.0,28.56,27.23,26.99,,26.99,10.0,8305.52,9056.49,9211.58
304.48788475990295,20.0,0.0,28.56,27.23,26.99,,26.99,10.0,8305.52,9056.49,9211.58
304.9873504638672,20.0,0.0,28.56,27.23,26.99,,26.99,10.0,8305.52,9056.49,9211.58
305.50158524513245,20.0,0.0,28.56,27.23,26.99,,26.99,10.0,8305.52,9056.49,9211.58
305.99992394447327,20.0,0.0,28.61,27.23,26.99,,26.99,10.0,8305.52,9056.49,9211.58
306.5015239715576,20.0,0.0,28.61,27.23,26.99,,26.99,10.0,8288.67,9056.49,9211.58
306.9956166744232,20.0,0.0,28.61,27.23,26.99,,26.99,10.0,8288.67,9056.49,9211.58
307.4942591190338,20.0,0.0,28.61,27.23,26.99,,26.99,10.0,8288.67,9056.49,9211.58
307.99850368499756,20.0,0.0,28.56,27.23,26.99,,26.99,10.0,8288.67,9056.49,9211.58
308.4979841709137,20.0,0.0,28.61,27.23,26.99,,26.99,10.0,8288.67,9056.49,9211.58
309.00762605667114,20.0,0.0,28.61,27.23,26.99,,26.99,10.0,8288.67,9056.49,9211.58
309.50858306884766,20.0,0.0,28.61,27.23,26.99,,26.99,10.0,8288.67,9056.49,9211.58
310.00656628608704,20.0,0.0,28.61,27.23,26.99,,26.99,10.0,8288.67,9056.49,9211.58
310.5052983760834,20.0,0.0,28.61,27.23,26.99,,26.99,10.0,8288.67,9056.49,9211.58
311.0031204223633,20.0,0.0,28.61,27.23,26.99,,26.99,10.0,8288.67,9056.49,9211.58
311.5185179710388,20.0,0.0,28.61,27.23,26.99,,26.99,10.0,8288.67,9056.49,9211.58
312.01721453666687,20.0,0.0,28.61,27.23,26.99,,26.99,10.0,8288.67,9056.49,9211.58
312.51487159729004,20.0,0.0,28.61,27.23,26.99,,26.99,10.0,8288.67,9056.49,9211.58
313.0123977661133,20.0,0.0,28.61,27.23,26.99,,26.99,10.0,8288.67,9056.49,9211.58
313.5120167732239,20.0,0.0,28.61,27.23,26.99,,26.99,10.0,8288.67,9056.49,9211.58
314.01126861572266,20.0,0.0,28.61,27.23,26.99,,26.99,10.0,8288.67,9056.49,9211.58
314.52373933792114,20.0,0.0,28.61,27.23,26.99,,26.99,10.0,8288.67,9056.49,9211.58
315.02374792099,20.0,0.0,28.61,27.23,26.99,,26.99,10.0,8288.67,9056.49,9211.58
315.52791237831116,20.0,0.0,28.61,27.23,26.99,,26.99,10.0,8288.67,9043.61,9211.58
316.02591943740845,20.0,0.0,28.61,27.23,26.99,,26.99,10.0,8288.67,9056.49,9211.58
316.5260090827942,20.0,0.0,28.61,27.23,26.99,,26.99,10.0,8288.67,9056.49,9211.58
317.0301752090454,20.0,0.0,28.61,27.23,26.99,,26.99,10.0,8288.67,9056.49,9211.58
317.5349750518799,20.0,0.0,28.61,27.23,26.99,,26.99,10.0,8288.67,9056.49,9211.58
318.03644609451294,20.0,0.0,28.61,27.23,26.99,,26.99,10.0,8288.67,9056.49,9211.58
318.5345027446747,20.0,0.0,28.61,27.23,26.99,,26.99,10.0,8288.67,9056.49,9211.58
319.03677320480347,20.0,0.0,28.61,27.23,26.99,,26.99,10.0,8288.67,9056.49,9211.58
319.5354015827179,20.0,0.0,28.61,27.23,26.99,,26.99,10.0,8288.67,9056.49,9211.58
320.0358967781067,20.0,0.0,28.61,27.23,26.99,,26.99,10.0,8288.67,9056.49,9211.58
320.53653049468994,20.0,0.0,28.61,27.23,26.99,,26.99,10.0,8288.67,9056.49,9211.58
321.03653264045715,20.0,0.0,28.61,27.23,26.99,,26.99,10.0,8288.67,9056.49,9211.58
321.5354571342468,20.0,0.0,28.61,27.23,26.99,,26.99,10.0,8288.67,9056.49,9211.58
322.04703760147095,20.0,0.0,28.61,27.23,26.99,,26.99,10.0,8288.67,9043.61,9211.58
322.53531074523926,20.0,0.0,28.61,27.23,26.99,,26.99,10.0,8288.67,9043.61,9211.58
323.03427815437317,20.0,0.0,28.61,27.26,26.99,,26.99,10.0,8288.67,9056.49,9211.58
323.5505483150482,20.0,0.0,28.61,27.26,26.99,,26.99,10.0,8288.67,9043.61,9211.58
324.0483944416046,20.0,0.0,28.61,27.26,26.99,,26.99,10.0,8288.67,9043.61,9211.58
324.56472063064575,20.0,0.0,28.61,27.26,26.99,,26.99,10.0,8288.67,9043.61,9211.58
325.09919238090515,20.0,0.0,28.61,27.26,26.99,,26.99,10.0,8288.67,9043.61,9211.58
325.56601905822754,20.0,0.0,28.61,27.26,26.99,,26.99,10.0,8288.67,9043.61,9211.58
326.05237770080566,20.0,0.0,28.61,27.26,26.99,,26.99,10.0,8288.67,9043.61,9211.58
326.5533607006073,20.0,0.0,28.61,27.26,26.99,,26.99,10.0,8288.67,9043.61,9211.58
327.05299282073975,20.0,0.0,28.61,27.26,26.99,,26.99,10.0,8288.67,9043.61,9211.58
327.55014157295227,20.0,0.0,28.61,27.26,26.99,,26.99,10.0,8288.67,9043.61,9211.58
328.0630784034729,20.0,0.0,28.61,27.26,26.99,,26.99,10.0,8288.67,9043.61,9211.58
328.5620446205139,20.0,0.0,28.61,27.26,26.99,,26.99,10.0,8288.67,9043.61,9211.58
329.0632743835449,20.0,0.0,28.61,27.26,26.99,,26.99,10.0,8288.67,9043.61,9211.58
329.56208324432373,20.0,0.0,28.61,27.26,26.99,,26.99,10.0,8288.67,9043.61,9211.58
330.0591514110565,20.0,0.0,28.61,27.26,26.99,,26.99,10.0,8288.67,9043.61,9211.58
330.55738830566406,20.0,0.0,28.61,27.26,26.99,,26.99,10.0,8288.67,9043.61,9211.58
331.0570559501648,20.0,0.0,28.61,27.26,26.99,,26.99,10.0,8288.67,9043.61,9211.58
331.55536580085754,20.0,0.0,28.61,27.26,26.99,,26.99,10.0,8288.67,9043.61,9211.58
332.0727388858795,20.0,0.0,28.61,27.26,26.99,,26.99,10.0,8288.67,9043.61,9211.58
332.5696907043457,20.0,0.0,28.61,27.26,26.99,,26.99,10.0,8288.67,9043.61,9211.58
333.07492780685425,20.0,0.0,28.61,27.26,26.99,,26.99,10.0,8288.67,9043.61,9211.58
333.57506370544434,20.0,0.0,28.61,27.26,26.99,,26.99,10.0,8288.67,9043.61,9211.58
334.0720126628876,20.0,0.0,28.61,27.26,26.99,,26.99,10.0,8288.67,9043.61,9211.58
334.5713622570038,20.0,0.0,28.61,27.26,26.99,,26.99,10.0,8288.67,9043.61,9198.42
335.07179594039917,20.0,0.0,28.61,27.26,26.99,,26.99,10.0,8288.67,9043.61,9198.42
335.571284532547,20.0,0.0,28.61,27.26,26.99,,26.99,10.0,8288.67,9043.61,9198.42
336.07146668434143,20.0,0.0,28.61,27.26,26.99,,26.99,10.0,8288.67,9043.61,9211.58
336.5745611190796,20.0,0.0,28.61,27.26,26.99,,26.99,10.0,8288.67,9043.61,9198.42
337.07643604278564,20.0,0.0,28.61,27.26,27.02,,27.02,10.0,8288.67,9043.61,9198.42
337.5731101036072,20.0,0.0,28.61,27.26,27.02,,27.02,10.0,8288.67,9043.61,9198.42
338.0735924243927,20.0,0.0,28.61,27.26,27.02,,27.02,10.0,8288.67,9043.61,9198.42
338.585978269577,20.0,0.0,28.61,27.26,27.02,,27.02,10.0,8288.67,9043.61,9198.42
339.0885398387909,20.0,0.0,28.61,27.26,27.02,,27.02,10.0,8288.67,9043.61,9198.42
339.58641958236694,20.0,0.0,28.61,27.26,27.02,,27.02,10.0,8288.67,9043.61,9198.42
340.0855975151062,20.0,0.0,28.61,27.26,27.02,,27.02,10.0,8271.85,9043.61,9198.42
340.5962784290314,20.0,0.0,28.65,27.26,27.02,,27.02,10.0,8271.85,9043.61,9198.42
341.0968770980835,20.0,0.0,28.65,27.26,27.02,,27.02,10.0,8288.67,9043.61,9198.42
341.59259605407715,20.0,0.0,28.61,27.26,27.02,,27.02,10.0,8271.85,9043.61,9198.42
342.0928246974945,20.0,0.0,28.65,27.26,27.02,,27.02,10.0,8271.85,9043.61,9198.42
342.593088388443,20.0,0.0,28.65,27.26,27.02,,27.02,10.0,8271.85,9043.61,9198.42
343.09314489364624,20.0,0.0,28.65,27.26,27.02,,27.02,10.0,8271.85,9043.61,9198.42
343.59210181236267,20.0,0.0,28.65,27.26,27.02,,27.02,10.0,8271.85,9043.61,9198.42
344.0913600921631,20.0,0.0,28.61,27.26,27.02,,27.02,10.0,8271.85,9043.61,9198.42
344.592969417572,20.0,0.0,28.65,27.26,27.02,,27.02,10.0,8288.67,9030.75,9198.42
345.09373569488525,20.0,0.0,28.65,27.26,27.02,,27.02,10.0,8288.67,9030.75,9198.42
345.6074652671814,20.0,0.0,28.65,27.26,27.02,,27.02,10.0,8288.67,9030.75,9198.42
346.1062967777252,20.0,0.0,28.61,27.29,27.02,,27.02,10.0,8271.85,9043.61,9198.42
346.60753655433655,20.0,0.0,28.61,27.26,27.02,,27.02,10.0,8288.67,9030.75,9198.42
347.1047406196594,20.0,0.0,28.61,27.29,27.02,,27.02,10.0,8288.67,9030.75,9198.42
347.6042103767395,20.0,0.0,28.61,27.29,27.02,,27.02,10.0,8288.67,9043.61,9198.42
348.1038851737976,20.0,0.0,28.61,27.29,27.02,,27.02,10.0,8288.67,9030.75,9198.42
348.6031241416931,20.0,0.0,28.61,27.29,27.02,,27.02,10.0,8288.67,9030.75,9198.42
349.12047505378723,20.0,0.0,28.61,27.29,27.02,,27.02,10.0,8288.67,9030.75,9198.42
349.6185371875763,20.0,0.0,28.61,27.26,27.02,,27.02,10.0,8288.67,9030.75,9198.42
350.1170699596405,20.0,0.0,28.61,27.29,27.02,,27.02,10.0,8288.67,9043.61,9198.42
350.61889839172363,20.0,0.0,28.61,27.29,27.02,,27.02,10.0,8288.67,9043.61,9198.42
351.11902832984924,20.0,0.0,28.61,27.29,27.02,,27.02,10.0,8288.67,9043.61,9198.42
351.62057638168335,20.0,0.0,28.61,27.29,27.02,,27.02,10.0,8288.67,9030.75,9198.42
352.11886262893677,20.0,0.0,28.61,27.29,27.02,,27.02,10.0,8288.67,9043.61,9198.42
352.61799120903015,20.0,0.0,28.61,27.29,27.02,,27.02,10.0,8288.67,9030.75,9198.42
353.11809611320496,20.0,0.0,28.61,27.29,27.02,,27.02,10.0,8288.67,9030.75,9198.42
353.62995958328247,20.0,0.0,28.61,27.29,27.02,,27.02,10.0,8288.67,9030.75,9198.42
354.12813925743103,20.0,0.0,28.61,27.29,27.02,,27.02,10.0,8288.67,9030.75,9198.42
354.62708926200867,20.0,0.0,28.61,27.29,27.02,,27.02,10.0,8288.67,9030.75,9198.42
355.1284806728363,20.0,0.0,28.61,27.29,27.06,,27.06,10.0,8288.67,9030.75,9185.29
355.6273763179779,20.0,0.0,28.61,27.29,27.06,,27.06,10.0,8288.67,9030.75,9185.29
356.1271059513092,20.0,0.0,28.61,27.29,27.06,,27.06,10.0,8288.67,9030.75,9185.29
356.6291015148163,20.0,0.0,28.61,27.29,27.02,,27.02,10.0,8288.67,9030.75,9185.29
357.12847781181335,20.0,0.0,28.61,27.29,27.02,,27.02,10.0,8288.67,9030.75,9185.29
357.62935066223145,20.0,0.0,28.61,27.29,27.06,,27.06,10.0,8288.67,9030.75,9198.42
358.1265091896057,20.0,0.0,28.61,27.29,27.02,,27.02,10.0,8288.67,9030.75,9198.42
358.64182591438293,20.0,0.0,28.61,27.29,27.02,,27.02,10.0,8288.67,9030.75,9198.42
359.14160799980164,20.0,0.0,28.61,27.29,27.02,,27.02,10.0,8288.67,9030.75,9198.42
359.63835740089417,20.0,0.0,28.61,27.29,27.02,,27.02,10.0,8271.85,9030.75,9185.29
360.13514828681946,20.0,0.0,28.61,27.29,27.02,,27.02,10.0,8271.85,9030.75,9185.29
360.63627338409424,20.0,0.0,28.61,27.29,27.06,,27.06,10.0,8288.67,9030.75,9185.29
361.1499457359314,20.0,0.0,28.61,27.29,27.06,,27.06,10.0,8288.67,9030.75,9185.29
361.64560174942017,20.0,0.0,28.61,27.29,27.06,,27.06,10.0,8288.67,9030.75,9185.29
362.1421945095062,20.0,0.0,28.61,27.29,27.06,,27.06,10.0,8288.67,9030.75,9185.29
362.64084005355835,20.0,0.0,28.61,27.29,27.06,,27.06,10.0,8288.67,9030.75,9185.29
363.153817653656,20.0,0.0,28.61,27.29,27.06,,27.06,10.0,8288.67,9030.75,9185.29
363.6534252166748,20.0,0.0,28.61,27.29,27.06,,27.06,10.0,8271.85,9030.75,9185.29
364.15003967285156,20.0,0.0,28.65,27.29,27.06,,27.06,10.0,8288.67,9030.75,9185.29
364.6497857570648,20.0,0.0,28.65,27.29,27.06,,27.06,10.0,8271.85,9030.75,9185.29
365.1629071235657,20.0,0.0,28.65,27.29,27.06,,27.06,10.0,8271.85,9030.75,9185.29
365.65994930267334,20.0,0.0,28.65,27.29,27.06,,27.06,10.0,8271.85,9030.75,9185.29
366.1592872142792,20.0,0.0,28.65,27.29,27.06,,27.06,10.0,8271.85,9030.75,9185.29
366.6597743034363,20.0,0.0,28.65,27.29,27.06,,27.06,10.0,8271.85,9030.75,9185.29
367.16172456741333,20.0,0.0,28.65,27.29,27.06,,27.06,10.0,8271.85,9030.75,9185.29
367.66171288490295,20.0,0.0,28.65,27.29,27.06,,27.06,10.0,8271.85,9030.75,9185.29
368.1585819721222,20.0,0.0,28.65,27.29,27.06,,27.06,10.0,8271.85,9030.75,9185.29
368.6597626209259,20.0,0.0,28.65,27.29,27.06,,27.06,10.0,8271.85,9030.75,9185.29
369.15837836265564,20.0,0.0,28.65,27.29,27.06,,27.06,10.0,8271.85,9030.75,9185.29
369.65806007385254,20.0,0.0,28.65,27.29,27.06,,27.06,10.0,8271.85,9030.75,9185.29
370.1698896884918,20.0,0.0,28.65,27.29,27.06,,27.06,10.0,8271.85,9030.75,9185.29
370.67162132263184,20.0,0.0,28.65,27.29,27.06,,27.06,10.0,8271.85,9030.75,9185.29
371.17484974861145,20.0,0.0,28.65,27.29,27.06,,27.06,10.0,8271.85,9030.75,9185.29
371.6709680557251,20.0,0.0,28.65,27.29,27.06,,27.06,10.0,8271.85,9030.75,9185.29
372.1679439544678,20.0,0.0,28.65,27.29,27.06,,27.06,10.0,8271.85,9030.75,9185.29
372.6667594909668,20.0,0.0,28.65,27.29,27.06,,27.06,10.0,8271.85,9030.75,9185.29
373.1777865886688,20.0,0.0,28.65,27.29,27.06,,27.06,10.0,8271.85,9030.75,9185.29
373.67762446403503,20.0,0.0,28.65,27.29,27.06,,27.06,10.0,8271.85,9030.75,9185.29
374.1732339859009,20.0,0.0,28.65,27.29,27.06,,27.06,10.0,8271.85,9030.75,9185.29
374.6719355583191,20.0,0.0,28.65,27.29,27.06,,27.06,10.0,8271.85,9030.75,9185.29
375.17521619796753,20.0,0.0,28.65,27.29,27.06,,27.06,10.0,8271.85,9030.75,9185.29
375.68567419052124,20.0,0.0,28.65,27.29,27.06,,27.06,10.0,8271.85,9030.75,9185.29
376.18531107902527,20.0,0.0,28.65,27.29,27.06,,27.06,10.0,8271.85,9030.75,9185.29
376.7177994251251,20.0,0.0,28.65,27.32,27.06,,27.06,10.0,8271.85,9030.75,9185.29
377.20194840431213,20.0,0.0,28.65,27.29,27.06,,27.06,10.0,8271.85,9030.75,9172.19
377.6879379749298,20.0,0.0,28.65,27.32,27.06,,27.06,10.0,8271.85,9017.92,9185.29
378.186861038208,20.0,0.0,28.65,27.32,27.09,,27.09,10.0,8271.85,9017.92,9172.19
378.68623304367065,20.0,0.0,28.65,27.32,27.09,,27.09,10.0,8271.85,9017.92,9185.29
379.18505215644836,20.0,0.0,28.65,27.32,27.09,,27.09,10.0,8271.85,9017.92,9172.19
379.689902305603,20.0,0.0,28.65,27.32,27.09,,27.09,10.0,8271.85,9017.92,9185.29
380.1929175853729,20.0,0.0,28.65,27.32,27.09,,27.09,10.0,8271.85,9017.92,9172.19
380.69114899635315,20.0,0.0,28.65,27.32,27.09,,27.09,10.0,8271.85,9017.92,9172.19
381.1939072608948,20.0,0.0,28.65,27.32,27.09,,27.09,10.0,8271.85,9017.92,9172.19
381.69682359695435,20.0,0.0,28.65,27.32,27.09,,27.09,10.0,8271.85,9017.92,9172.19
382.19308280944824,20.0,0.0,28.65,27.32,27.09,,27.09,10.0,8271.85,9017.92,9172.19
382.7048122882843,20.0,0.0,28.65,27.32,27.09,,27.09,10.0,8271.85,9017.92,9172.19
383.20757269859314,20.0,0.0,28.65,27.32,27.09,,27.09,10.0,8271.85,9017.92,9172.19
383.70493054389954,20.0,0.0,28.65,27.32,27.09,,27.09,10.0,8271.85,9017.92,9172.19
384.20323967933655,20.0,0.0,28.65,27.32,27.09,,27.09,10.0,8271.85,9017.92,9172.19
384.69999742507935,20.0,0.0,28.65,27.32,27.09,,27.09,10.0,8271.85,9017.92,9172.19
385.20103549957275,20.0,0.0,28.65,27.32,27.09,,27.09,10.0,8271.85,9017.92,9172.19
385.71476888656616,20.0,0.0,28.65,27.32,27.09,,27.09,10.0,8271.85,9017.92,9172.19
386.2139916419983,20.0,0.0,28.7,27.32,27.09,,27.09,10.0,8255.08,9017.92,9172.19
386.7117371559143,20.0,0.0,28.7,27.32,27.09,,27.09,10.0,8271.85,9017.92,9172.19
387.2095377445221,20.0,0.0,28.7,27.32,27.09,,27.09,10.0,8271.85,9017.92,9172.19
387.71062445640564,20.0,0.0,28.7,27.32,27.09,,27.09,10.0,8255.08,9017.92,9172.19
388.2109696865082,20.0,0.0,28.65,27.32,27.09,,27.09,10.0,8255.08,9017.92,9172.19
388.709645986557,20.0,0.0,28.65,27.32,27.09,,27.09,10.0,8255.08,9017.92,9172.19
389.22412180900574,20.0,0.0,28.7,27.32,27.09,,27.09,10.0,8255.08,9017.92,9172.19
389.7194781303406,20.0,0.0,28.7,27.32,27.09,,27.09,10.0,8255.08,9017.92,9172.19
390.21730852127075,20.0,0.0,28.7,27.32,27.09,,27.09,10.0,8255.08,9017.92,9172.19
390.71884417533875,20.0,0.0,28.65,27.32,27.09,,27.09,10.0,8271.85,9017.92,9172.19
391.21762132644653,20.0,0.0,28.65,27.32,27.09,,27.09,10.0,8271.85,9017.92,9172.19
391.71705174446106,20.0,0.0,28.65,27.32,27.09,,27.09,10.0,8271.85,9017.92,9172.19
392.229975938797,20.0,0.0,28.65,27.32,27.09,,27.09,10.0,8255.08,9017.92,9172.19
392.73157691955566,20.0,0.0,28.65,27.32,27.09,,27.09,10.0,8255.08,9017.92,9172.19
393.2357277870178,20.0,0.0,28.7,27.32,27.09,,27.09,10.0,8255.08,9005.11,9172.19
393.7352285385132,20.0,0.0,28.7,27.32,27.09,,27.09,10.0,8255.08,9017.92,9172.19
394.2363030910492,20.0,0.0,28.7,27.32,27.09,,27.09,10.0,8271.85,9017.92,9172.19
394.73460125923157,20.0,0.0,28.7,27.32,27.09,,27.09,10.0,8255.08,9017.92,9172.19
395.2326638698578,20.0,0.0,28.7,27.32,27.09,,27.09,10.0,8271.85,9017.92,9172.19
395.731162071228,20.0,0.0,28.7,27.32,27.09,,27.09,10.0,8271.85,9005.11,9172.19
396.24209904670715,20.0,0.0,28.65,27.32,27.09,,27.09,10.0,8271.85,9017.92,9159.11
396.7380645275116,20.0,0.0,28.65,27.36,27.09,,27.09,10.0,8271.85,9005.11,9172.19
397.2394058704376,20.0,0.0,28.65,27.36,27.09,,27.09,10.0,8271.85,9005.11,9172.19
397.7403779029846,20.0,0.0,28.7,27.36,27.09,,27.09,10.0,8271.85,9017.92,9159.11
398.23794198036194,20.0,0.0,28.65,27.32,27.09,,27.09,10.0,8271.85,9017.92,9159.11
398.7349054813385,20.0,0.0,28.65,27.32,27.13,,27.13,10.0,8271.85,9017.92,9159.11
399.24795842170715,20.0,0.0,28.65,27.36,27.13,,27.13,10.0,8271.85,9005.11,9159.11
399.7469551563263,20.0,0.0,28.65,27.32,27.13,,27.13,10.0,8271.85,9017.92,9159.11
400.2458550930023,20.0,0.0,28.65,27.32,27.13,,27.13,10.0,8271.85,9017.92,9159.11
400.7479934692383,20.0,0.0,28.65,27.36,27.13,,27.13,10.0,8271.85,9005.11,9159.11
401.24301075935364,20.0,0.0,28.65,27.36,27.09,,27.09,10.0,8271.85,9017.92,9159.11
401.7583181858063,20.0,0.0,28.65,27.36,27.09,,27.09,10.0,8271.85,9005.11,9159.11
402.25584626197815,20.0,0.0,28.65,27.36,27.13,,27.13,10.0,8271.85,9005.11,9159.11
402.75517416000366,20.0,0.0,28.65,27.32,27.13,,27.13,10.0,8271.85,9005.11,9159.11
403.256516456604,20.0,0.0,28.65,27.36,27.13,,27.13,10.0,8271.85,9005.11,9159.11
403.7585618495941,20.0,0.0,28.65,27.36,27.13,,27.13,10.0,8271.85,9005.11,9159.11
404.25766253471375,20.0,0.0,28.65,27.36,27.13,,27.13,10.0,8271.85,9005.11,9159.11
404.7583329677582,20.0,0.0,28.65,27.36,27.13,,27.13,10.0,8271.85,9005.11,9159.11
405.257043838501,20.0,0.0,28.65,27.36,27.13,,27.13,10.0,8271.85,9005.11,9159.11
405.7542083263397,20.0,0.0,28.65,27.36,27.13,,27.13,10.0,8271.85,9005.11,9159.11
406.2684488296509,20.0,0.0,28.65,27.36,27.13,,27.13,10.0,8271.85,9005.11,9159.11
406.766339302063,20.0,0.0,28.65,27.36,27.13,,27.13,10.0,8271.85,9005.11,9159.11
407.2663297653198,20.0,0.0,28.65,27.36,27.13,,27.13,10.0,8271.85,9005.11,9159.11
407.7638087272644,20.0,0.0,28.65,27.36,27.13,,27.13,10.0,8271.85,9005.11,9159.11
408.2634081840515,20.0,0.0,28.7,27.36,27.13,,27.13,10.0,8255.08,9005.11,9159.11
408.7780556678772,20.0,0.0,28.7,27.32,27.13,,27.13,10.0,8271.85,9005.11,9159.11
409.28044033050537,20.0,0.0,28.65,27.36,27.13,,27.13,10.0,8255.08,9005.11,9159.11
409.7777180671692,20.0,0.0,28.65,27.36,27.13,,27.13,10.0,8271.85,9005.11,9159.11
410.27977657318115,20.0,0.0,28.65,27.36,27.13,,27.13,10.0,8271.85,9005.11,9159.11
410.7769224643707,20.0,0.0,28.65,27.36,27.13,,27.13,10.0,8271.85,9017.92,9159.11
411.2763659954071,20.0,0.0,28.65,27.36,27.13,,27.13,10.0,8271.85,9005.11,9159.11
411.7735605239868,20.0,0.0,28.65,27.36,27.13,,27.13,10.0,8271.85,9005.11,9159.11
412.27605748176575,20.0,0.0,28.65,27.36,27.13,,27.13,10.0,8255.08,9005.11,9159.11
412.7894825935364,20.0,0.0,28.65,27.36,27.13,,27.13,10.0,8271.85,9005.11,9159.11
413.2871015071869,20.0,0.0,28.65,27.36,27.13,,27.13,10.0,8271.85,9005.11,9159.11
413.7886848449707,20.0,0.0,28.65,27.36,27.13,,27.13,10.0,8271.85,9005.11,9159.11
414.28778553009033,20.0,0.0,28.65,27.36,27.13,,27.13,10.0,8271.85,9005.11,9159.11
414.78654766082764,20.0,0.0,28.65,27.36,27.13,,27.13,10.0,8271.85,9005.11,9159.11
415.2864046096802,20.0,0.0,28.65,27.36,27.13,,27.13,10.0,8271.85,9005.11,9159.11
415.7828757762909,20.0,0.0,28.65,27.36,27.13,,27.13,10.0,8271.85,9005.11,9159.11
416.2983138561249,20.0,0.0,28.65,27.36,27.13,,27.13,10.0,8271.85,9005.11,9159.11
416.796422958374,20.0,0.0,28.65,27.36,27.13,,27.13,10.0,8271.85,9005.11,9159.11
417.29433035850525,20.0,0.0,28.65,27.36,27.13,,27.13,10.0,8271.85,9005.11,9159.11
417.7930190563202,20.0,0.0,28.65,27.36,27.13,,27.13,10.0,8271.85,9005.11,9159.11
418.292763710022,20.0,0.0,28.65,27.36,27.13,,27.13,10.0,8271.85,9005.11,9159.11
418.78977131843567,20.0,0.0,28.65,27.36,27.13,,27.13,10.0,8271.85,9005.11,9159.11
419.3016424179077,20.0,0.0,28.65,27.36,27.13,,27.13,10.0,8271.85,9005.11,9159.11
419.8020968437195,20.0,0.0,28.65,27.36,27.13,,27.13,10.0,8271.85,9005.11,9159.11
420.3018560409546,20.0,0.0,28.65,27.36,27.13,,27.13,10.0,8255.08,9005.11,9159.11
420.8010199069977,20.0,0.0,28.7,27.36,27.13,,27.13,10.0,8255.08,9005.11,9159.11
421.30012679100037,20.0,0.0,28.7,27.36,27.13,,27.13,10.0,8255.08,9005.11,9159.11
421.7982745170593,20.0,0.0,28.7,27.36,27.13,,27.13,10.0,8255.08,9005.11,9159.11
422.3147494792938,20.0,0.0,28.7,27.36,27.13,,27.13,10.0,8255.08,9005.11,9159.11
422.80995321273804,20.0,0.0,28.7,27.36,27.13,,27.13,10.0,8255.08,9005.11,9159.11
423.31076312065125,20.0,0.0,28.7,27.36,27.13,,27.13,10.0,8255.08,9005.11,9159.11
423.8085467815399,20.0,0.0,28.7,27.36,27.13,,27.13,10.0,8255.08,9005.11,9159.11
424.30917406082153,20.0,0.0,28.7,27.36,27.13,,27.13,10.0,8255.08,9005.11,9159.11
424.80853271484375,20.0,0.0,28.7,27.36,27.13,,27.13,10.0,8255.08,9005.11,9159.11
425.3215985298157,20.0,0.0,28.7,27.36,27.13,,27.13,10.0,8255.08,9005.11,9159.11
425.81878995895386,20.0,0.0,28.7,27.36,27.13,,27.13,10.0,8255.08,9005.11,9159.11
426.31702947616577,20.0,0.0,28.7,27.36,27.13,,27.13,10.0,8255.08,9005.11,9159.11
426.8157904148102,20.0,0.0,28.7,27.36,27.13,,27.13,10.0,8255.08,9005.11,9159.11
427.3177978992462,20.0,0.0,28.7,27.36,27.13,,27.13,10.0,8255.08,9005.11,9159.11
427.8161458969116,20.0,0.0,28.7,27.36,27.13,,27.13,10.0,8255.08,9005.11,9159.11
428.31752252578735,20.0,0.0,28.7,27.36,27.13,,27.13,10.0,8255.08,9005.11,9159.11
428.83250093460083,20.0,0.0,28.7,27.36,27.13,,27.13,10.0,8255.08,9005.11,9159.11
429.33172726631165,20.0,0.0,28.7,27.36,27.13,,27.13,10.0,8255.08,9005.11,9159.11
429.84366750717163,20.0,0.0,28.7,27.36,27.13,,27.13,10.0,8255.08,9005.11,9159.11
430.32628655433655,20.0,0.0,28.7,27.36,27.13,,27.13,10.0,8255.08,9005.11,9159.11
430.8250160217285,20.0,0.0,28.7,27.36,27.13,,27.13,10.0,8255.08,9005.11,9159.11
431.3230857849121,20.0,0.0,28.7,27.36,27.13,,27.13,10.0,8255.08,9005.11,9159.11
431.8367021083832,20.0,0.0,28.7,27.36,27.13,,27.13,10.0,8255.08,9005.11,9159.11
432.3353362083435,20.0,0.0,28.7,27.36,27.13,,27.13,10.0,8255.08,8992.32,9159.11
432.83491611480713,20.0,0.0,28.7,27.39,27.13,,27.13,10.0,8255.08,8992.32,9159.11
433.3318908214569,20.0,0.0,28.7,27.39,27.13,,27.13,10.0,8255.08,8992.32,9159.11
433.83467745780945,20.0,0.0,28.7,27.39,27.13,,27.13,10.0,8255.08,8992.32,9159.11
434.3343415260315,20.0,0.0,28.7,27.39,27.13,,27.13,10.0,8255.08,8992.32,9159.11
434.830363035202,20.0,0.0,28.7,27.39,27.13,,27.13,10.0,8255.08,8992.32,9146.05
435.34382033348083,20.0,0.0,28.7,27.39,27.13,,27.13,10.0,8255.08,8992.32,9146.05
435.8573136329651,20.0,0.0,28.7,27.39,27.16,,27.16,10.0,8255.08,8992.32,9146.05
436.3427267074585,20.0,0.0,28.7,27.39,27.16,,27.16,10.0,8255.08,8992.32,9146.05
436.8432447910309,20.0,0.0,28.7,27.39,27.16,,27.16,10.0,8255.08,8992.32,9146.05
437.3464357852936,20.0,0.0,28.7,27.39,27.16,,27.16,10.0,8255.08,8992.32,9146.05
437.8498432636261,20.0,0.0,28.7,27.39,27.16,,27.16,10.0,8255.08,8992.32,9146.05
438.34965324401855,20.0,0.0,28.7,27.39,27.16,,27.16,10.0,8255.08,8992.32,9146.05
438.8480689525604,20.0,0.0,28.7,27.39,27.16,,27.16,10.0,8255.08,8992.32,9146.05
439.3491954803467,20.0,0.0,28.7,27.39,27.16,,27.16,10.0,8255.08,8992.32,9146.05
439.84973526000977,20.0,0.0,28.7,27.39,27.16,,27.16,10.0,8255.08,8992.32,9146.05
440.3467285633087,20.0,0.0,28.7,27.39,27.16,,27.16,10.0,8255.08,8992.32,9146.05
440.8619165420532,20.0,0.0,28.7,27.39,27.16,,27.16,10.0,8255.08,8992.32,9146.05
441.3630132675171,20.0,0.0,28.7,27.39,27.16,,27.16,10.0,8255.08,8992.32,9146.05
441.86264753341675,20.0,0.0,28.7,27.39,27.16,,27.16,10.0,8255.08,8992.32,9146.05
442.36607480049133,20.0,0.0,28.7,27.39,27.16,,27.16,10.0,8255.08,8992.32,9146.05
442.8635501861572,20.0,0.0,28.7,27.39,27.16,,27.16,10.0,8255.08,8992.32,9146.05
443.3625650405884,20.0,0.0,28.7,27.39,27.16,,27.16,10.0,8255.08,8992.32,9146.05
443.86143231391907,20.0,0.0,28.7,27.39,27.16,,27.16,10.0,8255.08,8992.32,9146.05
444.36556911468506,20.0,0.0,28.7,27.39,27.16,,27.16,10.0,8255.08,8992.32,9146.05
444.86479020118713,20.0,0.0,28.7,27.39,27.16,,27.16,10.0,8255.08,8992.32,9146.05
445.3616614341736,20.0,0.0,28.7,27.39,27.16,,27.16,10.0,8255.08,8992.32,9146.05
445.86280274391174,20.0,0.0,28.7,27.39,27.16,,27.16,10.0,8255.08,8992.32,9146.05
446.3750832080841,20.0,0.0,28.7,27.39,27.16,,27.16,10.0,8255.08,8992.32,9146.05
446.87395334243774,20.0,0.0,28.7,27.39,27.16,,27.16,10.0,8255.08,8992.32,9146.05
447.3756365776062,20.0,0.0,28.7,27.39,27.16,,27.16,10.0,8255.08,8992.32,9146.05
447.8749647140503,20.0,0.0,28.7,27.39,27.16,,27.16,10.0,8255.08,8992.32,9146.05
448.3724126815796,20.0,0.0,28.7,27.39,27.16,,27.16,10.0,8255.08,8992.32,9146.05
448.8716344833374,20.0,0.0,28.7,27.39,27.16,,27.16,10.0,8255.08,8992.32,9146.05
449.37223982810974,20.0,0.0,28.7,27.39,27.16,,27.16,10.0,8255.08,8992.32,9146.05
449.8709759712219,20.0,0.0,28.7,27.39,27.16,,27.16,10.0,8255.08,8992.32,9146.05
450.38650250434875,20.0,0.0,28.7,27.39,27.16,,27.16,10.0,8255.08,8992.32,9146.05
450.8900487422943,20.0,0.0,28.7,27.39,27.16,,27.16,10.0,8255.08,8992.32,9146.05
451.38452410697937,20.0,0.0,28.7,27.39,27.16,,27.16,10.0,8255.08,8992.32,9146.05
451.88340497016907,20.0,0.0,28.7,27.39,27.16,,27.16,10.0,8255.08,8992.32,9146.05
452.3822340965271,20.0,0.0,28.7,27.39,27.16,,27.16,10.0,8255.08,8992.32,9146.05
452.8826389312744,20.0,0.0,28.74,27.39,27.16,,27.16,10.0,8255.08,8992.32,9146.05
453.3803153038025,20.0,0.0,28.7,27.39,27.16,,27.16,10.0,8255.08,8992.32,9146.05
453.8934359550476,20.0,0.0,28.7,27.39,27.16,,27.16,10.0,8255.08,8992.32,9146.05
454.39205503463745,20.0,0.0,28.7,27.39,27.16,,27.16,10.0,8255.08,8992.32,9146.05
454.89007663726807,20.0,0.0,28.7,27.39,27.16,,27.16,10.0,8255.08,8992.32,9146.05
455.38933181762695,20.0,0.0,28.7,27.39,27.16,,27.16,10.0,8255.08,8992.32,9146.05
455.8880920410156,20.0,0.0,28.7,27.39,27.16,,27.16,10.0,8255.08,8992.32,9146.05
456.406183719635,20.0,0.0,28.7,27.39,27.16,,27.16,10.0,8255.08,8992.32,9146.05
456.90450382232666,20.0,0.0,28.7,27.39,27.16,,27.16,10.0,8255.08,8992.32,9146.05
457.3909022808075,20.0,0.0,28.7,27.39,27.16,,27.16,10.0,8255.08,8992.32,9146.05
457.8941035270691,20.0,0.0,28.7,27.39,27.16,,27.16,10.0,8255.08,8992.32,9146.05
458.3948531150818,20.0,0.0,28.7,27.39,27.16,,27.16,10.0,8255.08,8992.32,9146.05
458.9078686237335,20.0,0.0,28.7,27.39,27.16,,27.16,10.0,8255.08,8992.32,9146.05
459.40577030181885,20.0,0.0,28.7,27.39,27.16,,27.16,10.0,8255.08,8992.32,9146.05
459.9004156589508,20.0,0.0,28.7,27.39,27.16,,27.16,10.0,8255.08,8992.32,9133.01
460.4013364315033,20.0,0.0,28.7,27.39,27.16,,27.16,10.0,8255.08,8992.32,9146.05
460.90050077438354,20.0,0.0,28.7,27.39,27.16,,27.16,10.0,8255.08,8992.32,9146.05
461.4162812232971,20.0,0.0,28.74,27.39,27.16,,27.16,10.0,8255.08,8992.32,9146.05
461.9135105609894,20.0,0.0,28.7,27.39,27.16,,27.16,10.0,8255.08,8992.32,9146.05
462.4101438522339,20.0,0.0,28.7,27.39,27.16,,27.16,10.0,8255.08,8992.32,9146.05
462.9076437950134,20.0,0.0,28.7,27.39,27.16,,27.16,10.0,8255.08,8992.32,9146.05
463.41868138313293,20.0,0.0,28.7,27.39,27.16,,27.16,10.0,8255.08,8992.32,9146.05
463.9189512729645,20.0,0.0,28.7,27.39,27.16,,27.16,10.0,8255.08,8992.32,9146.05
464.4179439544678,20.0,0.0,28.7,27.39,27.16,,27.16,10.0,8255.08,8992.32,9133.01
464.91637420654297,20.0,0.0,28.7,27.39,27.16,,27.16,10.0,8255.08,8992.32,9146.05
465.4172058105469,20.0,0.0,28.7,27.39,27.16,,27.16,10.0,8255.08,8992.32,9146.05
465.9176380634308,20.0,0.0,28.7,27.39,27.16,,27.16,10.0,8255.08,8992.32,9133.01
466.42763590812683,20.0,0.0,28.7,27.39,27.19,,27.19,10.0,8255.08,8992.32,9133.01
466.9241461753845,20.0,0.0,28.7,27.39,27.19,,27.19,10.0,8255.08,8992.32,9133.01
467.42278599739075,20.0,0.0,28.7,27.39,27.19,,27.19,10.0,8255.08,8992.32,9133.01
467.92056250572205,20.0,0.0,28.7,27.39,27.19,,27.19,10.0,8255.08,8992.32,9133.01
468.42222452163696,20.0,0.0,28.7,27.39,27.19,,27.19,10.0,8255.08,8992.32,9133.01
468.9228928089142,20.0,0.0,28.7,27.39,27.19,,27.19,10.0,8255.08,8992.32,9133.01
469.43762969970703,20.0,0.0,28.7,27.39,27.19,,27.19,10.0,8255.08,8992.32,9133.01
469.93526339530945,20.0,0.0,28.7,27.39,27.19,,27.19,10.0,8255.08,8992.32,9133.01
470.4378571510315,20.0,0.0,28.7,27.42,27.19,,27.19,10.0,8255.08,8992.32,9133.01
470.93597197532654,20.0,0.0,28.7,27.39,27.19,,27.19,10.0,8255.08,8979.56,9133.01
471.43697237968445,20.0,0.0,28.7,27.42,27.19,,27.19,10.0,8255.08,8979.56,9133.01
471.93774008750916,20.0,0.0,28.7,27.42,27.19,,27.19,10.0,8255.08,8992.32,9133.01
472.4383533000946,20.0,0.0,28.7,27.39,27.19,,27.19,10.0,8255.08,8992.32,9133.01
472.93625020980835,20.0,0.0,28.7,27.42,27.19,,27.19,10.0,8255.08,8979.56,9133.01
473.4346835613251,20.0,0.0,28.7,27.42,27.19,,27.19,10.0,8255.08,8979.56,9133.01
473.9354238510132,20.0,0.0,28.7,27.42,27.19,,27.19,10.0,8255.08,8979.56,9133.01
474.4472200870514,20.0,0.0,28.7,27.42,27.19,,27.19,10.0,8255.08,8992.32,9133.01
474.9504225254059,20.0,0.0,28.7,27.42,27.19,,27.19,10.0,8255.08,8979.56,9133.01
475.4500699043274,20.0,0.0,28.7,27.42,27.19,,27.19,10.0,8255.08,8979.56,9133.01
475.94847297668457,20.0,0.0,28.7,27.42,27.19,,27.19,10.0,8255.08,8979.56,9133.01
476.4525752067566,20.0,0.0,28.7,27.42,27.19,,27.19,10.0,8255.08,8979.56,9133.01
476.9528594017029,20.0,0.0,28.7,27.42,27.19,,27.19,10.0,8255.08,8979.56,9133.01
477.4520637989044,20.0,0.0,28.7,27.42,27.19,,27.19,10.0,8255.08,8979.56,9133.01
477.95185256004333,20.0,0.0,28.7,27.42,27.19,,27.19,10.0,8255.08,8979.56,9133.01
478.45173597335815,20.0,0.0,28.7,27.42,27.19,,27.19,10.0,8255.08,8979.56,9133.01
478.9516770839691,20.0,0.0,28.7,27.42,27.19,,27.19,10.0,8255.08,8979.56,9133.01
479.4626696109772,20.0,0.0,28.7,27.42,27.19,,27.19,10.0,8255.08,8979.56,9133.01
479.96458411216736,20.0,0.0,28.7,27.42,27.19,,27.19,10.0,8255.08,8979.56,9133.01
480.46271562576294,20.0,0.0,28.7,27.42,27.19,,27.19,10.0,8255.08,8979.56,9133.01
480.9627757072449,20.0,0.0,28.7,27.42,27.19,,27.19,10.0,8255.08,8979.56,9133.01
481.4609794616699,20.0,0.0,28.7,27.42,27.19,,27.19,10.0,8255.08,8979.56,9133.01
481.9586682319641,20.0,0.0,28.7,27.42,27.19,,27.19,10.0,8255.08,8979.56,9133.01
482.4584798812866,20.0,0.0,28.7,27.42,27.19,,27.19,10.0,8255.08,8979.56,9133.01
482.972936630249,20.0,0.0,28.7,27.42,27.19,,27.19,10.0,8255.08,8979.56,9133.01
483.4729058742523,20.0,0.0,28.7,27.42,27.19,,27.19,10.0,8255.08,8979.56,9133.01
483.97475361824036,20.0,0.0,28.7,27.42,27.19,,27.19,10.0,8255.08,8979.56,9133.01
484.47518372535706,20.0,0.0,28.7,27.42,27.19,,27.19,10.0,8255.08,8979.56,9133.01
484.9749593734741,20.0,0.0,28.7,27.42,27.19,,27.19,10.0,8255.08,8979.56,9133.01
485.47373604774475,20.0,0.0,28.7,27.42,27.19,,27.19,10.0,8255.08,8979.56,9133.01
485.9750626087189,20.0,0.0,28.7,27.42,27.19,,27.19,10.0,8255.08,8979.56,9133.01
486.47364258766174,20.0,0.0,28.7,27.42,27.19,,27.19,10.0,8255.08,8979.56,9133.01
486.9704647064209,20.0,0.0,28.7,27.42,27.19,,27.19,10.0,8255.08,8979.56,9133.01
487.47105169296265,20.0,0.0,28.7,27.42,27.19,,27.19,10.0,8255.08,8979.56,9133.01
487.98636507987976,20.0,0.0,28.7,27.42,27.19,,27.19,10.0,8255.08,8979.56,9120.0
488.4844238758087,20.0,0.0,28.7,27.42,27.23,,27.23,10.0,8255.08,8979.56,9120.0
488.9810833930969,20.0,0.0,28.7,27.42,27.19,,27.19,10.0,8255.08,8979.56,9120.0
489.4831850528717,20.0,0.0,28.7,27.42,27.19,,27.19,10.0,8255.08,8979.56,9120.0
489.98306369781494,20.0,0.0,28.7,27.42,27.19,,27.19,10.0,8238.34,8979.56,9133.01
490.4859244823456,20.0,0.0,28.74,27.42,27.19,,27.19,10.0,8238.34,8979.56,9133.01
490.98628878593445,20.0,0.0,28.74,27.42,27.19,,27.19,10.0,8238.34,8979.56,9133.01
491.48405361175537,20.0,0.0,28.74,27.42,27.19,,27.19,10.0,8238.34,8979.56,9133.01
491.98197841644287,20.0,0.0,28.74,27.42,27.19,,27.19,10.0,8238.34,8979.56,9133.01
492.4931721687317,20.0,0.0,28.74,27.42,27.19,,27.19,10.0,8255.08,8979.56,9133.01
492.99288272857666,20.0,0.0,28.7,27.42,27.19,,27.19,10.0,8255.08,8979.56,9133.01
493.4915201663971,20.0,0.0,28.7,27.42,27.19,,27.19,10.0,8255.08,8979.56,9133.01
493.98994541168213,20.0,0.0,28.74,27.42,27.19,,27.19,10.0,8255.08,8992.32,9133.01
494.4894199371338,20.0,0.0,28.7,27.42,27.19,,27.19,10.0,8238.34,8992.32,9133.01
495.00419545173645,20.0,0.0,28.7,27.42,27.19,,27.19,10.0,8238.34,8992.32,9133.01
495.50219893455505,20.0,0.0,28.7,27.42,27.19,,27.19,10.0,8238.34,8992.32,9133.01
496.00139927864075,20.0,0.0,28.74,27.39,27.19,,27.19,10.0,8238.34,8992.32,9133.01
496.5000493526459,20.0,0.0,28.74,27.39,27.19,,27.19,10.0,8255.08,8979.56,9133.01
496.9975097179413,20.0,0.0,28.7,27.39,27.19,,27.19,10.0,8255.08,8979.56,9133.01
497.51242184638977,20.0,0.0,28.7,27.39,27.19,,27.19,10.0,8255.08,8979.56,9133.01
498.0083432197571,20.0,0.0,28.7,27.42,27.19,,27.19,10.0,8255.08,8992.32,9133.01
498.5077934265137,20.0,0.0,28.7,27.39,27.19,,27.19,10.0,8255.08,8992.32,9133.01
499.00647377967834,20.0,0.0,28.7,27.42,27.19,,27.19,10.0,8255.08,8979.56,9133.01
499.5054290294647,20.0,0.0,28.7,27.39,27.19,,27.19,10.0,8255.08,8979.56,9133.01
500.0177173614502,20.0,0.0,28.7,27.42,27.19,,27.19,10.0,8255.08,8979.56,9133.01
500.5193660259247,20.0,0.0,28.7,27.42,27.19,,27.19,10.0,8255.08,8992.32,9133.01
501.0159070491791,20.0,0.0,28.7,27.42,27.19,,27.19,10.0,8255.08,8979.56,9133.01
501.51650857925415,20.0,0.0,28.7,27.42,27.19,,27.19,10.0,8255.08,8992.32,9133.01
502.01513934135437,20.0,0.0,28.7,27.39,27.19,,27.19,10.0,8255.08,8992.32,9133.01
502.51548528671265,20.0,0.0,28.7,27.39,27.19,,27.19,10.0,8255.08,8992.32,9133.01
503.0129497051239,20.0,0.0,28.7,27.42,27.19,,27.19,10.0,8255.08,8992.32,9133.01
503.51584911346436,20.0,0.0,28.7,27.42,27.19,,27.19,10.0,8255.08,8992.32,9133.01
504.03048157691956,20.0,0.0,28.7,27.42,27.19,,27.19,10.0,8255.08,8979.56,9133.01
504.51632499694824,20.0,0.0,28.7,27.42,27.19,,27.19,10.0,8255.08,8979.56,9133.01
505.0318236351013,20.0,0.0,28.7,27.42,27.19,,27.19,10.0,8255.08,8979.56,9133.01
505.53045773506165,20.0,0.0,28.7,27.42,27.19,,27.19,10.0,8255.08,8979.56,9133.01
506.0300102233887,20.0,0.0,28.7,27.42,27.19,,27.19,10.0,8255.08,8979.56,9133.01
506.5271019935608,20.0,0.0,28.7,27.42,27.19,,27.19,10.0,8255.08,8979.56,9133.01
507.0271999835968,20.0,0.0,28.7,27.42,27.19,,27.19,10.0,8255.08,8979.56,9133.01
507.5271430015564,20.0,0.0,28.7,27.42,27.19,,27.19,10.0,8255.08,8979.56,9133.01
508.02578234672546,20.0,0.0,28.7,27.42,27.19,,27.19,10.0,8255.08,8979.56,9133.01
508.5384712219238,20.0,0.0,28.7,27.42,27.19,,27.19,10.0,8255.08,8979.56,9133.01
509.0357232093811,20.0,0.0,28.7,27.42,27.19,,27.19,10.0,8255.08,8979.56,9133.01
509.53816843032837,20.0,0.0,28.7,27.42,27.19,,27.19,10.0,8255.08,8979.56,9133.01
510.0368564128876,20.0,0.0,28.7,27.42,27.19,,27.19,10.0,8255.08,8979.56,9133.01
510.53759145736694,20.0,0.0,28.7,27.42,27.19,,27.19,10.0,8255.08,8979.56,9133.01
511.035005569458,20.0,0.0,28.74,27.42,27.19,,27.19,10.0,8238.34,8979.56,9133.01
511.5463697910309,20.0,0.0,28.7,27.42,27.19,,27.19,10.0,8255.08,8979.56,9133.01
512.0486204624176,20.0,0.0,28.7,27.42,27.19,,27.19,10.0,8255.08,8979.56,9133.01
512.5493905544281,20.0,0.0,28.7,27.42,27.19,,27.19,10.0,8255.08,8979.56,9133.01
513.0505855083466,20.0,0.0,28.7,27.42,27.19,,27.19,10.0,8255.08,8979.56,9133.01
513.5498366355896,20.0,0.0,28.7,27.42,27.19,,27.19,10.0,8255.08,8979.56,9133.01
514.0516910552979,20.0,0.0,28.7,27.42,27.23,,27.23,10.0,8255.08,8979.56,9120.0
514.5495173931122,20.0,0.0,28.7,27.42,27.23,,27.23,10.0,8255.08,8979.56,9133.01
515.0493330955505,20.0,0.0,28.7,27.42,27.19,,27.19,10.0,8255.08,8979.56,9120.0
515.5479838848114,20.0,0.0,28.7,27.42,27.23,,27.23,10.0,8255.08,8979.56,9120.0
516.0625953674316,20.0,0.0,28.7,27.42,27.23,,27.23,10.0,8255.08,8979.56,9120.0
516.5629546642303,20.0,0.0,28.7,27.42,27.23,,27.23,10.0,8255.08,8979.56,9120.0
517.0637323856354,20.0,0.0,28.7,27.42,27.23,,27.23,10.0,8255.08,8979.56,9120.0
517.5629186630249,20.0,0.0,28.7,27.42,27.23,,27.23,10.0,8255.08,8979.56,9120.0
518.0627548694611,20.0,0.0,28.7,27.42,27.23,,27.23,10.0,8255.08,8979.56,9120.0
518.5577743053436,20.0,0.0,28.7,27.42,27.23,,27.23,10.0,8255.08,8979.56,9120.0
519.0583980083466,20.0,0.0,28.7,27.42,27.23,,27.23,10.0,8255.08,8979.56,9120.0
519.5573279857635,20.0,0.0,28.7,27.42,27.23,,27.23,10.0,8255.08,8979.56,9120.0
520.0740578174591,20.0,0.0,28.7,27.42,27.23,,27.23,10.0,8255.08,8979.56,9120.0
520.5731589794159,20.0,0.0,28.7,27.42,27.23,,27.23,10.0,8255.08,8979.56,9120.0
521.0690951347351,20.0,0.0,28.7,27.42,27.23,,27.23,10.0,8255.08,8979.56,9120.0
521.5716054439545,20.0,0.0,28.7,27.42,27.23,,27.23,10.0,8255.08,8979.56,9120.0
522.0709767341614,20.0,0.0,28.7,27.42,27.23,,27.23,10.0,8255.08,8979.56,9120.0
522.5653259754181,20.0,0.0,28.7,27.42,27.23,,27.23,10.0,8255.08,8979.56,9120.0
523.0710551738739,20.0,0.0,28.7,27.42,27.23,,27.23,10.0,8255.08,8979.56,9120.0
523.5872647762299,20.0,0.0,28.7,27.42,27.23,,27.23,10.0,8255.08,8979.56,9120.0
524.0714254379272,20.0,0.0,28.7,27.42,27.23,,27.23,10.0,8255.08,8979.56,9120.0
524.5722093582153,20.0,0.0,28.7,27.42,27.23,,27.23,10.0,8255.08,8979.56,9120.0
525.0706748962402,20.0,0.0,28.7,27.42,27.23,,27.23,10.0,8255.08,8979.56,9120.0
525.5861661434174,20.0,0.0,28.7,27.42,27.23,,27.23,10.0,8255.08,8979.56,9120.0
526.08141040802,20.0,0.0,28.7,27.42,27.23,,27.23,10.0,8255.08,8979.56,9120.0
526.5814654827118,20.0,0.0,28.7,27.42,27.23,,27.23,10.0,8255.08,8979.56,9120.0
527.0800976753235,20.0,0.0,28.7,27.42,27.23,,27.23,10.0,8255.08,8979.56,9120.0
527.5791430473328,20.0,0.0,28.7,27.42,27.23,,27.23,10.0,8255.08,8979.56,9120.0
528.0952188968658,20.0,0.0,28.74,27.42,27.23,,27.23,10.0,8255.08,8979.56,9120.0
528.5804131031036,20.0,0.0,28.74,27.42,27.23,,27.23,10.0,8255.08,8979.56,9120.0
529.0946528911591,20.0,0.0,28.7,27.42,27.23,,27.23,10.0,8255.08,8979.56,9120.0
529.591826915741,20.0,0.0,28.74,27.42,27.23,,27.23,10.0,8238.34,8979.56,9120.0
530.0917315483093,20.0,0.0,28.74,27.42,27.23,,27.23,10.0,8238.34,8979.56,9120.0
530.5916173458099,20.0,0.0,28.7,27.42,27.23,,27.23,10.0,8255.08,8979.56,9120.0
531.0881476402283,20.0,0.0,28.74,27.42,27.23,,27.23,10.0,8255.08,8979.56,9120.0
531.5900223255157,20.0,0.0,28.7,27.42,27.23,,27.23,10.0,8255.08,8979.56,9120.0
532.1046137809753,20.0,0.0,28.7,27.42,27.23,,27.23,10.0,8255.08,8979.56,9120.0
532.6050469875336,20.0,0.0,28.7,27.42,27.23,,27.23,10.0,8255.08,8979.56,9120.0
533.1059131622314,20.0,0.0,28.7,27.42,27.23,,27.23,10.0,8255.08,8979.56,9120.0
533.6051306724548,20.0,0.0,28.7,27.42,27.23,,27.23,10.0,8255.08,8979.56,9120.0
534.1076874732971,20.0,0.0,28.7,27.42,27.23,,27.23,10.0,8255.08,8979.56,9120.0
534.6244235038757,20.0,0.0,28.7,27.42,27.23,,27.23,10.0,8255.08,8979.56,9120.0
535.1094079017639,20.0,0.0,28.7,27.42,27.23,,27.23,10.0,8255.08,8979.56,9120.0
535.6092195510864,20.0,0.0,28.7,27.42,27.23,,27.23,10.0,8255.08,8979.56,9120.0
536.111006975174,20.0,0.0,28.7,27.42,27.23,,27.23,10.0,8255.08,8979.56,9120.0
536.6124880313873,20.0,0.0,28.7,27.42,27.23,,27.23,10.0,8255.08,8979.56,9120.0
537.1090362071991,20.0,0.0,28.7,27.42,27.23,,27.23,10.0,8255.08,8979.56,9120.0
537.6061861515045,20.0,0.0,28.7,27.42,27.23,,27.23,10.0,8255.08,8979.56,9120.0
538.1185166835785,20.0,0.0,28.7,27.42,27.23,,27.23,10.0,8255.08,8979.56,9120.0
538.6200358867645,20.0,0.0,28.7,27.42,27.23,,27.23,10.0,8255.08,8979.56,9120.0
539.1231276988983,20.0,0.0,28.7,27.42,27.23,,27.23,10.0,8255.08,8979.56,9120.0
539.622088432312,20.0,0.0,28.7,27.42,27.23,,27.23,10.0,8255.08,8979.56,9120.0
540.137745141983,20.0,0.0,28.7,27.42,27.23,,27.23,10.0,8255.08,8979.56,9120.0
540.6201665401459,20.0,0.0,28.7,27.42,27.23,,27.23,10.0,8255.08,8979.56,9120.0
541.1183655261993,20.0,0.0,28.7,27.42,27.23,,27.23,10.0,8255.08,8979.56,9120.0
541.6185011863708,20.0,0.0,28.7,27.42,27.23,,27.23,10.0,8255.08,8979.56,9120.0
542.1175377368927,20.0,0.0,28.7,27.42,27.23,,27.23,10.0,8255.08,8979.56,9120.0
542.6318581104279,20.0,0.0,28.7,27.42,27.23,,27.23,10.0,8255.08,8979.56,9120.0
543.1302018165588,20.0,0.0,28.7,27.42,27.23,,27.23,10.0,8255.08,8979.56,9120.0
543.6274633407593,20.0,0.0,28.7,27.42,27.23,,27.23,10.0,8255.08,8979.56,9120.0
544.1249980926514,20.0,0.0,28.7,27.42,27.23,,27.23,10.0,8255.08,8979.56,9120.0
544.6261386871338,20.0,0.0,28.7,27.42,27.23,,27.23,10.0,8255.08,8979.56,9120.0
545.1253387928009,20.0,0.0,28.7,27.42,27.23,,27.23,10.0,8255.08,8979.56,9120.0
545.6385276317596,20.0,0.0,28.7,27.42,27.23,,27.23,10.0,8255.08,8979.56,9120.0
546.1384336948395,20.0,0.0,28.7,27.42,27.23,,27.23,10.0,8255.08,8979.56,9120.0
546.6421844959259,20.0,0.0,28.7,27.42,27.23,,27.23,10.0,8255.08,8979.56,9120.0
547.1386246681213,20.0,0.0,28.7,27.42,27.23,,27.23,10.0,8255.08,8979.56,9120.0
547.6367917060852,20.0,0.0,28.7,27.42,27.23,,27.23,10.0,8255.08,8979.56,9120.0
548.1369090080261,20.0,0.0,28.7,27.42,27.23,,27.23,10.0,8255.08,8979.56,9120.0
548.6350581645966,20.0,0.0,28.7,27.42,27.23,,27.23,10.0,8255.08,8979.56,9120.0
549.1480116844177,20.0,0.0,28.7,27.42,27.23,,27.23,10.0,8255.08,8979.56,9120.0
549.6494164466858,20.0,0.0,28.7,27.42,27.23,,27.23,10.0,8255.08,8979.56,9120.0
550.1480195522308,20.0,0.0,28.7,27.42,27.23,,27.23,10.0,8255.08,8979.56,9120.0
550.6499433517456,20.0,0.0,28.7,27.42,27.23,,27.23,10.0,8255.08,8979.56,9120.0
551.1459550857544,20.0,0.0,28.7,27.42,27.23,,27.23,10.0,8255.08,8979.56,9120.0
551.643296957016,20.0,0.0,28.7,27.42,27.23,,27.23,10.0,8255.08,8979.56,9120.0
552.1577455997467,20.0,0.0,28.74,27.42,27.23,,27.23,10.0,8238.34,8979.56,9120.0
552.6546351909637,20.0,0.0,28.74,27.42,27.23,,27.23,10.0,8238.34,8979.56,9120.0
553.1557025909424,20.0,0.0,28.74,27.42,27.23,,27.23,10.0,8238.34,8979.56,9120.0
553.6551809310913,20.0,0.0,28.74,27.42,27.23,,27.23,10.0,8238.34,8979.56,9120.0
554.1520116329193,20.0,0.0,28.74,27.42,27.23,,27.23,10.0,8238.34,8979.56,9120.0
554.6500918865204,20.0,0.0,28.74,27.42,27.23,,27.23,10.0,8238.34,8979.56,9120.0
555.1657376289368,20.0,0.0,28.74,27.42,27.23,,27.23,10.0,8238.34,8979.56,9120.0
555.6648850440979,20.0,0.0,28.74,27.42,27.23,,27.23,10.0,8238.34,8979.56,9120.0
556.1636986732483,20.0,0.0,28.74,27.42,27.23,,27.23,10.0,8238.34,8979.56,9120.0
556.6637690067291,20.0,0.0,28.74,27.42,27.23,,27.23,10.0,8238.34,8979.56,9120.0
557.1603977680206,20.0,0.0,28.74,27.42,27.23,,27.23,10.0,8238.34,8966.81,9120.0
557.6644880771637,20.0,0.0,28.74,27.45,27.23,,27.23,10.0,8238.34,8979.56,9120.0
558.1655514240265,20.0,0.0,28.74,27.42,27.23,,27.23,10.0,8238.34,8979.56,9120.0
558.6659944057465,20.0,0.0,28.74,27.45,27.23,,27.23,10.0,8238.34,8966.81,9120.0
559.1969542503357,20.0,0.0,28.74,27.42,27.23,,27.23,10.0,8238.34,8966.81,9120.0
559.6838080883026,20.0,0.0,28.74,27.45,27.23,,27.23,10.0,8238.34,8979.56,9120.0
560.2148098945618,20.0,0.0,28.74,27.45,27.23,,27.23,10.0,8238.34,8979.56,9120.0
560.6989619731903,20.0,0.0,28.74,27.42,27.23,,27.23,10.0,8238.34,8966.81,9120.0
561.1817719936371,20.0,0.0,28.74,27.42,27.23,,27.23,10.0,8238.34,8966.81,9120.0
561.6827182769775,20.0,0.0,28.74,27.42,27.23,,27.23,10.0,8238.34,8979.56,9120.0
562.1839785575867,20.0,0.0,28.74,27.42,27.23,,27.23,10.0,8238.34,8966.81,9120.0
562.6831841468811,20.0,0.0,28.74,27.42,27.23,,27.23,10.0,8238.34,8966.81,9120.0
563.1817138195038,20.0,0.0,28.74,27.45,27.23,,27.23,10.0,8238.34,8966.81,9120.0
563.6807284355164,20.0,0.0,28.74,27.45,27.23,,27.23,10.0,8238.34,8966.81,9120.0
564.1832764148712,20.0,0.0,28.74,27.42,27.23,,27.23,10.0,8238.34,8979.56,9120.0
564.6818175315857,20.0,0.0,28.74,27.42,27.23,,27.23,10.0,8238.34,8979.56,9120.0
565.1804828643799,20.0,0.0,28.74,27.42,27.23,,27.23,10.0,8238.34,8979.56,9120.0
565.6930100917816,20.0,0.0,28.74,27.42,27.23,,27.23,10.0,8238.34,8979.56,9120.0
566.1938896179199,20.0,0.0,28.74,27.42,27.23,,27.23,10.0,8238.34,8979.56,9120.0
566.691743850708,20.0,0.0,28.74,27.42,27.23,,27.23,10.0,8238.34,8979.56,9120.0
567.1907961368561,20.0,0.0,28.74,27.42,27.23,,27.23,10.0,8238.34,8979.56,9120.0
567.6916120052338,20.0,0.0,28.74,27.42,27.23,,27.23,10.0,8238.34,8979.56,9120.0
568.1905400753021,20.0,0.0,28.74,27.45,27.23,,27.23,10.0,8238.34,8979.56,9120.0
568.7374165058136,20.0,0.0,28.74,27.45,27.23,,27.23,10.0,8238.34,8979.56,9120.0
569.2525527477264,20.0,0.0,28.74,27.45,27.23,,27.23,10.0,8238.34,8979.56,9120.0
569.7352588176727,20.0,0.0,28.7,27.45,27.23,,27.23,10.0,8238.34,8979.56,9120.0
570.2171654701233,20.0,0.0,28.7,27.42,27.23,,27.23,10.0,8238.34,8979.56,9120.0
570.7037100791931,20.0,0.0,28.7,27.42,27.23,,27.23,10.0,8255.08,8966.81,9120.0
571.2012166976929,20.0,0.0,28.74,27.42,27.23,,27.23,10.0,8238.34,8979.56,9120.0
571.7021408081055,20.0,0.0,28.74,27.42,27.23,,27.23,10.0,8238.34,8966.81,9120.0
572.2032785415649,20.0,0.0,28.74,27.42,27.23,,27.23,10.0,8238.34,8966.81,9120.0
572.7023355960846,20.0,0.0,28.74,27.42,27.23,,27.23,10.0,8238.34,8979.56,9120.0
573.2028937339783,20.0,0.0,28.74,27.42,27.23,,27.23,10.0,8238.34,8979.56,9120.0
573.7005767822266,20.0,0.0,28.74,27.42,27.23,,27.23,10.0,8238.34,8979.56,9120.0
574.2152616977692,20.0,0.0,28.74,27.42,27.23,,27.23,10.0,8238.34,8979.56,9120.0
574.7152643203735,20.0,0.0,28.74,27.42,27.23,,27.23,10.0,8238.34,8979.56,9120.0
575.2150340080261,20.0,0.0,28.74,27.42,27.23,,27.23,10.0,8238.34,8979.56,9120.0
575.7127087116241,20.0,0.0,28.74,27.42,27.23,,27.23,10.0,8238.34,8979.56,9133.01
576.2134401798248,20.0,0.0,28.74,27.42,27.23,,27.23,10.0,8238.34,8979.56,9120.0
576.7123718261719,20.0,0.0,28.74,27.42,27.19,,27.19,10.0,8238.34,8979.56,9133.01
577.2127542495728,20.0,0.0,28.74,27.42,27.19,,27.19,10.0,8238.34,8979.56,9133.01
577.7256901264191,20.0,0.0,28.74,27.42,27.19,,27.19,10.0,8238.34,8979.56,9133.01
578.2235336303711,20.0,0.0,28.74,27.42,27.19,,27.19,10.0,8238.34,8966.81,9133.01
578.7208967208862,20.0,0.0,28.74,27.45,27.19,,27.19,10.0,8238.34,8979.56,9133.01
579.2238745689392,20.0,0.0,28.74,27.45,27.19,,27.19,10.0,8238.34,8979.56,9133.01
579.7204463481903,20.0,0.0,28.74,27.42,27.19,,27.19,10.0,8238.34,8966.81,9133.01
580.2209322452545,20.0,0.0,28.74,27.45,27.19,,27.19,10.0,8238.34,8966.81,9133.01
580.7186958789825,20.0,0.0,28.74,27.45,27.19,,27.19,10.0,8238.34,8966.81,9120.0
581.2330641746521,20.0,0.0,28.74,27.45,27.23,,27.23,10.0,8238.34,8966.81,9133.01
581.7328848838806,20.0,0.0,28.74,27.45,27.19,,27.19,10.0,8238.34,8966.81,9133.01
582.2314882278442,20.0,0.0,28.74,27.45,27.19,,27.19,10.0,8238.34,8966.81,9133.01
582.7322907447815,20.0,0.0,28.74,27.45,27.19,,27.19,10.0,8238.34,8966.81,9133.01
583.236231803894,20.0,0.0,28.74,27.45,27.19,,27.19,10.0,8238.34,8966.81,9133.01
583.7343804836273,20.0,0.0,28.74,27.45,27.19,,27.19,10.0,8238.34,8966.81,9133.01
584.2419619560242,20.0,0.0,28.74,27.45,27.19,,27.19,10.0,8238.34,8966.81,9133.01
584.740541934967,20.0,0.0,28.74,27.45,27.19,,27.19,10.0,8238.34,8966.81,9133.01
585.240421295166,20.0,0.0,28.74,27.45,27.19,,27.19,10.0,8238.34,8966.81,9133.01
585.7393660545349,20.0,0.0,28.74,27.45,27.19,,27.19,10.0,8238.34,8966.81,9120.0
586.240161895752,20.0,0.0,28.74,27.45,27.19,,27.19,10.0,8238.34,8966.81,9120.0
586.737471818924,20.0,0.0,28.74,27.45,27.23,,27.23,10.0,8238.34,8966.81,9120.0
587.2534608840942,20.0,0.0,28.74,27.45,27.23,,27.23,10.0,8238.34,8966.81,9133.01
587.7491762638092,20.0,0.0,28.74,27.45,27.19,,27.19,10.0,8238.34,8966.81,9133.01
588.2484409809113,20.0,0.0,28.74,27.45,27.19,,27.19,10.0,8238.34,8966.81,9120.0
588.7947940826416,20.0,0.0,28.74,27.45,27.19,,27.19,10.0,8238.34,8966.81,9133.01
589.2941193580627,20.0,0.0,28.74,27.45,27.19,,27.19,10.0,8238.34,8966.81,9133.01
589.7908084392548,20.0,0.0,28.74,27.45,27.19,,27.19,10.0,8238.34,8966.81,9133.01
590.2716298103333,20.0,0.0,28.74,27.45,27.19,,27.19,10.0,8238.34,8966.81,9133.01
590.7546627521515,20.0,0.0,28.74,27.45,27.19,,27.19,10.0,8238.34,8966.81,9133.01
591.2540683746338,20.0,0.0,28.74,27.45,27.19,,27.19,10.0,8238.34,8966.81,9133.01
591.7584836483002,20.0,0.0,28.74,27.45,27.19,,27.19,10.0,8238.34,8966.81,9133.01
592.2586991786957,20.0,0.0,28.74,27.45,27.19,,27.19,10.0,8238.34,8966.81,9133.01
592.7589566707611,20.0,0.0,28.74,27.45,27.19,,27.19,10.0,8238.34,8966.81,9133.01
593.258248090744,20.0,0.0,28.74,27.45,27.19,,27.19,10.0,8238.34,8966.81,9133.01
593.7615139484406,20.0,0.0,28.79,27.45,27.23,,27.23,10.0,8238.34,8979.56,9133.01
594.2594010829926,20.0,0.0,28.79,27.45,27.23,,27.23,10.0,8221.65,8966.81,9120.0
594.7601170539856,20.0,0.0,28.74,27.45,27.23,,27.23,10.0,8238.34,8966.81,9120.0
595.2611775398254,20.0,0.0,28.74,27.45,27.23,,27.23,10.0,8221.65,8966.81,9120.0
595.7601346969604,20.0,0.0,28.79,27.42,27.23,,27.23,10.0,8221.65,8966.81,9120.0
596.2727491855621,20.0,0.0,28.74,27.45,27.23,,27.23,10.0,8221.65,8979.56,9120.0
596.7693598270416,20.0,0.0,28.74,27.42,27.23,,27.23,10.0,8238.34,8979.56,9120.0
597.2678897380829,20.0,0.0,28.74,27.45,27.23,,27.23,10.0,8238.34,8979.56,9120.0
597.7685923576355,20.0,0.0,28.74,27.45,27.23,,27.23,10.0,8238.34,8979.56,9120.0
598.2663128376007,20.0,0.0,28.74,27.45,27.23,,27.23,10.0,8238.34,8966.81,9120.0
598.7786822319031,20.0,0.0,28.74,27.45,27.23,,27.23,10.0,8238.34,8966.81,9120.0
599.2784163951874,20.0,0.0,28.74,27.45,27.23,,27.23,10.0,8238.34,8979.56,9120.0
599.7766833305359,20.0,0.0,28.74,27.45,27.23,,27.23,10.0,8238.34,8966.81,9120.0
600.2755930423737,20.0,0.0,28.74,27.42,27.23,,27.23,10.0,8238.34,8966.81,9120.0
600.7758100032806,20.0,0.0,28.74,27.45,27.23,,27.23,10.0,8238.34,8966.81,9120.0
601.2755961418152,20.0,0.0,28.74,27.45,27.23,,27.23,10.0,8238.34,8966.81,9120.0
601.7879049777985,20.0,0.0,28.74,27.45,27.23,,27.23,10.0,8238.34,8966.81,9120.0
602.2888915538788,20.0,0.0,28.74,27.42,27.23,,27.23,10.0,8238.34,8966.81,9120.0
602.7897388935089,20.0,0.0,28.74,27.45,27.23,,27.23,10.0,8238.34,8979.56,9120.0
603.2862393856049,20.0,0.0,28.74,27.45,27.23,,27.23,10.0,8238.34,8966.81,9120.0
603.78493475914,20.0,0.0,28.74,27.45,27.23,,27.23,10.0,8238.34,8966.81,9120.0
604.2845888137817,20.0,0.0,28.74,27.45,27.23,,27.23,10.0,8238.34,8966.81,9120.0
604.7976734638214,20.0,0.0,28.74,27.45,27.23,,27.23,10.0,8238.34,8966.81,9120.0
605.2976167201996,20.0,0.0,28.74,27.42,27.23,,27.23,10.0,8238.34,8966.81,9120.0
605.798189163208,20.0,0.0,28.79,27.42,27.23,,27.23,10.0,8221.65,8966.81,9120.0
606.2924485206604,20.0,0.0,28.79,27.45,27.23,,27.23,10.0,8238.34,8966.81,9120.0
606.7908680438995,20.0,0.0,28.79,27.45,27.23,,27.23,10.0,8221.65,8966.81,9120.0
607.3020234107971,20.0,0.0,28.79,27.45,27.23,,27.23,10.0,8221.65,8979.56,9120.0
607.8012554645538,20.0,0.0,28.79,27.42,27.23,,27.23,10.0,8221.65,8966.81,9120.0
608.2991318702698,20.0,0.0,28.79,27.42,27.23,,27.23,10.0,8221.65,8979.56,9120.0
608.795218706131,20.0,0.0,28.79,27.42,27.23,,27.23,10.0,8221.65,8979.56,9120.0
609.3091216087341,20.0,0.0,28.79,27.42,27.23,,27.23,10.0,8221.65,8979.56,9120.0
609.8091843128204,20.0,0.0,28.79,27.45,27.23,,27.23,10.0,8221.65,8966.81,9120.0
610.3069214820862,20.0,0.0,28.79,27.45,27.23,,27.23,10.0,8221.65,8966.81,9120.0
610.8061861991882,20.0,0.0,28.79,27.45,27.23,,27.23,10.0,8221.65,8966.81,9120.0
611.3065874576569,20.0,0.0,28.79,27.45,27.23,,27.23,10.0,8221.65,8966.81,9120.0
611.8029415607452,20.0,0.0,28.79,27.45,27.23,,27.23,10.0,8221.65,8966.81,9120.0
612.3172078132629,20.0,0.0,28.79,27.45,27.23,,27.23,10.0,8221.65,8966.81,9120.0
612.8169138431549,20.0,0.0,28.79,27.45,27.23,,27.23,10.0,8221.65,8966.81,9120.0
613.3144781589508,20.0,0.0,28.79,27.45,27.23,,27.23,10.0,8221.65,8966.81,9120.0
613.8121950626373,20.0,0.0,28.79,27.45,27.23,,27.23,10.0,8221.65,8966.81,9120.0
614.3113803863525,20.0,0.0,28.79,27.45,27.23,,27.23,10.0,8221.65,8966.81,9120.0
614.8119187355042,20.0,0.0,28.79,27.45,27.23,,27.23,10.0,8221.65,8966.81,9120.0
615.3239221572876,20.0,0.0,28.79,27.45,27.23,,27.23,10.0,8221.65,8966.81,9120.0
615.8238985538483,20.0,0.0,28.79,27.45,27.23,,27.23,10.0,8221.65,8966.81,9120.0
616.3236393928528,20.0,0.0,28.79,27.45,27.23,,27.23,10.0,8221.65,8966.81,9120.0
616.8397245407104,20.0,0.0,28.79,27.45,27.23,,27.23,10.0,8221.65,8966.81,9120.0
617.3384821414948,20.0,0.0,28.79,27.45,27.23,,27.23,10.0,8221.65,8966.81,9120.0
617.8215749263763,20.0,0.0,28.79,27.45,27.23,,27.23,10.0,8221.65,8966.81,9120.0
618.3341805934906,20.0,0.0,28.79,27.45,27.23,,27.23,10.0,8221.65,8966.81,9120.0
618.8350641727448,20.0,0.0,28.79,27.45,27.23,,27.23,10.0,8221.65,8966.81,9120.0
619.3317849636078,20.0,0.0,28.79,27.45,27.23,,27.23,10.0,8221.65,8966.81,9120.0
619.8329908847809,20.0,0.0,28.79,27.45,27.23,,27.23,10.0,8221.65,8966.81,9120.0
620.351842880249,20.0,0.0,28.79,27.45,27.23,,27.23,10.0,8221.65,8966.81,9120.0
620.8344447612762,20.0,0.0,28.79,27.45,27.23,,27.23,10.0,8221.65,8966.81,9120.0
621.3338170051575,20.0,0.0,28.79,27.45,27.23,,27.23,10.0,8221.65,8966.81,9120.0
621.8322055339813,20.0,0.0,28.79,27.45,27.23,,27.23,10.0,8221.65,8966.81,9120.0
622.3302490711212,20.0,0.0,28.79,27.45,27.23,,27.23,10.0,8221.65,8966.81,9120.0
622.8465762138367,20.0,0.0,28.79,27.45,27.23,,27.23,10.0,8221.65,8966.81,9120.0
623.345413684845,20.0,0.0,28.79,27.45,27.23,,27.23,10.0,8221.65,8966.81,9120.0
623.844167470932,20.0,0.0,28.79,27.45,27.23,,27.23,10.0,8221.65,8966.81,9120.0
624.3489501476288,20.0,0.0,28.79,27.45,27.23,,27.23,10.0,8221.65,8966.81,9120.0
624.8500549793243,20.0,0.0,28.79,27.45,27.23,,27.23,10.0,8221.65,8966.81,9120.0
625.3480291366577,20.0,0.0,28.79,27.45,27.23,,27.23,10.0,8221.65,8966.81,9120.0
625.8410420417786,20.0,0.0,28.79,27.45,27.23,,27.23,10.0,8221.65,8966.81,9120.0
626.3403997421265,20.0,0.0,28.79,27.45,27.23,,27.23,10.0,8221.65,8966.81,9120.0
626.8551335334778,20.0,0.0,28.79,27.45,27.23,,27.23,10.0,8221.65,8966.81,9120.0
627.3545429706573,20.0,0.0,28.79,27.45,27.23,,27.23,10.0,8221.65,8966.81,9120.0
627.8557267189026,20.0,0.0,28.79,27.45,27.23,,27.23,10.0,8221.65,8966.81,9120.0
628.3540017604828,20.0,0.0,28.79,27.45,27.23,,27.23,10.0,8221.65,8966.81,9120.0
628.8504843711853,20.0,0.0,28.79,27.45,27.23,,27.23,10.0,8221.65,8966.81,9120.0
629.3639047145844,20.0,0.0,28.79,27.45,27.23,,27.23,10.0,8221.65,8966.81,9120.0
629.8636462688446,20.0,0.0,28.79,27.45,27.23,,27.23,10.0,8221.65,8966.81,9120.0
630.3623952865601,20.0,0.0,28.79,27.45,27.23,,27.23,10.0,8221.65,8966.81,9120.0
630.8608548641205,20.0,0.0,28.79,27.45,27.23,,27.23,10.0,8221.65,8966.81,9120.0
631.3632595539093,20.0,0.0,28.79,27.45,27.23,,27.23,10.0,8221.65,8966.81,9120.0
631.8612222671509,20.0,0.0,28.79,27.45,27.23,,27.23,10.0,8221.65,8966.81,9120.0
632.3609592914581,20.0,0.0,28.79,27.45,27.23,,27.23,10.0,8221.65,8966.81,9120.0
632.8592956066132,20.0,0.0,28.79,27.45,27.23,,27.23,10.0,8221.65,8966.81,9120.0
633.3739054203033,20.0,0.0,28.79,27.45,27.23,,27.23,10.0,8221.65,8966.81,9120.0
633.875700712204,20.0,0.0,28.79,27.45,27.23,,27.23,10.0,8221.65,8966.81,9120.0
634.3759264945984,20.0,0.0,28.79,27.45,27.23,,27.23,10.0,8221.65,8966.81,9120.0
634.8742184638977,20.0,0.0,28.79,27.45,27.23,,27.23,10.0,8221.65,8966.81,9120.0
635.3711121082306,20.0,0.0,28.79,27.45,27.23,,27.23,10.0,8221.65,8966.81,9120.0
635.8692495822906,20.0,0.0,28.74,27.45,27.23,,27.23,10.0,8221.65,8966.81,9120.0
636.3692903518677,20.0,0.0,28.74,27.45,27.23,,27.23,10.0,8221.65,8966.81,9120.0
636.8666715621948,20.0,0.0,28.79,27.45,27.23,,27.23,10.0,8238.34,8966.81,9120.0
637.3816695213318,20.0,0.0,28.79,27.45,27.23,,27.23,10.0,8221.65,8966.81,9120.0
637.8807499408722,20.0,0.0,28.74,27.45,27.23,,27.23,10.0,8238.34,8966.81,9120.0
638.3792612552643,20.0,0.0,28.74,27.45,27.23,,27.23,10.0,8238.34,8966.81,9120.0
638.8783423900604,20.0,0.0,28.74,27.45,27.23,,27.23,10.0,8238.34,8966.81,9120.0
639.3789675235748,20.0,0.0,28.74,27.45,27.23,,27.23,10.0,8238.34,8966.81,9120.0
639.8782012462616,20.0,0.0,28.74,27.45,27.23,,27.23,10.0,8238.34,8966.81,9120.0
640.3869073390961,20.0,0.0,28.74,27.45,27.23,,27.23,10.0,8238.34,8966.81,9120.0
640.8738527297974,20.0,0.0,28.74,27.45,27.23,,27.23,10.0,8238.34,8966.81,9120.0
