Temps (s),Consigne (°C),Erreur (°C),Thermistance 1 - T1 (°C),Thermistance 2 - T2 (°C),Thermistance 3 - T3 (°C),T4',Thermistance 3 estimée - T3_moy (°C),Commande (PWM),R1,R,R3
1.4239585399627686,30,0.0,19.35,19.67,19.89,,19.89,10.0,12911.04,12752.57,12413.48
1.9419348239898682,30,0.0,19.39,19.67,19.89,,19.89,10.0,12911.04,12732.38,12413.48
2.600618600845337,30,0.0,19.39,19.71,19.89,,19.89,10.0,12881.18,12732.38,12413.48
3.142454147338867,30,0.0,19.48,19.71,19.89,,19.89,10.0,12851.42,12732.38,12413.48
3.6867222785949707,30,0.0,19.52,19.71,19.89,,19.89,10.0,12821.75,12712.24,12413.48
4.215862989425659,30,0.0,19.61,19.74,19.89,,19.89,10.0,12762.7,12712.24,12413.48
4.700452089309692,30,0.0,19.7,19.74,19.89,,19.89,10.0,12704.03,12712.24,12413.48
5.256294250488281,30,0.0,19.79,19.74,19.89,,19.89,10.0,12645.74,12692.14,12413.48
5.799485206604004,30,0.0,19.88,19.77,19.89,,19.89,10.0,12587.81,12692.14,12413.48
6.344401121139526,30,0.0,19.97,19.77,19.89,,19.89,10.0,12530.25,12692.14,12413.48
6.872411012649536,30,0.0,20.06,19.81,19.89,,19.89,10.0,12473.05,12672.08,12413.48
7.417751789093018,30,0.0,20.15,19.81,19.89,,19.89,10.0,12416.22,12672.08,12413.48
7.90282416343689,30,0.0,20.24,19.81,19.89,,19.89,10.0,12359.74,12652.07,12413.48
8.448057651519775,30,0.0,20.33,19.84,19.89,,19.89,10.0,12303.61,12652.07,12413.48
8.960412502288818,30,0.0,20.42,19.88,19.89,,19.89,10.0,12247.83,12652.07,12413.48
9.422731876373291,30,0.0,20.51,19.88,19.89,,19.89,10.0,12192.4,12632.1,12413.48
9.895383358001709,30,0.0,20.6,19.91,19.89,,19.89,10.0,12164.81,12632.1,12413.48
10.395990371704102,30,0.0,20.64,19.91,19.93,,19.93,10.0,12109.89,12612.18,12394.03
10.893005132675171,30,0.0,20.73,19.94,19.93,,19.93,10.0,12055.31,12592.3,12394.03
11.393959760665894,30,0.0,20.82,19.98,19.93,,19.93,10.0,12001.07,12592.3,12394.03
11.87518835067749,30,0.0,20.87,19.98,19.93,,19.93,10.0,11974.07,12572.46,12394.03
12.389829158782959,30,0.0,20.96,20.01,19.93,,19.93,10.0,11920.33,12552.67,12394.03
12.92633581161499,30,0.0,21.0,20.01,19.93,,19.93,10.0,11893.58,12552.67,12394.03
13.424846649169922,30,0.0,21.09,20.05,19.93,,19.93,10.0,11866.91,12532.92,12394.03
13.92527151107788,30,0.0,21.14,20.05,19.97,,19.97,10.0,11813.81,12532.92,12394.03
14.408610343933105,30,0.0,21.18,20.08,19.97,,19.97,10.0,11787.39,12513.21,12394.03
14.896390438079834,30,0.0,21.27,20.11,19.97,,19.97,10.0,11734.77,12493.54,12374.62
15.392431735992432,30,0.0,21.31,20.11,19.97,,19.97,10.0,11708.59,12473.92,12374.62
15.87110424041748,30,0.0,21.36,20.15,19.97,,19.97,10.0,11682.48,12473.92,12374.62
16.36695098876953,30,0.0,21.4,20.18,19.97,,19.97,10.0,11656.45,12454.34,12374.62
16.886578798294067,30,0.0,21.49,20.22,19.97,,19.97,10.0,11604.63,12434.8,12374.62
17.396419525146484,30,0.0,21.54,20.22,20.0,,20.0,10.0,11578.83,12434.8,12355.25
17.90984082221985,30,0.0,21.58,20.25,20.0,,20.0,10.0,11553.11,12415.31,12355.25
18.420014142990112,30,0.0,21.63,20.28,20.0,,20.0,10.0,11527.47,12395.85,12355.25
18.91903066635132,30,0.0,21.67,20.28,20.0,,20.0,10.0,11501.91,12376.44,12355.25
19.41985011100769,30,0.0,21.72,20.32,20.04,,20.04,10.0,11476.42,12376.44,12335.93
19.999692678451538,30,0.0,21.76,20.35,20.04,,20.04,10.0,11451.0,12357.07,12335.93
20.52750849723816,30,0.0,21.81,20.39,20.04,,20.04,10.0,11425.67,12337.74,12335.93
21.075847387313843,30,0.0,21.85,20.42,20.04,,20.04,10.0,11400.4,12318.46,12335.93
21.576075792312622,30,0.0,21.9,20.42,20.08,,20.08,10.0,11375.22,12318.46,12335.93
22.108070611953735,30,0.0,21.94,20.45,20.08,,20.08,10.0,11350.1,12299.21,12316.65
22.636197090148926,30,0.0,21.99,20.49,20.08,,20.08,10.0,11325.07,12280.01,12316.65
23.115371465682983,30,0.0,22.03,20.52,20.08,,20.08,10.0,11300.1,12260.85,12297.41
23.61345410346985,30,0.0,22.08,20.55,20.11,,20.11,10.0,11275.21,12260.85,12297.41
24.112467527389526,30,0.0,22.12,20.55,20.11,,20.11,10.0,11250.39,12241.73,12297.41
24.58117985725403,30,0.0,22.16,20.59,20.11,,20.11,10.0,11225.65,12222.65,12297.41
25.05209469795227,30,0.0,22.21,20.62,20.15,,20.15,10.0,11200.97,12203.61,12278.21
25.531495809555054,30,0.0,22.25,20.66,20.15,,20.15,10.0,11176.37,12203.61,12278.21
26.033756971359253,30,0.0,22.3,20.66,20.19,,20.19,10.0,11151.85,12165.65,12278.21
26.514175415039062,30,0.0,22.34,20.69,20.19,,20.19,10.0,11127.39,12165.65,12259.05
27.013301849365234,30,0.0,22.34,20.72,20.19,,20.19,10.0,11127.39,12146.73,12259.05
27.495784997940063,30,0.0,22.39,20.76,20.22,,20.22,10.0,11103.0,12127.85,12259.05
27.959609746932983,30,0.0,22.43,20.76,20.22,,20.22,10.0,11078.69,12127.85,12239.93
28.444793701171875,30,0.0,22.48,20.79,20.22,,20.22,10.0,11054.45,12109.02,12239.93
28.92683482170105,30,0.0,22.52,20.82,20.26,,20.26,10.0,11030.27,12090.22,12220.86
29.409507751464844,30,0.0,22.57,20.86,20.26,,20.26,10.0,11006.17,12071.46,12220.86
29.893161296844482,30,0.0,22.61,20.89,20.29,,20.29,10.0,10982.13,12071.46,12201.82
30.359768867492676,30,0.0,22.61,20.89,20.29,,20.29,10.0,10982.13,12052.74,12201.82
30.82180953025818,30,0.0,22.66,20.93,20.29,,20.29,10.0,10958.17,12034.06,12201.82
31.29591965675354,30,0.0,22.7,20.93,20.33,,20.33,10.0,10934.28,12015.42,12182.82
31.796809434890747,30,0.0,22.7,20.96,20.33,,20.33,10.0,10934.28,12015.42,12182.82
32.276941537857056,30,0.0,22.75,20.99,20.37,,20.37,10.0,10910.45,11996.82,12163.87
32.75929379463196,30,0.0,22.79,21.03,20.37,,20.37,10.0,10886.69,11978.26,12163.87
33.25991225242615,30,0.0,22.84,21.03,20.4,,20.4,10.0,10863.01,11959.74,12163.87
33.72958040237427,30,0.0,22.84,21.06,20.4,,20.4,10.0,10863.01,11959.74,12144.95
34.194206953048706,30,0.0,22.88,21.09,20.4,,20.4,10.0,10839.38,11941.26,12144.95
34.692893266677856,30,0.0,22.93,21.13,20.44,,20.44,10.0,10815.83,11922.82,12126.08
35.1777925491333,30,0.0,22.93,21.13,20.44,,20.44,10.0,10815.83,11904.41,12126.08
35.681867361068726,30,0.0,22.97,21.16,20.48,,20.48,10.0,10792.35,11904.41,12107.25
36.16524887084961,30,0.0,23.02,21.19,20.51,,20.51,10.0,10768.93,11886.04,12107.25
36.699411153793335,30,0.0,23.02,21.23,20.51,,20.51,10.0,10768.93,11867.72,12088.45
37.21389555931091,30,0.0,23.06,21.23,20.51,,20.51,10.0,10745.57,11867.72,12088.45
37.71493411064148,30,0.0,23.1,21.26,20.55,,20.55,10.0,10722.29,11849.43,12069.7
38.22675919532776,30,0.0,23.1,21.29,20.55,,20.55,10.0,10722.29,11831.18,12069.7
38.72937202453613,30,0.0,23.15,21.29,20.58,,20.58,10.0,10699.07,11831.18,12050.98
39.21022987365723,30,0.0,23.19,21.33,20.62,,20.62,10.0,10675.91,11812.96,12050.98
39.708239793777466,30,0.0,23.19,21.4,20.62,,20.62,10.0,10675.91,11776.65,12032.31
40.188984632492065,30,0.0,23.24,21.4,20.62,,20.62,10.0,10652.83,11776.65,12013.67
40.68441104888916,30,0.0,23.24,21.43,20.66,,20.66,10.0,10652.83,11758.55,12013.67
41.184250593185425,30,0.0,23.28,21.43,20.66,,20.66,10.0,10629.81,11758.55,12013.67
41.67129135131836,30,0.0,23.28,21.46,20.69,,20.69,10.0,10629.81,11740.49,11995.08
42.16413187980652,30,0.0,23.33,21.5,20.69,,20.69,10.0,10606.85,11722.47,11995.08
42.73517727851868,30,0.0,23.37,21.5,20.73,,20.73,10.0,10583.95,11722.47,11976.52
43.23245620727539,30,0.0,23.37,21.53,20.73,,20.73,10.0,10583.95,11704.48,11976.52
43.71517729759216,30,0.0,23.42,21.56,20.76,,20.76,10.0,10561.13,11686.53,11958.0
44.19920516014099,30,0.0,23.42,21.56,20.76,,20.76,10.0,10561.13,11668.62,11958.0
44.68324565887451,30,0.0,23.46,21.6,20.8,,20.8,10.0,10538.36,11668.62,11939.53
45.21721005439758,30,0.0,23.46,21.63,20.84,,20.84,10.0,10538.36,11650.75,11939.53
45.682738304138184,30,0.0,23.51,21.66,20.84,,20.84,10.0,10515.66,11632.91,11921.09
46.149012088775635,30,0.0,23.55,21.66,20.87,,20.87,10.0,10493.03,11632.91,11902.68
46.616117000579834,30,0.0,23.55,21.7,20.87,,20.87,10.0,10493.03,11615.11,11902.68
47.09978246688843,30,0.0,23.6,21.73,20.91,,20.91,10.0,10470.46,11597.34,11884.32
47.58041048049927,30,0.0,23.6,21.73,20.91,,20.91,10.0,10470.46,11597.34,11884.32
48.08217120170593,30,0.0,23.64,21.76,20.95,,20.95,10.0,10447.95,11579.62,11866.0
48.57005310058594,30,0.0,23.64,21.8,20.98,,20.98,10.0,10447.95,11561.92,11847.71
49.114768505096436,30,0.0,23.69,21.8,20.98,,20.98,10.0,10425.5,11561.92,11847.71
49.60678553581238,30,0.0,23.69,21.83,21.02,,21.02,10.0,10425.5,11544.27,11829.46
50.135185956954956,30,0.0,23.73,21.83,21.02,,21.02,10.0,10403.12,11526.65,11829.46
50.61924386024475,30,0.0,23.73,21.86,21.05,,21.05,10.0,10403.12,11526.65,11811.25
51.117488384246826,30,0.0,23.78,21.9,21.05,,21.05,10.0,10380.8,11509.07,11811.25
51.601120471954346,30,0.0,23.78,21.93,21.09,,21.09,10.0,10380.8,11491.52,11793.08
52.08512306213379,30,0.0,23.82,21.93,21.13,,21.13,10.0,10358.54,11491.52,11793.08
52.61589074134827,30,0.0,23.82,21.96,21.13,,21.13,10.0,10358.54,11474.01,11774.95
53.129189252853394,30,0.0,23.82,21.96,21.13,,21.13,10.0,10336.34,11474.01,11774.95
53.6449248790741,30,0.0,23.87,22.0,21.16,,21.16,10.0,10336.34,11456.54,11756.85
54.11214017868042,30,0.0,23.91,22.03,21.2,,21.2,10.0,10314.21,11439.1,11738.79
54.59894561767578,30,0.0,23.91,22.03,21.2,,21.2,10.0,10314.21,11439.1,11738.79
55.08064389228821,30,0.0,23.95,22.06,21.23,,21.23,10.0,10292.13,11421.69,11720.78
55.5494167804718,30,0.0,23.95,22.1,21.27,,21.27,10.0,10292.13,11421.69,11720.78
56.03101325035095,30,0.0,23.95,22.1,21.27,,21.27,10.0,10292.13,11404.33,11702.79
56.53229546546936,30,0.0,24.0,22.13,21.31,,21.31,10.0,10270.12,11386.99,11684.85
56.99832272529602,30,0.0,24.0,22.13,21.31,,21.31,10.0,10270.12,11386.99,11684.85
57.48224449157715,30,0.0,24.04,22.16,21.34,,21.34,10.0,10248.17,11369.7,11666.94
57.965322494506836,30,0.0,24.04,22.2,21.34,,21.34,10.0,10248.17,11352.44,11666.94
58.44953370094299,30,0.0,24.09,22.2,21.38,,21.38,10.0,10226.28,11352.44,11649.07
58.93606233596802,30,0.0,24.09,22.23,21.38,,21.38,10.0,10226.28,11335.21,11631.23
59.41935420036316,30,0.0,24.13,22.26,21.41,,21.41,10.0,10204.45,11318.02,11631.23
59.904821157455444,30,0.0,24.13,22.26,21.45,,21.45,10.0,10204.45,11318.02,11613.43
60.386162757873535,30,0.0,24.18,22.3,21.45,,21.45,10.0,10182.68,11300.86,11613.43
60.86907434463501,30,0.0,24.18,22.3,21.49,,21.49,10.0,10182.68,11300.86,11595.67
61.354461431503296,30,0.0,24.18,22.33,21.49,,21.49,10.0,10182.68,11283.74,11595.67
61.85407900810242,30,0.0,24.22,22.36,21.52,,21.52,10.0,10160.97,11266.65,11577.95
62.35200524330139,30,0.0,24.22,22.36,21.56,,21.56,10.0,10160.97,11266.65,11577.95
62.84744095802307,30,0.0,24.22,22.4,21.56,,21.56,10.0,10139.32,11249.6,11560.26
63.34734058380127,30,0.0,24.27,22.4,21.59,,21.59,10.0,10139.32,11249.6,11542.61
63.848220109939575,30,0.0,24.27,22.43,21.59,,21.59,10.0,10139.32,11232.58,11542.61
64.3618311882019,30,0.0,24.31,22.46,21.63,,21.63,10.0,10117.73,11215.6,11524.99
64.85818314552307,30,0.0,24.31,22.46,21.63,,21.63,10.0,10117.73,11215.6,11524.99
65.37282204627991,30,0.0,24.36,22.5,21.66,,21.66,10.0,10096.19,11215.6,11507.42
65.8522253036499,30,0.0,24.36,22.5,21.66,,21.66,10.0,10096.19,11198.65,11507.42
66.38527083396912,30,0.0,24.36,22.53,21.7,,21.7,10.0,10074.72,11181.73,11489.87
66.85181927680969,30,0.0,24.4,22.53,21.7,,21.7,10.0,10074.72,11164.85,11472.37
67.36621236801147,30,0.0,24.4,22.56,21.74,,21.74,10.0,10074.72,11164.85,11472.37
67.86590027809143,30,0.0,24.45,22.59,21.77,,21.77,10.0,10053.31,11148.0,11454.89
68.36609959602356,30,0.0,24.45,22.59,21.77,,21.77,10.0,10053.31,11148.0,11454.89
68.8672981262207,30,0.0,24.49,22.63,21.81,,21.81,10.0,10053.31,11131.19,11437.46
69.36693859100342,30,0.0,24.49,22.63,21.81,,21.81,10.0,10031.95,11131.19,11437.46
69.87957406044006,30,0.0,24.49,22.66,21.84,,21.84,10.0,10031.95,11114.41,11420.06
70.36564207077026,30,0.0,24.49,22.66,21.84,,21.84,10.0,10031.95,11097.66,11420.06
70.95883870124817,30,0.0,24.54,22.69,21.88,,21.88,10.0,10010.65,11097.66,11402.7
71.44278621673584,30,0.0,24.54,22.73,21.88,,21.88,10.0,10010.65,11080.95,11402.7
71.90800046920776,30,0.0,24.58,22.73,21.92,,21.92,10.0,9989.41,11080.95,11385.37
72.39237236976624,30,0.0,24.58,22.76,21.92,,21.92,10.0,9989.41,11064.27,11385.37
72.87250852584839,30,0.0,24.58,22.76,21.95,,21.95,10.0,9989.41,11064.27,11368.07
73.38516783714294,30,0.0,24.63,22.79,21.99,,21.99,10.0,9968.23,11047.62,11350.81
73.88480925559998,30,0.0,24.63,22.79,21.99,,21.99,10.0,9968.23,11047.62,11350.81
74.38058423995972,30,0.0,24.63,22.83,22.02,,22.02,10.0,9968.23,11031.01,11333.59
74.88287258148193,30,0.0,24.67,22.83,22.02,,22.02,10.0,9947.1,11014.43,11333.59
75.49525094032288,30,0.0,24.67,22.86,22.06,,22.06,10.0,9947.1,11014.43,11316.4
75.9773645401001,30,0.0,24.72,22.86,22.06,,22.06,10.0,9926.04,11014.43,11316.4
76.46120166778564,30,0.0,24.72,22.89,22.09,,22.09,10.0,9926.04,10997.88,11299.25
76.92782878875732,30,0.0,24.72,22.93,22.09,,22.09,10.0,9926.04,10981.37,11299.25
77.41137790679932,30,0.0,24.76,22.93,22.13,,22.13,10.0,9905.02,10981.37,11282.13
77.89609265327454,30,0.0,24.76,22.96,22.13,,22.13,10.0,9905.02,10964.88,11282.13
78.39503908157349,30,0.0,24.76,22.96,22.17,,22.17,10.0,9905.02,10964.88,11265.05
78.90452361106873,30,0.0,24.81,22.99,22.17,,22.17,10.0,9884.07,10948.44,11265.05
79.38998484611511,30,0.0,24.81,22.99,22.2,,22.2,10.0,9884.07,10948.44,11248.0
79.88833904266357,30,0.0,24.81,23.02,22.2,,22.2,10.0,9884.07,10932.02,11248.0
80.40152764320374,30,0.0,24.85,23.02,22.24,,22.24,10.0,9863.17,10932.02,11230.98
80.90067386627197,30,0.0,24.85,23.06,22.24,,22.24,10.0,9863.17,10915.64,11230.98
81.40226912498474,30,0.0,24.85,23.06,22.27,,22.27,10.0,9842.33,10915.64,11214.0
81.89835453033447,30,0.0,24.89,23.09,22.27,,22.27,10.0,9842.33,10899.29,11214.0
82.3978202342987,30,0.0,24.89,23.09,22.31,,22.31,10.0,9842.33,10899.29,11197.05
82.91255927085876,30,0.0,24.89,23.12,22.31,,22.31,10.0,9821.55,10882.97,11197.05
83.40845656394958,30,0.0,24.94,23.12,22.34,,22.34,10.0,9821.55,10882.97,11180.14
83.91175365447998,30,0.0,24.94,23.16,22.34,,22.34,10.0,9821.55,10866.68,11180.14
84.41222786903381,30,0.0,24.94,23.16,22.38,,22.38,10.0,9800.82,10866.68,11163.26
84.91055822372437,30,0.0,24.98,23.19,22.42,,22.42,10.0,9800.82,10866.68,11146.42
85.40819144248962,30,0.0,24.98,23.19,22.42,,22.42,10.0,9800.82,10850.43,11146.42
85.90532779693604,30,0.0,24.98,23.19,22.45,,22.45,10.0,9800.82,10850.43,11146.42
86.41682434082031,30,0.0,25.03,23.22,22.45,,22.45,10.0,9780.15,10834.21,11129.61
86.91434144973755,30,0.0,25.03,23.26,22.49,,22.49,10.0,9780.15,10818.02,11112.83
87.41608095169067,30,0.0,25.03,23.26,22.49,,22.49,10.0,9780.15,10818.02,11112.83
87.91434741020203,30,0.0,25.07,23.26,22.49,,22.49,10.0,9759.53,10818.02,11112.83
88.41517543792725,30,0.0,25.07,23.29,22.52,,22.52,10.0,9759.53,10801.86,11096.09
88.91186928749084,30,0.0,25.07,23.29,22.56,,22.56,10.0,9759.53,10801.86,11079.38
89.42657470703125,30,0.0,25.07,23.32,22.56,,22.56,10.0,9759.53,10785.73,11079.38
89.92611694335938,30,0.0,25.12,23.32,22.56,,22.56,10.0,9738.97,10785.73,11062.7
90.42508673667908,30,0.0,25.12,23.35,22.59,,22.59,10.0,9738.97,10769.64,11062.7
90.92464685440063,30,0.0,25.12,23.35,22.63,,22.63,10.0,9738.97,10769.64,11062.7
91.42308282852173,30,0.0,25.16,23.39,22.63,,22.63,10.0,9718.46,10753.57,11046.06
91.92101645469666,30,0.0,25.16,23.39,22.63,,22.63,10.0,9718.46,10753.57,11046.06
92.43568301200867,30,0.0,25.16,23.42,22.66,,22.66,10.0,9718.46,10737.54,11029.45
92.93453216552734,30,0.0,25.21,23.42,22.66,,22.66,10.0,9698.0,10737.54,11029.45
93.43300414085388,30,0.0,25.21,23.45,22.7,,22.7,10.0,9698.0,10721.54,11012.87
93.93279075622559,30,0.0,25.21,23.45,22.7,,22.7,10.0,9698.0,10721.54,10996.33
94.42887353897095,30,0.0,25.21,23.45,22.74,,22.74,10.0,9698.0,10705.57,10996.33
94.93026733398438,30,0.0,25.25,23.49,22.74,,22.74,10.0,9677.61,10705.57,10996.33
95.43003726005554,30,0.0,25.25,23.52,22.77,,22.77,10.0,9677.61,10689.64,10979.82
95.93358087539673,30,0.0,25.25,23.52,22.77,,22.77,10.0,9677.61,10689.64,10979.82
96.44600415229797,30,0.0,25.3,23.52,22.81,,22.81,10.0,9657.26,10689.64,10963.34
96.94572734832764,30,0.0,25.3,23.55,22.81,,22.81,10.0,9657.26,10673.73,10963.34
97.44474935531616,30,0.0,25.3,23.55,22.84,,22.84,10.0,9657.26,10673.73,10946.89
97.94265389442444,30,0.0,25.34,23.59,22.84,,22.84,10.0,9657.26,10657.85,10946.89
98.4404628276825,30,0.0,25.34,23.59,22.88,,22.88,10.0,9636.97,10642.01,10930.48
98.94152474403381,30,0.0,25.34,23.62,22.88,,22.88,10.0,9636.97,10642.01,10930.48
99.44515943527222,30,0.0,25.34,23.62,22.91,,22.91,10.0,9636.97,10642.01,10914.1
99.95774745941162,30,0.0,25.39,23.65,22.91,,22.91,10.0,9616.74,10626.19,10914.1
100.45284914970398,30,0.0,25.39,23.65,22.91,,22.91,10.0,9616.74,10626.19,10914.1
100.9524552822113,30,0.0,25.39,23.65,22.95,,22.95,10.0,9616.74,10626.19,10897.75
101.51605248451233,30,0.0,25.43,23.68,22.95,,22.95,10.0,9596.55,10610.41,10897.75
101.98095345497131,30,0.0,25.43,23.72,22.98,,22.98,10.0,9596.55,10594.66,10881.44
102.45204591751099,30,0.0,25.43,23.72,22.98,,22.98,10.0,9596.55,10594.66,10881.44
102.96592688560486,30,0.0,25.48,23.72,23.02,,23.02,10.0,9576.42,10594.66,10865.15
103.46618461608887,30,0.0,25.48,23.72,23.02,,23.02,10.0,9576.42,10578.94,10865.15
103.9645299911499,30,0.0,25.48,23.75,23.06,,23.06,10.0,9576.42,10578.94,10848.9
104.48047041893005,30,0.0,25.48,23.78,23.06,,23.06,10.0,9576.42,10578.94,10848.9
104.96605253219604,30,0.0,25.52,23.78,23.09,,23.09,10.0,9556.35,10563.25,10848.9
105.46506953239441,30,0.0,25.52,23.78,23.09,,23.09,10.0,9556.35,10563.25,10832.68
105.96514010429382,30,0.0,25.52,23.82,23.09,,23.09,10.0,9556.35,10547.59,10832.68
106.46452045440674,30,0.0,25.57,23.82,23.13,,23.13,10.0,9536.33,10547.59,10816.5
106.99982070922852,30,0.0,25.57,23.85,23.13,,23.13,10.0,9536.33,10531.95,10816.5
107.48131608963013,30,0.0,25.57,23.85,23.16,,23.16,10.0,9536.33,10531.95,10800.34
107.96847128868103,30,0.0,25.57,23.85,23.16,,23.16,10.0,9536.33,10516.36,10800.34
108.51267337799072,30,0.0,25.61,23.88,23.2,,23.2,10.0,9516.36,10516.36,10784.22
108.99611306190491,30,0.0,25.61,23.88,23.2,,23.2,10.0,9516.36,10516.36,10784.22
109.47797107696533,30,0.0,25.61,23.91,23.2,,23.2,10.0,9516.36,10500.78,10784.22
109.97533559799194,30,0.0,25.61,23.91,23.23,,23.23,10.0,9516.36,10500.78,10768.13
110.47681879997253,30,0.0,25.66,23.91,23.23,,23.23,10.0,9496.44,10485.24,10768.13
110.97076559066772,30,0.0,25.66,23.95,23.27,,23.27,10.0,9496.44,10485.24,10752.07
111.48943710327148,30,0.0,25.66,23.95,23.27,,23.27,10.0,9496.44,10485.24,10752.07
111.97243237495422,30,0.0,25.66,23.98,23.27,,23.27,10.0,9496.44,10469.73,10736.04
112.4866075515747,30,0.0,25.7,23.98,23.3,,23.3,10.0,9476.58,10469.73,10736.04
112.98877811431885,30,0.0,25.7,24.01,23.3,,23.3,10.0,9476.58,10454.25,10736.04
113.49280285835266,30,0.0,25.7,24.01,23.34,,23.34,10.0,9476.58,10454.25,10720.04
114.00350308418274,30,0.0,25.7,24.01,23.34,,23.34,10.0,9476.58,10454.25,10720.04
114.4865951538086,30,0.0,25.74,24.04,23.37,,23.37,10.0,9456.76,10438.8,10704.07
115.01719093322754,30,0.0,25.74,24.04,23.37,,23.37,10.0,9456.76,10438.8,10704.07
115.51717925071716,30,0.0,25.74,24.04,23.41,,23.41,10.0,9456.76,10423.38,10688.14
115.99717164039612,30,0.0,25.74,24.08,23.41,,23.41,10.0,9456.76,10423.38,10688.14
116.4985740184784,30,0.0,25.79,24.08,23.41,,23.41,10.0,9437.0,10423.38,10688.14
116.99613118171692,30,0.0,25.79,24.11,23.45,,23.45,10.0,9437.0,10407.99,10672.24
117.4934515953064,30,0.0,25.79,24.11,23.45,,23.45,10.0,9437.0,10407.99,10672.24
117.99553179740906,30,0.0,25.79,24.11,23.48,,23.48,10.0,9437.0,10407.99,10656.36
118.49089503288269,30,0.0,25.83,24.14,23.48,,23.48,10.0,9417.29,10392.63,10656.36
119.00739479064941,30,0.0,25.83,24.14,23.48,,23.48,10.0,9417.29,10392.63,10656.36
119.59881019592285,30,0.0,25.83,24.18,23.52,,23.52,10.0,9417.29,10377.3,10640.52
120.11634016036987,30,0.0,25.83,24.18,23.52,,23.52,10.0,9417.29,10377.3,10640.52
120.58556270599365,30,0.0,25.83,24.18,23.55,,23.55,10.0,9397.64,10377.3,10624.71
121.06795835494995,30,0.0,25.88,24.21,23.55,,23.55,10.0,9397.64,10362.0,10624.71
121.55141425132751,30,0.0,25.88,24.21,23.55,,23.55,10.0,9397.64,10362.0,10624.71
122.03650665283203,30,0.0,25.88,24.24,23.59,,23.59,10.0,9397.64,10362.0,10608.93
122.54857301712036,30,0.0,25.92,24.24,23.59,,23.59,10.0,9397.64,10346.72,10608.93
123.01466941833496,30,0.0,25.92,24.24,23.62,,23.62,10.0,9378.03,10346.72,10593.18
123.51539945602417,30,0.0,25.92,24.27,23.62,,23.62,10.0,9378.03,10346.72,10593.18
124.01364946365356,30,0.0,25.92,24.27,23.62,,23.62,10.0,9378.03,10331.48,10593.18
124.51412796974182,30,0.0,25.92,24.27,23.66,,23.66,10.0,9378.03,10331.48,10577.46
125.01259541511536,30,0.0,25.97,24.31,23.66,,23.66,10.0,9358.48,10316.26,10577.46
125.51583695411682,30,0.0,25.97,24.31,23.69,,23.69,10.0,9358.48,10316.26,10577.46
126.01300477981567,30,0.0,25.97,24.34,23.69,,23.69,10.0,9358.48,10301.08,10561.77
126.52572798728943,30,0.0,25.97,24.34,23.69,,23.69,10.0,9358.48,10301.08,10561.77
127.0231683254242,30,0.0,26.01,24.34,23.73,,23.73,10.0,9338.97,10301.08,10546.11
127.52142763137817,30,0.0,26.01,24.37,23.73,,23.73,10.0,9338.97,10285.92,10546.11
128.01979422569275,30,0.0,26.01,24.37,23.73,,23.73,10.0,9338.97,10285.92,10546.11
128.5214855670929,30,0.0,26.01,24.37,23.76,,23.76,10.0,9338.97,10285.92,10530.49
129.01955699920654,30,0.0,26.06,24.4,23.76,,23.76,10.0,9319.52,10270.79,10530.49
129.52022695541382,30,0.0,26.06,24.4,23.8,,23.8,10.0,9319.52,10270.79,10514.89
130.01988887786865,30,0.0,26.06,24.4,23.8,,23.8,10.0,9319.52,10270.79,10514.89
130.5328869819641,30,0.0,26.06,24.44,23.8,,23.8,10.0,9319.52,10255.69,10514.89
131.0300977230072,30,0.0,26.1,24.44,23.83,,23.83,10.0,9319.52,10255.69,10499.32
131.5281195640564,30,0.0,26.1,24.44,23.83,,23.83,10.0,9300.12,10255.69,10499.32
132.02790021896362,30,0.0,26.1,24.47,23.83,,23.83,10.0,9300.12,10240.62,10499.32
132.54194116592407,30,0.0,26.1,24.47,23.87,,23.87,10.0,9300.12,10240.62,10483.79
133.0405626296997,30,0.0,26.1,24.47,23.87,,23.87,10.0,9300.12,10240.62,10483.79
133.5404829978943,30,0.0,26.15,24.5,23.87,,23.87,10.0,9300.12,10225.58,10483.79
134.040709733963,30,0.0,26.15,24.5,23.9,,23.9,10.0,9280.76,10225.58,10468.28
134.53487467765808,30,0.0,26.15,24.5,23.9,,23.9,10.0,9280.76,10225.58,10468.28
135.03480458259583,30,0.0,26.15,24.54,23.9,,23.9,10.0,9280.76,10225.58,10468.28
135.55041456222534,30,0.0,26.15,24.54,23.94,,23.94,10.0,9280.76,10210.56,10452.8
136.06649804115295,30,0.0,26.19,24.54,23.94,,23.94,10.0,9261.46,10210.56,10452.8
136.54766583442688,30,0.0,26.19,24.54,23.94,,23.94,10.0,9261.46,10195.58,10452.8
137.04635977745056,30,0.0,26.19,24.57,23.98,,23.98,10.0,9261.46,10195.58,10437.35
137.54357028007507,30,0.0,26.19,24.57,23.98,,23.98,10.0,9261.46,10195.58,10437.35
138.05552625656128,30,0.0,26.19,24.6,24.01,,24.01,10.0,9242.21,10180.62,10437.35
138.5547308921814,30,0.0,26.24,24.6,24.01,,24.01,10.0,9242.21,10180.62,10421.93
139.05453491210938,30,0.0,26.24,24.6,24.01,,24.01,10.0,9242.21,10180.62,10421.93
139.55588293075562,30,0.0,26.24,24.63,24.05,,24.05,10.0,9242.21,10165.69,10421.93
140.05512475967407,30,0.0,26.24,24.63,24.05,,24.05,10.0,9242.21,10165.69,10406.55
140.57068729400635,30,0.0,26.28,24.63,24.05,,24.05,10.0,9223.01,10165.69,10406.55
141.0512866973877,30,0.0,26.28,24.67,24.05,,24.05,10.0,9223.01,10150.79,10391.19
141.55101084709167,30,0.0,26.28,24.67,24.08,,24.08,10.0,9223.01,10150.79,10391.19
142.06417727470398,30,0.0,26.28,24.67,24.08,,24.08,10.0,9223.01,10150.79,10391.19
142.56088304519653,30,0.0,26.28,24.7,24.12,,24.12,10.0,9223.01,10135.92,10375.86
143.057963848114,30,0.0,26.33,24.7,24.12,,24.12,10.0,9203.86,10135.92,10375.86
143.55935978889465,30,0.0,26.33,24.7,24.12,,24.12,10.0,9203.86,10135.92,10375.86
144.05742502212524,30,0.0,26.33,24.73,24.15,,24.15,10.0,9203.86,10121.08,10360.56
144.57184743881226,30,0.0,26.33,24.73,24.15,,24.15,10.0,9203.86,10121.08,10360.56
145.06713390350342,30,0.0,26.37,24.73,24.15,,24.15,10.0,9184.76,10121.08,10360.56
145.56303334236145,30,0.0,26.37,24.73,24.19,,24.19,10.0,9184.76,10121.08,10360.56
146.0774507522583,30,0.0,26.37,24.76,24.19,,24.19,10.0,9184.76,10106.26,10345.29
146.5795509815216,30,0.0,26.37,24.76,24.19,,24.19,10.0,9184.76,10106.26,10345.29
147.07674264907837,30,0.0,26.37,24.76,24.19,,24.19,10.0,9184.76,10106.26,10345.29
147.57522177696228,30,0.0,26.42,24.8,24.22,,24.22,10.0,9184.76,10091.47,10330.05
148.0755455493927,30,0.0,26.42,24.8,24.22,,24.22,10.0,9165.7,10091.47,10330.05
148.57354545593262,30,0.0,26.42,24.8,24.22,,24.22,10.0,9165.7,10091.47,10330.05
149.08556461334229,30,0.0,26.42,24.83,24.26,,24.26,10.0,9165.7,10076.71,10314.83
149.58396553993225,30,0.0,26.42,24.83,24.26,,24.26,10.0,9165.7,10076.71,10314.83
150.08273220062256,30,0.0,26.46,24.83,24.26,,24.26,10.0,9165.7,10076.71,10314.83
150.58122420310974,30,0.0,26.46,24.86,24.29,,24.29,10.0,9165.7,10061.98,10299.65
151.08283495903015,30,0.0,26.46,24.86,24.29,,24.29,10.0,9146.7,10061.98,10299.65
151.57880210876465,30,0.0,26.46,24.86,24.29,,24.29,10.0,9146.7,10061.98,10299.65
152.14272594451904,30,0.0,26.46,24.86,24.33,,24.33,10.0,9146.7,10061.98,10284.5
152.64055180549622,30,0.0,26.46,24.89,24.33,,24.33,10.0,9146.7,10047.28,10284.5
153.107435464859,30,0.0,26.46,24.89,24.33,,24.33,10.0,9146.7,10047.28,10284.5
153.59269189834595,30,0.0,26.51,24.89,24.36,,24.36,10.0,9127.74,10047.28,10284.5
154.09125638008118,30,0.0,26.51,24.93,24.36,,24.36,10.0,9127.74,10047.28,10269.37
154.593425989151,30,0.0,26.51,24.93,24.36,,24.36,10.0,9127.74,10032.6,10269.37
155.0888216495514,30,0.0,26.51,24.93,24.36,,24.36,10.0,9127.74,10032.6,10269.37
155.59952044487,30,0.0,26.51,24.93,24.4,,24.4,10.0,9127.74,10032.6,10254.27
156.09956789016724,30,0.0,26.55,24.96,24.4,,24.4,10.0,9127.74,10017.95,10254.27
156.59951901435852,30,0.0,26.55,24.96,24.4,,24.4,10.0,9108.84,10017.95,10254.27
157.10152435302734,30,0.0,26.55,24.96,24.43,,24.43,10.0,9108.84,10017.95,10239.2
157.59637999534607,30,0.0,26.55,24.99,24.43,,24.43,10.0,9108.84,10017.95,10239.2
158.09508609771729,30,0.0,26.55,24.99,24.43,,24.43,10.0,9108.84,10003.33,10239.2
158.61186385154724,30,0.0,26.55,24.99,24.43,,24.43,10.0,9108.84,10003.33,10239.2
159.11061334609985,30,0.0,26.55,24.99,24.47,,24.47,10.0,9108.84,10003.33,10224.16
159.61094546318054,30,0.0,26.6,25.03,24.47,,24.47,10.0,9089.98,9988.73,10224.16
160.1091845035553,30,0.0,26.6,25.03,24.47,,24.47,10.0,9089.98,9988.73,10224.16
160.60852456092834,30,0.0,26.6,25.03,24.5,,24.5,10.0,9089.98,9988.73,10209.15
161.11354446411133,30,0.0,26.6,25.06,24.5,,24.5,10.0,9089.98,9988.73,10209.15
161.60618472099304,30,0.0,26.6,25.06,24.5,,24.5,10.0,9089.98,9974.16,10209.15
162.12175679206848,30,0.0,26.6,25.06,24.5,,24.5,10.0,9089.98,9974.16,10209.15
162.61637473106384,30,0.0,26.64,25.06,24.54,,24.54,10.0,9089.98,9974.16,10194.17
163.11472582817078,30,0.0,26.64,25.06,24.54,,24.54,10.0,9071.17,9974.16,10194.17
163.61152005195618,30,0.0,26.64,25.09,24.54,,24.54,10.0,9071.17,9959.62,10194.17
164.11503767967224,30,0.0,26.64,25.09,24.54,,24.54,10.0,9071.17,9959.62,10179.22
164.62831807136536,30,0.0,26.64,25.09,24.57,,24.57,10.0,9071.17,9959.62,10179.22
165.1270203590393,30,0.0,26.64,25.09,24.57,,24.57,10.0,9071.17,9945.11,10179.22
165.62910318374634,30,0.0,26.68,25.12,24.57,,24.57,10.0,9052.4,9945.11,10179.22
166.12743735313416,30,0.0,26.68,25.12,24.61,,24.61,10.0,9052.4,9945.11,10164.29
166.62318444252014,30,0.0,26.68,25.12,24.61,,24.61,10.0,9052.4,9945.11,10164.29
167.11924958229065,30,0.0,26.68,25.16,24.61,,24.61,10.0,9052.4,9930.62,10164.29
167.63152360916138,30,0.0,26.68,25.16,24.64,,24.64,10.0,9052.4,9930.62,10149.39
168.12979888916016,30,0.0,26.73,25.16,24.64,,24.64,10.0,9052.4,9930.62,10149.39
168.62834358215332,30,0.0,26.73,25.16,24.64,,24.64,10.0,9033.69,9930.62,10149.39
169.14443635940552,30,0.0,26.73,25.19,24.64,,24.64,10.0,9033.69,9930.62,10149.39
169.64569902420044,30,0.0,26.73,25.19,24.68,,24.68,10.0,9033.69,9916.16,10134.53
170.12750124931335,30,0.0,26.73,25.19,24.68,,24.68,10.0,9033.69,9916.16,10134.53
170.64052319526672,30,0.0,26.73,25.19,24.68,,24.68,10.0,9015.02,9916.16,10134.53
171.14252614974976,30,0.0,26.77,25.19,24.71,,24.71,10.0,9015.02,9901.73,10119.68
171.64295434951782,30,0.0,26.77,25.22,24.71,,24.71,10.0,9015.02,9901.73,10119.68
172.14187955856323,30,0.0,26.77,25.22,24.71,,24.71,10.0,9015.02,9901.73,10119.68
172.70437932014465,30,0.0,26.77,25.22,24.71,,24.71,10.0,9015.02,9901.73,10119.68
173.1983733177185,30,0.0,26.82,25.22,24.75,,24.75,10.0,9015.02,9901.73,10104.87
173.68285036087036,30,0.0,26.82,25.25,24.75,,24.75,10.0,8996.41,9887.32,10104.87
174.16315507888794,30,0.0,26.82,25.25,24.75,,24.75,10.0,8996.41,9887.32,10104.87
174.64521312713623,30,0.0,26.82,25.25,24.75,,24.75,10.0,8996.41,9887.32,10104.87
175.14337611198425,30,0.0,26.82,25.29,24.78,,24.78,10.0,8996.41,9887.32,10090.08
175.6456139087677,30,0.0,26.82,25.29,24.78,,24.78,10.0,8977.83,9872.95,10090.08
176.15406703948975,30,0.0,26.82,25.29,24.78,,24.78,10.0,8977.83,9872.95,10090.08
176.65266299247742,30,0.0,26.86,25.29,24.78,,24.78,10.0,8977.83,9872.95,10090.08
177.15063405036926,30,0.0,26.86,25.29,24.82,,24.82,10.0,8977.83,9872.95,10075.33
177.64925169944763,30,0.0,26.86,25.32,24.82,,24.82,10.0,8977.83,9858.59,10075.33
178.16084671020508,30,0.0,26.86,25.32,24.82,,24.82,10.0,8977.83,9858.59,10075.33
178.66178917884827,30,0.0,26.86,25.32,24.82,,24.82,10.0,8977.83,9858.59,10075.33
179.16055512428284,30,0.0,26.86,25.32,24.85,,24.85,10.0,8977.83,9858.59,10060.6
179.65853548049927,30,0.0,26.86,25.35,24.85,,24.85,10.0,8977.83,9844.27,10060.6
180.15623497962952,30,0.0,26.91,25.35,24.85,,24.85,10.0,8959.31,9844.27,10060.6
180.6562476158142,30,0.0,26.91,25.35,24.89,,24.89,10.0,8959.31,9844.27,10060.6
181.16931319236755,30,0.0,26.91,25.38,24.89,,24.89,10.0,8959.31,9829.97,10045.89
181.6662209033966,30,0.0,26.91,25.38,24.89,,24.89,10.0,8959.31,9829.97,10045.89
182.16470289230347,30,0.0,26.91,25.38,24.89,,24.89,10.0,8959.31,9829.97,10045.89
182.66176104545593,30,0.0,26.91,25.38,24.89,,24.89,10.0,8959.31,9829.97,10045.89
183.17730116844177,30,0.0,26.95,25.42,24.93,,24.93,10.0,8940.83,9815.7,10031.22
183.67330145835876,30,0.0,26.95,25.42,24.93,,24.93,10.0,8940.83,9815.7,10031.22
184.1728024482727,30,0.0,26.95,25.42,24.93,,24.93,10.0,8940.83,9815.7,10031.22
184.67470622062683,30,0.0,26.95,25.42,24.93,,24.93,10.0,8940.83,9815.7,10031.22
185.1762626171112,30,0.0,26.95,25.42,24.93,,24.93,10.0,8940.83,9801.45,10031.22
185.6730227470398,30,0.0,26.95,25.45,24.96,,24.96,10.0,8940.83,9815.7,10016.57
186.174542427063,30,0.0,26.95,25.45,24.96,,24.96,10.0,8940.83,9801.45,10016.57
186.67195987701416,30,0.0,26.95,25.45,24.96,,24.96,10.0,8940.83,9801.45,10016.57
187.17462539672852,30,0.0,26.95,25.45,24.96,,24.96,10.0,8940.83,9801.45,10016.57
187.68712329864502,30,0.0,26.95,25.45,25.0,,25.0,10.0,8940.83,9801.45,10001.95
188.1882095336914,30,0.0,26.95,25.48,25.0,,25.0,10.0,8922.4,9787.23,10001.95
188.68495869636536,30,0.0,26.95,25.48,25.0,,25.0,10.0,8922.4,9787.23,10001.95
189.17903065681458,30,0.0,27.0,25.48,25.0,,25.0,10.0,8922.4,9787.23,10001.95
189.68007636070251,30,0.0,27.0,25.48,25.03,,25.03,10.0,8922.4,9787.23,9987.36
190.1952784061432,30,0.0,27.0,25.48,25.03,,25.03,10.0,8922.4,9787.23,9987.36
190.72740983963013,30,0.0,27.0,25.51,25.03,,25.03,10.0,8922.4,9773.04,9987.36
191.23515844345093,30,0.0,27.0,25.51,25.03,,25.03,10.0,8922.4,9773.04,9987.36
191.73494863510132,30,0.0,27.04,25.51,25.07,,25.07,10.0,8922.4,9773.04,9972.79
192.21949744224548,30,0.0,27.04,25.51,25.07,,25.07,10.0,8904.02,9773.04,9972.79
192.70320296287537,30,0.0,27.04,25.55,25.07,,25.07,10.0,8904.02,9758.87,9972.79
193.203932762146,30,0.0,27.04,25.55,25.07,,25.07,10.0,8904.02,9758.87,9972.79
193.70048236846924,30,0.0,27.04,25.55,25.1,,25.1,10.0,8904.02,9758.87,9972.79
194.19849371910095,30,0.0,27.04,25.55,25.1,,25.1,10.0,8904.02,9758.87,9958.26
194.69749641418457,30,0.0,27.09,25.55,25.1,,25.1,10.0,8885.68,9758.87,9958.26
195.19720721244812,30,0.0,27.09,25.58,25.1,,25.1,10.0,8885.68,9744.73,9958.26
195.69647812843323,30,0.0,27.09,25.58,25.1,,25.1,10.0,8885.68,9744.73,9958.26
196.19892001152039,30,0.0,27.09,25.58,25.14,,25.14,10.0,8885.68,9744.73,9943.75
196.7003116607666,30,0.0,27.09,25.58,25.14,,25.14,10.0,8885.68,9744.73,9943.75
197.19823265075684,30,0.0,27.09,25.58,25.14,,25.14,10.0,8885.68,9744.73,9943.75
197.7123303413391,30,0.0,27.13,25.61,25.17,,25.17,10.0,8867.39,9730.61,9943.75
198.20988202095032,30,0.0,27.13,25.61,25.17,,25.17,10.0,8867.39,9730.61,9929.26
198.7089605331421,30,0.0,27.13,25.61,25.17,,25.17,10.0,8867.39,9730.61,9929.26
199.21132469177246,30,0.0,27.13,25.64,25.17,,25.17,10.0,8867.39,9730.61,9929.26
199.71860361099243,30,0.0,27.13,25.64,25.17,,25.17,10.0,8867.39,9716.52,9929.26
200.21861839294434,30,0.0,27.13,25.64,25.17,,25.17,10.0,8867.39,9716.52,9929.26
200.72025656700134,30,0.0,27.13,25.64,25.21,,25.21,10.0,8849.15,9716.52,9914.81
201.36321783065796,30,0.0,27.18,25.64,25.21,,25.21,10.0,8849.15,9716.52,9914.81
201.92738842964172,30,0.0,27.18,25.68,25.21,,25.21,10.0,8849.15,9702.46,9914.81
202.42229628562927,30,0.0,27.18,25.68,25.21,,25.21,10.0,8849.15,9702.46,9914.81
202.9564323425293,30,0.0,27.18,25.68,25.24,,25.24,10.0,8849.15,9702.46,9900.37
203.43844556808472,30,0.0,27.18,25.68,25.24,,25.24,10.0,8849.15,9702.46,9900.37
203.92102527618408,30,0.0,27.18,25.68,25.24,,25.24,10.0,8849.15,9702.46,9900.37
204.42178010940552,30,0.0,27.18,25.71,25.24,,25.24,10.0,8849.15,9702.46,9900.37
204.91887974739075,30,0.0,27.18,25.71,25.24,,25.24,10.0,8830.95,9688.42,9900.37
205.434011220932,30,0.0,27.22,25.71,25.28,,25.28,10.0,8830.95,9688.42,9885.97
205.9818093776703,30,0.0,27.22,25.71,25.28,,25.28,10.0,8830.95,9688.42,9885.97
206.48284721374512,30,0.0,27.22,25.74,25.28,,25.28,10.0,8830.95,9688.42,9885.97
206.9698371887207,30,0.0,27.22,25.74,25.28,,25.28,10.0,8830.95,9674.41,9885.97
207.46512866020203,30,0.0,27.22,25.74,25.28,,25.28,10.0,8830.95,9674.41,9885.97
207.94796562194824,30,0.0,27.22,25.74,25.31,,25.31,10.0,8830.95,9674.41,9871.6
208.4286663532257,30,0.0,27.22,25.74,25.31,,25.31,10.0,8830.95,9674.41,9871.6
208.91099905967712,30,0.0,27.22,25.74,25.31,,25.31,10.0,8830.95,9674.41,9871.6
209.39445543289185,30,0.0,27.27,25.74,25.31,,25.31,10.0,8812.79,9660.42,9871.6
209.89201402664185,30,0.0,27.27,25.77,25.31,,25.31,10.0,8812.79,9660.42,9871.6
210.40403938293457,30,0.0,27.27,25.77,25.35,,25.35,10.0,8812.79,9660.42,9857.25
210.90102744102478,30,0.0,27.27,25.77,25.35,,25.35,10.0,8812.79,9660.42,9857.25
211.3989098072052,30,0.0,27.27,25.77,25.35,,25.35,10.0,8812.79,9660.42,9857.25
211.912850856781,30,0.0,27.27,25.77,25.35,,25.35,10.0,8812.79,9660.42,9857.25
212.41348958015442,30,0.0,27.27,25.81,25.38,,25.38,10.0,8812.79,9646.46,9857.25
212.91245937347412,30,0.0,27.27,25.81,25.38,,25.38,10.0,8812.79,9646.46,9842.92
213.4437701702118,30,0.0,27.27,25.81,25.38,,25.38,10.0,8812.79,9646.46,9842.92
213.93948459625244,30,0.0,27.27,25.81,25.38,,25.38,10.0,8812.79,9646.46,9842.92
214.45611143112183,30,0.0,27.27,25.81,25.38,,25.38,10.0,8794.69,9646.46,9842.92
214.9418637752533,30,0.0,27.31,25.84,25.38,,25.38,10.0,8794.69,9632.52,9828.63
215.44418716430664,30,0.0,27.31,25.84,25.42,,25.42,10.0,8794.69,9632.52,9828.63
215.94564485549927,30,0.0,27.31,25.84,25.42,,25.42,10.0,8794.69,9632.52,9828.63
216.59474658966064,30,0.0,27.31,25.84,25.42,,25.42,10.0,8794.69,9632.52,9828.63
217.10742259025574,30,0.0,27.31,25.84,25.42,,25.42,10.0,8794.69,9632.52,9828.63
217.5919599533081,30,0.0,27.31,25.87,25.42,,25.42,10.0,8794.69,9618.61,9828.63
218.08982586860657,30,0.0,27.31,25.87,25.45,,25.45,10.0,8794.69,9618.61,9814.35
218.61919832229614,30,0.0,27.31,25.87,25.45,,25.45,10.0,8794.69,9618.61,9814.35
219.1497573852539,30,0.0,27.31,25.87,25.45,,25.45,10.0,8794.69,9618.61,9814.35
219.64944434165955,30,0.0,27.31,25.87,25.45,,25.45,10.0,8794.69,9618.61,9814.35
220.19663333892822,30,0.0,27.36,25.9,25.45,,25.45,10.0,8794.69,9604.73,9814.35
220.6932134628296,30,0.0,27.36,25.9,25.45,,25.45,10.0,8794.69,9604.73,9814.35
221.20848894119263,30,0.0,27.36,25.9,25.49,,25.49,10.0,8776.62,9604.73,9800.11
221.70555090904236,30,0.0,27.36,25.9,25.49,,25.49,10.0,8776.62,9604.73,9800.11
222.21777391433716,30,0.0,27.36,25.9,25.49,,25.49,10.0,8776.62,9604.73,9800.11
222.71763563156128,30,0.0,27.36,25.9,25.49,,25.49,10.0,8776.62,9604.73,9800.11
223.21659922599792,30,0.0,27.36,25.93,25.49,,25.49,10.0,8776.62,9604.73,9800.11
223.77748775482178,30,0.0,27.36,25.93,25.49,,25.49,10.0,8776.62,9590.87,9800.11
224.34044814109802,30,0.0,27.36,25.93,25.52,,25.52,10.0,8776.62,9590.87,9785.89
224.8859612941742,30,0.0,27.4,25.93,25.52,,25.52,10.0,8758.61,9590.87,9785.89
225.41673684120178,30,0.0,27.4,25.93,25.52,,25.52,10.0,8758.61,9590.87,9785.89
225.94799304008484,30,0.0,27.4,25.93,25.52,,25.52,10.0,8758.61,9590.87,9785.89
226.47968292236328,30,0.0,27.4,25.97,25.52,,25.52,10.0,8758.61,9577.04,9785.89
227.02829313278198,30,0.0,27.4,25.97,25.56,,25.56,10.0,8758.61,9577.04,9771.7
227.54163551330566,30,0.0,27.4,25.97,25.56,,25.56,10.0,8758.61,9577.04,9771.7
228.08853721618652,30,0.0,27.4,25.97,25.56,,25.56,10.0,8758.61,9577.04,9771.7
228.62209224700928,30,0.0,27.4,25.97,25.56,,25.56,10.0,8758.61,9577.04,9771.7
229.15120244026184,30,0.0,27.4,25.97,25.56,,25.56,10.0,8758.61,9577.04,9771.7
229.66784358024597,30,0.0,27.45,25.97,25.56,,25.56,10.0,8740.63,9563.23,9771.7
230.20322108268738,30,0.0,27.45,26.0,25.59,,25.59,10.0,8740.63,9563.23,9757.54
230.7192964553833,30,0.0,27.45,26.0,25.59,,25.59,10.0,8740.63,9563.23,9757.54
231.25078439712524,30,0.0,27.45,26.0,25.59,,25.59,10.0,8740.63,9563.23,9757.54
231.77778792381287,30,0.0,27.45,26.0,25.59,,25.59,10.0,8740.63,9563.23,9757.54
232.2950475215912,30,0.0,27.45,26.0,25.59,,25.59,10.0,8740.63,9563.23,9757.54
232.79253387451172,30,0.0,27.45,26.0,25.59,,25.59,10.0,8740.63,9563.23,9757.54
233.29482197761536,30,0.0,27.45,26.03,25.63,,25.63,10.0,8740.63,9549.44,9743.4
233.81241822242737,30,0.0,27.49,26.03,25.63,,25.63,10.0,8722.71,9549.44,9743.4
234.3298316001892,30,0.0,27.49,26.03,25.63,,25.63,10.0,8722.71,9549.44,9743.4
234.85438442230225,30,0.0,27.49,26.03,25.63,,25.63,10.0,8722.71,9549.44,9743.4
235.3696780204773,30,0.0,27.49,26.03,25.63,,25.63,10.0,8722.71,9549.44,9743.4
235.90410351753235,30,0.0,27.49,26.03,25.63,,25.63,10.0,8722.71,9549.44,9743.4
236.43395948410034,30,0.0,27.49,26.03,25.66,,25.66,10.0,8722.71,9535.68,9729.29
236.96388292312622,30,0.0,27.49,26.06,25.66,,25.66,10.0,8722.71,9549.44,9729.29
237.47797989845276,30,0.0,27.49,26.06,25.66,,25.66,10.0,8722.71,9535.68,9729.29
238.0105218887329,30,0.0,27.53,26.06,25.66,,25.66,10.0,8704.83,9535.68,9729.29
238.54604077339172,30,0.0,27.53,26.06,25.66,,25.66,10.0,8704.83,9535.68,9729.29
239.09182596206665,30,0.0,27.53,26.06,25.66,,25.66,10.0,8704.83,9535.68,9729.29
239.60223817825317,30,0.0,27.53,26.06,25.7,,25.7,10.0,8704.83,9535.68,9729.29
240.13165640830994,30,0.0,27.53,26.06,25.7,,25.7,10.0,8704.83,9535.68,9715.2
240.66373991966248,30,0.0,27.53,26.1,25.7,,25.7,10.0,8704.83,9535.68,9715.2
241.21776700019836,30,0.0,27.53,26.1,25.7,,25.7,10.0,8704.83,9521.95,9715.2
241.76595330238342,30,0.0,27.53,26.1,25.7,,25.7,10.0,8704.83,9521.95,9715.2
242.27618956565857,30,0.0,27.53,26.1,25.7,,25.7,10.0,8704.83,9521.95,9715.2
242.77999687194824,30,0.0,27.53,26.1,25.7,,25.7,10.0,8704.83,9521.95,9701.14
243.2942657470703,30,0.0,27.58,26.1,25.73,,25.73,10.0,8704.83,9521.95,9701.14
243.7954523563385,30,0.0,27.58,26.13,25.73,,25.73,10.0,8704.83,9508.24,9701.14
244.3082184791565,30,0.0,27.58,26.13,25.73,,25.73,10.0,8686.99,9508.24,9701.14
244.80890369415283,30,0.0,27.58,26.13,25.73,,25.73,10.0,8686.99,9508.24,9701.14
245.3213505744934,30,0.0,27.58,26.13,25.73,,25.73,10.0,8686.99,9508.24,9701.14
245.86527156829834,30,0.0,27.58,26.13,25.73,,25.73,10.0,8686.99,9508.24,9701.14
246.38097071647644,30,0.0,27.58,26.13,25.77,,25.77,10.0,8686.99,9508.24,9701.14
246.89743661880493,30,0.0,27.58,26.13,25.77,,25.77,10.0,8686.99,9508.24,9687.1
247.42867493629456,30,0.0,27.58,26.13,25.77,,25.77,10.0,8686.99,9508.24,9687.1
247.9629201889038,30,0.0,27.58,26.16,25.77,,25.77,10.0,8686.99,9494.56,9687.1
248.50917434692383,30,0.0,27.58,26.16,25.77,,25.77,10.0,8686.99,9494.56,9687.1
249.03728222846985,30,0.0,27.58,26.16,25.77,,25.77,10.0,8686.99,9494.56,9687.1
249.53804755210876,30,0.0,27.58,26.16,25.77,,25.77,10.0,8686.99,9494.56,9687.1
250.05302739143372,30,0.0,27.58,26.16,25.77,,25.77,10.0,8686.99,9494.56,9687.1
250.61379551887512,30,0.0,27.62,26.16,25.8,,25.8,10.0,8669.2,9494.56,9673.09
251.1617350578308,30,0.0,27.58,26.16,25.8,,25.8,10.0,8669.2,9494.56,9673.09
251.69411253929138,30,0.0,27.62,26.19,25.8,,25.8,10.0,8669.2,9494.56,9673.09
252.2126202583313,30,0.0,27.62,26.19,25.8,,25.8,10.0,8669.2,9480.9,9673.09
252.72862434387207,30,0.0,27.62,26.19,25.8,,25.8,10.0,8669.2,9480.9,9673.09
253.25395011901855,30,0.0,27.62,26.19,25.8,,25.8,10.0,8669.2,9480.9,9673.09
253.7820644378662,30,0.0,27.62,26.19,25.8,,25.8,10.0,8669.2,9480.9,9673.09
254.30161881446838,30,0.0,27.62,26.19,25.8,,25.8,10.0,8669.2,9480.9,9673.09
254.82974219322205,30,0.0,27.62,26.19,25.84,,25.84,10.0,8669.2,9480.9,9659.11
255.36206316947937,30,0.0,27.62,26.19,25.84,,25.84,10.0,8669.2,9480.9,9659.11
255.86565732955933,30,0.0,27.62,26.23,25.84,,25.84,10.0,8669.2,9480.9,9659.11
256.3750822544098,30,0.0,27.62,26.23,25.84,,25.84,10.0,8651.45,9467.26,9659.11
256.93622946739197,30,0.0,27.67,26.23,25.84,,25.84,10.0,8651.45,9467.26,9659.11
257.43447399139404,30,0.0,27.67,26.23,25.84,,25.84,10.0,8651.45,9467.26,9659.11
257.9435291290283,30,0.0,27.67,26.23,25.84,,25.84,10.0,8651.45,9467.26,9659.11
258.5338830947876,30,0.0,27.67,26.23,25.87,,25.87,10.0,8651.45,9467.26,9645.15
259.0655436515808,30,0.0,27.67,26.23,25.87,,25.87,10.0,8651.45,9467.26,9645.15
259.5949444770813,30,0.0,27.67,26.26,25.87,,25.87,10.0,8651.45,9453.65,9645.15
260.12865567207336,30,0.0,27.67,26.23,25.87,,25.87,10.0,8651.45,9453.65,9645.15
260.6540822982788,30,0.0,27.67,26.26,25.87,,25.87,10.0,8651.45,9453.65,9645.15
261.2042372226715,30,0.0,27.71,26.26,25.87,,25.87,10.0,8651.45,9453.65,9645.15
261.7189016342163,30,0.0,27.71,26.26,25.87,,25.87,10.0,8633.74,9453.65,9645.15
262.29624128341675,30,0.0,27.71,26.26,25.91,,25.91,10.0,8633.74,9453.65,9631.21
262.8688678741455,30,0.0,27.71,26.26,25.91,,25.91,10.0,8633.74,9453.65,9631.21
263.3977780342102,30,0.0,27.71,26.26,25.91,,25.91,10.0,8633.74,9440.07,9631.21
263.9321258068085,30,0.0,27.71,26.29,25.91,,25.91,10.0,8633.74,9440.07,9631.21
264.48152327537537,30,0.0,27.71,26.29,25.91,,25.91,10.0,8633.74,9440.07,9631.21
265.0144419670105,30,0.0,27.71,26.29,25.91,,25.91,10.0,8633.74,9440.07,9631.21
265.56039357185364,30,0.0,27.71,26.29,25.91,,25.91,10.0,8633.74,9440.07,9631.21
266.0923492908478,30,0.0,27.71,26.29,25.94,,25.94,10.0,8616.08,9440.07,9617.31
266.66933369636536,30,0.0,27.76,26.29,25.94,,25.94,10.0,8616.08,9440.07,9617.31
267.1838493347168,30,0.0,27.76,26.29,25.94,,25.94,10.0,8616.08,9440.07,9617.31
267.655056476593,30,0.0,27.76,26.32,25.94,,25.94,10.0,8616.08,9440.07,9617.31
268.146609544754,30,0.0,27.76,26.32,25.94,,25.94,10.0,8616.08,9426.51,9617.31
268.62124705314636,30,0.0,27.76,26.32,25.94,,25.94,10.0,8616.08,9426.51,9617.31
269.1003544330597,30,0.0,27.76,26.32,25.94,,25.94,10.0,8616.08,9426.51,9617.31
269.59144377708435,30,0.0,27.76,26.32,25.98,,25.98,10.0,8616.08,9426.51,9603.42
270.06806802749634,30,0.0,27.76,26.32,25.98,,25.98,10.0,8616.08,9426.51,9603.42
270.55853295326233,30,0.0,27.76,26.32,25.98,,25.98,10.0,8616.08,9426.51,9603.42
271.03158950805664,30,0.0,27.76,26.32,25.98,,25.98,10.0,8598.47,9426.51,9603.42
271.5213680267334,30,0.0,27.8,26.32,25.98,,25.98,10.0,8598.47,9412.97,9603.42
271.99286437034607,30,0.0,27.8,26.36,25.98,,25.98,10.0,8598.47,9412.97,9603.42
272.4745533466339,30,0.0,27.8,26.36,26.01,,26.01,10.0,8598.47,9412.97,9603.42
272.9444091320038,30,0.0,27.8,26.36,26.01,,26.01,10.0,8598.47,9412.97,9589.57
273.45745849609375,30,0.0,27.8,26.36,26.01,,26.01,10.0,8598.47,9412.97,9589.57
273.92633724212646,30,0.0,27.8,26.36,26.01,,26.01,10.0,8598.47,9412.97,9589.57
274.39590716362,30,0.0,27.8,26.36,26.01,,26.01,10.0,8598.47,9412.97,9589.57
274.8781280517578,30,0.0,27.8,26.36,26.01,,26.01,10.0,8598.47,9412.97,9589.57
275.3451917171478,30,0.0,27.8,26.39,26.01,,26.01,10.0,8598.47,9412.97,9589.57
275.8308997154236,30,0.0,27.8,26.39,26.01,,26.01,10.0,8598.47,9412.97,9589.57
276.302875995636,30,0.0,27.8,26.39,26.01,,26.01,10.0,8598.47,9399.46,9575.74
276.7911765575409,30,0.0,27.8,26.39,26.05,,26.05,10.0,8598.47,9399.46,9575.74
277.27659130096436,30,0.0,27.8,26.39,26.05,,26.05,10.0,8598.47,9399.46,9575.74
277.7449109554291,30,0.0,27.8,26.39,26.05,,26.05,10.0,8598.47,9399.46,9575.74
278.2603905200958,30,0.0,27.8,26.39,26.05,,26.05,10.0,8598.47,9399.46,9575.74
278.76714277267456,30,0.0,27.8,26.39,26.05,,26.05,10.0,8598.47,9399.46,9575.74
279.23709082603455,30,0.0,27.8,26.42,26.05,,26.05,10.0,8598.47,9385.97,9575.74
279.72142601013184,30,0.0,27.85,26.42,26.05,,26.05,10.0,8598.47,9385.97,9561.93
280.20804834365845,30,0.0,27.85,26.42,26.08,,26.08,10.0,8580.89,9385.97,9561.93
280.6926624774933,30,0.0,27.85,26.42,26.08,,26.08,10.0,8580.89,9385.97,9561.93
281.16230845451355,30,0.0,27.85,26.42,26.08,,26.08,10.0,8580.89,9385.97,9561.93
281.6431562900543,30,0.0,27.85,26.42,26.08,,26.08,10.0,8580.89,9385.97,9561.93
282.11066699028015,30,0.0,27.85,26.42,26.08,,26.08,10.0,8580.89,9385.97,9561.93
282.5783679485321,30,0.0,27.85,26.45,26.08,,26.08,10.0,8580.89,9372.51,9561.93
283.0456280708313,30,0.0,27.85,26.45,26.08,,26.08,10.0,8580.89,9372.51,9561.93
283.51353669166565,30,0.0,27.85,26.45,26.08,,26.08,10.0,8580.89,9372.51,9548.15
283.98506712913513,30,0.0,27.85,26.45,26.08,,26.08,10.0,8580.89,9372.51,9561.93
284.50048065185547,30,0.0,27.85,26.45,26.12,,26.12,10.0,8580.89,9372.51,9548.15
284.9710502624512,30,0.0,27.85,26.45,26.12,,26.12,10.0,8580.89,9372.51,9548.15
285.4351427555084,30,0.0,27.85,26.45,26.12,,26.12,10.0,8580.89,9372.51,9548.15
285.90252566337585,30,0.0,27.85,26.45,26.12,,26.12,10.0,8580.89,9372.51,9548.15
286.371054649353,30,0.0,27.85,26.45,26.12,,26.12,10.0,8580.89,9372.51,9548.15
286.83843326568604,30,0.0,27.85,26.45,26.12,,26.12,10.0,8563.36,9372.51,9548.15
287.3071162700653,30,0.0,27.89,26.49,26.12,,26.12,10.0,8563.36,9359.07,9548.15
287.7761664390564,30,0.0,27.89,26.49,26.15,,26.15,10.0,8563.36,9359.07,9534.39
288.25859332084656,30,0.0,27.89,26.49,26.15,,26.15,10.0,8563.36,9359.07,9534.39
288.72577238082886,30,0.0,27.89,26.49,26.15,,26.15,10.0,8563.36,9359.07,9534.39
289.1946258544922,30,0.0,27.89,26.49,26.15,,26.15,10.0,8563.36,9359.07,9534.39
289.6588325500488,30,0.0,27.89,26.49,26.15,,26.15,10.0,8563.36,9359.07,9534.39
290.1292579174042,30,0.0,27.89,26.49,26.15,,26.15,10.0,8563.36,9359.07,9534.39
290.5988838672638,30,0.0,27.89,26.49,26.15,,26.15,10.0,8563.36,9359.07,9534.39
291.07715821266174,30,0.0,27.89,26.49,26.15,,26.15,10.0,8563.36,9359.07,9534.39
291.5445418357849,30,0.0,27.89,26.49,26.15,,26.15,10.0,8563.36,9359.07,9520.66
292.01286482810974,30,0.0,27.89,26.52,26.18,,26.18,10.0,8563.36,9345.66,9520.66
292.47858357429504,30,0.0,27.89,26.52,26.18,,26.18,10.0,8563.36,9345.66,9520.66
292.94819712638855,30,0.0,27.89,26.52,26.18,,26.18,10.0,8563.36,9345.66,9520.66
293.41925072669983,30,0.0,27.89,26.52,26.18,,26.18,10.0,8563.36,9345.66,9520.66
293.8885746002197,30,0.0,27.89,26.52,26.18,,26.18,10.0,8563.36,9345.66,9520.66
294.3567669391632,30,0.0,27.89,26.52,26.18,,26.18,10.0,8563.36,9345.66,9520.66
294.8237099647522,30,0.0,27.89,26.52,26.18,,26.18,10.0,8563.36,9345.66,9520.66
295.30885791778564,30,0.0,27.89,26.55,26.18,,26.18,10.0,8563.36,9345.66,9520.66
295.77902150154114,30,0.0,27.89,26.55,26.22,,26.22,10.0,8563.36,9332.26,9520.66
296.2467370033264,30,0.0,27.89,26.55,26.22,,26.22,10.0,8545.88,9332.26,9506.95
296.72905015945435,30,0.0,27.94,26.55,26.22,,26.22,10.0,8545.88,9332.26,9506.95
297.1962881088257,30,0.0,27.94,26.55,26.22,,26.22,10.0,8545.88,9332.26,9506.95
297.6781356334686,30,0.0,27.94,26.55,26.22,,26.22,10.0,8545.88,9332.26,9506.95
298.14729356765747,30,0.0,27.94,26.55,26.22,,26.22,10.0,8545.88,9332.26,9506.95
298.6135947704315,30,0.0,27.94,26.55,26.22,,26.22,10.0,8545.88,9332.26,9506.95
299.083087682724,30,0.0,27.94,26.55,26.22,,26.22,10.0,8545.88,9332.26,9506.95
299.54991364479065,30,0.0,27.94,26.55,26.22,,26.22,10.0,8545.88,9332.26,9506.95
300.01781129837036,30,0.0,27.94,26.58,26.22,,26.22,10.0,8545.88,9318.9,9506.95
300.5027871131897,30,0.0,27.94,26.58,26.25,,26.25,10.0,8545.88,9318.9,9506.95
301.03055238723755,30,0.0,27.94,26.58,26.25,,26.25,10.0,8545.88,9318.9,9493.27
301.49942541122437,30,0.0,27.94,26.58,26.25,,26.25,10.0,8545.88,9318.9,9493.27
301.9701189994812,30,0.0,27.94,26.58,26.25,,26.25,10.0,8545.88,9318.9,9493.27
302.45614194869995,30,0.0,27.94,26.58,26.25,,26.25,10.0,8545.88,9318.9,9493.27
302.92176127433777,30,0.0,27.98,26.58,26.25,,26.25,10.0,8528.43,9318.9,9493.27
303.40450501441956,30,0.0,27.98,26.58,26.25,,26.25,10.0,8528.43,9318.9,9493.27
303.88685965538025,30,0.0,27.98,26.58,26.25,,26.25,10.0,8528.43,9318.9,9493.27
304.36933851242065,30,0.0,27.98,26.58,26.25,,26.25,10.0,8528.43,9318.9,9493.27
304.8351125717163,30,0.0,27.98,26.61,26.25,,26.25,10.0,8528.43,9305.55,9493.27
305.30641984939575,30,0.0,27.98,26.61,26.25,,26.25,10.0,8528.43,9305.55,9493.27
305.77254986763,30,0.0,27.98,26.61,26.25,,26.25,10.0,8528.43,9305.55,9493.27
306.24168729782104,30,0.0,27.98,26.61,26.25,,26.25,10.0,8528.43,9305.55,9479.62
306.7277317047119,30,0.0,28.03,26.61,26.29,,26.29,10.0,8528.43,9305.55,9479.62
307.2092809677124,30,0.0,27.98,26.61,26.29,,26.29,10.0,8528.43,9305.55,9479.62
307.67630791664124,30,0.0,27.98,26.61,26.29,,26.29,10.0,8528.43,9305.55,9479.62
308.1449840068817,30,0.0,28.03,26.61,26.29,,26.29,10.0,8511.03,9305.55,9479.62
308.62834572792053,30,0.0,28.03,26.61,26.29,,26.29,10.0,8511.03,9305.55,9479.62
309.0965566635132,30,0.0,28.03,26.61,26.29,,26.29,10.0,8511.03,9305.55,9479.62
309.5816071033478,30,0.0,28.03,26.61,26.29,,26.29,10.0,8511.03,9305.55,9479.62
310.0468578338623,30,0.0,28.03,26.65,26.29,,26.29,10.0,8511.03,9292.23,9479.62
310.51598739624023,30,0.0,28.03,26.65,26.29,,26.29,10.0,8511.03,9292.23,9479.62
310.984628200531,30,0.0,28.03,26.65,26.29,,26.29,10.0,8511.03,9292.23,9479.62
311.47023463249207,30,0.0,28.03,26.65,26.32,,26.32,10.0,8511.03,9292.23,9465.98
311.9815399646759,30,0.0,28.03,26.65,26.32,,26.32,10.0,8511.03,9292.23,9465.98
312.449161529541,30,0.0,28.03,26.65,26.32,,26.32,10.0,8511.03,9292.23,9465.98
312.9167551994324,30,0.0,28.03,26.65,26.32,,26.32,10.0,8511.03,9292.23,9465.98
313.39889693260193,30,0.0,28.03,26.65,26.32,,26.32,10.0,8511.03,9292.23,9465.98
313.8837466239929,30,0.0,28.03,26.65,26.32,,26.32,10.0,8511.03,9292.23,9465.98
314.3552532196045,30,0.0,28.03,26.65,26.32,,26.32,10.0,8493.67,9292.23,9465.98
314.82558512687683,30,0.0,28.03,26.65,26.32,,26.32,10.0,8511.03,9292.23,9465.98
315.3077733516693,30,0.0,28.07,26.68,26.32,,26.32,10.0,8493.67,9292.23,9465.98
315.79530930519104,30,0.0,28.07,26.65,26.32,,26.32,10.0,8493.67,9278.94,9465.98
316.2823622226715,30,0.0,28.07,26.68,26.32,,26.32,10.0,8493.67,9278.94,9465.98
316.7618417739868,30,0.0,28.07,26.68,26.36,,26.36,10.0,8493.67,9278.94,9452.38
317.2622344493866,30,0.0,28.07,26.68,26.36,,26.36,10.0,8493.67,9278.94,9452.38
317.79366755485535,30,0.0,28.07,26.68,26.36,,26.36,10.0,8493.67,9278.94,9452.38
318.29691529273987,30,0.0,28.07,26.68,26.36,,26.36,10.0,8493.67,9278.94,9452.38
318.8144443035126,30,0.0,28.07,26.68,26.36,,26.36,10.0,8493.67,9278.94,9452.38
319.343866109848,30,0.0,28.07,26.68,26.36,,26.36,10.0,8493.67,9278.94,9452.38
319.83169078826904,30,0.0,28.07,26.68,26.36,,26.36,10.0,8493.67,9278.94,9452.38
320.29768919944763,30,0.0,28.07,26.71,26.36,,26.36,10.0,8493.67,9265.66,9452.38
320.76759600639343,30,0.0,28.07,26.71,26.39,,26.39,10.0,8493.67,9265.66,9452.38
321.2553117275238,30,0.0,28.07,26.71,26.36,,26.36,10.0,8493.67,9265.66,9438.79
321.73753786087036,30,0.0,28.07,26.71,26.39,,26.39,10.0,8493.67,9265.66,9438.79
322.2068510055542,30,0.0,28.07,26.71,26.39,,26.39,10.0,8493.67,9265.66,9438.79
322.6757016181946,30,0.0,28.07,26.71,26.39,,26.39,10.0,8493.67,9265.66,9438.79
323.1632652282715,30,0.0,28.07,26.71,26.39,,26.39,10.0,8493.67,9265.66,9438.79
323.6313326358795,30,0.0,28.07,26.71,26.39,,26.39,10.0,8493.67,9265.66,9438.79
324.0978751182556,30,0.0,28.07,26.71,26.39,,26.39,10.0,8493.67,9265.66,9438.79
324.5847592353821,30,0.0,28.07,26.71,26.39,,26.39,10.0,8493.67,9265.66,9438.79
325.05099511146545,30,0.0,28.07,26.71,26.39,,26.39,10.0,8493.67,9265.66,9438.79
325.5535500049591,30,0.0,28.07,26.71,26.39,,26.39,10.0,8493.67,9265.66,9438.79
326.05411648750305,30,0.0,28.07,26.71,26.39,,26.39,10.0,8493.67,9265.66,9438.79
326.55298924446106,30,0.0,28.07,26.74,26.43,,26.43,10.0,8493.67,9252.42,9425.24
327.049925327301,30,0.0,28.07,26.74,26.43,,26.43,10.0,8493.67,9252.42,9425.24
327.5493724346161,30,0.0,28.12,26.74,26.43,,26.43,10.0,8493.67,9252.42,9425.24
328.0519461631775,30,0.0,28.12,26.74,26.43,,26.43,10.0,8476.36,9252.42,9425.24
328.5524933338165,30,0.0,28.12,26.74,26.43,,26.43,10.0,8476.36,9252.42,9425.24
329.0505223274231,30,0.0,28.12,26.74,26.43,,26.43,10.0,8476.36,9252.42,9425.24
329.54990673065186,30,0.0,28.12,26.74,26.43,,26.43,10.0,8476.36,9252.42,9425.24
330.063529253006,30,0.0,28.12,26.74,26.43,,26.43,10.0,8476.36,9252.42,9425.24
330.56356167793274,30,0.0,28.12,26.74,26.43,,26.43,10.0,8476.36,9252.42,9425.24
331.0605323314667,30,0.0,28.12,26.74,26.43,,26.43,10.0,8476.36,9252.42,9425.24
331.5583231449127,30,0.0,28.12,26.74,26.43,,26.43,10.0,8476.36,9252.42,9425.24
332.05757665634155,30,0.0,28.12,26.74,26.43,,26.43,10.0,8476.36,9252.42,9425.24
332.5733504295349,30,0.0,28.12,26.78,26.46,,26.46,10.0,8476.36,9252.42,9411.7
333.0710098743439,30,0.0,28.16,26.74,26.46,,26.46,10.0,8476.36,9252.42,9411.7
333.5700480937958,30,0.0,28.16,26.78,26.46,,26.46,10.0,8459.09,9239.19,9411.7
334.0719721317291,30,0.0,28.16,26.78,26.46,,26.46,10.0,8459.09,9239.19,9411.7
334.5695571899414,30,0.0,28.16,26.78,26.46,,26.46,10.0,8459.09,9239.19,9411.7
335.0707142353058,30,0.0,28.16,26.78,26.46,,26.46,10.0,8459.09,9239.19,9411.7
335.56921315193176,30,0.0,28.16,26.78,26.46,,26.46,10.0,8459.09,9239.19,9411.7
336.0805878639221,30,0.0,28.16,26.78,26.46,,26.46,10.0,8459.09,9239.19,9411.7
336.57983326911926,30,0.0,28.16,26.78,26.46,,26.46,10.0,8459.09,9239.19,9411.7
337.0810115337372,30,0.0,28.16,26.78,26.46,,26.46,10.0,8459.09,9239.19,9411.7
337.580283164978,30,0.0,28.16,26.78,26.46,,26.46,10.0,8459.09,9239.19,9411.7
338.07686591148376,30,0.0,28.16,26.78,26.46,,26.46,10.0,8459.09,9239.19,9411.7
338.57410621643066,30,0.0,28.16,26.78,26.46,,26.46,10.0,8459.09,9239.19,9411.7
339.08707666397095,30,0.0,28.16,26.78,26.46,,26.46,10.0,8459.09,9239.19,9411.7
339.58892154693604,30,0.0,28.16,26.78,26.5,,26.5,10.0,8459.09,9239.19,9398.19
340.0846378803253,30,0.0,28.16,26.78,26.5,,26.5,10.0,8459.09,9225.99,9398.19
340.5859706401825,30,0.0,28.16,26.78,26.5,,26.5,10.0,8459.09,9225.99,9398.19
341.0835404396057,30,0.0,28.16,26.81,26.5,,26.5,10.0,8459.09,9225.99,9398.19
341.5832414627075,30,0.0,28.16,26.81,26.5,,26.5,10.0,8459.09,9225.99,9398.19
342.09686636924744,30,0.0,28.16,26.81,26.5,,26.5,10.0,8459.09,9225.99,9398.19
342.5987343788147,30,0.0,28.16,26.81,26.5,,26.5,10.0,8441.86,9225.99,9398.19
343.0950801372528,30,0.0,28.21,26.81,26.5,,26.5,10.0,8459.09,9225.99,9398.19
343.5945575237274,30,0.0,28.21,26.81,26.5,,26.5,10.0,8441.86,9225.99,9398.19
344.0922830104828,30,0.0,28.21,26.81,26.5,,26.5,10.0,8441.86,9225.99,9398.19
344.5898597240448,30,0.0,28.21,26.81,26.5,,26.5,10.0,8441.86,9225.99,9398.19
345.0917510986328,30,0.0,28.21,26.81,26.5,,26.5,10.0,8441.86,9225.99,9398.19
345.60806226730347,30,0.0,28.21,26.81,26.5,,26.5,10.0,8441.86,9225.99,9384.71
346.10633730888367,30,0.0,28.21,26.81,26.53,,26.53,10.0,8441.86,9225.99,9384.71
346.60624599456787,30,0.0,28.21,26.84,26.53,,26.53,10.0,8441.86,9212.81,9384.71
347.1045446395874,30,0.0,28.21,26.84,26.53,,26.53,10.0,8441.86,9212.81,9384.71
347.6044890880585,30,0.0,28.21,26.84,26.53,,26.53,10.0,8441.86,9212.81,9384.71
348.1035199165344,30,0.0,28.21,26.84,26.53,,26.53,10.0,8441.86,9212.81,9384.71
348.60090923309326,30,0.0,28.21,26.84,26.53,,26.53,10.0,8441.86,9212.81,9384.71
349.10325145721436,30,0.0,28.21,26.84,26.53,,26.53,10.0,8441.86,9212.81,9384.71
349.66360425949097,30,0.0,28.21,26.84,26.53,,26.53,10.0,8441.86,9212.81,9384.71
350.16471338272095,30,0.0,28.21,26.84,26.53,,26.53,10.0,8441.86,9212.81,9384.71
350.6642551422119,30,0.0,28.21,26.84,26.53,,26.53,10.0,8441.86,9212.81,9384.71
351.1659710407257,30,0.0,28.21,26.84,26.53,,26.53,10.0,8441.86,9212.81,9384.71
351.66585898399353,30,0.0,28.21,26.84,26.53,,26.53,10.0,8441.86,9212.81,9384.71
352.30395436286926,30,0.0,28.25,26.84,26.53,,26.53,10.0,8424.67,9212.81,9384.71
352.86507272720337,30,0.0,28.25,26.84,26.53,,26.53,10.0,8424.67,9212.81,9384.71
353.3809244632721,30,0.0,28.25,26.84,26.53,,26.53,10.0,8424.67,9212.81,9384.71
353.9099988937378,30,0.0,28.25,26.84,26.53,,26.53,10.0,8424.67,9212.81,9384.71
354.433717250824,30,0.0,28.25,26.87,26.53,,26.53,10.0,8424.67,9199.66,9384.71
354.9656777381897,30,0.0,28.25,26.87,26.57,,26.57,10.0,8424.67,9199.66,9371.24
355.481059551239,30,0.0,28.25,26.87,26.57,,26.57,10.0,8424.67,9199.66,9371.24
355.98201274871826,30,0.0,28.25,26.87,26.57,,26.57,10.0,8424.67,9199.66,9371.24
356.49624705314636,30,0.0,28.25,26.87,26.57,,26.57,10.0,8424.67,9199.66,9371.24
357.01614356040955,30,0.0,28.25,26.87,26.57,,26.57,10.0,8424.67,9199.66,9371.24
357.55235838890076,30,0.0,28.25,26.87,26.57,,26.57,10.0,8424.67,9199.66,9371.24
358.11021900177,30,0.0,28.25,26.87,26.57,,26.57,10.0,8424.67,9199.66,9371.24
358.6100380420685,30,0.0,28.25,26.87,26.57,,26.57,10.0,8424.67,9199.66,9371.24
359.2032525539398,30,0.0,28.25,26.87,26.57,,26.57,10.0,8424.67,9199.66,9371.24
359.7175827026367,30,0.0,28.25,26.87,26.57,,26.57,10.0,8424.67,9199.66,9371.24
360.2136058807373,30,0.0,28.25,26.87,26.57,,26.57,10.0,8424.67,9199.66,9371.24
360.7288455963135,30,0.0,28.25,26.87,26.57,,26.57,10.0,8424.67,9199.66,9371.24
361.28291487693787,30,0.0,28.25,26.87,26.57,,26.57,10.0,8424.67,9199.66,9357.81
361.78670597076416,30,0.0,28.25,26.87,26.6,,26.6,10.0,8424.67,9199.66,9357.81
362.37625885009766,30,0.0,28.25,26.87,26.6,,26.6,10.0,8424.67,9199.66,9357.81
362.8915674686432,30,0.0,28.25,26.91,26.6,,26.6,10.0,8424.67,9186.53,9357.81
363.3860113620758,30,0.0,28.25,26.91,26.6,,26.6,10.0,8424.67,9186.53,9357.81
363.87909626960754,30,0.0,28.3,26.91,26.6,,26.6,10.0,8424.67,9186.53,9357.81
364.4092457294464,30,0.0,28.3,26.91,26.6,,26.6,10.0,8424.67,9186.53,9357.81
364.88979148864746,30,0.0,28.3,26.91,26.6,,26.6,10.0,8407.52,9186.53,9357.81
365.3688724040985,30,0.0,28.25,26.91,26.6,,26.6,10.0,8424.67,9186.53,9357.81
365.8493754863739,30,0.0,28.25,26.91,26.6,,26.6,10.0,8407.52,9186.53,9357.81
366.3520815372467,30,0.0,28.25,26.91,26.6,,26.6,10.0,8424.67,9186.53,9357.81
366.8645420074463,30,0.0,28.25,26.91,26.6,,26.6,10.0,8424.67,9186.53,9357.81
367.506108045578,30,0.0,28.3,26.91,26.6,,26.6,10.0,8424.67,9186.53,9344.39
368.0210955142975,30,0.0,28.25,26.91,26.64,,26.64,10.0,8407.52,9186.53,9357.81
368.51976227760315,30,0.0,28.3,26.91,26.64,,26.64,10.0,8407.52,9186.53,9344.39
369.0078864097595,30,0.0,28.3,26.91,26.64,,26.64,10.0,8407.52,9186.53,9344.39
369.5169837474823,30,0.0,28.3,26.91,26.64,,26.64,10.0,8407.52,9186.53,9344.39
370.06198477745056,30,0.0,28.3,26.91,26.64,,26.64,10.0,8407.52,9186.53,9344.39
370.62155318260193,30,0.0,28.3,26.91,26.64,,26.64,10.0,8407.52,9186.53,9344.39
371.14762783050537,30,0.0,28.3,26.91,26.64,,26.64,10.0,8407.52,9186.53,9344.39
371.63292479515076,30,0.0,28.3,26.91,26.64,,26.64,10.0,8407.52,9186.53,9344.39
372.14911460876465,30,0.0,28.3,26.94,26.64,,26.64,10.0,8407.52,9186.53,9344.39
372.69290375709534,30,0.0,28.3,26.94,26.64,,26.64,10.0,8407.52,9173.42,9344.39
373.17534494400024,30,0.0,28.3,26.94,26.64,,26.64,10.0,8407.52,9173.42,9344.39
373.67732524871826,30,0.0,28.3,26.94,26.64,,26.64,10.0,8407.52,9173.42,9344.39
374.1622061729431,30,0.0,28.3,26.94,26.64,,26.64,10.0,8407.52,9173.42,9344.39
374.69231271743774,30,0.0,28.3,26.94,26.64,,26.64,10.0,8407.52,9173.42,9344.39
375.1902048587799,30,0.0,28.3,26.94,26.64,,26.64,10.0,8407.52,9173.42,9344.39
375.6755394935608,30,0.0,28.3,26.94,26.64,,26.64,10.0,8407.52,9173.42,9344.39
376.175945520401,30,0.0,28.3,26.94,26.64,,26.64,10.0,8407.52,9173.42,9344.39
376.65878891944885,30,0.0,28.3,26.94,26.67,,26.67,10.0,8407.52,9173.42,9344.39
377.23280119895935,30,0.0,28.3,26.94,26.67,,26.67,10.0,8407.52,9173.42,9331.0
377.7414481639862,30,0.0,28.3,26.94,26.67,,26.67,10.0,8407.52,9173.42,9331.0
378.2329137325287,30,0.0,28.3,26.94,26.67,,26.67,10.0,8407.52,9173.42,9331.0
378.7338387966156,30,0.0,28.3,26.94,26.67,,26.67,10.0,8407.52,9173.42,9331.0
379.23186683654785,30,0.0,28.3,26.94,26.67,,26.67,10.0,8407.52,9173.42,9331.0
379.7156660556793,30,0.0,28.3,26.94,26.67,,26.67,10.0,8407.52,9173.42,9331.0
380.19717359542847,30,0.0,28.3,26.97,26.67,,26.67,10.0,8407.52,9173.42,9331.0
380.67952513694763,30,0.0,28.34,26.94,26.67,,26.67,10.0,8390.42,9160.34,9331.0
381.16121649742126,30,0.0,28.34,26.97,26.67,,26.67,10.0,8390.42,9160.34,9331.0
381.6473367214203,30,0.0,28.34,26.97,26.67,,26.67,10.0,8390.42,9160.34,9331.0
382.13050413131714,30,0.0,28.34,26.97,26.67,,26.67,10.0,8390.42,9160.34,9331.0
382.67467427253723,30,0.0,28.34,26.97,26.67,,26.67,10.0,8390.42,9160.34,9331.0
383.1744544506073,30,0.0,28.34,26.97,26.67,,26.67,10.0,8390.42,9160.34,9331.0
383.6859610080719,30,0.0,28.34,26.97,26.67,,26.67,10.0,8390.42,9160.34,9331.0
384.1696283817291,30,0.0,28.34,26.97,26.67,,26.67,10.0,8390.42,9160.34,9331.0
384.674800157547,30,0.0,28.34,26.97,26.67,,26.67,10.0,8390.42,9160.34,9331.0
385.16805028915405,30,0.0,28.34,26.97,26.67,,26.67,10.0,8390.42,9160.34,9331.0
385.66782689094543,30,0.0,28.34,26.97,26.71,,26.71,10.0,8390.42,9160.34,9317.64
386.15162467956543,30,0.0,28.34,26.97,26.71,,26.71,10.0,8390.42,9160.34,9317.64
386.6357350349426,30,0.0,28.34,26.97,26.71,,26.71,10.0,8390.42,9160.34,9317.64
387.11351776123047,30,0.0,28.34,26.97,26.71,,26.71,10.0,8390.42,9160.34,9317.64
387.6175401210785,30,0.0,28.34,26.97,26.71,,26.71,10.0,8390.42,9160.34,9317.64
388.0988872051239,30,0.0,28.34,27.0,26.71,,26.71,10.0,8390.42,9160.34,9317.64
388.5838267803192,30,0.0,28.34,26.97,26.71,,26.71,10.0,8390.42,9147.27,9317.64
389.06776428222656,30,0.0,28.34,27.0,26.71,,26.71,10.0,8390.42,9147.27,9317.64
389.55001854896545,30,0.0,28.34,27.0,26.71,,26.71,10.0,8390.42,9147.27,9317.64
390.05063486099243,30,0.0,28.34,27.0,26.71,,26.71,10.0,8390.42,9147.27,9317.64
390.5487973690033,30,0.0,28.34,27.0,26.71,,26.71,10.0,8390.42,9147.27,9317.64
391.0592882633209,30,0.0,28.34,27.0,26.71,,26.71,10.0,8390.42,9147.27,9317.64
391.5570945739746,30,0.0,28.34,27.0,26.71,,26.71,10.0,8390.42,9147.27,9317.64
392.0380141735077,30,0.0,28.34,27.0,26.71,,26.71,10.0,8390.42,9147.27,9317.64
392.5372974872589,30,0.0,28.34,27.0,26.71,,26.71,10.0,8390.42,9147.27,9317.64
393.0346403121948,30,0.0,28.34,27.0,26.71,,26.71,10.0,8390.42,9147.27,9317.64
393.51487946510315,30,0.0,28.34,27.0,26.71,,26.71,10.0,8390.42,9147.27,9317.64
394.030396938324,30,0.0,28.34,27.0,26.71,,26.71,10.0,8390.42,9147.27,9317.64
394.5139172077179,30,0.0,28.34,27.0,26.71,,26.71,10.0,8390.42,9147.27,9317.64
395.0119662284851,30,0.0,28.34,27.0,26.71,,26.71,10.0,8390.42,9147.27,9317.64
395.5086040496826,30,0.0,28.34,27.0,26.71,,26.71,10.0,8390.42,9147.27,9317.64
396.0075843334198,30,0.0,28.34,27.0,26.74,,26.74,10.0,8390.42,9147.27,9304.3
396.506117105484,30,0.0,28.34,27.0,26.74,,26.74,10.0,8390.42,9147.27,9304.3
396.9866907596588,30,0.0,28.34,27.0,26.71,,26.71,10.0,8390.42,9147.27,9304.3
397.4747679233551,30,0.0,28.34,27.0,26.74,,26.74,10.0,8390.42,9147.27,9304.3
397.9576618671417,30,0.0,28.34,27.0,26.74,,26.74,10.0,8390.42,9147.27,9304.3
398.44220542907715,30,0.0,28.34,27.0,26.74,,26.74,10.0,8390.42,9147.27,9304.3
398.9393243789673,30,0.0,28.34,27.0,26.74,,26.74,10.0,8373.36,9147.27,9304.3
399.4393951892853,30,0.0,28.39,27.0,26.74,,26.74,10.0,8373.36,9147.27,9304.3
399.9672167301178,30,0.0,28.39,27.0,26.74,,26.74,10.0,8373.36,9147.27,9304.3
400.4654428958893,30,0.0,28.39,27.0,26.74,,26.74,10.0,8373.36,9147.27,9304.3
400.96159648895264,30,0.0,28.39,27.0,26.74,,26.74,10.0,8373.36,9147.27,9304.3
401.4689176082611,30,0.0,28.39,27.0,26.74,,26.74,10.0,8373.36,9147.27,9304.3
401.98312282562256,30,0.0,28.39,27.0,26.74,,26.74,10.0,8373.36,9147.27,9304.3
402.48548889160156,30,0.0,28.39,27.03,26.74,,26.74,10.0,8373.36,9147.27,9304.3
402.9797246456146,30,0.0,28.39,27.0,26.74,,26.74,10.0,8373.36,9147.27,9304.3
403.46390104293823,30,0.0,28.39,27.03,26.74,,26.74,10.0,8373.36,9134.24,9304.3
403.9462866783142,30,0.0,28.39,27.03,26.74,,26.74,10.0,8373.36,9134.24,9304.3
404.4289975166321,30,0.0,28.39,27.03,26.74,,26.74,10.0,8373.36,9134.24,9304.3
404.912734746933,30,0.0,28.39,27.03,26.74,,26.74,10.0,8373.36,9134.24,9304.3
405.44281673431396,30,0.0,28.39,27.03,26.74,,26.74,10.0,8373.36,9134.24,9304.3
405.9236319065094,30,0.0,28.39,27.03,26.74,,26.74,10.0,8373.36,9134.24,9304.3
406.40785694122314,30,0.0,28.39,27.03,26.74,,26.74,10.0,8373.36,9134.24,9304.3
406.8905906677246,30,0.0,28.39,27.03,26.78,,26.78,10.0,8373.36,9134.24,9304.3
407.3738331794739,30,0.0,28.39,27.03,26.74,,26.74,10.0,8373.36,9134.24,9290.98
407.8728127479553,30,0.0,28.39,27.03,26.74,,26.74,10.0,8373.36,9134.24,9304.3
408.3547365665436,30,0.0,28.39,27.03,26.78,,26.78,10.0,8373.36,9134.24,9290.98
408.8389964103699,30,0.0,28.39,27.03,26.78,,26.78,10.0,8373.36,9134.24,9290.98
409.3215227127075,30,0.0,28.39,27.03,26.78,,26.78,10.0,8373.36,9134.24,9290.98
409.8050973415375,30,0.0,28.39,27.03,26.78,,26.78,10.0,8373.36,9134.24,9290.98
410.2900114059448,30,0.0,28.39,27.03,26.78,,26.78,10.0,8373.36,9134.24,9290.98
410.82017827033997,30,0.0,28.39,27.03,26.78,,26.78,10.0,8373.36,9134.24,9290.98
411.30357456207275,30,0.0,28.39,27.03,26.78,,26.78,10.0,8373.36,9134.24,9290.98
411.80429768562317,30,0.0,28.39,27.03,26.78,,26.78,10.0,8373.36,9134.24,9290.98
412.30462074279785,30,0.0,28.39,27.03,26.78,,26.78,10.0,8373.36,9134.24,9290.98
412.82092213630676,30,0.0,28.43,27.03,26.78,,26.78,10.0,8373.36,9134.24,9290.98
413.3035159111023,30,0.0,28.43,27.07,26.78,,26.78,10.0,8356.34,9134.24,9290.98
413.78630805015564,30,0.0,28.43,27.03,26.78,,26.78,10.0,8356.34,9134.24,9290.98
414.28306555747986,30,0.0,28.43,27.03,26.78,,26.78,10.0,8356.34,9134.24,9290.98
414.77829098701477,30,0.0,28.43,27.07,26.78,,26.78,10.0,8356.34,9121.22,9290.98
415.27730536460876,30,0.0,28.43,27.07,26.78,,26.78,10.0,8356.34,9121.22,9290.98
415.7747085094452,30,0.0,28.43,27.07,26.78,,26.78,10.0,8356.34,9121.22,9290.98
416.3133249282837,30,0.0,28.43,27.07,26.78,,26.78,10.0,8356.34,9121.22,9290.98
416.8049387931824,30,0.0,28.43,27.07,26.78,,26.78,10.0,8356.34,9121.22,9290.98
417.30454111099243,30,0.0,28.43,27.07,26.78,,26.78,10.0,8356.34,9121.22,9290.98
417.79002833366394,30,0.0,28.43,27.07,26.78,,26.78,10.0,8356.34,9121.22,9290.98
418.2761709690094,30,0.0,28.43,27.07,26.78,,26.78,10.0,8356.34,9121.22,9290.98
418.7579746246338,30,0.0,28.43,27.07,26.81,,26.81,10.0,8356.34,9121.22,9277.69
419.2417058944702,30,0.0,28.43,27.07,26.81,,26.81,10.0,8356.34,9121.22,9277.69
419.722380399704,30,0.0,28.43,27.07,26.81,,26.81,10.0,8356.34,9121.22,9277.69
420.2055997848511,30,0.0,28.43,27.07,26.81,,26.81,10.0,8356.34,9121.22,9277.69
420.68520402908325,30,0.0,28.43,27.07,26.81,,26.81,10.0,8356.34,9121.22,9277.69
421.20035314559937,30,0.0,28.43,27.07,26.81,,26.81,10.0,8356.34,9121.22,9277.69
421.7157094478607,30,0.0,28.43,27.07,26.81,,26.81,10.0,8356.34,9121.22,9277.69
422.19704723358154,30,0.0,28.43,27.07,26.81,,26.81,10.0,8356.34,9121.22,9277.69
422.69369196891785,30,0.0,28.43,27.07,26.81,,26.81,10.0,8356.34,9121.22,9277.69
423.17740964889526,30,0.0,28.43,27.07,26.81,,26.81,10.0,8356.34,9121.22,9277.69
423.6612620353699,30,0.0,28.43,27.07,26.81,,26.81,10.0,8356.34,9121.22,9277.69
424.1444146633148,30,0.0,28.43,27.07,26.81,,26.81,10.0,8356.34,9121.22,9277.69
424.64257979393005,30,0.0,28.43,27.07,26.81,,26.81,10.0,8356.34,9121.22,9277.69
425.13896083831787,30,0.0,28.43,27.07,26.81,,26.81,10.0,8356.34,9121.22,9277.69
425.62353348731995,30,0.0,28.43,27.07,26.81,,26.81,10.0,8356.34,9121.22,9277.69
426.1064476966858,30,0.0,28.43,27.07,26.81,,26.81,10.0,8356.34,9121.22,9277.69
426.59400963783264,30,0.0,28.43,27.07,26.81,,26.81,10.0,8356.34,9121.22,9277.69
427.07412576675415,30,0.0,28.43,27.07,26.81,,26.81,10.0,8356.34,9108.23,9277.69
427.5773854255676,30,0.0,28.43,27.07,26.81,,26.81,10.0,8356.34,9121.22,9277.69
428.06504106521606,30,0.0,28.43,27.07,26.81,,26.81,10.0,8356.34,9121.22,9277.69
428.56429982185364,30,0.0,28.43,27.1,26.81,,26.81,10.0,8356.34,9121.22,9277.69
429.05508685112,30,0.0,28.43,27.1,26.81,,26.81,10.0,8356.34,9108.23,9277.69
429.5372109413147,30,0.0,28.43,27.1,26.81,,26.81,10.0,8356.34,9108.23,9277.69
430.02021837234497,30,0.0,28.43,27.1,26.81,,26.81,10.0,8356.34,9108.23,9277.69
430.50187635421753,30,0.0,28.43,27.1,26.81,,26.81,10.0,8356.34,9108.23,9277.69
430.9868676662445,30,0.0,28.43,27.1,26.81,,26.81,10.0,8356.34,9108.23,9277.69
431.54741883277893,30,0.0,28.43,27.1,26.81,,26.81,10.0,8356.34,9108.23,9277.69
432.04745221138,30,0.0,28.43,27.1,26.81,,26.81,10.0,8356.34,9108.23,9277.69
432.57833456993103,30,0.0,28.43,27.1,26.81,,26.81,10.0,8356.34,9108.23,9277.69
433.07687306404114,30,0.0,28.43,27.1,26.85,,26.85,10.0,8356.34,9108.23,9277.69
433.55855536460876,30,0.0,28.43,27.1,26.85,,26.85,10.0,8356.34,9108.23,9264.42
434.042533159256,30,0.0,28.43,27.1,26.85,,26.85,10.0,8356.34,9108.23,9264.42
434.51685333251953,30,0.0,28.43,27.1,26.85,,26.85,10.0,8356.34,9108.23,9264.42
435.0245261192322,30,0.0,28.43,27.1,26.85,,26.85,10.0,8356.34,9108.23,9264.42
435.50729060173035,30,0.0,28.43,27.1,26.85,,26.85,10.0,8356.34,9108.23,9264.42
436.00708079338074,30,0.0,28.43,27.1,26.85,,26.85,10.0,8356.34,9108.23,9264.42
436.5048258304596,30,0.0,28.43,27.1,26.85,,26.85,10.0,8339.36,9108.23,9264.42
436.98590660095215,30,0.0,28.47,27.1,26.85,,26.85,10.0,8356.34,9108.23,9264.42
437.47255420684814,30,0.0,28.47,27.1,26.85,,26.85,10.0,8356.34,9108.23,9264.42
437.9722526073456,30,0.0,28.47,27.1,26.85,,26.85,10.0,8339.36,9108.23,9264.42
438.49030923843384,30,0.0,28.47,27.1,26.85,,26.85,10.0,8339.36,9108.23,9264.42
438.97252345085144,30,0.0,28.47,27.1,26.85,,26.85,10.0,8339.36,9108.23,9264.42
439.4582486152649,30,0.0,28.47,27.1,26.85,,26.85,10.0,8339.36,9108.23,9264.42
439.9571352005005,30,0.0,28.47,27.13,26.85,,26.85,10.0,8339.36,9108.23,9264.42
440.44126892089844,30,0.0,28.47,27.1,26.85,,26.85,10.0,8339.36,9095.26,9264.42
440.94262051582336,30,0.0,28.47,27.13,26.85,,26.85,10.0,8339.36,9095.26,9264.42
441.44001626968384,30,0.0,28.47,27.13,26.85,,26.85,10.0,8339.36,9095.26,9264.42
441.91977310180664,30,0.0,28.47,27.13,26.85,,26.85,10.0,8339.36,9095.26,9264.42
442.4220027923584,30,0.0,28.47,27.13,26.85,,26.85,10.0,8339.36,9095.26,9251.17
442.91773319244385,30,0.0,28.47,27.13,26.88,,26.88,10.0,8339.36,9095.26,9264.42
443.419394493103,30,0.0,28.47,27.13,26.85,,26.85,10.0,8339.36,9095.26,9251.17
443.91491508483887,30,0.0,28.47,27.13,26.85,,26.85,10.0,8339.36,9095.26,9251.17
444.4154508113861,30,0.0,28.47,27.13,26.85,,26.85,10.0,8339.36,9095.26,9264.42
444.89056420326233,30,0.0,28.47,27.13,26.85,,26.85,10.0,8339.36,9095.26,9264.42
445.3635563850403,30,0.0,28.47,27.13,26.88,,26.88,10.0,8339.36,9095.26,9264.42
445.8609673976898,30,0.0,28.47,27.13,26.88,,26.88,10.0,8339.36,9095.26,9251.17
446.3629322052002,30,0.0,28.47,27.13,26.88,,26.88,10.0,8339.36,9095.26,9251.17
446.8587944507599,30,0.0,28.47,27.13,26.88,,26.88,10.0,8339.36,9095.26,9251.17
447.37157130241394,30,0.0,28.47,27.13,26.88,,26.88,10.0,8339.36,9095.26,9251.17
447.86952090263367,30,0.0,28.47,27.13,26.88,,26.88,10.0,8339.36,9095.26,9251.17
448.3670926094055,30,0.0,28.47,27.13,26.88,,26.88,10.0,8339.36,9095.26,9251.17
448.8672785758972,30,0.0,28.47,27.13,26.88,,26.88,10.0,8339.36,9095.26,9251.17
449.3814330101013,30,0.0,28.47,27.13,26.88,,26.88,10.0,8339.36,9095.26,9251.17
449.87861824035645,30,0.0,28.47,27.13,26.88,,26.88,10.0,8339.36,9095.26,9251.17
450.3778328895569,30,0.0,28.47,27.13,26.88,,26.88,10.0,8339.36,9095.26,9251.17
450.8779697418213,30,0.0,28.47,27.13,26.88,,26.88,10.0,8339.36,9095.26,9251.17
451.37414026260376,30,0.0,28.47,27.13,26.88,,26.88,10.0,8339.36,9095.26,9251.17
451.8880047798157,30,0.0,28.47,27.13,26.88,,26.88,10.0,8339.36,9095.26,9251.17
452.37393951416016,30,0.0,28.47,27.13,26.88,,26.88,10.0,8339.36,9095.26,9251.17
452.8918867111206,30,0.0,28.47,27.13,26.88,,26.88,10.0,8339.36,9095.26,9251.17
453.39069509506226,30,0.0,28.47,27.13,26.88,,26.88,10.0,8339.36,9095.26,9251.17
453.8911557197571,30,0.0,28.47,27.13,26.88,,26.88,10.0,8339.36,9095.26,9251.17
454.3924608230591,30,0.0,28.47,27.16,26.88,,26.88,10.0,8339.36,9095.26,9251.17
454.8899517059326,30,0.0,28.47,27.16,26.88,,26.88,10.0,8339.36,9082.31,9251.17
455.3886842727661,30,0.0,28.47,27.16,26.88,,26.88,10.0,8322.42,9095.26,9251.17
455.8883333206177,30,0.0,28.47,27.16,26.88,,26.88,10.0,8339.36,9082.31,9251.17
456.40129041671753,30,0.0,28.52,27.16,26.88,,26.88,10.0,8322.42,9082.31,9251.17
456.91252422332764,30,0.0,28.52,27.16,26.88,,26.88,10.0,8339.36,9082.31,9251.17
457.3945081233978,30,0.0,28.52,27.16,26.88,,26.88,10.0,8322.42,9082.31,9251.17
457.89358258247375,30,0.0,28.52,27.16,26.88,,26.88,10.0,8322.42,9082.31,9251.17
458.39065313339233,30,0.0,28.52,27.16,26.88,,26.88,10.0,8322.42,9082.31,9251.17
458.9055564403534,30,0.0,28.52,27.16,26.88,,26.88,10.0,8322.42,9082.31,9251.17
459.40568351745605,30,0.0,28.52,27.16,26.88,,26.88,10.0,8322.42,9082.31,9251.17
459.9037733078003,30,0.0,28.52,27.16,26.88,,26.88,10.0,8322.42,9082.31,9251.17
460.40523195266724,30,0.0,28.52,27.16,26.88,,26.88,10.0,8322.42,9082.31,9251.17
460.89982533454895,30,0.0,28.52,27.16,26.88,,26.88,10.0,8322.42,9082.31,9251.17
461.3946177959442,30,0.0,28.52,27.16,26.88,,26.88,10.0,8322.42,9082.31,9251.17
461.90829849243164,30,0.0,28.52,27.16,26.88,,26.88,10.0,8322.42,9082.31,9237.95
462.4078257083893,30,0.0,28.52,27.16,26.92,,26.92,10.0,8322.42,9082.31,9251.17
462.92311692237854,30,0.0,28.52,27.16,26.92,,26.92,10.0,8322.42,9082.31,9237.95
463.4064531326294,30,0.0,28.52,27.16,26.92,,26.92,10.0,8322.42,9082.31,9237.95
463.9061770439148,30,0.0,28.52,27.16,26.92,,26.92,10.0,8322.42,9082.31,9237.95
464.406644821167,30,0.0,28.52,27.16,26.92,,26.92,10.0,8322.42,9082.31,9237.95
464.91868138313293,30,0.0,28.52,27.16,26.92,,26.92,10.0,8322.42,9082.31,9237.95
465.41779685020447,30,0.0,28.52,27.16,26.92,,26.92,10.0,8322.42,9082.31,9237.95
465.91790771484375,30,0.0,28.52,27.16,26.92,,26.92,10.0,8322.42,9082.31,9237.95
466.41509532928467,30,0.0,28.52,27.16,26.92,,26.92,10.0,8322.42,9082.31,9237.95
466.9139573574066,30,0.0,28.52,27.16,26.92,,26.92,10.0,8322.42,9082.31,9237.95
467.42913603782654,30,0.0,28.52,27.16,26.92,,26.92,10.0,8322.42,9082.31,9237.95
467.92918038368225,30,0.0,28.52,27.16,26.92,,26.92,10.0,8322.42,9082.31,9237.95
468.4278390407562,30,0.0,28.52,27.16,26.92,,26.92,10.0,8322.42,9082.31,9237.95
468.92605233192444,30,0.0,28.52,27.16,26.92,,26.92,10.0,8322.42,9082.31,9237.95
469.4249074459076,30,0.0,28.56,27.2,26.92,,26.92,10.0,8322.42,9082.31,9237.95
469.92618060112,30,0.0,28.56,27.2,26.92,,26.92,10.0,8322.42,9069.39,9237.95
470.42428851127625,30,0.0,28.56,27.2,26.92,,26.92,10.0,8305.52,9069.39,9237.95
470.93705773353577,30,0.0,28.56,27.2,26.92,,26.92,10.0,8305.52,9069.39,9237.95
471.4360873699188,30,0.0,28.56,27.2,26.92,,26.92,10.0,8305.52,9069.39,9237.95
471.93665504455566,30,0.0,28.56,27.2,26.92,,26.92,10.0,8305.52,9069.39,9237.95
472.4342374801636,30,0.0,28.56,27.2,26.92,,26.92,10.0,8305.52,9069.39,9237.95
472.9301075935364,30,0.0,28.56,27.2,26.92,,26.92,10.0,8305.52,9069.39,9237.95
473.44467306137085,30,0.0,28.56,27.2,26.92,,26.92,10.0,8305.52,9069.39,9237.95
473.94280791282654,30,0.0,28.56,27.2,26.92,,26.92,10.0,8305.52,9069.39,9237.95
474.4424545764923,30,0.0,28.56,27.2,26.95,,26.95,10.0,8305.52,9069.39,9237.95
474.93959045410156,30,0.0,28.56,27.2,26.95,,26.95,10.0,8305.52,9069.39,9224.75
475.4386203289032,30,0.0,28.56,27.2,26.95,,26.95,10.0,8305.52,9069.39,9224.75
475.9392170906067,30,0.0,28.56,27.2,26.92,,26.92,10.0,8305.52,9069.39,9224.75
476.4494524002075,30,0.0,28.56,27.2,26.92,,26.92,10.0,8305.52,9069.39,9237.95
476.9507682323456,30,0.0,28.56,27.2,26.95,,26.95,10.0,8305.52,9069.39,9224.75
477.44828271865845,30,0.0,28.56,27.2,26.95,,26.95,10.0,8305.52,9069.39,9224.75
477.94685983657837,30,0.0,28.56,27.2,26.95,,26.95,10.0,8305.52,9069.39,9224.75
478.44333720207214,30,0.0,28.56,27.2,26.95,,26.95,10.0,8305.52,9069.39,9224.75
478.9585223197937,30,0.0,28.56,27.2,26.95,,26.95,10.0,8305.52,9069.39,9224.75
479.45928406715393,30,0.0,28.56,27.2,26.95,,26.95,10.0,8305.52,9069.39,9224.75
479.95867824554443,30,0.0,28.56,27.2,26.95,,26.95,10.0,8305.52,9069.39,9224.75
480.4577190876007,30,0.0,28.56,27.2,26.95,,26.95,10.0,8305.52,9069.39,9224.75
480.95718932151794,30,0.0,28.56,27.2,26.95,,26.95,10.0,8305.52,9069.39,9224.75
481.45352125167847,30,0.0,28.56,27.2,26.95,,26.95,10.0,8305.52,9069.39,9224.75
481.97077441215515,30,0.0,28.56,27.2,26.95,,26.95,10.0,8305.52,9069.39,9224.75
482.47073912620544,30,0.0,28.56,27.2,26.95,,26.95,10.0,8305.52,9069.39,9224.75
482.97144627571106,30,0.0,28.56,27.23,26.95,,26.95,10.0,8305.52,9069.39,9224.75
483.47245740890503,30,0.0,28.56,27.2,26.95,,26.95,10.0,8305.52,9069.39,9224.75
483.97200441360474,30,0.0,28.56,27.2,26.95,,26.95,10.0,8305.52,9069.39,9224.75
484.47199749946594,30,0.0,28.56,27.2,26.95,,26.95,10.0,8305.52,9069.39,9224.75
484.97177147865295,30,0.0,28.56,27.2,26.95,,26.95,10.0,8305.52,9069.39,9224.75
485.47128224372864,30,0.0,28.56,27.2,26.95,,26.95,10.0,8305.52,9056.49,9224.75
486.03482246398926,30,0.0,28.56,27.23,26.95,,26.95,10.0,8305.52,9069.39,9224.75
486.5177733898163,30,0.0,28.56,27.23,26.95,,26.95,10.0,8305.52,9056.49,9224.75
487.0061345100403,30,0.0,28.56,27.23,26.95,,26.95,10.0,8305.52,9069.39,9211.58
487.52372002601624,30,0.0,28.56,27.23,26.95,,26.95,10.0,8305.52,9056.49,9211.58
487.9896020889282,30,0.0,28.56,27.23,26.99,,26.99,10.0,8305.52,9056.49,9211.58
488.4712553024292,30,0.0,28.56,27.23,26.99,,26.99,10.0,8305.52,9056.49,9211.58
488.98653626441956,30,0.0,28.56,27.23,26.99,,26.99,10.0,8305.52,9056.49,9211.58
489.484503030777,30,0.0,28.56,27.23,26.99,,26.99,10.0,8305.52,9056.49,9211.58
489.9822142124176,30,0.0,28.56,27.23,26.99,,26.99,10.0,8305.52,9056.49,9211.58
490.48300433158875,30,0.0,28.56,27.23,26.99,,26.99,10.0,8305.52,9056.49,9211.58
490.9799587726593,30,0.0,28.56,27.23,26.99,,26.99,10.0,8305.52,9056.49,9211.58
491.4774134159088,30,0.0,28.56,27.23,26.99,,26.99,10.0,8305.52,9056.49,9211.58
491.99092411994934,30,0.0,28.56,27.23,26.99,,26.99,10.0,8305.52,9056.49,9211.58
492.4930555820465,30,0.0,28.56,27.23,26.99,,26.99,10.0,8305.52,9056.49,9211.58
493.00501680374146,30,0.0,28.56,27.23,26.99,,26.99,10.0,8305.52,9056.49,9211.58
493.4836006164551,30,0.0,28.56,27.23,26.99,,26.99,10.0,8305.52,9056.49,9211.58
493.9982349872589,30,0.0,28.56,27.23,26.99,,26.99,10.0,8305.52,9056.49,9211.58
494.50053215026855,30,0.0,28.56,27.23,26.99,,26.99,10.0,8305.52,9056.49,9211.58
494.99724650382996,30,0.0,28.56,27.23,26.99,,26.99,10.0,8305.52,9056.49,9211.58
495.49391746520996,30,0.0,28.56,27.23,26.99,,26.99,10.0,8305.52,9056.49,9211.58
495.9970576763153,30,0.0,28.56,27.23,26.99,,26.99,10.0,8305.52,9056.49,9211.58
496.49779510498047,30,0.0,28.56,27.23,26.99,,26.99,10.0,8305.52,9056.49,9211.58
496.9953646659851,30,0.0,28.56,27.23,26.99,,26.99,10.0,8305.52,9056.49,9211.58
497.5046269893646,30,0.0,28.56,27.23,26.99,,26.99,10.0,8305.52,9056.49,9211.58
498.0077750682831,30,0.0,28.56,27.23,26.99,,26.99,10.0,8305.52,9056.49,9211.58
498.5103540420532,30,0.0,28.56,27.23,26.99,,26.99,10.0,8305.52,9056.49,9211.58
499.0002267360687,30,0.0,28.56,27.23,26.99,,26.99,10.0,8305.52,9056.49,9211.58
499.50551986694336,30,0.0,28.56,27.23,26.99,,26.99,10.0,8305.52,9056.49,9211.58
500.00168228149414,30,0.0,28.56,27.23,26.99,,26.99,10.0,8305.52,9056.49,9211.58
500.5147955417633,30,0.0,28.56,27.23,26.99,,26.99,10.0,8305.52,9056.49,9211.58
501.0188021659851,30,0.0,28.56,27.23,26.99,,26.99,10.0,8305.52,9056.49,9211.58
501.51964139938354,30,0.0,28.61,27.23,26.99,,26.99,10.0,8305.52,9056.49,9211.58
502.01937651634216,30,0.0,28.56,27.23,26.99,,26.99,10.0,8305.52,9056.49,9211.58
502.51669669151306,30,0.0,28.56,27.23,26.99,,26.99,10.0,8288.67,9056.49,9211.58
503.01458716392517,30,0.0,28.61,27.23,26.99,,26.99,10.0,8288.67,9056.49,9211.58
503.51219034194946,30,0.0,28.61,27.23,26.99,,26.99,10.0,8288.67,9056.49,9211.58
504.0437090396881,30,0.0,28.61,27.23,26.99,,26.99,10.0,8288.67,9056.49,9211.58
504.54403352737427,30,0.0,28.61,27.23,26.99,,26.99,10.0,8288.67,9056.49,9211.58
505.0125229358673,30,0.0,28.61,27.23,26.99,,26.99,10.0,8288.67,9043.61,9211.58
505.5239222049713,30,0.0,28.61,27.23,26.99,,26.99,10.0,8288.67,9056.49,9211.58
506.02284026145935,30,0.0,28.61,27.23,26.99,,26.99,10.0,8288.67,9043.61,9211.58
506.52519273757935,30,0.0,28.61,27.26,26.99,,26.99,10.0,8288.67,9043.61,9211.58
507.02261543273926,30,0.0,28.61,27.26,26.99,,26.99,10.0,8288.67,9043.61,9211.58
507.52406764030457,30,0.0,28.61,27.26,26.99,,26.99,10.0,8288.67,9043.61,9211.58
508.02169394493103,30,0.0,28.61,27.26,26.99,,26.99,10.0,8288.67,9056.49,9211.58
508.53616070747375,30,0.0,28.61,27.26,26.99,,26.99,10.0,8288.67,9043.61,9211.58
509.03521037101746,30,0.0,28.61,27.26,26.99,,26.99,10.0,8288.67,9043.61,9211.58
509.5356705188751,30,0.0,28.61,27.26,26.99,,26.99,10.0,8288.67,9043.61,9211.58
510.03671646118164,30,0.0,28.61,27.26,26.99,,26.99,10.0,8288.67,9043.61,9211.58
510.6132547855377,30,0.0,28.61,27.26,26.99,,26.99,10.0,8288.67,9043.61,9211.58
511.08193373680115,30,0.0,28.61,27.26,26.99,,26.99,10.0,8288.67,9043.61,9211.58
511.56317114830017,30,0.0,28.61,27.26,26.99,,26.99,10.0,8288.67,9043.61,9211.58
512.0456037521362,30,0.0,28.61,27.26,26.99,,26.99,10.0,8288.67,9043.61,9211.58
512.5421447753906,30,0.0,28.61,27.26,26.99,,26.99,10.0,8288.67,9043.61,9211.58
513.0374517440796,30,0.0,28.61,27.26,26.99,,26.99,10.0,8288.67,9043.61,9211.58
513.5365900993347,30,0.0,28.61,27.26,26.99,,26.99,10.0,8288.67,9043.61,9198.42
514.0503754615784,30,0.0,28.61,27.26,26.99,,26.99,10.0,8288.67,9043.61,9198.42
514.5475077629089,30,0.0,28.61,27.26,27.02,,27.02,10.0,8288.67,9043.61,9198.42
515.0640814304352,30,0.0,28.61,27.26,27.02,,27.02,10.0,8288.67,9043.61,9198.42
515.5478851795197,30,0.0,28.61,27.26,27.02,,27.02,10.0,8288.67,9043.61,9198.42
516.0463213920593,30,0.0,28.61,27.26,27.02,,27.02,10.0,8288.67,9043.61,9198.42
516.5487105846405,30,0.0,28.61,27.26,27.02,,27.02,10.0,8288.67,9043.61,9198.42
517.0452084541321,30,0.0,28.61,27.26,27.02,,27.02,10.0,8288.67,9043.61,9198.42
517.562929391861,30,0.0,28.61,27.26,27.02,,27.02,10.0,8288.67,9043.61,9198.42
518.0624973773956,30,0.0,28.61,27.26,27.02,,27.02,10.0,8288.67,9043.61,9198.42
518.5588173866272,30,0.0,28.61,27.26,27.02,,27.02,10.0,8288.67,9043.61,9198.42
519.0589423179626,30,0.0,28.61,27.26,27.02,,27.02,10.0,8288.67,9043.61,9198.42
519.5638155937195,30,0.0,28.61,27.26,27.02,,27.02,10.0,8288.67,9043.61,9198.42
520.0703794956207,30,0.0,28.61,27.26,27.02,,27.02,10.0,8288.67,9043.61,9198.42
520.5709109306335,30,0.0,28.61,27.26,27.02,,27.02,10.0,8288.67,9043.61,9198.42
521.0683360099792,30,0.0,28.61,27.26,27.02,,27.02,10.0,8288.67,9043.61,9198.42
521.5670952796936,30,0.0,28.61,27.26,27.02,,27.02,10.0,8288.67,9043.61,9198.42
522.0649292469025,30,0.0,28.61,27.26,27.02,,27.02,10.0,8288.67,9043.61,9198.42
522.5639791488647,30,0.0,28.61,27.26,27.02,,27.02,10.0,8288.67,9043.61,9198.42
523.062091588974,30,0.0,28.61,27.26,27.02,,27.02,10.0,8288.67,9043.61,9198.42
523.5750806331635,30,0.0,28.61,27.26,27.02,,27.02,10.0,8288.67,9043.61,9198.42
524.0743389129639,30,0.0,28.61,27.26,27.02,,27.02,10.0,8288.67,9043.61,9198.42
524.5817427635193,30,0.0,28.61,27.26,27.02,,27.02,10.0,8288.67,9043.61,9198.42
525.071879863739,30,0.0,28.61,27.26,27.02,,27.02,10.0,8288.67,9043.61,9198.42
525.5731911659241,30,0.0,28.61,27.26,27.02,,27.02,10.0,8288.67,9043.61,9198.42
526.0835382938385,30,0.0,28.61,27.26,27.02,,27.02,10.0,8288.67,9043.61,9198.42
526.571741104126,30,0.0,28.61,27.26,27.02,,27.02,10.0,8288.67,9043.61,9198.42
527.083291053772,30,0.0,28.61,27.26,27.02,,27.02,10.0,8288.67,9030.75,9198.42
527.5825750827789,30,0.0,28.61,27.26,27.02,,27.02,10.0,8288.67,9043.61,9198.42
528.0962755680084,30,0.0,28.61,27.29,27.02,,27.02,10.0,8288.67,9043.61,9198.42
528.5835554599762,30,0.0,28.61,27.26,27.02,,27.02,10.0,8288.67,9030.75,9198.42
529.0806622505188,30,0.0,28.61,27.29,27.02,,27.02,10.0,8288.67,9030.75,9198.42
529.5782928466797,30,0.0,28.61,27.29,27.02,,27.02,10.0,8288.67,9030.75,9198.42
530.0918493270874,30,0.0,28.61,27.29,27.02,,27.02,10.0,8288.67,9030.75,9198.42
530.5907108783722,30,0.0,28.61,27.29,27.02,,27.02,10.0,8288.67,9030.75,9198.42
531.0914556980133,30,0.0,28.61,27.29,27.02,,27.02,10.0,8288.67,9030.75,9198.42
531.5912182331085,30,0.0,28.61,27.29,27.02,,27.02,10.0,8288.67,9030.75,9198.42
532.0896272659302,30,0.0,28.61,27.29,27.02,,27.02,10.0,8288.67,9030.75,9198.42
532.6060466766357,30,0.0,28.61,27.29,27.02,,27.02,10.0,8288.67,9030.75,9198.42
533.0891489982605,30,0.0,28.61,27.29,27.02,,27.02,10.0,8271.85,9030.75,9198.42
533.605525970459,30,0.0,28.65,27.29,27.02,,27.02,10.0,8288.67,9030.75,9198.42
534.1033356189728,30,0.0,28.65,27.29,27.06,,27.06,10.0,8271.85,9030.75,9198.42
534.6010663509369,30,0.0,28.65,27.29,27.02,,27.02,10.0,8271.85,9030.75,9185.29
535.1014342308044,30,0.0,28.65,27.29,27.06,,27.06,10.0,8271.85,9030.75,9198.42
535.6001484394073,30,0.0,28.65,27.29,27.06,,27.06,10.0,8271.85,9030.75,9185.29
536.096860408783,30,0.0,28.65,27.29,27.06,,27.06,10.0,8271.85,9030.75,9185.29
536.6108424663544,30,0.0,28.65,27.29,27.06,,27.06,10.0,8271.85,9030.75,9185.29
537.1126050949097,30,0.0,28.65,27.29,27.06,,27.06,10.0,8271.85,9030.75,9185.29
537.6080129146576,30,0.0,28.65,27.29,27.06,,27.06,10.0,8271.85,9030.75,9185.29
538.1092858314514,30,0.0,28.65,27.29,27.06,,27.06,10.0,8271.85,9030.75,9185.29
538.6070032119751,30,0.0,28.65,27.29,27.06,,27.06,10.0,8271.85,9030.75,9185.29
539.1045742034912,30,0.0,28.65,27.29,27.06,,27.06,10.0,8271.85,9030.75,9185.29
539.6143312454224,30,0.0,28.65,27.29,27.06,,27.06,10.0,8271.85,9030.75,9185.29
540.1139996051788,30,0.0,28.65,27.29,27.06,,27.06,10.0,8271.85,9030.75,9185.29
540.613899230957,30,0.0,28.65,27.29,27.06,,27.06,10.0,8271.85,9030.75,9185.29
541.1134588718414,30,0.0,28.65,27.29,27.06,,27.06,10.0,8271.85,9030.75,9185.29
541.6117465496063,30,0.0,28.65,27.29,27.06,,27.06,10.0,8271.85,9030.75,9185.29
542.1259095668793,30,0.0,28.65,27.29,27.06,,27.06,10.0,8271.85,9030.75,9185.29
542.624269247055,30,0.0,28.65,27.29,27.06,,27.06,10.0,8271.85,9030.75,9185.29
543.1246407032013,30,0.0,28.65,27.29,27.06,,27.06,10.0,8271.85,9030.75,9185.29
543.6226439476013,30,0.0,28.65,27.29,27.06,,27.06,10.0,8271.85,9030.75,9185.29
544.118780374527,30,0.0,28.65,27.29,27.06,,27.06,10.0,8271.85,9030.75,9185.29
544.6245675086975,30,0.0,28.65,27.29,27.06,,27.06,10.0,8271.85,9030.75,9185.29
545.1211402416229,30,0.0,28.65,27.29,27.06,,27.06,10.0,8271.85,9030.75,9185.29
545.6223850250244,30,0.0,28.65,27.29,27.06,,27.06,10.0,8271.85,9030.75,9185.29
546.1374278068542,30,0.0,28.65,27.29,27.06,,27.06,10.0,8271.85,9030.75,9185.29
546.6378309726715,30,0.0,28.65,27.29,27.06,,27.06,10.0,8271.85,9030.75,9185.29
547.1828634738922,30,0.0,28.65,27.29,27.06,,27.06,10.0,8271.85,9030.75,9185.29
547.6634037494659,30,0.0,28.65,27.29,27.06,,27.06,10.0,8271.85,9030.75,9185.29
548.1599807739258,30,0.0,28.65,27.29,27.06,,27.06,10.0,8271.85,9030.75,9185.29
548.6448593139648,30,0.0,28.65,27.29,27.06,,27.06,10.0,8271.85,9030.75,9185.29
549.1446053981781,30,0.0,28.65,27.29,27.06,,27.06,10.0,8271.85,9030.75,9185.29
549.6436812877655,30,0.0,28.65,27.29,27.06,,27.06,10.0,8271.85,9030.75,9185.29
550.1422824859619,30,0.0,28.65,27.29,27.06,,27.06,10.0,8271.85,9030.75,9185.29
550.6396398544312,30,0.0,28.65,27.29,27.06,,27.06,10.0,8271.85,9030.75,9185.29
551.1386640071869,30,0.0,28.65,27.29,27.06,,27.06,10.0,8271.85,9030.75,9185.29
551.6379356384277,30,0.0,28.65,27.29,27.06,,27.06,10.0,8271.85,9030.75,9185.29
552.155130147934,30,0.0,28.65,27.29,27.06,,27.06,10.0,8271.85,9030.75,9185.29
552.6505246162415,30,0.0,28.65,27.29,27.06,,27.06,10.0,8271.85,9030.75,9185.29
553.1479759216309,30,0.0,28.65,27.29,27.06,,27.06,10.0,8271.85,9030.75,9185.29
553.6488080024719,30,0.0,28.65,27.29,27.06,,27.06,10.0,8271.85,9030.75,9185.29
554.1437394618988,30,0.0,28.65,27.32,27.06,,27.06,10.0,8271.85,9030.75,9185.29
554.6594996452332,30,0.0,28.65,27.29,27.06,,27.06,10.0,8271.85,9017.92,9185.29
555.15980052948,30,0.0,28.65,27.29,27.06,,27.06,10.0,8271.85,9030.75,9185.29
555.6546568870544,30,0.0,28.65,27.29,27.06,,27.06,10.0,8271.85,9017.92,9185.29
556.1528074741364,30,0.0,28.65,27.29,27.06,,27.06,10.0,8271.85,9030.75,9185.29
556.6520116329193,30,0.0,28.65,27.32,27.06,,27.06,10.0,8271.85,9030.75,9185.29
557.1678218841553,30,0.0,28.65,27.32,27.06,,27.06,10.0,8271.85,9017.92,9185.29
557.669691324234,30,0.0,28.65,27.32,27.06,,27.06,10.0,8271.85,9017.92,9185.29
558.1672325134277,30,0.0,28.65,27.32,27.06,,27.06,10.0,8271.85,9017.92,9185.29
558.7127954959869,30,0.0,28.65,27.32,27.06,,27.06,10.0,8271.85,9017.92,9185.29
559.1973724365234,30,0.0,28.65,27.32,27.06,,27.06,10.0,8271.85,9017.92,9185.29
559.711009979248,30,0.0,28.65,27.32,27.06,,27.06,10.0,8271.85,9017.92,9185.29
560.1931030750275,30,0.0,28.65,27.32,27.06,,27.06,10.0,8271.85,9017.92,9185.29
560.6772782802582,30,0.0,28.65,27.32,27.06,,27.06,10.0,8271.85,9017.92,9185.29
561.17391705513,30,0.0,28.65,27.32,27.06,,27.06,10.0,8271.85,9017.92,9185.29
561.6714253425598,30,0.0,28.65,27.32,27.06,,27.06,10.0,8271.85,9017.92,9185.29
562.1669585704803,30,0.0,28.65,27.32,27.09,,27.09,10.0,8271.85,9017.92,9172.19
562.6791434288025,30,0.0,28.65,27.32,27.09,,27.09,10.0,8271.85,9017.92,9172.19
563.1795728206635,30,0.0,28.65,27.32,27.09,,27.09,10.0,8271.85,9017.92,9172.19
563.6810328960419,30,0.0,28.65,27.32,27.09,,27.09,10.0,8271.85,9017.92,9172.19
564.1998500823975,30,0.0,28.65,27.32,27.09,,27.09,10.0,8271.85,9017.92,9172.19
564.7020123004913,30,0.0,28.65,27.32,27.09,,27.09,10.0,8271.85,9017.92,9172.19
565.2360680103302,30,0.0,28.65,27.32,27.09,,27.09,10.0,8271.85,9017.92,9172.19
565.750274181366,30,0.0,28.65,27.32,27.09,,27.09,10.0,8271.85,9017.92,9172.19
566.2160475254059,30,0.0,28.65,27.32,27.09,,27.09,10.0,8271.85,9017.92,9172.19
566.6981444358826,30,0.0,28.65,27.32,27.09,,27.09,10.0,8271.85,9017.92,9172.19
567.1818950176239,30,0.0,28.65,27.32,27.09,,27.09,10.0,8271.85,9017.92,9172.19
567.6816945075989,30,0.0,28.65,27.32,27.09,,27.09,10.0,8271.85,9017.92,9172.19
568.1953871250153,30,0.0,28.65,27.32,27.09,,27.09,10.0,8271.85,9017.92,9172.19
568.690601348877,30,0.0,28.65,27.32,27.09,,27.09,10.0,8271.85,9017.92,9172.19
569.1882793903351,30,0.0,28.65,27.32,27.09,,27.09,10.0,8271.85,9017.92,9172.19
569.6905615329742,30,0.0,28.65,27.32,27.09,,27.09,10.0,8271.85,9017.92,9172.19
570.1882343292236,30,0.0,28.65,27.32,27.09,,27.09,10.0,8271.85,9017.92,9172.19
570.7032182216644,30,0.0,28.65,27.32,27.09,,27.09,10.0,8271.85,9017.92,9172.19
571.1989235877991,30,0.0,28.65,27.32,27.09,,27.09,10.0,8271.85,9017.92,9172.19
571.6953308582306,30,0.0,28.65,27.32,27.09,,27.09,10.0,8271.85,9017.92,9172.19
572.1979722976685,30,0.0,28.65,27.32,27.09,,27.09,10.0,8271.85,9017.92,9172.19
572.696795463562,30,0.0,28.65,27.32,27.09,,27.09,10.0,8271.85,9017.92,9172.19
573.2125284671783,30,0.0,28.65,27.32,27.09,,27.09,10.0,8271.85,9017.92,9172.19
573.7087285518646,30,0.0,28.65,27.32,27.09,,27.09,10.0,8271.85,9017.92,9172.19
574.2089855670929,30,0.0,28.7,27.32,27.09,,27.09,10.0,8271.85,9017.92,9172.19
574.7106173038483,30,0.0,28.7,27.32,27.09,,27.09,10.0,8271.85,9017.92,9172.19
575.2375354766846,30,0.0,28.7,27.32,27.09,,27.09,10.0,8255.08,9017.92,9172.19
575.7065348625183,30,0.0,28.7,27.32,27.09,,27.09,10.0,8255.08,9017.92,9172.19
576.2033281326294,30,0.0,28.7,27.32,27.09,,27.09,10.0,8255.08,9017.92,9172.19
576.704540014267,30,0.0,28.7,27.32,27.09,,27.09,10.0,8255.08,9017.92,9172.19
577.217497587204,30,0.0,28.7,27.32,27.09,,27.09,10.0,8255.08,9017.92,9172.19
577.7175841331482,30,0.0,28.7,27.32,27.09,,27.09,10.0,8255.08,9017.92,9172.19
578.2153177261353,30,0.0,28.7,27.32,27.09,,27.09,10.0,8255.08,9017.92,9172.19
578.7109422683716,30,0.0,28.7,27.32,27.09,,27.09,10.0,8255.08,9017.92,9172.19
579.22602891922,30,0.0,28.7,27.32,27.09,,27.09,10.0,8255.08,9017.92,9172.19
579.7147245407104,30,0.0,28.7,27.32,27.09,,27.09,10.0,8255.08,9017.92,9159.11
580.2110662460327,30,0.0,28.7,27.32,27.09,,27.09,10.0,8255.08,9017.92,9159.11
580.7292191982269,30,0.0,28.7,27.32,27.09,,27.09,10.0,8255.08,9017.92,9159.11
581.2262971401215,30,0.0,28.7,27.32,27.13,,27.13,10.0,8255.08,9017.92,9159.11
581.7242655754089,30,0.0,28.7,27.32,27.13,,27.13,10.0,8255.08,9017.92,9159.11
582.2210922241211,30,0.0,28.7,27.36,27.13,,27.13,10.0,8255.08,9017.92,9159.11
582.7372019290924,30,0.0,28.7,27.36,27.13,,27.13,10.0,8255.08,9005.11,9159.11
583.235910654068,30,0.0,28.7,27.36,27.13,,27.13,10.0,8255.08,9005.11,9159.11
583.7319178581238,30,0.0,28.7,27.36,27.13,,27.13,10.0,8255.08,9005.11,9159.11
584.2345197200775,30,0.0,28.7,27.36,27.13,,27.13,10.0,8255.08,9005.11,9159.11
584.7349472045898,30,0.0,28.7,27.36,27.13,,27.13,10.0,8255.08,9005.11,9159.11
585.2310419082642,30,0.0,28.7,27.36,27.13,,27.13,10.0,8255.08,9005.11,9159.11
585.7317636013031,30,0.0,28.7,27.36,27.13,,27.13,10.0,8255.08,9005.11,9159.11
586.2451469898224,30,0.0,28.7,27.36,27.13,,27.13,10.0,8255.08,9005.11,9159.11
586.7432551383972,30,0.0,28.7,27.36,27.13,,27.13,10.0,8255.08,9005.11,9159.11
587.2395238876343,30,0.0,28.7,27.36,27.13,,27.13,10.0,8255.08,9005.11,9159.11
587.7406458854675,30,0.0,28.7,27.36,27.13,,27.13,10.0,8255.08,9005.11,9159.11
588.2396264076233,30,0.0,28.7,27.36,27.13,,27.13,10.0,8255.08,9005.11,9159.11
588.7375259399414,30,0.0,28.7,27.36,27.13,,27.13,10.0,8255.08,9005.11,9159.11
589.2398066520691,30,0.0,28.7,27.36,27.13,,27.13,10.0,8255.08,9005.11,9159.11
589.7376444339752,30,0.0,28.7,27.36,27.13,,27.13,10.0,8255.08,9005.11,9159.11
590.2545139789581,30,0.0,28.7,27.36,27.13,,27.13,10.0,8255.08,9005.11,9159.11
590.7554497718811,30,0.0,28.7,27.36,27.13,,27.13,10.0,8255.08,9005.11,9159.11
591.253259897232,30,0.0,28.7,27.36,27.13,,27.13,10.0,8255.08,9005.11,9159.11
591.7687268257141,30,0.0,28.7,27.36,27.13,,27.13,10.0,8255.08,9005.11,9159.11
592.2545695304871,30,0.0,28.7,27.36,27.13,,27.13,10.0,8255.08,9005.11,9159.11
592.8634407520294,30,0.0,28.7,27.36,27.13,,27.13,10.0,8255.08,9005.11,9159.11
593.3425652980804,30,0.0,28.7,27.36,27.13,,27.13,10.0,8255.08,9005.11,9159.11
593.8241064548492,30,0.0,28.7,27.36,27.13,,27.13,10.0,8255.08,9005.11,9159.11
594.3074531555176,30,0.0,28.7,27.36,27.13,,27.13,10.0,8255.08,9005.11,9159.11
594.7918837070465,30,0.0,28.7,27.36,27.13,,27.13,10.0,8255.08,9005.11,9159.11
595.2584886550903,30,0.0,28.7,27.36,27.13,,27.13,10.0,8255.08,9005.11,9159.11
595.7554407119751,30,0.0,28.7,27.36,27.13,,27.13,10.0,8255.08,9005.11,9159.11
596.2583589553833,30,0.0,28.7,27.36,27.13,,27.13,10.0,8255.08,9005.11,9159.11
596.7709300518036,30,0.0,28.7,27.36,27.13,,27.13,10.0,8255.08,9005.11,9159.11
597.2721409797668,30,0.0,28.7,27.36,27.13,,27.13,10.0,8255.08,9005.11,9159.11
597.7718994617462,30,0.0,28.7,27.36,27.13,,27.13,10.0,8255.08,9005.11,9159.11
598.269376039505,30,0.0,28.7,27.36,27.13,,27.13,10.0,8255.08,9005.11,9159.11
598.7698874473572,30,0.0,28.7,27.36,27.13,,27.13,10.0,8255.08,9005.11,9159.11
599.2656326293945,30,0.0,28.7,27.36,27.13,,27.13,10.0,8255.08,9005.11,9159.11
599.7690372467041,30,0.0,28.7,27.36,27.13,,27.13,10.0,8255.08,9005.11,9159.11
600.2638664245605,30,0.0,28.7,27.36,27.13,,27.13,10.0,8255.08,9005.11,9159.11
600.777646780014,30,0.0,28.7,27.36,27.13,,27.13,10.0,8255.08,9005.11,9159.11
601.2766306400299,30,0.0,28.7,27.39,27.13,,27.13,10.0,8255.08,8992.32,9159.11
601.8242783546448,30,0.0,28.7,27.39,27.13,,27.13,10.0,8255.08,8992.32,9159.11
602.3076186180115,30,0.0,28.7,27.39,27.13,,27.13,10.0,8255.08,8992.32,9159.11
602.8246123790741,30,0.0,28.7,27.39,27.13,,27.13,10.0,8255.08,9005.11,9159.11
603.3067305088043,30,0.0,28.7,27.39,27.13,,27.13,10.0,8255.08,9005.11,9159.11
603.772171497345,30,0.0,28.7,27.39,27.13,,27.13,10.0,8255.08,8992.32,9159.11
604.2862887382507,30,0.0,28.7,27.39,27.13,,27.13,10.0,8255.08,9005.11,9159.11
604.781521320343,30,0.0,28.7,27.36,27.13,,27.13,10.0,8255.08,8992.32,9159.11
605.2968530654907,30,0.0,28.7,27.39,27.13,,27.13,10.0,8255.08,8992.32,9159.11
605.7939898967743,30,0.0,28.7,27.39,27.13,,27.13,10.0,8255.08,9005.11,9159.11
606.3051042556763,30,0.0,28.7,27.39,27.13,,27.13,10.0,8255.08,8992.32,9159.11
606.7842357158661,30,0.0,28.7,27.39,27.13,,27.13,10.0,8255.08,9005.11,9159.11
607.2845702171326,30,0.0,28.7,27.36,27.13,,27.13,10.0,8255.08,9005.11,9159.11
607.8146390914917,30,0.0,28.7,27.39,27.13,,27.13,10.0,8255.08,9005.11,9159.11
608.3141009807587,30,0.0,28.7,27.39,27.13,,27.13,10.0,8255.08,9005.11,9159.11
608.7978088855743,30,0.0,28.7,27.36,27.13,,27.13,10.0,8255.08,9005.11,9146.05
609.2929215431213,30,0.0,28.7,27.36,27.16,,27.16,10.0,8255.08,8992.32,9146.05
609.8078298568726,30,0.0,28.7,27.39,27.16,,27.16,10.0,8255.08,8992.32,9146.05
610.3207910060883,30,0.0,28.7,27.36,27.16,,27.16,10.0,8255.08,8992.32,9146.05
610.7976758480072,30,0.0,28.7,27.36,27.16,,27.16,10.0,8255.08,8992.32,9146.05
611.2981424331665,30,0.0,28.7,27.39,27.16,,27.16,10.0,8255.08,8992.32,9146.05
611.8016667366028,30,0.0,28.7,27.39,27.16,,27.16,10.0,8255.08,8992.32,9146.05
612.3119678497314,30,0.0,28.7,27.39,27.16,,27.16,10.0,8255.08,8992.32,9146.05
612.8115386962891,30,0.0,28.7,27.39,27.16,,27.16,10.0,8255.08,8992.32,9146.05
613.3092250823975,30,0.0,28.7,27.39,27.16,,27.16,10.0,8255.08,8992.32,9146.05
613.8072459697723,30,0.0,28.7,27.39,27.16,,27.16,10.0,8255.08,8992.32,9146.05
614.2965347766876,30,0.0,28.7,27.39,27.16,,27.16,10.0,8255.08,8992.32,9146.05
614.8184776306152,30,0.0,28.7,27.39,27.16,,27.16,10.0,8255.08,8992.32,9146.05
615.3185102939606,30,0.0,28.7,27.39,27.13,,27.13,10.0,8255.08,8992.32,9146.05
615.8172535896301,30,0.0,28.7,27.39,27.13,,27.13,10.0,8255.08,8992.32,9159.11
616.3172624111176,30,0.0,28.7,27.39,27.13,,27.13,10.0,8255.08,8992.32,9159.11
616.813987493515,30,0.0,28.7,27.39,27.13,,27.13,10.0,8255.08,8992.32,9159.11
617.3246622085571,30,0.0,28.7,27.39,27.13,,27.13,10.0,8255.08,8992.32,9159.11
617.8262965679169,30,0.0,28.7,27.39,27.13,,27.13,10.0,8255.08,8992.32,9159.11
618.3277475833893,30,0.0,28.7,27.39,27.13,,27.13,10.0,8255.08,8992.32,9159.11
618.8280119895935,30,0.0,28.7,27.39,27.13,,27.13,10.0,8255.08,8992.32,9159.11
619.3558030128479,30,0.0,28.7,27.39,27.13,,27.13,10.0,8255.08,8992.32,9159.11
619.8694846630096,30,0.0,28.7,27.39,27.13,,27.13,10.0,8255.08,8992.32,9146.05
620.3525612354279,30,0.0,28.7,27.39,27.16,,27.16,10.0,8255.08,8992.32,9146.05
620.836699962616,30,0.0,28.7,27.39,27.16,,27.16,10.0,8255.08,8992.32,9146.05
621.3366901874542,30,0.0,28.7,27.39,27.16,,27.16,10.0,8255.08,8992.32,9146.05
621.8350121974945,30,0.0,28.7,27.39,27.16,,27.16,10.0,8255.08,8992.32,9146.05
622.3322608470917,30,0.0,28.7,27.39,27.16,,27.16,10.0,8255.08,8992.32,9146.05
622.8336389064789,30,0.0,28.7,27.39,27.16,,27.16,10.0,8255.08,8992.32,9146.05
623.3352797031403,30,0.0,28.7,27.39,27.16,,27.16,10.0,8255.08,8992.32,9146.05
623.8363044261932,30,0.0,28.7,27.39,27.16,,27.16,10.0,8255.08,8992.32,9146.05
624.3377985954285,30,0.0,28.7,27.39,27.16,,27.16,10.0,8255.08,8992.32,9146.05
624.8384919166565,30,0.0,28.7,27.39,27.16,,27.16,10.0,8255.08,8992.32,9146.05
625.3372395038605,30,0.0,28.7,27.39,27.16,,27.16,10.0,8255.08,8992.32,9146.05
625.8498260974884,30,0.0,28.7,27.39,27.16,,27.16,10.0,8255.08,8992.32,9146.05
626.3474638462067,30,0.0,28.7,27.39,27.16,,27.16,10.0,8255.08,8992.32,9146.05
626.8461797237396,30,0.0,28.7,27.39,27.16,,27.16,10.0,8255.08,8992.32,9146.05
627.3453569412231,30,0.0,28.7,27.39,27.16,,27.16,10.0,8255.08,8992.32,9146.05
627.8467950820923,30,0.0,28.7,27.39,27.16,,27.16,10.0,8255.08,8992.32,9146.05
628.3457608222961,30,0.0,28.7,27.39,27.16,,27.16,10.0,8255.08,8992.32,9146.05
628.8457961082458,30,0.0,28.7,27.39,27.16,,27.16,10.0,8255.08,8992.32,9146.05
629.343252658844,30,0.0,28.7,27.39,27.16,,27.16,10.0,8255.08,8992.32,9146.05
629.8567266464233,30,0.0,28.7,27.39,27.16,,27.16,10.0,8255.08,8992.32,9146.05
630.3577635288239,30,0.0,28.7,27.39,27.16,,27.16,10.0,8255.08,8992.32,9146.05
630.853741645813,30,0.0,28.7,27.39,27.16,,27.16,10.0,8255.08,8992.32,9146.05
631.3531892299652,30,0.0,28.7,27.39,27.16,,27.16,10.0,8255.08,8992.32,9146.05
631.8522336483002,30,0.0,28.7,27.39,27.16,,27.16,10.0,8238.34,8992.32,9146.05
632.3707702159882,30,0.0,28.74,27.39,27.16,,27.16,10.0,8238.34,8992.32,9146.05
632.8632552623749,30,0.0,28.7,27.39,27.16,,27.16,10.0,8238.34,8992.32,9146.05
633.3605194091797,30,0.0,28.7,27.39,27.16,,27.16,10.0,8255.08,8992.32,9146.05
633.9646527767181,30,0.0,28.7,27.39,27.16,,27.16,10.0,8255.08,8992.32,9146.05
634.4411556720734,30,0.0,28.7,27.39,27.16,,27.16,10.0,8255.08,8992.32,9146.05
634.9371638298035,30,0.0,28.7,27.39,27.16,,27.16,10.0,8255.08,8992.32,9146.05
635.434460401535,30,0.0,28.7,27.39,27.16,,27.16,10.0,8255.08,8992.32,9146.05
635.9147772789001,30,0.0,28.7,27.39,27.16,,27.16,10.0,8255.08,8992.32,9146.05
636.3867495059967,30,0.0,28.7,27.39,27.16,,27.16,10.0,8255.08,8992.32,9146.05
636.8870298862457,30,0.0,28.7,27.39,27.16,,27.16,10.0,8255.08,8992.32,9146.05
637.3707711696625,30,0.0,28.7,27.39,27.16,,27.16,10.0,8255.08,8992.32,9146.05
637.8702085018158,30,0.0,28.7,27.39,27.16,,27.16,10.0,8255.08,8992.32,9146.05
638.3692219257355,30,0.0,28.7,27.39,27.16,,27.16,10.0,8255.08,8992.32,9146.05
638.8853406906128,30,0.0,28.74,27.39,27.16,,27.16,10.0,8238.34,8992.32,9146.05
639.3852822780609,30,0.0,28.7,27.39,27.16,,27.16,10.0,8238.34,8992.32,9146.05
639.8834757804871,30,0.0,28.7,27.39,27.16,,27.16,10.0,8255.08,8992.32,9146.05
640.3818674087524,30,0.0,28.74,27.39,27.16,,27.16,10.0,8238.34,8992.32,9133.01
640.8969440460205,30,0.0,28.74,27.39,27.19,,27.19,10.0,8238.34,8992.32,9146.05
641.3836102485657,30,0.0,28.74,27.39,27.16,,27.16,10.0,8238.34,8992.32,9133.01
641.8790311813354,30,0.0,28.74,27.39,27.16,,27.16,10.0,8238.34,8992.32,9146.05
642.3798623085022,30,0.0,28.74,27.39,27.16,,27.16,10.0,8238.34,8992.32,9146.05
642.8807456493378,30,0.0,28.74,27.39,27.16,,27.16,10.0,8238.34,8992.32,9146.05
643.3777356147766,30,0.0,28.7,27.39,27.16,,27.16,10.0,8255.08,8992.32,9146.05
643.8953857421875,30,0.0,28.74,27.39,27.16,,27.16,10.0,8255.08,8992.32,9146.05
644.3945746421814,30,0.0,28.7,27.39,27.16,,27.16,10.0,8255.08,8992.32,9133.01
644.8941059112549,30,0.0,28.74,27.39,27.16,,27.16,10.0,8238.34,8992.32,9133.01
645.3939521312714,30,0.0,28.74,27.39,27.16,,27.16,10.0,8238.34,8992.32,9146.05
645.8962934017181,30,0.0,28.74,27.39,27.19,,27.19,10.0,8238.34,8992.32,9133.01
646.3942749500275,30,0.0,28.74,27.39,27.19,,27.19,10.0,8238.34,8992.32,9133.01
646.8906073570251,30,0.0,28.74,27.39,27.19,,27.19,10.0,8238.34,8992.32,9133.01
647.3873085975647,30,0.0,28.74,27.39,27.19,,27.19,10.0,8238.34,8992.32,9133.01
647.901612997055,30,0.0,28.74,27.39,27.16,,27.16,10.0,8238.34,8992.32,9133.01
648.4011223316193,30,0.0,28.74,27.39,27.16,,27.16,10.0,8238.34,8992.32,9133.01
648.9006142616272,30,0.0,28.74,27.39,27.19,,27.19,10.0,8238.34,8992.32,9133.01
649.4000864028931,30,0.0,28.74,27.39,27.19,,27.19,10.0,8238.34,8992.32,9133.01
649.9138379096985,30,0.0,28.74,27.39,27.19,,27.19,10.0,8238.34,8992.32,9133.01
650.4139370918274,30,0.0,28.74,27.39,27.19,,27.19,10.0,8238.34,8992.32,9133.01
650.9118647575378,30,0.0,28.74,27.39,27.19,,27.19,10.0,8238.34,8979.56,9133.01
651.4088981151581,30,0.0,28.74,27.42,27.19,,27.19,10.0,8238.34,8992.32,9133.01
651.9267001152039,30,0.0,28.74,27.42,27.19,,27.19,10.0,8238.34,8992.32,9133.01
652.4119653701782,30,0.0,28.74,27.42,27.19,,27.19,10.0,8238.34,8992.32,9133.01
652.9445366859436,30,0.0,28.74,27.42,27.19,,27.19,10.0,8238.34,8979.56,9133.01
653.4094684123993,30,0.0,28.74,27.42,27.19,,27.19,10.0,8238.34,8979.56,9133.01
653.9130415916443,30,0.0,28.74,27.42,27.19,,27.19,10.0,8238.34,8992.32,9133.01
654.4091205596924,30,0.0,28.74,27.42,27.19,,27.19,10.0,8238.34,8979.56,9133.01
654.9250564575195,30,0.0,28.74,27.42,27.19,,27.19,10.0,8238.34,8992.32,9133.01
655.4211127758026,30,0.0,28.74,27.39,27.19,,27.19,10.0,8238.34,8979.56,9133.01
656.0420308113098,30,0.0,28.74,27.42,27.19,,27.19,10.0,8238.34,8979.56,9133.01
656.5668857097626,30,0.0,28.74,27.42,27.19,,27.19,10.0,8238.34,8979.56,9133.01
657.0488646030426,30,0.0,28.74,27.39,27.19,,27.19,10.0,8238.34,8992.32,9133.01
657.5651054382324,30,0.0,28.74,27.39,27.19,,27.19,10.0,8238.34,8992.32,9133.01
658.0488109588623,30,0.0,28.74,27.39,27.19,,27.19,10.0,8238.34,8979.56,9133.01
658.5326693058014,30,0.0,28.74,27.42,27.19,,27.19,10.0,8238.34,8992.32,9133.01
659.0145499706268,30,0.0,28.74,27.42,27.19,,27.19,10.0,8238.34,8979.56,9133.01
659.5177936553955,30,0.0,28.74,27.42,27.19,,27.19,10.0,8238.34,8992.32,9133.01
660.0007638931274,30,0.0,28.74,27.42,27.19,,27.19,10.0,8238.34,8979.56,9133.01
660.4938666820526,30,0.0,28.74,27.39,27.19,,27.19,10.0,8238.34,8979.56,9133.01
661.0137097835541,30,0.0,28.74,27.42,27.19,,27.19,10.0,8238.34,8979.56,9133.01
661.575868844986,30,0.0,28.74,27.42,27.19,,27.19,10.0,8238.34,8979.56,9133.01
662.0537869930267,30,0.0,28.74,27.39,27.19,,27.19,10.0,8238.34,8979.56,9133.01
662.5384955406189,30,0.0,28.74,27.42,27.19,,27.19,10.0,8238.34,8979.56,9133.01
663.0966196060181,30,0.0,28.74,27.42,27.19,,27.19,10.0,8238.34,8979.56,9133.01
663.5807540416718,30,0.0,28.74,27.42,27.19,,27.19,10.0,8238.34,8979.56,9133.01
664.1247687339783,30,0.0,28.74,27.42,27.19,,27.19,10.0,8238.34,8979.56,9133.01
664.6588635444641,30,0.0,28.74,27.42,27.19,,27.19,10.0,8238.34,8979.56,9133.01
665.1955432891846,30,0.0,28.74,27.42,27.19,,27.19,10.0,8238.34,8979.56,9133.01
665.6701974868774,30,0.0,28.74,27.42,27.19,,27.19,10.0,8238.34,8979.56,9133.01
666.1762549877167,30,0.0,28.74,27.42,27.19,,27.19,10.0,8255.08,8979.56,9133.01
666.7061579227448,30,0.0,28.7,27.42,27.19,,27.19,10.0,8238.34,8979.56,9133.01
667.2339873313904,30,0.0,28.74,27.42,27.19,,27.19,10.0,8238.34,8979.56,9133.01
667.7509243488312,30,0.0,28.74,27.42,27.19,,27.19,10.0,8238.34,8979.56,9133.01
668.2503180503845,30,0.0,28.74,27.42,27.19,,27.19,10.0,8238.34,8979.56,9133.01
668.7606384754181,30,0.0,28.74,27.42,27.19,,27.19,10.0,8238.34,8979.56,9133.01
669.228312253952,30,0.0,28.74,27.42,27.19,,27.19,10.0,8238.34,8979.56,9133.01
669.6936984062195,30,0.0,28.74,27.42,27.19,,27.19,10.0,8238.34,8979.56,9133.01
670.1783301830292,30,0.0,28.74,27.42,27.19,,27.19,10.0,8238.34,8979.56,9120.0
670.645468711853,30,0.0,28.74,27.42,27.23,,27.23,10.0,8238.34,8979.56,9120.0
671.1275405883789,30,0.0,28.74,27.42,27.23,,27.23,10.0,8238.34,8979.56,9120.0
671.5972430706024,30,0.0,28.74,27.42,27.23,,27.23,10.0,8238.34,8979.56,9120.0
672.08003282547,30,0.0,28.74,27.42,27.23,,27.23,10.0,8238.34,8979.56,9120.0
672.5639474391937,30,0.0,28.74,27.42,27.23,,27.23,10.0,8238.34,8979.56,9120.0
673.0327982902527,30,0.0,28.74,27.42,27.23,,27.23,10.0,8238.34,8979.56,9120.0
673.5019867420197,30,0.0,28.74,27.42,27.23,,27.23,10.0,8238.34,8979.56,9120.0
674.0186538696289,30,0.0,28.74,27.42,27.23,,27.23,10.0,8238.34,8979.56,9120.0
674.4878373146057,30,0.0,28.74,27.42,27.23,,27.23,10.0,8238.34,8979.56,9120.0
674.9708819389343,30,0.0,28.74,27.42,27.23,,27.23,10.0,8238.34,8979.56,9120.0
675.46497797966,30,0.0,28.74,27.42,27.23,,27.23,10.0,8238.34,8979.56,9120.0
675.9808685779572,30,0.0,28.74,27.42,27.23,,27.23,10.0,8238.34,8979.56,9120.0
676.4803321361542,30,0.0,28.74,27.42,27.23,,27.23,10.0,8238.34,8979.56,9120.0
676.9797956943512,30,0.0,28.74,27.42,27.23,,27.23,10.0,8238.34,8979.56,9120.0
677.4792234897614,30,0.0,28.74,27.42,27.23,,27.23,10.0,8238.34,8979.56,9120.0
677.9753189086914,30,0.0,28.74,27.42,27.23,,27.23,10.0,8238.34,8979.56,9120.0
678.4771106243134,30,0.0,28.74,27.42,27.23,,27.23,10.0,8238.34,8979.56,9120.0
678.9792153835297,30,0.0,28.74,27.42,27.23,,27.23,10.0,8238.34,8979.56,9120.0
679.5092523097992,30,0.0,28.74,27.42,27.23,,27.23,10.0,8238.34,8979.56,9120.0
679.9780838489532,30,0.0,28.74,27.42,27.23,,27.23,10.0,8238.34,8979.56,9120.0
680.4921946525574,30,0.0,28.74,27.42,27.23,,27.23,10.0,8238.34,8979.56,9120.0
680.9909477233887,30,0.0,28.74,27.42,27.23,,27.23,10.0,8238.34,8979.56,9120.0
681.4911482334137,30,0.0,28.74,27.42,27.23,,27.23,10.0,8238.34,8979.56,9120.0
681.9905271530151,30,0.0,28.74,27.42,27.23,,27.23,10.0,8238.34,8979.56,9120.0
682.4925451278687,30,0.0,28.74,27.42,27.23,,27.23,10.0,8238.34,8979.56,9120.0
682.992388010025,30,0.0,28.74,27.42,27.23,,27.23,10.0,8238.34,8979.56,9120.0
683.4902212619781,30,0.0,28.74,27.42,27.19,,27.19,10.0,8238.34,8979.56,9120.0
683.9896059036255,30,0.0,28.74,27.42,27.23,,27.23,10.0,8238.34,8979.56,9120.0
684.5030105113983,30,0.0,28.74,27.42,27.19,,27.19,10.0,8238.34,8979.56,9120.0
685.0190424919128,30,0.0,28.74,27.42,27.19,,27.19,10.0,8238.34,8979.56,9133.01
685.5179724693298,30,0.0,28.74,27.42,27.19,,27.19,10.0,8238.34,8979.56,9133.01
686.0063688755035,30,0.0,28.74,27.42,27.19,,27.19,10.0,8238.34,8979.56,9133.01
686.5070362091064,30,0.0,28.74,27.42,27.19,,27.19,10.0,8238.34,8979.56,9133.01
687.0052804946899,30,0.0,28.74,27.42,27.19,,27.19,10.0,8238.34,8979.56,9133.01
687.5378980636597,30,0.0,28.74,27.42,27.19,,27.19,10.0,8238.34,8979.56,9133.01
688.0203664302826,30,0.0,28.74,27.42,27.19,,27.19,10.0,8238.34,8979.56,9133.01
688.5187327861786,30,0.0,28.74,27.42,27.19,,27.19,10.0,8238.34,8979.56,9133.01
689.0957283973694,30,0.0,28.74,27.42,27.19,,27.19,10.0,8238.34,8979.56,9133.01
689.5805516242981,30,0.0,28.74,27.42,27.19,,27.19,10.0,8238.34,8979.56,9133.01
690.0643510818481,30,0.0,28.74,27.42,27.19,,27.19,10.0,8238.34,8979.56,9133.01
690.6247222423553,30,0.0,28.74,27.42,27.19,,27.19,10.0,8255.08,8979.56,9133.01
691.1045980453491,30,0.0,28.74,27.42,27.19,,27.19,10.0,8255.08,8979.56,9133.01
691.588879108429,30,0.0,28.7,27.42,27.19,,27.19,10.0,8255.08,8979.56,9133.01
692.0698912143707,30,0.0,28.74,27.42,27.19,,27.19,10.0,8255.08,8979.56,9133.01
692.5707733631134,30,0.0,28.7,27.42,27.23,,27.23,10.0,8255.08,8979.56,9133.01
693.0703837871552,30,0.0,28.7,27.42,27.23,,27.23,10.0,8238.34,8979.56,9120.0
693.5706257820129,30,0.0,28.7,27.42,27.23,,27.23,10.0,8255.08,8979.56,9133.01
694.0709800720215,30,0.0,28.7,27.42,27.19,,27.19,10.0,8238.34,8979.56,9120.0
694.5557601451874,30,0.0,28.7,27.42,27.19,,27.19,10.0,8238.34,8979.56,9120.0
695.0551738739014,30,0.0,28.74,27.42,27.19,,27.19,10.0,8238.34,8979.56,9133.01
695.5538625717163,30,0.0,28.7,27.42,27.19,,27.19,10.0,8238.34,8979.56,9133.01
696.0849001407623,30,0.0,28.7,27.42,27.19,,27.19,10.0,8238.34,8979.56,9133.01
696.5842332839966,30,0.0,28.7,27.42,27.19,,27.19,10.0,8255.08,8979.56,9133.01
697.0688035488129,30,0.0,28.7,27.42,27.19,,27.19,10.0,8255.08,8979.56,9133.01
697.55149102211,30,0.0,28.7,27.42,27.23,,27.23,10.0,8238.34,8979.56,9133.01
698.096203327179,30,0.0,28.7,27.42,27.23,,27.23,10.0,8255.08,8979.56,9133.01
698.6125299930573,30,0.0,28.7,27.42,27.19,,27.19,10.0,8255.08,8979.56,9133.01
699.0938150882721,30,0.0,28.7,27.42,27.19,,27.19,10.0,8255.08,8979.56,9133.01
699.6071736812592,30,0.0,28.7,27.42,27.23,,27.23,10.0,8255.08,8979.56,9120.0
700.0917332172394,30,0.0,28.74,27.42,27.19,,27.19,10.0,8238.34,8979.56,9133.01
700.6229526996613,30,0.0,28.74,27.42,27.19,,27.19,10.0,8238.34,8979.56,9120.0
701.1233787536621,30,0.0,28.74,27.42,27.19,,27.19,10.0,8238.34,8979.56,9133.01
701.6701035499573,30,0.0,28.74,27.42,27.23,,27.23,10.0,8238.34,8979.56,9133.01
702.1540648937225,30,0.0,28.74,27.42,27.23,,27.23,10.0,8238.34,8979.56,9120.0
702.7451267242432,30,0.0,28.74,27.42,27.23,,27.23,10.0,8238.34,8979.56,9120.0
703.2580020427704,30,0.0,28.74,27.42,27.23,,27.23,10.0,8238.34,8979.56,9120.0
703.7593507766724,30,0.0,28.74,27.42,27.23,,27.23,10.0,8238.34,8979.56,9120.0
704.2746815681458,30,0.0,28.74,27.42,27.23,,27.23,10.0,8238.34,8979.56,9120.0
704.774489402771,30,0.0,28.74,27.42,27.23,,27.23,10.0,8238.34,8979.56,9120.0
705.2601561546326,30,0.0,28.74,27.42,27.23,,27.23,10.0,8238.34,8979.56,9120.0
705.7545046806335,30,0.0,28.74,27.42,27.23,,27.23,10.0,8238.34,8979.56,9120.0
706.2549781799316,30,0.0,28.74,27.42,27.23,,27.23,10.0,8238.34,8979.56,9120.0
706.7545409202576,30,0.0,28.74,27.42,27.23,,27.23,10.0,8238.34,8979.56,9120.0
707.269068479538,30,0.0,28.74,27.42,27.23,,27.23,10.0,8238.34,8979.56,9120.0
707.7519378662109,30,0.0,28.74,27.42,27.23,,27.23,10.0,8238.34,8979.56,9120.0
708.25301861763,30,0.0,28.74,27.42,27.23,,27.23,10.0,8238.34,8979.56,9120.0
708.7499325275421,30,0.0,28.74,27.42,27.23,,27.23,10.0,8238.34,8979.56,9120.0
709.2469701766968,30,0.0,28.74,27.42,27.23,,27.23,10.0,8238.34,8966.81,9120.0
709.7452266216278,30,0.0,28.74,27.45,27.23,,27.23,10.0,8238.34,8979.56,9120.0
710.2439744472504,30,0.0,28.74,27.45,27.23,,27.23,10.0,8238.34,8966.81,9120.0
710.7444260120392,30,0.0,28.74,27.42,27.23,,27.23,10.0,8238.34,8979.56,9120.0
711.2430803775787,30,0.0,28.74,27.42,27.23,,27.23,10.0,8238.34,8979.56,9120.0
711.7425518035889,30,0.0,28.74,27.42,27.23,,27.23,10.0,8238.34,8979.56,9120.0
712.2380578517914,30,0.0,28.74,27.42,27.23,,27.23,10.0,8238.34,8966.81,9120.0
712.7526488304138,30,0.0,28.74,27.45,27.23,,27.23,10.0,8238.34,8966.81,9120.0
713.2481198310852,30,0.0,28.74,27.42,27.23,,27.23,10.0,8238.34,8979.56,9120.0
713.7474322319031,30,0.0,28.74,27.42,27.23,,27.23,10.0,8238.34,8979.56,9120.0
714.2163314819336,30,0.0,28.74,27.45,27.23,,27.23,10.0,8238.34,8979.56,9120.0
714.7184045314789,30,0.0,28.74,27.42,27.23,,27.23,10.0,8238.34,8979.56,9120.0
715.2011291980743,30,0.0,28.74,27.42,27.23,,27.23,10.0,8238.34,8979.56,9120.0
715.7006347179413,30,0.0,28.74,27.42,27.23,,27.23,10.0,8238.34,8979.56,9120.0
716.1919846534729,30,0.0,28.74,27.42,27.23,,27.23,10.0,8238.34,8979.56,9120.0
716.6995012760162,30,0.0,28.74,27.42,27.23,,27.23,10.0,8238.34,8979.56,9120.0
717.1857445240021,30,0.0,28.74,27.42,27.23,,27.23,10.0,8238.34,8979.56,9120.0
717.6997032165527,30,0.0,28.74,27.42,27.23,,27.23,10.0,8238.34,8979.56,9120.0
718.2288303375244,30,0.0,28.74,27.42,27.23,,27.23,10.0,8238.34,8979.56,9120.0
718.7132015228271,30,0.0,28.74,27.42,27.23,,27.23,10.0,8238.34,8979.56,9120.0
719.1975445747375,30,0.0,28.74,27.42,27.23,,27.23,10.0,8238.34,8979.56,9120.0
719.6971571445465,30,0.0,28.74,27.42,27.23,,27.23,10.0,8238.34,8979.56,9120.0
720.1985075473785,30,0.0,28.74,27.42,27.23,,27.23,10.0,8238.34,8979.56,9120.0
720.6942303180695,30,0.0,28.74,27.42,27.23,,27.23,10.0,8238.34,8979.56,9120.0
721.2264113426208,30,0.0,28.74,27.42,27.23,,27.23,10.0,8238.34,8979.56,9120.0
721.7570116519928,30,0.0,28.74,27.42,27.23,,27.23,10.0,8238.34,8966.81,9120.0
722.2541155815125,30,0.0,28.74,27.42,27.23,,27.23,10.0,8238.34,8979.56,9120.0
722.7541110515594,30,0.0,28.74,27.42,27.23,,27.23,10.0,8238.34,8979.56,9120.0
723.2369527816772,30,0.0,28.74,27.42,27.23,,27.23,10.0,8238.34,8979.56,9120.0
723.7384943962097,30,0.0,28.74,27.42,27.23,,27.23,10.0,8238.34,8966.81,9120.0
724.2221691608429,30,0.0,28.74,27.42,27.23,,27.23,10.0,8238.34,8979.56,9120.0
724.7214162349701,30,0.0,28.74,27.42,27.23,,27.23,10.0,8238.34,8979.56,9120.0
725.2035982608795,30,0.0,28.74,27.42,27.23,,27.23,10.0,8238.34,8979.56,9120.0
725.6873960494995,30,0.0,28.74,27.42,27.23,,27.23,10.0,8238.34,8979.56,9120.0
726.1873853206635,30,0.0,28.74,27.42,27.23,,27.23,10.0,8238.34,8979.56,9120.0
726.6681227684021,30,0.0,28.74,27.42,27.23,,27.23,10.0,8238.34,8979.56,9120.0
727.1831681728363,30,0.0,28.74,27.42,27.23,,27.23,10.0,8221.65,8979.56,9120.0
727.6644558906555,30,0.0,28.79,27.42,27.23,,27.23,10.0,8238.34,8979.56,9120.0
728.1612634658813,30,0.0,28.74,27.45,27.23,,27.23,10.0,8221.65,8966.81,9120.0
728.6624071598053,30,0.0,28.74,27.45,27.23,,27.23,10.0,8238.34,8966.81,9120.0
729.1912562847137,30,0.0,28.79,27.45,27.23,,27.23,10.0,8221.65,8966.81,9120.0
729.6760437488556,30,0.0,28.79,27.45,27.23,,27.23,10.0,8238.34,8966.81,9120.0
730.1608233451843,30,0.0,28.79,27.45,27.23,,27.23,10.0,8221.65,8966.81,9120.0
730.6572890281677,30,0.0,28.79,27.45,27.23,,27.23,10.0,8221.65,8966.81,9120.0
731.1627953052521,30,0.0,28.79,27.45,27.23,,27.23,10.0,8221.65,8966.81,9120.0
731.6779227256775,30,0.0,28.79,27.45,27.23,,27.23,10.0,8221.65,8966.81,9120.0
732.176666021347,30,0.0,28.79,27.45,27.23,,27.23,10.0,8221.65,8966.81,9120.0
732.6733846664429,30,0.0,28.79,27.45,27.23,,27.23,10.0,8221.65,8966.81,9120.0
733.1716041564941,30,0.0,28.79,27.45,27.23,,27.23,10.0,8221.65,8966.81,9120.0
733.6853358745575,30,0.0,28.79,27.45,27.23,,27.23,10.0,8221.65,8966.81,9120.0
734.1833217144012,30,0.0,28.79,27.45,27.23,,27.23,10.0,8221.65,8966.81,9120.0
734.7340383529663,30,0.0,28.79,27.45,27.23,,27.23,10.0,8221.65,8966.81,9120.0
735.216207742691,30,0.0,28.79,27.45,27.23,,27.23,10.0,8221.65,8966.81,9120.0
735.7155683040619,30,0.0,28.79,27.45,27.23,,27.23,10.0,8221.65,8966.81,9120.0
736.2151441574097,30,0.0,28.79,27.45,27.23,,27.23,10.0,8221.65,8966.81,9120.0
736.7271485328674,30,0.0,28.79,27.45,27.23,,27.23,10.0,8221.65,8966.81,9120.0
737.2263429164886,30,0.0,28.79,27.45,27.23,,27.23,10.0,8221.65,8966.81,9120.0
737.7214171886444,30,0.0,28.79,27.45,27.23,,27.23,10.0,8221.65,8966.81,9120.0
738.2219345569611,30,0.0,28.79,27.45,27.23,,27.23,10.0,8221.65,8966.81,9120.0
738.7197806835175,30,0.0,28.79,27.45,27.23,,27.23,10.0,8221.65,8966.81,9120.0
739.2157480716705,30,0.0,28.79,27.45,27.23,,27.23,10.0,8221.65,8966.81,9120.0
739.6907336711884,30,0.0,28.79,27.45,27.23,,27.23,10.0,8221.65,8966.81,9120.0
740.2505609989166,30,0.0,28.79,27.45,27.23,,27.23,10.0,8221.65,8966.81,9120.0
740.7378191947937,30,0.0,28.79,27.45,27.23,,27.23,10.0,8221.65,8966.81,9120.0
741.211284160614,30,0.0,28.79,27.45,27.23,,27.23,10.0,8221.65,8966.81,9120.0
741.6918144226074,30,0.0,28.79,27.45,27.23,,27.23,10.0,8221.65,8966.81,9120.0
742.1758842468262,30,0.0,28.79,27.45,27.23,,27.23,10.0,8221.65,8966.81,9120.0
742.668506860733,30,0.0,28.79,27.45,27.23,,27.23,10.0,8221.65,8966.81,9120.0
743.1482310295105,30,0.0,28.79,27.45,27.23,,27.23,10.0,8221.65,8966.81,9120.0
743.6411843299866,30,0.0,28.79,27.45,27.23,,27.23,10.0,8221.65,8966.81,9120.0
744.1565253734589,30,0.0,28.79,27.45,27.23,,27.23,10.0,8238.34,8966.81,9120.0
744.6549601554871,30,0.0,28.79,27.45,27.23,,27.23,10.0,8221.65,8966.81,9120.0
745.1535878181458,30,0.0,28.79,27.45,27.23,,27.23,10.0,8221.65,8966.81,9120.0
746.3369674682617,30,0.0,28.79,27.45,27.23,,27.23,10.0,8221.65,8966.81,9120.0
746.9721989631653,30,0.0,28.79,27.45,27.23,,27.23,10.0,8221.65,8966.81,9120.0
747.4495785236359,30,0.0,28.79,27.45,27.23,,27.23,10.0,8221.65,8966.81,9120.0
747.9325540065765,30,0.0,28.79,27.45,27.23,,27.23,10.0,8221.65,8966.81,9120.0
748.4155566692352,30,0.0,28.79,27.45,27.23,,27.23,10.0,8221.65,8966.81,9120.0
748.8994565010071,30,0.0,28.79,27.45,27.26,,27.26,10.0,8221.65,8966.81,9107.01
749.3804795742035,30,0.0,28.79,27.45,27.26,,27.26,10.0,8221.65,8966.81,9107.01
749.8642008304596,30,0.0,28.79,27.45,27.26,,27.26,10.0,8221.65,8966.81,9107.01
750.3474822044373,30,0.0,28.79,27.45,27.23,,27.23,10.0,8221.65,8966.81,9107.01
750.8323147296906,30,0.0,28.79,27.45,27.26,,27.26,10.0,8221.65,8966.81,9120.0
751.3093347549438,30,0.0,28.79,27.45,27.26,,27.26,10.0,8221.65,8966.81,9107.01
751.7840633392334,30,0.0,28.79,27.45,27.23,,27.23,10.0,8221.65,8966.81,9120.0
752.269172668457,30,0.0,28.79,27.45,27.23,,27.23,10.0,8221.65,8966.81,9120.0
752.7529373168945,30,0.0,28.74,27.45,27.23,,27.23,10.0,8238.34,8966.81,9120.0
753.2367961406708,30,0.0,28.74,27.45,27.23,,27.23,10.0,8238.34,8966.81,9120.0
753.7184302806854,30,0.0,28.74,27.45,27.23,,27.23,10.0,8238.34,8966.81,9120.0
754.2305254936218,30,0.0,28.74,27.45,27.23,,27.23,10.0,8238.34,8966.81,9120.0
754.7074952125549,30,0.0,28.74,27.45,27.23,,27.23,10.0,8238.34,8966.81,9120.0
755.1993153095245,30,0.0,28.74,27.45,27.23,,27.23,10.0,8238.34,8966.81,9120.0
755.6843202114105,30,0.0,28.74,27.45,27.26,,27.26,10.0,8238.34,8966.81,9120.0
