temps_s,T1_C,T2_C,T3_C,T3_estimT2,T3_estimT1,T3_moy,erreur,commande_u
0.000,23.51,23.59,23.69,23.69,23.69,23.69,4.3074,46.78
0.500,23.51,23.59,23.69,23.69,23.69,23.69,4.3074,46.86
1.000,23.51,23.59,23.69,23.69,23.69,23.69,4.3074,46.95
1.500,23.61,23.59,23.69,23.69,23.69,23.69,4.3072,47.04
2.000,23.83,23.59,23.69,23.69,23.69,23.69,4.3067,47.12
2.500,24.07,23.59,23.69,23.69,23.70,23.69,4.3057,47.19
3.000,24.42,23.55,23.69,23.69,23.70,23.70,4.3040,47.26
3.500,24.81,23.59,23.69,23.69,23.70,23.70,4.3015,47.32
4.000,25.20,23.59,23.66,23.69,23.71,23.70,4.2979,47.36
4.500,25.58,23.59,23.66,23.69,23.72,23.71,4.2934,47.40
5.000,26.00,23.59,23.66,23.69,23.73,23.71,4.2879,47.43
5.500,26.39,23.59,23.66,23.69,23.74,23.72,4.2815,47.44
6.000,26.77,23.62,23.66,23.69,23.76,23.73,4.2741,47.45
6.500,27.12,23.62,23.66,23.69,23.78,23.73,4.2657,47.44
7.000,27.46,23.65,23.66,23.69,23.79,23.74,4.2563,47.43
7.500,27.81,23.65,23.66,23.70,23.81,23.75,4.2461,47.40
8.000,28.16,23.68,23.66,23.70,23.83,23.77,4.2349,47.36
8.500,28.47,23.72,23.66,23.70,23.86,23.78,4.2227,47.32
9.001,28.78,23.75,23.66,23.70,23.88,23.79,4.2096,47.26
9.501,29.06,23.78,23.66,23.70,23.90,23.80,4.1955,47.19
10.001,29.34,23.85,23.66,23.71,23.93,23.82,4.1805,47.11
10.501,29.61,23.88,23.66,23.71,23.96,23.84,4.1645,47.02
11.001,29.89,23.91,23.66,23.72,23.99,23.85,4.1476,46.92
11.501,30.17,23.98,23.66,23.72,24.02,23.87,4.1298,46.81
12.001,30.41,24.01,23.66,23.73,24.05,23.89,4.1110,46.69
12.501,30.62,24.08,23.66,23.74,24.08,23.91,4.0915,46.56
13.001,30.86,24.14,23.66,23.75,24.11,23.93,4.0710,46.42
13.501,31.06,24.18,23.66,23.76,24.14,23.95,4.0497,46.27
14.001,31.31,24.24,23.66,23.77,24.18,23.97,4.0276,46.11
14.501,31.48,24.31,23.66,23.78,24.21,24.00,4.0047,45.94
15.001,31.69,24.37,23.69,23.79,24.25,24.02,3.9809,45.76
15.501,31.89,24.44,23.69,23.80,24.28,24.04,3.9563,45.57
16.001,32.07,24.50,23.69,23.82,24.32,24.07,3.9309,45.38
16.501,32.27,24.57,23.69,23.83,24.36,24.10,3.9047,45.17
17.001,32.45,24.63,23.69,23.85,24.40,24.12,3.8777,44.96
17.501,32.62,24.70,23.69,23.86,24.44,24.15,3.8500,44.73
18.001,32.76,24.80,23.73,23.88,24.47,24.18,3.8215,44.50
18.501,32.93,24.86,23.73,23.90,24.51,24.21,3.7922,44.26
19.001,33.07,24.93,23.73,23.92,24.55,24.24,3.7622,44.01
19.501,33.24,24.99,23.76,23.94,24.59,24.27,3.7317,43.75
20.001,33.38,25.06,23.76,23.96,24.64,24.30,3.7005,43.49
20.501,33.49,25.16,23.80,23.99,24.68,24.33,3.6686,43.22
21.001,33.62,25.22,23.80,24.01,24.72,24.36,3.6360,42.94
21.501,33.76,25.29,23.83,24.03,24.76,24.40,3.6030,42.65
22.001,33.87,25.35,23.83,24.06,24.80,24.43,3.5694,42.36
22.501,34.01,25.45,23.87,24.08,24.85,24.46,3.5352,42.06
23.001,34.07,25.51,23.87,24.11,24.89,24.50,3.5004,41.75
23.501,34.18,25.58,23.90,24.14,24.93,24.53,3.4652,41.44
24.001,34.32,25.68,23.90,24.17,24.97,24.57,3.4294,41.12
24.501,34.39,25.74,23.94,24.20,25.02,24.61,3.3931,40.79
25.001,34.49,25.81,23.98,24.23,25.06,24.64,3.3564,40.46
25.501,34.56,25.87,23.98,24.26,25.10,24.68,3.3194,40.13
26.001,34.66,25.93,24.01,24.29,25.15,24.72,3.2820,39.79
26.501,34.77,26.03,24.05,24.32,25.19,24.76,3.2442,39.44
27.001,34.84,26.10,24.08,24.35,25.24,24.79,3.2058,39.09
27.501,34.91,26.16,24.12,24.39,25.28,24.83,3.1672,38.74
28.001,35.01,26.23,24.15,24.42,25.32,24.87,3.1282,38.38
28.501,35.08,26.29,24.15,24.46,25.37,24.91,3.0890,38.01
29.001,35.15,26.39,24.19,24.49,25.41,24.95,3.0494,37.64
29.501,35.19,26.45,24.22,24.53,25.45,24.99,3.0094,37.27
30.001,35.26,26.52,24.26,24.56,25.50,25.03,2.9692,36.89
30.501,35.32,26.58,24.29,24.60,25.54,25.07,2.9288,36.51
31.001,35.36,26.65,24.33,24.64,25.59,25.11,2.8881,36.13
31.501,35.36,26.71,24.36,24.67,25.63,25.15,2.8474,35.75
32.001,35.43,26.78,24.40,24.71,25.67,25.19,2.8066,35.36
32.501,35.46,26.84,24.43,24.75,25.72,25.23,2.7656,34.97
33.001,35.46,26.91,24.50,24.79,25.76,25.28,2.7245,34.58
33.501,35.50,26.97,24.54,24.83,25.80,25.32,2.6833,34.19
34.001,35.53,27.03,24.57,24.87,25.85,25.36,2.6419,33.79
34.501,35.53,27.10,24.61,24.91,25.89,25.40,2.6006,33.40
35.001,35.57,27.16,24.64,24.95,25.93,25.44,2.5591,33.00
35.501,35.57,27.23,24.68,24.99,25.97,25.48,2.5176,32.60
36.001,35.57,27.29,24.71,25.03,26.01,25.52,2.4760,32.20
36.501,35.57,27.32,24.78,25.07,26.06,25.57,2.4346,31.80
37.001,35.57,27.39,24.82,25.12,26.10,25.61,2.3933,31.40
37.501,35.57,27.45,24.85,25.16,26.14,25.65,2.3519,31.00
38.001,35.60,27.52,24.93,25.20,26.18,25.69,2.3105,30.59
38.501,35.60,27.55,24.96,25.24,26.22,25.73,2.2692,30.19
39.001,35.60,27.61,25.00,25.28,26.26,25.77,2.2280,29.79
39.501,35.57,27.65,25.03,25.33,26.30,25.81,2.1870,29.39
40.001,35.57,27.71,25.10,25.37,26.34,25.85,2.1462,28.99
40.501,35.53,27.78,25.14,25.41,26.38,25.89,2.1054,28.59
41.001,35.53,27.84,25.17,25.45,26.42,25.94,2.0646,28.19
41.501,35.50,27.87,25.24,25.50,26.45,25.98,2.0240,27.79
42.001,35.50,27.94,25.28,25.54,26.49,26.02,1.9835,27.39
42.501,35.46,27.97,25.31,25.58,26.53,26.06,1.9432,26.99
43.001,35.43,28.00,25.38,25.63,26.57,26.10,1.9033,26.60
43.501,35.43,28.06,25.42,25.67,26.60,26.14,1.8636,26.20
44.001,35.39,28.10,25.45,25.71,26.64,26.18,1.8240,25.81
44.501,35.36,28.16,25.49,25.75,26.68,26.22,1.7846,25.42
45.001,35.32,28.19,25.56,25.80,26.71,26.25,1.7454,25.03
45.501,35.29,28.23,25.59,25.84,26.75,26.29,1.7066,24.64
46.001,35.26,28.26,25.66,25.88,26.78,26.33,1.6681,24.26
46.501,35.22,28.32,25.70,25.92,26.82,26.37,1.6298,23.88
47.001,35.19,28.35,25.73,25.97,26.85,26.41,1.5917,23.49
47.501,35.15,28.39,25.80,26.01,26.88,26.45,1.5540,23.12
48.001,35.12,28.42,25.84,26.05,26.92,26.48,1.5166,22.74
48.501,35.05,28.45,25.87,26.09,26.95,26.52,1.4795,22.37
49.001,35.01,28.48,25.91,26.13,26.98,26.56,1.4428,22.00
49.501,34.98,28.51,25.98,26.18,27.01,26.59,1.4065,21.63
50.001,34.94,28.55,26.01,26.22,27.04,26.63,1.3705,21.27
50.501,34.87,28.61,26.08,26.26,27.07,26.67,1.3346,20.91
51.001,34.84,28.61,26.12,26.30,27.10,26.70,1.2992,20.55
51.501,34.80,28.64,26.15,26.34,27.13,26.74,1.2642,20.20
52.001,34.73,28.67,26.18,26.38,27.16,26.77,1.2295,19.85
52.501,34.70,28.71,26.25,26.42,27.19,26.80,1.1952,19.50
53.001,34.63,28.74,26.29,26.46,27.22,26.84,1.1612,19.15
53.501,34.59,28.77,26.36,26.50,27.25,26.87,1.1275,18.81
54.001,34.53,28.80,26.39,26.54,27.28,26.91,1.0942,18.47
54.501,34.49,28.84,26.43,26.58,27.30,26.94,1.0612,18.13
55.001,34.42,28.87,26.46,26.61,27.33,26.97,1.0285,17.80
55.501,34.35,28.87,26.50,26.65,27.35,27.00,0.9964,17.47
56.001,34.32,28.90,26.57,26.69,27.38,27.04,0.9647,17.15
56.501,34.25,28.93,26.60,26.73,27.41,27.07,0.9333,16.83
57.001,34.21,28.96,26.64,26.77,27.43,27.10,0.9022,16.51
57.501,34.14,28.96,26.71,26.80,27.45,27.13,0.8715,16.19
58.001,34.11,29.00,26.74,26.84,27.48,27.16,0.8413,15.88
58.501,34.04,29.00,26.78,26.88,27.50,27.19,0.8115,15.57
59.001,34.01,29.03,26.81,26.91,27.52,27.22,0.7822,15.27
59.501,33.94,29.03,26.85,26.95,27.55,27.25,0.7533,14.97
60.001,33.90,29.06,26.88,26.98,27.57,27.28,0.7247,14.68
60.501,33.83,29.06,26.95,27.02,27.59,27.30,0.6966,14.39
61.001,33.80,29.09,26.99,27.05,27.61,27.33,0.6689,14.10
61.501,33.73,29.09,27.02,27.08,27.63,27.36,0.6416,13.82
62.001,33.66,29.12,27.06,27.12,27.65,27.39,0.6148,13.54
62.501,33.59,29.12,27.09,27.15,27.67,27.41,0.5884,13.27
63.001,33.55,29.12,27.13,27.18,27.69,27.44,0.5625,13.00
63.501,33.49,29.16,27.16,27.21,27.71,27.46,0.5369,12.73
64.001,33.42,29.16,27.19,27.25,27.73,27.49,0.5118,12.47
64.501,33.35,29.16,27.23,27.28,27.75,27.51,0.4873,12.21
65.001,33.28,29.16,27.26,27.31,27.77,27.54,0.4632,11.96
65.501,33.21,29.19,27.30,27.34,27.78,27.56,0.4396,11.71
66.001,33.14,29.19,27.33,27.37,27.80,27.58,0.4164,11.47
66.501,33.07,29.19,27.37,27.40,27.82,27.61,0.3937,11.23
67.001,33.00,29.19,27.40,27.42,27.83,27.63,0.3715,11.00
67.501,32.93,29.19,27.44,27.45,27.85,27.65,0.3498,10.77
68.001,32.86,29.19,27.47,27.48,27.86,27.67,0.3286,10.55
68.501,32.79,29.22,27.51,27.51,27.88,27.69,0.3078,10.33
69.001,32.72,29.22,27.54,27.53,27.89,27.71,0.2873,10.11
69.501,32.65,29.22,27.54,27.56,27.90,27.73,0.2673,9.90
70.001,32.59,29.22,27.58,27.59,27.92,27.75,0.2478,9.69
70.501,32.55,29.22,27.61,27.61,27.93,27.77,0.2288,9.49
71.001,32.48,29.22,27.65,27.64,27.94,27.79,0.2101,9.29
71.501,32.41,29.22,27.68,27.66,27.96,27.81,0.1919,9.10
72.001,32.34,29.22,27.72,27.68,27.97,27.83,0.1742,8.91
72.501,32.27,29.22,27.72,27.71,27.98,27.84,0.1569,8.73
73.001,32.20,29.22,27.75,27.73,27.99,27.86,0.1401,8.55
73.501,32.14,29.22,27.79,27.75,28.00,27.88,0.1237,8.37
74.001,32.10,29.22,27.82,27.78,28.01,27.89,0.1077,8.20
74.501,32.03,29.22,27.85,27.80,28.02,27.91,0.0921,8.03
75.001,31.96,29.22,27.85,27.82,28.03,27.92,0.0769,7.87
75.501,31.89,29.22,27.89,27.84,28.04,27.94,0.0621,7.71
76.001,31.86,29.22,27.92,27.86,28.05,27.95,0.0477,7.56
76.501,31.79,29.19,27.92,27.88,28.05,27.97,0.0338,7.41
77.001,31.72,29.19,27.96,27.90,28.06,27.98,0.0204,7.26
77.501,31.69,29.19,27.99,27.92,28.07,27.99,0.0073,7.12
78.001,31.62,29.19,27.99,27.93,28.08,28.01,-0.0053,6.98
78.501,31.55,29.19,28.03,27.95,28.08,28.02,-0.0177,6.85
79.001,31.51,29.19,28.03,27.97,28.09,28.03,-0.0296,6.72
79.501,31.44,29.19,28.06,27.99,28.10,28.04,-0.0413,6.59
80.001,31.38,29.19,28.06,28.00,28.10,28.05,-0.0526,6.47
80.501,31.34,29.16,28.10,28.02,28.11,28.06,-0.0634,6.35
81.001,31.27,29.16,28.10,28.03,28.11,28.07,-0.0738,6.23
81.501,31.24,29.16,28.13,28.05,28.12,28.08,-0.0839,6.12
82.001,31.17,29.16,28.13,28.06,28.12,28.09,-0.0937,6.02
82.501,31.10,29.12,28.17,28.08,28.13,28.10,-0.1030,5.91
83.001,31.06,29.12,28.17,28.09,28.13,28.11,-0.1119,5.81
83.501,31.00,29.09,28.20,28.11,28.13,28.12,-0.1203,5.72
84.001,30.96,29.09,28.20,28.12,28.14,28.13,-0.1284,5.63
84.501,30.89,29.09,28.20,28.13,28.14,28.14,-0.1361,5.54
85.001,30.86,29.09,28.24,28.14,28.14,28.14,-0.1436,5.46
85.501,30.79,29.06,28.24,28.15,28.15,28.15,-0.1507,5.38
86.001,30.72,29.06,28.27,28.17,28.15,28.16,-0.1574,5.30
86.501,30.68,29.06,28.27,28.18,28.15,28.16,-0.1638,5.23
87.001,30.62,29.03,28.27,28.19,28.15,28.17,-0.1698,5.16
87.501,30.58,29.03,28.31,28.20,28.15,28.18,-0.1755,5.10
88.001,30.55,29.00,28.31,28.21,28.16,28.18,-0.1808,5.04
88.501,30.48,29.00,28.31,28.21,28.16,28.19,-0.1857,4.98
89.001,30.44,29.00,28.31,28.22,28.16,28.19,-0.1904,4.92
89.501,30.41,28.96,28.34,28.23,28.16,28.19,-0.1948,4.87
90.001,30.37,28.96,28.34,28.24,28.16,28.20,-0.1989,4.82
90.501,30.30,28.96,28.34,28.25,28.16,28.20,-0.2028,4.78
91.001,30.27,28.93,28.34,28.25,28.16,28.21,-0.2063,4.74
91.501,30.24,28.93,28.38,28.26,28.16,28.21,-0.2096,4.70
92.001,30.17,28.93,28.38,28.27,28.16,28.21,-0.2126,4.66
92.501,30.13,28.90,28.38,28.27,28.16,28.22,-0.2153,4.63
93.001,30.10,28.90,28.38,28.28,28.16,28.22,-0.2177,4.60
93.501,30.06,28.90,28.38,28.28,28.16,28.22,-0.2200,4.57
94.001,30.03,28.87,28.41,28.29,28.15,28.22,-0.2220,4.54
94.501,29.96,28.87,28.41,28.29,28.15,28.22,-0.2236,4.52
95.001,29.92,28.84,28.41,28.30,28.15,28.22,-0.2250,4.50
95.501,29.89,28.84,28.41,28.30,28.15,28.23,-0.2261,4.48
96.001,29.85,28.80,28.41,28.31,28.15,28.23,-0.2269,4.47
96.501,29.79,28.80,28.41,28.31,28.14,28.23,-0.2274,4.46
97.001,29.79,28.80,28.41,28.31,28.14,28.23,-0.2278,4.45
97.501,29.72,28.77,28.44,28.32,28.14,28.23,-0.2280,4.44
98.001,29.68,28.77,28.44,28.32,28.14,28.23,-0.2278,4.44
98.501,29.65,28.74,28.41,28.32,28.13,28.23,-0.2274,4.44
99.001,29.65,28.74,28.44,28.32,28.13,28.23,-0.2269,4.44
99.501,29.61,28.71,28.41,28.32,28.13,28.23,-0.2261,4.45
100.001,29.58,28.71,28.44,28.33,28.12,28.23,-0.2251,4.45
100.501,29.54,28.67,28.44,28.33,28.12,28.22,-0.2238,4.46
101.001,29.51,28.67,28.44,28.33,28.12,28.22,-0.2223,4.47
101.501,29.47,28.67,28.44,28.33,28.11,28.22,-0.2208,4.49
102.001,29.44,28.64,28.44,28.33,28.11,28.22,-0.2190,4.50
102.501,29.41,28.64,28.44,28.33,28.11,28.22,-0.2170,4.52
103.001,29.37,28.61,28.41,28.33,28.10,28.21,-0.2148,4.54
103.501,29.37,28.61,28.41,28.33,28.10,28.21,-0.2124,4.56
104.001,29.34,28.58,28.41,28.33,28.09,28.21,-0.2099,4.58
104.501,29.30,28.58,28.41,28.32,28.09,28.21,-0.2071,4.61
105.001,29.27,28.55,28.41,28.32,28.09,28.20,-0.2042,4.64
105.501,29.27,28.55,28.41,28.32,28.08,28.20,-0.2011,4.67
106.001,29.23,28.51,28.41,28.32,28.08,28.20,-0.1978,4.70
106.501,29.20,28.51,28.41,28.32,28.07,28.19,-0.1943,4.73
107.001,29.16,28.48,28.41,28.31,28.07,28.19,-0.1907,4.77
107.501,29.16,28.48,28.41,28.31,28.06,28.19,-0.1869,4.80
108.001,29.13,28.45,28.41,28.31,28.06,28.18,-0.1829,4.84
108.501,29.09,28.45,28.41,28.31,28.05,28.18,-0.1788,4.88
109.001,29.09,28.42,28.41,28.30,28.05,28.17,-0.1746,4.93
109.501,29.06,28.42,28.41,28.30,28.04,28.17,-0.1702,4.97
110.001,29.02,28.42,28.38,28.29,28.04,28.17,-0.1657,5.02
110.501,29.02,28.39,28.38,28.29,28.03,28.16,-0.1612,5.06
111.001,28.99,28.39,28.38,28.29,28.03,28.16,-0.1565,5.11
111.501,28.96,28.35,28.38,28.28,28.02,28.15,-0.1516,5.16
112.001,28.96,28.35,28.38,28.28,28.02,28.15,-0.1466,5.21
112.501,28.96,28.32,28.38,28.27,28.01,28.14,-0.1415,5.26
113.001,28.92,28.32,28.34,28.27,28.00,28.14,-0.1363,5.32
113.501,28.92,28.29,28.34,28.26,28.00,28.13,-0.1310,5.37
114.001,28.89,28.29,28.34,28.26,27.99,28.13,-0.1256,5.43
114.501,28.89,28.29,28.34,28.25,27.99,28.12,-0.1202,5.48
115.001,28.85,28.26,28.34,28.25,27.98,28.11,-0.1147,5.54
115.501,28.85,28.26,28.34,28.24,27.98,28.11,-0.1090,5.60
116.001,28.82,28.23,28.34,28.24,27.97,28.10,-0.1033,5.66
116.501,28.82,28.23,28.31,28.23,27.96,28.10,-0.0974,5.72
117.001,28.82,28.23,28.31,28.22,27.96,28.09,-0.0916,5.78
117.501,28.78,28.19,28.31,28.22,27.95,28.09,-0.0857,5.85
118.001,28.78,28.19,28.31,28.21,27.95,28.08,-0.0798,5.91
118.501,28.78,28.19,28.27,28.21,27.94,28.07,-0.0738,5.97
119.001,28.78,28.16,28.27,28.20,27.94,28.07,-0.0679,6.03
119.501,28.75,28.16,28.27,28.19,27.93,28.06,-0.0618,6.10
120.001,28.75,28.13,28.27,28.19,27.92,28.06,-0.0556,6.17
120.501,28.75,28.13,28.24,28.18,27.92,28.05,-0.0493,6.23
121.001,28.71,28.13,28.24,28.17,27.91,28.04,-0.0431,6.30
121.501,28.71,28.10,28.24,28.17,27.91,28.04,-0.0368,6.37
122.001,28.71,28.10,28.24,28.16,27.90,28.03,-0.0305,6.43
122.501,28.68,28.10,28.20,28.15,27.89,28.02,-0.0241,6.50
123.001,28.68,28.06,28.20,28.15,27.89,28.02,-0.0177,6.57
123.501,28.68,28.06,28.20,28.14,27.88,28.01,-0.0113,6.64
124.001,28.68,28.03,28.20,28.13,27.88,28.00,-0.0047,6.71
124.501,28.68,28.03,28.17,28.13,27.87,28.00,0.0018,6.78
125.001,28.68,28.03,28.17,28.12,27.86,27.99,0.0083,6.85
125.501,28.64,28.00,28.17,28.11,27.86,27.99,0.0149,6.93
126.001,28.64,28.00,28.13,28.10,27.85,27.98,0.0216,7.00
126.501,28.64,27.97,28.13,28.10,27.85,27.97,0.0283,7.07
127.001,28.61,27.97,28.13,28.09,27.84,27.96,0.0351,7.15
127.501,28.64,27.97,28.10,28.08,27.84,27.96,0.0418,7.22
128.001,28.64,27.94,28.10,28.07,27.83,27.95,0.0486,7.29
128.501,28.64,27.94,28.10,28.06,27.82,27.94,0.0553,7.37
129.001,28.64,27.90,28.10,28.06,27.82,27.94,0.0622,7.44
129.501,28.64,27.90,28.06,28.05,27.81,27.93,0.0690,7.52
130.001,28.64,27.90,28.06,28.04,27.81,27.92,0.0758,7.59
130.501,28.64,27.90,28.06,28.03,27.80,27.92,0.0825,7.67
131.001,28.64,27.87,28.03,28.02,27.80,27.91,0.0892,7.74
131.501,28.64,27.87,28.03,28.02,27.79,27.90,0.0959,7.82
132.001,28.64,27.87,28.03,28.01,27.79,27.90,0.1026,7.89
132.501,28.64,27.87,28.03,28.00,27.78,27.89,0.1091,7.97
133.001,28.64,27.84,28.03,27.99,27.78,27.88,0.1158,8.04
133.501,28.64,27.84,27.99,27.98,27.77,27.88,0.1224,8.11
134.001,28.64,27.84,27.99,27.98,27.77,27.87,0.1290,8.19
134.501,28.64,27.84,27.99,27.97,27.76,27.86,0.1354,8.26
135.001,28.64,27.81,27.96,27.96,27.75,27.86,0.1419,8.33
135.501,28.64,27.81,27.96,27.95,27.75,27.85,0.1485,8.41
136.001,28.64,27.81,27.96,27.95,27.74,27.85,0.1550,8.48
136.501,28.68,27.78,27.96,27.94,27.74,27.84,0.1614,8.55
137.001,28.68,27.78,27.92,27.93,27.73,27.83,0.1679,8.63
137.501,28.68,27.78,27.92,27.92,27.73,27.83,0.1743,8.70
138.001,28.68,27.78,27.92,27.91,27.73,27.82,0.1805,8.77
138.501,28.68,27.78,27.92,27.91,27.72,27.81,0.1867,8.84
139.001,28.68,27.74,27.89,27.90,27.72,27.81,0.1930,8.91
139.501,28.68,27.74,27.89,27.89,27.71,27.80,0.1992,8.99
140.001,28.71,27.74,27.89,27.88,27.71,27.79,0.2054,9.06
140.501,28.71,27.74,27.85,27.87,27.70,27.79,0.2114,9.13
141.001,28.71,27.74,27.85,27.87,27.70,27.78,0.2173,9.20
141.501,28.71,27.74,27.85,27.86,27.69,27.78,0.2231,9.26
142.001,28.71,27.71,27.85,27.85,27.69,27.77,0.2290,9.33
142.501,28.71,27.71,27.82,27.84,27.69,27.77,0.2350,9.40
143.001,28.71,27.71,27.82,27.84,27.68,27.76,0.2408,9.47
143.501,28.71,27.71,27.82,27.83,27.68,27.75,0.2466,9.54
144.001,28.75,27.68,27.82,27.82,27.67,27.75,0.2524,9.60
144.501,28.75,27.68,27.79,27.81,27.67,27.74,0.2581,9.67
145.001,28.75,27.68,27.79,27.81,27.67,27.74,0.2638,9.74
145.501,28.75,27.68,27.79,27.80,27.66,27.73,0.2695,9.80
146.001,28.78,27.68,27.79,27.79,27.66,27.73,0.2749,9.87
146.501,28.78,27.65,27.75,27.79,27.65,27.72,0.2804,9.94
147.001,28.78,27.65,27.75,27.78,27.65,27.71,0.2860,10.00
147.501,28.78,27.65,27.75,27.77,27.65,27.71,0.2915,10.07
148.001,28.78,27.65,27.75,27.76,27.64,27.70,0.2969,10.13
148.501,28.78,27.65,27.72,27.76,27.64,27.70,0.3022,10.19
149.001,28.82,27.65,27.72,27.75,27.64,27.69,0.3073,10.26
149.501,28.82,27.65,27.72,27.74,27.63,27.69,0.3124,10.32
150.001,28.85,27.65,27.72,27.74,27.63,27.68,0.3173,10.38
150.501,28.85,27.65,27.72,27.73,27.63,27.68,0.3221,10.44
151.001,28.85,27.61,27.68,27.72,27.62,27.67,0.3270,10.50
151.501,28.85,27.61,27.68,27.72,27.62,27.67,0.3320,10.56
152.001,28.89,27.61,27.68,27.71,27.62,27.66,0.3368,10.61
152.501,28.89,27.61,27.68,27.70,27.61,27.66,0.3415,10.67
153.001,28.89,27.61,27.68,27.70,27.61,27.65,0.3461,10.73
153.501,28.92,27.61,27.65,27.69,27.61,27.65,0.3506,10.79
154.001,28.92,27.61,27.65,27.68,27.61,27.64,0.3550,10.84
154.501,28.92,27.61,27.65,27.68,27.60,27.64,0.3594,10.89
155.001,28.96,27.61,27.65,27.67,27.60,27.64,0.3636,10.95
155.501,28.96,27.58,27.61,27.67,27.60,27.63,0.3678,11.00
156.001,28.96,27.61,27.61,27.66,27.60,27.63,0.3720,11.05
156.501,28.99,27.58,27.61,27.65,27.59,27.62,0.3761,11.11
157.001,28.99,27.61,27.61,27.65,27.59,27.62,0.3801,11.16
157.501,29.02,27.58,27.58,27.64,27.59,27.62,0.3839,11.21
158.001,29.02,27.58,27.58,27.64,27.59,27.61,0.3878,11.26
158.501,29.02,27.58,27.58,27.63,27.59,27.61,0.3917,11.30
159.001,29.06,27.58,27.58,27.63,27.58,27.60,0.3954,11.35
159.501,29.06,27.58,27.54,27.62,27.58,27.60,0.3990,11.40
160.001,29.09,27.58,27.54,27.62,27.58,27.60,0.4025,11.45
160.501,29.09,27.58,27.54,27.61,27.58,27.59,0.4059,11.49
161.001,29.13,27.58,27.54,27.60,27.58,27.59,0.4093,11.54
161.501,29.13,27.58,27.54,27.60,27.58,27.59,0.4125,11.58
162.001,29.16,27.58,27.51,27.59,27.57,27.58,0.4156,11.62
162.501,29.16,27.58,27.51,27.59,27.57,27.58,0.4186,11.66
163.001,29.16,27.58,27.51,27.59,27.57,27.58,0.4216,11.70
163.501,29.16,27.58,27.51,27.58,27.57,27.58,0.4245,11.74
164.001,29.16,27.58,27.51,27.58,27.57,27.57,0.4274,11.78
164.501,29.20,27.58,27.51,27.57,27.57,27.57,0.4302,11.82
165.001,29.20,27.58,27.47,27.57,27.57,27.57,0.4328,11.86
165.501,29.20,27.58,27.47,27.56,27.57,27.56,0.4355,11.90
166.001,29.20,27.58,27.47,27.56,27.57,27.56,0.4381,11.93
166.501,29.20,27.58,27.47,27.55,27.56,27.56,0.4406,11.97
167.001,29.23,27.58,27.47,27.55,27.56,27.56,0.4431,12.01
167.501,29.23,27.58,27.47,27.55,27.56,27.55,0.4454,12.04
168.001,29.23,27.58,27.47,27.54,27.56,27.55,0.4478,12.07
168.501,29.23,27.58,27.44,27.54,27.56,27.55,0.4501,12.11
169.001,29.27,27.55,27.44,27.53,27.56,27.55,0.4524,12.14
169.501,29.27,27.55,27.44,27.53,27.56,27.55,0.4548,12.18
170.001,29.27,27.55,27.44,27.53,27.56,27.54,0.4572,12.21
170.501,29.30,27.55,27.44,27.52,27.56,27.54,0.4595,12.25
171.001,29.30,27.55,27.44,27.52,27.56,27.54,0.4617,12.28
171.501,29.30,27.55,27.44,27.51,27.56,27.54,0.4639,12.31
172.001,29.34,27.55,27.44,27.51,27.56,27.53,0.4659,12.34
172.501,29.34,27.58,27.44,27.51,27.56,27.53,0.4678,12.37
173.001,29.34,27.58,27.40,27.50,27.56,27.53,0.4694,12.40
173.501,29.34,27.58,27.40,27.50,27.56,27.53,0.4711,12.43
174.001,29.37,27.58,27.40,27.50,27.56,27.53,0.4726,12.45
174.501,29.37,27.58,27.40,27.50,27.56,27.53,0.4741,12.48
175.001,29.37,27.55,27.40,27.49,27.56,27.52,0.4757,12.51
175.501,29.41,27.55,27.40,27.49,27.56,27.52,0.4774,12.53
176.001,29.41,27.55,27.40,27.49,27.56,27.52,0.4790,12.56
176.501,29.41,27.55,27.40,27.48,27.56,27.52,0.4806,12.59
177.001,29.41,27.55,27.40,27.48,27.56,27.52,0.4821,12.61
177.501,29.44,27.55,27.40,27.48,27.56,27.52,0.4836,12.64
178.001,29.44,27.55,27.37,27.47,27.56,27.52,0.4850,12.67
178.501,29.44,27.55,27.37,27.47,27.56,27.51,0.4864,12.69
179.001,29.44,27.55,27.37,27.47,27.56,27.51,0.4877,12.71
179.501,29.44,27.55,27.37,27.46,27.56,27.51,0.4890,12.74
180.001,29.44,27.55,27.37,27.46,27.56,27.51,0.4903,12.76
180.501,29.47,27.55,27.37,27.46,27.56,27.51,0.4915,12.78
181.001,29.47,27.55,27.37,27.46,27.56,27.51,0.4926,12.81
181.501,29.47,27.58,27.37,27.45,27.56,27.51,0.4936,12.83
182.001,29.47,27.58,27.37,27.45,27.56,27.51,0.4944,12.85
182.501,29.47,27.58,27.37,27.45,27.56,27.50,0.4952,12.86
183.001,29.51,27.58,27.37,27.45,27.56,27.50,0.4959,12.88
183.501,29.51,27.58,27.37,27.45,27.56,27.50,0.4966,12.90
184.001,29.51,27.58,27.33,27.44,27.56,27.50,0.4972,12.92
184.501,29.51,27.58,27.37,27.44,27.56,27.50,0.4978,12.93
185.001,29.54,27.58,27.33,27.44,27.56,27.50,0.4984,12.95
185.501,29.54,27.58,27.37,27.44,27.56,27.50,0.4989,12.96
186.001,29.54,27.58,27.33,27.44,27.56,27.50,0.4994,12.98
186.501,29.58,27.58,27.37,27.44,27.57,27.50,0.4998,12.99
187.001,29.58,27.61,27.33,27.43,27.57,27.50,0.5001,13.01
187.501,29.58,27.61,27.33,27.43,27.57,27.50,0.5002,13.02
188.001,29.58,27.61,27.33,27.43,27.57,27.50,0.5002,13.03
188.501,29.58,27.61,27.33,27.43,27.57,27.50,0.5003,13.04
189.001,29.58,27.61,27.33,27.43,27.57,27.50,0.5004,13.05
189.501,29.61,27.61,27.33,27.43,27.57,27.50,0.5004,13.06
190.001,29.61,27.61,27.33,27.43,27.57,27.50,0.5003,13.07
190.501,29.61,27.61,27.33,27.43,27.57,27.50,0.5003,13.08
191.001,29.65,27.61,27.33,27.43,27.57,27.50,0.5002,13.09
191.501,29.65,27.61,27.33,27.43,27.57,27.50,0.5001,13.10
192.001,29.65,27.61,27.33,27.42,27.58,27.50,0.4999,13.11
192.501,29.68,27.61,27.33,27.42,27.58,27.50,0.4997,13.11
193.001,29.68,27.61,27.33,27.42,27.58,27.50,0.4995,13.12
193.501,29.68,27.65,27.30,27.42,27.58,27.50,0.4991,13.13
194.001,29.68,27.65,27.30,27.42,27.58,27.50,0.4986,13.13
194.501,29.72,27.65,27.30,27.42,27.58,27.50,0.4980,13.13
195.001,29.72,27.65,27.30,27.42,27.58,27.50,0.4974,13.14
195.501,29.75,27.65,27.30,27.42,27.59,27.50,0.4967,13.14
196.001,29.75,27.65,27.30,27.42,27.59,27.50,0.4961,13.14
196.501,29.75,27.65,27.30,27.42,27.59,27.50,0.4954,13.15
197.001,29.79,27.65,27.30,27.42,27.59,27.51,0.4946,13.15
197.501,29.79,27.65,27.30,27.42,27.59,27.51,0.4939,13.15
198.001,29.79,27.65,27.30,27.42,27.59,27.51,0.4931,13.15
198.501,29.79,27.65,27.30,27.42,27.59,27.51,0.4924,13.15
199.001,29.82,27.68,27.30,27.42,27.60,27.51,0.4914,13.15
199.501,29.82,27.68,27.30,27.42,27.60,27.51,0.4903,13.15
200.001,29.82,27.68,27.30,27.42,27.60,27.51,0.4892,13.15
200.501,29.82,27.68,27.30,27.42,27.60,27.51,0.4881,13.15
201.001,29.85,27.68,27.30,27.42,27.60,27.51,0.4870,13.14
201.501,29.85,27.68,27.30,27.42,27.61,27.51,0.4858,13.14
202.001,29.85,27.68,27.30,27.42,27.61,27.52,0.4847,13.14
202.501,29.89,27.71,27.30,27.42,27.61,27.52,0.4834,13.13
203.001,29.89,27.71,27.30,27.42,27.61,27.52,0.4819,13.13
203.501,29.89,27.71,27.30,27.43,27.61,27.52,0.4804,13.12
204.001,29.89,27.71,27.30,27.43,27.62,27.52,0.4789,13.11
204.501,29.92,27.71,27.30,27.43,27.62,27.52,0.4774,13.11
205.001,29.92,27.71,27.30,27.43,27.62,27.52,0.4759,13.10
205.501,29.92,27.71,27.30,27.43,27.62,27.53,0.4744,13.09
206.001,29.92,27.71,27.30,27.43,27.62,27.53,0.4729,13.09
206.501,29.96,27.71,27.30,27.43,27.63,27.53,0.4714,13.08
207.001,29.96,27.74,27.30,27.43,27.63,27.53,0.4697,13.07
207.501,29.96,27.74,27.30,27.43,27.63,27.53,0.4679,13.06
208.001,29.96,27.74,27.30,27.43,27.63,27.53,0.4661,13.05
208.501,29.99,27.74,27.33,27.44,27.64,27.54,0.4643,13.04
209.001,29.99,27.74,27.33,27.44,27.64,27.54,0.4625,13.03
209.501,29.99,27.74,27.33,27.44,27.64,27.54,0.4607,13.02
210.001,30.03,27.74,27.33,27.44,27.64,27.54,0.4588,13.01
210.501,30.03,27.78,27.33,27.44,27.65,27.54,0.4568,13.00
211.001,30.03,27.78,27.33,27.44,27.65,27.55,0.4547,12.98
211.501,30.03,27.78,27.33,27.44,27.65,27.55,0.4526,12.97
212.001,30.03,27.78,27.33,27.45,27.65,27.55,0.4505,12.95
212.501,30.03,27.78,27.33,27.45,27.66,27.55,0.4485,12.94
213.001,30.03,27.78,27.33,27.45,27.66,27.55,0.4465,12.93
213.501,30.03,27.78,27.33,27.45,27.66,27.56,0.4445,12.92
214.001,30.03,27.78,27.33,27.45,27.66,27.56,0.4425,12.90
214.501,30.03,27.78,27.33,27.45,27.66,27.56,0.4406,12.89
215.001,30.03,27.78,27.33,27.46,27.67,27.56,0.4387,12.88
215.501,30.03,27.78,27.33,27.46,27.67,27.56,0.4368,12.87
216.001,29.99,27.78,27.33,27.46,27.67,27.57,0.4349,12.86
216.501,29.99,27.81,27.33,27.46,27.67,27.57,0.4330,12.84
217.001,29.99,27.81,27.33,27.46,27.68,27.57,0.4310,12.83
217.501,29.99,27.81,27.33,27.46,27.68,27.57,0.4290,12.82
218.001,29.99,27.81,27.33,27.47,27.68,27.57,0.4270,12.80
218.501,29.99,27.81,27.37,27.47,27.68,27.57,0.4251,12.79
219.001,29.99,27.81,27.37,27.47,27.68,27.58,0.4231,12.78
219.501,29.99,27.81,27.37,27.47,27.69,27.58,0.4212,12.77
220.001,29.99,27.81,27.37,27.47,27.69,27.58,0.4194,12.76
220.501,29.99,27.81,27.37,27.48,27.69,27.58,0.4175,12.74
221.001,29.99,27.81,27.37,27.48,27.69,27.58,0.4157,12.73
221.501,29.99,27.81,27.37,27.48,27.69,27.59,0.4139,12.72
222.001,29.99,27.81,27.37,27.48,27.70,27.59,0.4121,12.71
222.501,29.99,27.81,27.37,27.48,27.70,27.59,0.4104,12.70
223.001,29.99,27.81,27.37,27.48,27.70,27.59,0.4086,12.69
223.501,29.99,27.81,27.37,27.48,27.70,27.59,0.4069,12.68
224.001,29.96,27.81,27.37,27.49,27.70,27.59,0.4053,12.67
224.501,29.96,27.81,27.37,27.49,27.70,27.60,0.4037,12.66
225.001,29.96,27.81,27.37,27.49,27.71,27.60,0.4021,12.65
225.501,29.96,27.81,27.37,27.49,27.71,27.60,0.4006,12.64
226.001,29.96,27.81,27.40,27.49,27.71,27.60,0.3991,12.63
226.501,29.96,27.81,27.40,27.49,27.71,27.60,0.3976,12.62
227.001,29.96,27.84,27.40,27.49,27.71,27.60,0.3959,12.62
227.501,29.96,27.84,27.40,27.50,27.71,27.61,0.3942,12.60
228.001,29.96,27.84,27.40,27.50,27.72,27.61,0.3925,12.59
228.501,29.96,27.84,27.40,27.50,27.72,27.61,0.3908,12.58
229.001,29.96,27.84,27.40,27.50,27.72,27.61,0.3891,12.57
229.501,29.96,27.84,27.40,27.50,27.72,27.61,0.3874,12.56
230.001,29.96,27.84,27.40,27.51,27.72,27.61,0.3858,12.55
230.501,29.96,27.84,27.40,27.51,27.72,27.62,0.3842,12.54
231.001,29.96,27.84,27.40,27.51,27.73,27.62,0.3826,12.53
231.501,29.96,27.87,27.40,27.51,27.73,27.62,0.3809,12.52
232.001,29.96,27.84,27.40,27.51,27.73,27.62,0.3792,12.51
232.501,29.96,27.84,27.40,27.51,27.73,27.62,0.3777,12.50
233.001,29.96,27.87,27.40,27.52,27.73,27.62,0.3760,12.49
233.501,29.96,27.87,27.44,27.52,27.73,27.63,0.3743,12.48
234.001,29.96,27.87,27.44,27.52,27.73,27.63,0.3725,12.47
234.501,29.96,27.87,27.44,27.52,27.74,27.63,0.3708,12.46
235.001,29.96,27.87,27.44,27.52,27.74,27.63,0.3691,12.45
235.501,29.96,27.87,27.44,27.53,27.74,27.63,0.3675,12.44
236.001,29.96,27.87,27.44,27.53,27.74,27.63,0.3658,12.43
236.501,29.96,27.87,27.44,27.53,27.74,27.64,0.3642,12.42
237.001,29.96,27.87,27.44,27.53,27.74,27.64,0.3626,12.41
237.501,29.96,27.87,27.44,27.53,27.74,27.64,0.3610,12.40
238.001,29.96,27.87,27.44,27.53,27.75,27.64,0.3595,12.39
238.501,29.96,27.87,27.44,27.54,27.75,27.64,0.3580,12.38
239.001,29.96,27.87,27.44,27.54,27.75,27.64,0.3564,12.37
239.501,29.96,27.87,27.44,27.54,27.75,27.65,0.3550,12.36
240.001,29.96,27.87,27.44,27.54,27.75,27.65,0.3535,12.35
240.501,29.96,27.87,27.44,27.54,27.75,27.65,0.3521,12.34
241.001,29.96,27.87,27.44,27.54,27.75,27.65,0.3506,12.33
241.501,29.96,27.87,27.44,27.55,27.76,27.65,0.3492,12.32
242.001,29.99,27.87,27.47,27.55,27.76,27.65,0.3478,12.32
242.501,29.99,27.87,27.47,27.55,27.76,27.65,0.3464,12.31
243.001,29.99,27.87,27.47,27.55,27.76,27.66,0.3449,12.30
243.501,29.99,27.87,27.47,27.55,27.76,27.66,0.3435,12.29
244.001,29.99,27.90,27.47,27.55,27.76,27.66,0.3420,12.28
244.501,29.99,27.90,27.47,27.55,27.76,27.66,0.3403,12.27
245.001,29.99,27.90,27.47,27.56,27.77,27.66,0.3387,12.26
245.501,29.99,27.90,27.47,27.56,27.77,27.66,0.3371,12.25
246.001,29.99,27.90,27.47,27.56,27.77,27.66,0.3355,12.24
246.501,29.99,27.90,27.47,27.56,27.77,27.67,0.3339,12.23
247.001,29.99,27.90,27.47,27.56,27.77,27.67,0.3324,12.22
247.501,29.99,27.90,27.47,27.57,27.77,27.67,0.3309,12.21
248.001,29.99,27.90,27.47,27.57,27.77,27.67,0.3294,12.20
248.501,29.99,27.90,27.47,27.57,27.78,27.67,0.3279,12.19
249.001,29.99,27.90,27.51,27.57,27.78,27.67,0.3264,12.18
249.501,30.03,27.90,27.51,27.57,27.78,27.68,0.3250,12.17
250.001,30.03,27.90,27.51,27.57,27.78,27.68,0.3235,12.16
250.501,30.03,27.90,27.51,27.57,27.78,27.68,0.3220,12.15
251.001,30.03,27.90,27.51,27.58,27.78,27.68,0.3205,12.14
251.501,30.03,27.90,27.51,27.58,27.78,27.68,0.3191,12.13
252.001,30.03,27.90,27.51,27.58,27.79,27.68,0.3177,12.12
252.501,30.03,27.90,27.51,27.58,27.79,27.68,0.3163,12.11
253.001,30.03,27.90,27.51,27.58,27.79,27.69,0.3149,12.10
253.501,30.03,27.90,27.51,27.58,27.79,27.69,0.3135,12.10
254.001,30.03,27.90,27.51,27.58,27.79,27.69,0.3122,12.09
254.501,30.03,27.90,27.54,27.59,27.79,27.69,0.3108,12.08
255.001,30.03,27.94,27.54,27.59,27.79,27.69,0.3094,12.07
255.501,30.03,27.94,27.54,27.59,27.80,27.69,0.3078,12.06
256.001,30.03,27.94,27.54,27.59,27.80,27.69,0.3062,12.05
256.501,30.03,27.94,27.54,27.59,27.80,27.70,0.3047,12.04
257.001,30.03,27.94,27.54,27.59,27.80,27.70,0.3032,12.03
257.501,30.03,27.94,27.54,27.60,27.80,27.70,0.3017,12.02
258.001,30.03,27.94,27.54,27.60,27.80,27.70,0.3002,12.01
258.501,29.99,27.94,27.54,27.60,27.80,27.70,0.2988,12.00
259.001,29.99,27.94,27.54,27.60,27.80,27.70,0.2975,11.99
259.501,29.99,27.94,27.54,27.60,27.81,27.70,0.2962,11.98
260.001,29.99,27.94,27.54,27.60,27.81,27.71,0.2949,11.97
260.501,29.99,27.94,27.54,27.61,27.81,27.71,0.2936,11.96
261.001,29.99,27.94,27.58,27.61,27.81,27.71,0.2923,11.96
261.501,29.99,27.94,27.58,27.61,27.81,27.71,0.2910,11.95
262.001,29.99,27.94,27.58,27.61,27.81,27.71,0.2898,11.94
262.501,29.99,27.94,27.58,27.61,27.81,27.71,0.2886,11.93
263.001,29.99,27.94,27.58,27.61,27.81,27.71,0.2874,11.93
263.501,29.96,27.94,27.58,27.61,27.81,27.71,0.2863,11.92
264.001,29.96,27.94,27.58,27.61,27.81,27.71,0.2852,11.91
264.501,29.96,27.94,27.58,27.62,27.82,27.72,0.2841,11.91
265.001,29.96,27.94,27.58,27.62,27.82,27.72,0.2831,11.90
265.501,29.96,27.97,27.58,27.62,27.82,27.72,0.2819,11.90
266.001,29.96,27.97,27.58,27.62,27.82,27.72,0.2806,11.89
266.501,29.96,27.97,27.58,27.62,27.82,27.72,0.2793,11.88
267.001,29.92,27.97,27.58,27.62,27.82,27.72,0.2781,11.87
267.501,29.92,27.94,27.58,27.63,27.82,27.72,0.2771,11.86
268.001,29.92,27.97,27.58,27.63,27.82,27.72,0.2761,11.86
268.501,29.92,27.97,27.58,27.63,27.82,27.73,0.2749,11.85
269.001,29.92,27.97,27.58,27.63,27.82,27.73,0.2738,11.85
269.501,29.92,27.97,27.58,27.63,27.82,27.73,0.2727,11.84
270.001,29.92,27.97,27.58,27.63,27.82,27.73,0.2717,11.83
270.501,29.92,27.97,27.58,27.63,27.82,27.73,0.2706,11.83
271.001,29.92,27.97,27.58,27.64,27.83,27.73,0.2696,11.82
271.501,29.89,27.97,27.61,27.64,27.83,27.73,0.2686,11.82
272.001,29.89,27.97,27.61,27.64,27.83,27.73,0.2677,11.81
272.501,29.89,27.97,27.58,27.64,27.83,27.73,0.2667,11.81
273.001,29.89,27.97,27.61,27.64,27.83,27.73,0.2659,11.80
273.501,29.89,27.97,27.61,27.64,27.83,27.74,0.2650,11.80
274.001,29.89,27.97,27.61,27.64,27.83,27.74,0.2641,11.79
274.501,29.89,27.97,27.61,27.64,27.83,27.74,0.2633,11.79
275.001,29.89,27.97,27.61,27.65,27.83,27.74,0.2624,11.79
275.501,29.89,27.97,27.61,27.65,27.83,27.74,0.2616,11.78
276.001,29.85,27.97,27.61,27.65,27.83,27.74,0.2608,11.78
276.501,29.85,27.97,27.61,27.65,27.83,27.74,0.2601,11.78
277.001,29.85,27.97,27.61,27.65,27.83,27.74,0.2594,11.78
277.501,29.85,27.97,27.61,27.65,27.83,27.74,0.2587,11.77
278.001,29.85,27.97,27.61,27.65,27.83,27.74,0.2581,11.77
278.501,29.85,27.94,27.61,27.65,27.83,27.74,0.2576,11.77
279.001,29.85,27.94,27.61,27.65,27.83,27.74,0.2572,11.77
279.501,29.85,27.94,27.61,27.65,27.83,27.74,0.2569,11.77
280.001,29.85,27.94,27.61,27.66,27.83,27.74,0.2565,11.77
280.501,29.82,27.94,27.61,27.66,27.83,27.74,0.2562,11.78
281.001,29.82,27.94,27.61,27.66,27.83,27.74,0.2560,11.78
281.501,29.82,27.94,27.61,27.66,27.83,27.74,0.2557,11.78
282.001,29.82,27.94,27.61,27.66,27.83,27.74,0.2555,11.78
282.501,29.82,27.94,27.61,27.66,27.83,27.74,0.2552,11.79
283.001,29.82,27.94,27.61,27.66,27.83,27.75,0.2550,11.79
283.501,29.82,27.94,27.61,27.66,27.83,27.75,0.2548,11.79
284.001,29.82,27.94,27.61,27.66,27.83,27.75,0.2545,11.79
284.501,29.82,27.94,27.61,27.66,27.83,27.75,0.2543,11.80
285.001,29.82,27.94,27.61,27.66,27.83,27.75,0.2541,11.80
285.501,29.82,27.94,27.61,27.66,27.83,27.75,0.2539,11.80
286.001,29.82,27.94,27.61,27.66,27.83,27.75,0.2537,11.80
286.501,29.79,27.94,27.65,27.66,27.83,27.75,0.2535,11.81
287.001,29.79,27.94,27.65,27.66,27.83,27.75,0.2534,11.81
287.501,29.79,27.94,27.65,27.66,27.83,27.75,0.2533,11.82
288.001,29.79,27.94,27.65,27.66,27.83,27.75,0.2531,11.82
288.501,29.79,27.94,27.65,27.66,27.83,27.75,0.2530,11.82
289.001,29.79,27.94,27.65,27.66,27.83,27.75,0.2529,11.83
289.501,29.79,27.94,27.65,27.66,27.83,27.75,0.2528,11.83
290.001,29.79,27.94,27.65,27.66,27.83,27.75,0.2527,11.84
290.501,29.79,27.94,27.65,27.66,27.83,27.75,0.2526,11.84
291.001,29.79,27.94,27.65,27.66,27.83,27.75,0.2525,11.84
291.501,29.79,27.94,27.65,27.66,27.83,27.75,0.2524,11.85
292.001,29.75,27.94,27.65,27.66,27.83,27.75,0.2524,11.85
292.501,29.75,27.94,27.65,27.66,27.83,27.75,0.2524,11.86
293.001,29.75,27.94,27.65,27.66,27.83,27.75,0.2524,11.86
293.501,29.75,27.94,27.65,27.66,27.83,27.75,0.2524,11.87
294.001,29.79,27.94,27.65,27.66,27.83,27.75,0.2523,11.87
294.501,29.79,27.94,27.65,27.66,27.83,27.75,0.2522,11.88
295.001,29.79,27.94,27.65,27.67,27.83,27.75,0.2522,11.88
295.501,29.79,27.94,27.65,27.67,27.83,27.75,0.2521,11.88
296.001,29.79,27.94,27.65,27.67,27.83,27.75,0.2520,11.89
296.501,29.79,27.94,27.65,27.67,27.83,27.75,0.2519,11.89
297.001,29.79,27.94,27.65,27.67,27.83,27.75,0.2519,11.90
297.501,29.79,27.94,27.65,27.67,27.83,27.75,0.2518,11.90
298.001,29.79,27.94,27.65,27.67,27.83,27.75,0.2517,11.90
298.501,29.79,27.94,27.65,27.67,27.83,27.75,0.2517,11.91
299.001,29.79,27.90,27.65,27.67,27.83,27.75,0.2517,11.92
299.501,29.79,27.90,27.65,27.67,27.83,27.75,0.2520,11.92
300.001,29.79,27.90,27.65,27.67,27.83,27.75,0.2522,11.93
300.501,29.79,27.90,27.65,27.67,27.83,27.75,0.2524,11.94
301.001,29.79,27.90,27.65,27.67,27.83,27.75,0.2526,11.94
301.501,29.79,27.90,27.65,27.66,27.83,27.75,0.2528,11.95
302.001,29.79,27.90,27.65,27.66,27.83,27.75,0.2530,11.96
302.501,29.79,27.90,27.65,27.66,27.83,27.75,0.2532,11.97
303.001,29.79,27.90,27.61,27.66,27.83,27.75,0.2534,11.97
303.501,29.79,27.90,27.61,27.66,27.83,27.75,0.2536,11.98
304.001,29.79,27.90,27.61,27.66,27.83,27.75,0.2538,11.99
304.501,29.79,27.90,27.61,27.66,27.83,27.75,0.2540,12.00
305.001,29.79,27.90,27.65,27.66,27.83,27.75,0.2542,12.00
305.501,29.79,27.90,27.65,27.66,27.83,27.75,0.2544,12.01
306.001,29.79,27.90,27.65,27.66,27.83,27.75,0.2546,12.02
306.501,29.79,27.90,27.65,27.66,27.83,27.75,0.2548,12.02
307.001,29.79,27.90,27.65,27.66,27.83,27.75,0.2549,12.03
307.501,29.79,27.90,27.61,27.66,27.83,27.74,0.2551,12.04
308.001,29.79,27.90,27.61,27.66,27.83,27.74,0.2553,12.04
308.501,29.82,27.90,27.61,27.66,27.83,27.74,0.2554,12.05
309.001,29.82,27.90,27.61,27.66,27.83,27.74,0.2555,12.06
309.501,29.82,27.90,27.61,27.66,27.83,27.74,0.2556,12.06
310.001,29.82,27.90,27.61,27.66,27.83,27.74,0.2556,12.07
310.501,29.82,27.90,27.61,27.66,27.83,27.74,0.2557,12.07
311.001,29.82,27.90,27.61,27.66,27.83,27.74,0.2558,12.08
311.501,29.82,27.90,27.61,27.66,27.83,27.74,0.2558,12.09
312.001,29.85,27.90,27.61,27.66,27.83,27.74,0.2559,12.09
312.501,29.85,27.90,27.61,27.66,27.83,27.74,0.2558,12.10
313.001,29.85,27.90,27.61,27.66,27.83,27.74,0.2558,12.10
313.501,29.85,27.90,27.61,27.66,27.83,27.74,0.2558,12.11
314.001,29.89,27.94,27.61,27.66,27.83,27.74,0.2556,12.11
314.501,29.89,27.90,27.61,27.66,27.83,27.74,0.2553,12.11
315.001,29.89,27.90,27.61,27.66,27.83,27.74,0.2552,12.12
315.501,29.89,27.90,27.61,27.66,27.83,27.74,0.2551,12.12
316.001,29.89,27.90,27.61,27.66,27.83,27.74,0.2550,12.12
316.501,29.89,27.90,27.61,27.66,27.83,27.75,0.2549,12.13
317.001,29.89,27.90,27.61,27.66,27.83,27.75,0.2548,12.13
317.501,29.89,27.90,27.61,27.66,27.83,27.75,0.2547,12.14
318.001,29.89,27.90,27.61,27.66,27.83,27.75,0.2546,12.14
318.501,29.89,27.94,27.61,27.66,27.83,27.75,0.2543,12.14
319.001,29.89,27.94,27.61,27.66,27.83,27.75,0.2539,12.14
319.501,29.92,27.94,27.61,27.66,27.84,27.75,0.2535,12.14
320.001,29.92,27.94,27.61,27.66,27.84,27.75,0.2530,12.14
320.501,29.92,27.94,27.61,27.66,27.84,27.75,0.2526,12.14
321.001,29.92,27.94,27.61,27.66,27.84,27.75,0.2521,12.14
321.501,29.92,27.94,27.61,27.66,27.84,27.75,0.2517,12.14
322.001,29.92,27.94,27.61,27.66,27.84,27.75,0.2512,12.14
322.501,29.92,27.94,27.61,27.66,27.84,27.75,0.2508,12.14
323.001,29.92,27.94,27.61,27.66,27.84,27.75,0.2503,12.14
323.501,29.96,27.94,27.61,27.66,27.84,27.75,0.2499,12.14
324.001,29.92,27.94,27.61,27.66,27.84,27.75,0.2494,12.14
324.501,29.96,27.94,27.61,27.66,27.84,27.75,0.2489,12.14
325.001,29.96,27.94,27.61,27.66,27.84,27.75,0.2484,12.14
325.501,29.96,27.94,27.61,27.66,27.84,27.75,0.2479,12.14
326.001,29.96,27.94,27.61,27.66,27.84,27.75,0.2475,12.14
326.501,29.96,27.94,27.61,27.66,27.84,27.75,0.2470,12.14
327.001,29.96,27.94,27.61,27.66,27.84,27.75,0.2465,12.14
327.501,29.96,27.94,27.61,27.66,27.84,27.75,0.2460,12.14
328.001,29.96,27.94,27.61,27.66,27.85,27.75,0.2456,12.14
328.501,29.96,27.94,27.61,27.66,27.85,27.75,0.2451,12.14
329.001,29.96,27.94,27.61,27.66,27.85,27.76,0.2446,12.14
329.501,29.96,27.94,27.61,27.66,27.85,27.76,0.2442,12.14
330.001,29.96,27.94,27.61,27.66,27.85,27.76,0.2437,12.14
330.501,29.96,27.94,27.61,27.66,27.85,27.76,0.2433,12.14
331.001,29.96,27.94,27.61,27.67,27.85,27.76,0.2429,12.14
331.501,29.99,27.94,27.61,27.67,27.85,27.76,0.2424,12.14
332.001,29.96,27.94,27.61,27.67,27.85,27.76,0.2419,12.14
332.501,29.99,27.94,27.61,27.67,27.85,27.76,0.2415,12.14
333.001,29.99,27.94,27.61,27.67,27.85,27.76,0.2410,12.14
333.501,29.99,27.94,27.61,27.67,27.85,27.76,0.2405,12.14
334.001,29.99,27.94,27.61,27.67,27.85,27.76,0.2400,12.14
334.501,29.99,27.97,27.61,27.67,27.85,27.76,0.2393,12.14
335.001,29.99,27.97,27.61,27.67,27.86,27.76,0.2386,12.13
335.501,29.99,27.97,27.61,27.67,27.86,27.76,0.2378,12.13
336.001,29.99,27.97,27.61,27.67,27.86,27.76,0.2371,12.13
336.501,29.99,27.97,27.61,27.67,27.86,27.76,0.2363,12.12
337.001,29.99,27.97,27.61,27.67,27.86,27.76,0.2356,12.12
337.501,29.99,27.97,27.61,27.67,27.86,27.77,0.2349,12.12
338.001,29.99,27.97,27.61,27.67,27.86,27.77,0.2342,12.11
338.501,29.99,27.97,27.61,27.67,27.86,27.77,0.2335,12.11
339.001,29.99,27.97,27.61,27.67,27.86,27.77,0.2328,12.11
339.501,29.99,27.97,27.61,27.67,27.86,27.77,0.2321,12.11
340.001,30.03,27.97,27.61,27.67,27.86,27.77,0.2314,12.10
340.501,30.03,27.97,27.61,27.68,27.86,27.77,0.2306,12.10
341.001,30.03,27.97,27.61,27.68,27.86,27.77,0.2299,12.10
341.501,30.03,27.97,27.61,27.68,27.86,27.77,0.2292,12.09
342.001,30.03,27.97,27.61,27.68,27.87,27.77,0.2284,12.09
342.501,30.03,27.97,27.61,27.68,27.87,27.77,0.2277,12.09
343.001,30.03,27.97,27.61,27.68,27.87,27.77,0.2270,12.08
343.501,30.03,27.97,27.61,27.68,27.87,27.77,0.2263,12.08
344.001,30.03,27.97,27.61,27.68,27.87,27.77,0.2256,12.08
344.501,30.03,27.97,27.61,27.68,27.87,27.78,0.2250,12.07
345.001,30.03,27.97,27.61,27.68,27.87,27.78,0.2243,12.07
345.501,30.03,27.97,27.61,27.68,27.87,27.78,0.2236,12.07
346.001,30.03,27.97,27.61,27.68,27.87,27.78,0.2230,12.07
346.501,30.03,27.97,27.61,27.68,27.87,27.78,0.2224,12.06
347.001,30.06,28.00,27.61,27.68,27.87,27.78,0.2215,12.06
347.501,30.06,28.00,27.61,27.68,27.87,27.78,0.2205,12.05
348.001,30.06,28.00,27.65,27.69,27.88,27.78,0.2195,12.05
348.501,30.06,28.00,27.65,27.69,27.88,27.78,0.2186,12.04
349.001,30.06,28.00,27.65,27.69,27.88,27.78,0.2176,12.03
349.501,30.06,28.00,27.65,27.69,27.88,27.78,0.2167,12.03
350.001,30.06,28.00,27.65,27.69,27.88,27.78,0.2157,12.02
350.501,30.06,28.00,27.65,27.69,27.88,27.79,0.2148,12.02
351.001,30.06,28.00,27.65,27.69,27.88,27.79,0.2139,12.01
351.501,30.06,28.00,27.61,27.69,27.88,27.79,0.2130,12.01
352.001,30.06,28.00,27.65,27.69,27.88,27.79,0.2121,12.00
352.501,30.06,28.00,27.65,27.69,27.88,27.79,0.2112,12.00
353.001,30.10,28.00,27.65,27.69,27.88,27.79,0.2103,11.99
353.501,30.10,28.00,27.65,27.70,27.89,27.79,0.2094,11.98
354.001,30.06,28.00,27.65,27.70,27.89,27.79,0.2085,11.98
354.501,30.06,28.00,27.65,27.70,27.89,27.79,0.2077,11.97
355.001,30.06,28.00,27.65,27.70,27.89,27.79,0.2069,11.97
355.501,30.06,28.00,27.65,27.70,27.89,27.79,0.2061,11.96
356.001,30.06,28.00,27.65,27.70,27.89,27.79,0.2053,11.96
356.501,30.06,28.00,27.65,27.70,27.89,27.80,0.2045,11.96
357.001,30.06,28.00,27.65,27.70,27.89,27.80,0.2038,11.95
357.501,30.06,28.00,27.65,27.70,27.89,27.80,0.2030,11.95
358.001,30.03,28.00,27.65,27.70,27.89,27.80,0.2023,11.94
358.501,30.03,28.00,27.65,27.70,27.89,27.80,0.2016,11.94
359.001,30.03,28.00,27.65,27.70,27.89,27.80,0.2010,11.94
359.501,30.03,28.00,27.65,27.70,27.90,27.80,0.2004,11.93
360.001,30.03,28.00,27.65,27.70,27.90,27.80,0.1997,11.93
360.501,30.03,28.00,27.65,27.71,27.90,27.80,0.1991,11.93
361.001,29.99,28.00,27.65,27.71,27.90,27.80,0.1985,11.93
361.501,29.99,28.00,27.65,27.71,27.90,27.80,0.1980,11.93
362.001,29.99,28.00,27.65,27.71,27.90,27.80,0.1975,11.92
362.501,29.99,28.00,27.65,27.71,27.90,27.80,0.1970,11.92
363.001,29.99,28.00,27.65,27.71,27.90,27.80,0.1965,11.92
363.501,29.99,28.00,27.65,27.71,27.90,27.80,0.1960,11.92
364.001,29.99,28.00,27.65,27.71,27.90,27.80,0.1955,11.92
364.501,29.99,28.00,27.65,27.71,27.90,27.80,0.1951,11.92
365.001,29.99,28.00,27.65,27.71,27.90,27.81,0.1946,11.92
365.501,29.99,28.00,27.65,27.71,27.90,27.81,0.1941,11.91
366.001,29.96,28.00,27.65,27.71,27.90,27.81,0.1937,11.91
366.501,29.96,28.00,27.65,27.71,27.90,27.81,0.1933,11.91
367.001,29.96,28.00,27.65,27.71,27.90,27.81,0.1930,11.91
367.501,29.96,28.00,27.65,27.71,27.90,27.81,0.1926,11.91
368.001,29.96,28.00,27.65,27.71,27.90,27.81,0.1923,11.91
368.501,29.96,28.00,27.65,27.71,27.90,27.81,0.1919,11.91
369.001,29.96,28.00,27.65,27.71,27.90,27.81,0.1916,11.91
369.501,29.96,28.00,27.68,27.71,27.90,27.81,0.1913,11.91
370.001,29.96,28.00,27.68,27.72,27.90,27.81,0.1910,11.91
370.501,29.96,28.00,27.68,27.72,27.90,27.81,0.1906,11.91
371.001,29.96,28.00,27.68,27.72,27.90,27.81,0.1903,11.92
371.501,29.96,28.00,27.68,27.72,27.90,27.81,0.1900,11.92
372.001,29.96,28.00,27.68,27.72,27.90,27.81,0.1897,11.92
372.501,29.96,28.00,27.68,27.72,27.90,27.81,0.1894,11.92
373.001,29.92,28.00,27.68,27.72,27.90,27.81,0.1891,11.92
373.501,29.92,28.00,27.68,27.72,27.90,27.81,0.1889,11.92
374.001,29.92,28.00,27.68,27.72,27.90,27.81,0.1887,11.92
374.501,29.92,28.00,27.68,27.72,27.90,27.81,0.1885,11.92
375.001,29.92,28.00,27.68,27.72,27.90,27.81,0.1883,11.92
375.501,29.92,28.00,27.68,27.72,27.90,27.81,0.1881,11.93
376.001,29.92,28.00,27.68,27.72,27.90,27.81,0.1879,11.93
376.501,29.92,28.00,27.68,27.72,27.90,27.81,0.1878,11.93
377.001,29.92,28.00,27.68,27.72,27.90,27.81,0.1876,11.93
377.501,29.92,27.97,27.68,27.72,27.90,27.81,0.1875,11.93
378.001,29.92,28.00,27.68,27.72,27.90,27.81,0.1875,11.94
378.501,29.92,28.00,27.68,27.72,27.90,27.81,0.1873,11.94
379.001,29.92,28.00,27.68,27.72,27.90,27.81,0.1872,11.94
379.501,29.92,28.00,27.68,27.72,27.90,27.81,0.1870,11.94
380.001,29.92,28.00,27.68,27.72,27.90,27.81,0.1868,11.94
380.501,29.89,28.00,27.68,27.72,27.90,27.81,0.1867,11.95
381.001,29.89,28.00,27.68,27.72,27.90,27.81,0.1866,11.95
381.501,29.89,28.00,27.68,27.72,27.90,27.81,0.1865,11.95
382.001,29.89,28.00,27.68,27.72,27.90,27.81,0.1865,11.96
382.501,29.89,28.00,27.68,27.72,27.90,27.81,0.1864,11.96
383.001,29.89,28.00,27.68,27.72,27.90,27.81,0.1863,11.96
383.501,29.85,28.00,27.68,27.72,27.90,27.81,0.1863,11.97
384.001,29.85,27.97,27.68,27.72,27.90,27.81,0.1865,11.97
384.501,29.85,27.97,27.68,27.72,27.90,27.81,0.1868,11.98
385.001,29.85,27.97,27.68,27.72,27.90,27.81,0.1871,11.99
385.501,29.85,27.97,27.65,27.72,27.90,27.81,0.1874,11.99
386.001,29.85,27.97,27.65,27.72,27.90,27.81,0.1877,12.00
386.501,29.85,27.97,27.65,27.72,27.90,27.81,0.1880,12.01
387.001,29.85,27.97,27.65,27.72,27.90,27.81,0.1883,12.01
387.501,29.85,27.97,27.65,27.72,27.90,27.81,0.1885,12.02
388.001,29.85,27.97,27.65,27.72,27.90,27.81,0.1888,12.03
388.501,29.85,27.97,27.65,27.72,27.90,27.81,0.1891,12.03
389.001,29.85,27.97,27.65,27.72,27.90,27.81,0.1894,12.04
389.501,29.85,27.97,27.65,27.72,27.90,27.81,0.1897,12.05
390.001,29.89,27.97,27.65,27.72,27.90,27.81,0.1899,12.05
390.501,29.89,27.97,27.65,27.72,27.90,27.81,0.1901,12.06
391.001,29.89,27.97,27.65,27.72,27.90,27.81,0.1902,12.06
391.501,29.89,27.97,27.65,27.72,27.90,27.81,0.1904,12.07
392.001,29.89,27.97,27.65,27.72,27.90,27.81,0.1906,12.08
392.501,29.92,27.97,27.65,27.72,27.90,27.81,0.1907,12.08
393.001,29.92,27.97,27.65,27.72,27.90,27.81,0.1908,12.09
393.501,29.92,27.97,27.65,27.72,27.90,27.81,0.1909,12.09
394.001,29.92,27.97,27.65,27.72,27.90,27.81,0.1909,12.10
394.501,29.92,27.97,27.65,27.72,27.90,27.81,0.1910,12.10
395.001,29.92,27.97,27.65,27.72,27.90,27.81,0.1911,12.10
395.501,29.92,27.97,27.65,27.72,27.90,27.81,0.1912,12.11
396.001,29.96,27.97,27.65,27.72,27.90,27.81,0.1912,12.11
396.501,29.96,27.97,27.65,27.72,27.90,27.81,0.1912,12.12
397.001,29.96,27.97,27.65,27.72,27.90,27.81,0.1911,12.12
397.501,29.96,27.97,27.65,27.72,27.90,27.81,0.1911,12.12
398.001,29.96,27.97,27.65,27.72,27.90,27.81,0.1911,12.13
398.501,29.96,27.97,27.65,27.72,27.90,27.81,0.1911,12.13
399.001,29.96,27.97,27.65,27.72,27.90,27.81,0.1911,12.13
399.501,29.99,27.97,27.65,27.72,27.90,27.81,0.1910,12.14
400.001,29.99,27.97,27.65,27.72,27.90,27.81,0.1909,12.14
400.501,29.99,27.97,27.61,27.72,27.90,27.81,0.1908,12.14
401.001,29.99,27.97,27.61,27.72,27.90,27.81,0.1907,12.15
401.501,29.99,27.97,27.61,27.71,27.90,27.81,0.1906,12.15
402.001,29.99,27.97,27.61,27.71,27.90,27.81,0.1905,12.15
402.501,29.99,27.97,27.61,27.71,27.90,27.81,0.1903,12.15
403.001,29.99,27.97,27.61,27.71,27.91,27.81,0.1902,12.16
403.501,29.99,27.97,27.61,27.71,27.91,27.81,0.1901,12.16
404.001,29.99,27.97,27.61,27.71,27.91,27.81,0.1900,12.16
404.501,30.03,27.97,27.61,27.71,27.91,27.81,0.1899,12.16
405.001,30.03,27.97,27.61,27.71,27.91,27.81,0.1897,12.17
405.501,30.03,27.97,27.61,27.71,27.91,27.81,0.1895,12.17
406.001,30.03,27.97,27.61,27.71,27.91,27.81,0.1893,12.17
406.501,30.03,27.97,27.61,27.71,27.91,27.81,0.1891,12.17
407.001,30.03,27.97,27.61,27.71,27.91,27.81,0.1889,12.17
407.501,30.03,27.97,27.61,27.71,27.91,27.81,0.1887,12.17
408.001,30.03,27.97,27.61,27.71,27.91,27.81,0.1885,12.18
408.501,30.03,27.97,27.61,27.71,27.91,27.81,0.1883,12.18
409.001,30.03,27.97,27.61,27.71,27.91,27.81,0.1881,12.18
409.501,30.03,27.97,27.61,27.71,27.91,27.81,0.1880,12.18
410.001,30.03,27.97,27.61,27.71,27.91,27.81,0.1878,12.18
410.501,30.03,27.97,27.61,27.71,27.91,27.81,0.1876,12.18
411.001,30.03,27.97,27.61,27.71,27.91,27.81,0.1874,12.19
411.501,30.03,27.97,27.61,27.71,27.91,27.81,0.1872,12.19
412.001,30.03,27.97,27.61,27.71,27.91,27.81,0.1870,12.19
412.501,30.03,27.97,27.61,27.71,27.91,27.81,0.1868,12.19
413.001,30.03,27.97,27.61,27.71,27.91,27.81,0.1866,12.19
413.501,30.06,27.97,27.61,27.71,27.92,27.81,0.1864,12.19
414.001,30.06,27.97,27.61,27.71,27.92,27.81,0.1862,12.19
414.501,30.06,27.97,27.61,27.71,27.92,27.81,0.1859,12.20
415.001,30.06,27.97,27.61,27.71,27.92,27.81,0.1856,12.20
415.501,30.06,27.97,27.61,27.71,27.92,27.81,0.1854,12.20
416.001,30.06,27.97,27.61,27.71,27.92,27.81,0.1851,12.20
416.501,30.06,27.97,27.61,27.71,27.92,27.82,0.1848,12.20
417.001,30.06,27.97,27.61,27.71,27.92,27.82,0.1846,12.20
417.501,30.06,27.97,27.61,27.71,27.92,27.82,0.1843,12.20
418.001,30.06,27.97,27.61,27.71,27.92,27.82,0.1841,12.20
418.501,30.06,27.97,27.65,27.71,27.92,27.82,0.1838,12.20
419.001,30.06,28.00,27.61,27.71,27.92,27.82,0.1834,12.20
419.501,30.06,28.00,27.61,27.71,27.92,27.82,0.1829,12.20
420.001,30.06,28.00,27.65,27.71,27.92,27.82,0.1823,12.20
420.501,30.06,28.00,27.61,27.71,27.92,27.82,0.1818,12.20
421.001,30.06,28.00,27.65,27.71,27.92,27.82,0.1813,12.19
421.501,30.06,28.00,27.65,27.71,27.93,27.82,0.1808,12.19
422.001,30.06,28.00,27.65,27.71,27.93,27.82,0.1803,12.19
422.501,30.06,28.00,27.65,27.71,27.93,27.82,0.1798,12.19
423.001,30.06,28.00,27.65,27.71,27.93,27.82,0.1793,12.19
423.501,30.06,28.00,27.61,27.72,27.93,27.82,0.1788,12.18
424.001,30.06,28.00,27.65,27.72,27.93,27.82,0.1783,12.18
424.501,30.10,28.00,27.65,27.72,27.93,27.82,0.1778,12.18
425.001,30.10,28.00,27.65,27.72,27.93,27.82,0.1772,12.18
425.501,30.10,28.00,27.65,27.72,27.93,27.82,0.1767,12.18
426.001,30.10,28.00,27.65,27.72,27.93,27.82,0.1761,12.17
426.501,30.10,28.00,27.65,27.72,27.93,27.82,0.1756,12.17
427.001,30.10,28.00,27.65,27.72,27.93,27.82,0.1751,12.17
427.501,30.10,28.00,27.65,27.72,27.93,27.83,0.1745,12.17
428.001,30.10,28.00,27.65,27.72,27.93,27.83,0.1740,12.16
428.501,30.10,28.00,27.65,27.72,27.93,27.83,0.1735,12.16
429.001,30.06,28.00,27.65,27.72,27.93,27.83,0.1731,12.16
429.501,30.06,28.00,27.65,27.72,27.94,27.83,0.1726,12.16
430.001,30.06,28.00,27.65,27.72,27.94,27.83,0.1722,12.16
430.501,30.06,28.00,27.65,27.72,27.94,27.83,0.1718,12.16
431.001,30.06,28.00,27.65,27.72,27.94,27.83,0.1714,12.16
431.501,30.06,28.00,27.65,27.72,27.94,27.83,0.1710,12.16
432.001,30.06,28.00,27.65,27.72,27.94,27.83,0.1706,12.16
432.501,30.06,28.00,27.65,27.72,27.94,27.83,0.1703,12.15
433.001,30.10,28.00,27.65,27.72,27.94,27.83,0.1698,12.15
433.501,30.10,28.00,27.65,27.72,27.94,27.83,0.1694,12.15
434.001,30.10,28.03,27.65,27.72,27.94,27.83,0.1688,12.15
434.501,30.10,28.03,27.65,27.72,27.94,27.83,0.1680,12.14
435.001,30.10,28.03,27.65,27.72,27.94,27.83,0.1673,12.14
435.501,30.10,28.03,27.65,27.73,27.94,27.83,0.1666,12.14
436.001,30.10,28.03,27.65,27.73,27.94,27.83,0.1659,12.13
436.501,30.10,28.03,27.65,27.73,27.94,27.83,0.1652,12.13
437.001,30.10,28.03,27.65,27.73,27.94,27.84,0.1645,12.12
437.501,30.10,28.03,27.65,27.73,27.94,27.84,0.1638,12.12
438.001,30.10,28.03,27.65,27.73,27.94,27.84,0.1632,12.11
438.501,30.10,28.03,27.65,27.73,27.95,27.84,0.1625,12.11
439.001,30.10,28.03,27.65,27.73,27.95,27.84,0.1618,12.11
439.501,30.10,28.03,27.65,27.73,27.95,27.84,0.1612,12.10
440.001,30.10,28.03,27.65,27.73,27.95,27.84,0.1606,12.10
440.501,30.10,28.03,27.65,27.73,27.95,27.84,0.1600,12.10
441.001,30.10,28.03,27.65,27.73,27.95,27.84,0.1593,12.09
441.501,30.10,28.03,27.65,27.73,27.95,27.84,0.1587,12.09
442.001,30.10,28.03,27.65,27.73,27.95,27.84,0.1581,12.09
442.501,30.10,28.03,27.65,27.74,27.95,27.84,0.1576,12.08
443.001,30.10,28.03,27.65,27.74,27.95,27.84,0.1570,12.08
443.501,30.10,28.03,27.65,27.74,27.95,27.84,0.1564,12.08
444.001,30.10,28.03,27.65,27.74,27.95,27.84,0.1558,12.07
444.501,30.10,28.00,27.65,27.74,27.95,27.84,0.1554,12.07
445.001,30.10,28.03,27.65,27.74,27.95,27.84,0.1550,12.07
445.501,30.10,28.03,27.65,27.74,27.95,27.85,0.1545,12.07
446.001,30.10,28.03,27.65,27.74,27.95,27.85,0.1540,12.07
446.501,30.10,28.03,27.65,27.74,27.95,27.85,0.1534,12.06
447.001,30.10,28.03,27.65,27.74,27.95,27.85,0.1529,12.06
447.501,30.10,28.03,27.65,27.74,27.96,27.85,0.1524,12.06
448.001,30.10,28.03,27.65,27.74,27.96,27.85,0.1519,12.05
448.501,30.10,28.03,27.65,27.74,27.96,27.85,0.1514,12.05
449.001,30.10,28.03,27.65,27.74,27.96,27.85,0.1509,12.05
449.501,30.10,28.03,27.65,27.74,27.96,27.85,0.1504,12.05
450.001,30.10,28.03,27.65,27.74,27.96,27.85,0.1499,12.05
450.501,30.10,28.03,27.65,27.74,27.96,27.85,0.1494,12.04
451.001,30.10,28.03,27.65,27.74,27.96,27.85,0.1490,12.04
451.501,30.10,28.03,27.65,27.74,27.96,27.85,0.1485,12.04
452.001,30.10,28.03,27.65,27.74,27.96,27.85,0.1480,12.04
452.501,30.10,28.03,27.65,27.74,27.96,27.85,0.1476,12.04
453.001,30.10,28.03,27.65,27.75,27.96,27.85,0.1472,12.03
453.501,30.10,28.03,27.65,27.75,27.96,27.85,0.1467,12.03
454.001,30.10,28.03,27.68,27.75,27.96,27.85,0.1463,12.03
454.501,30.10,28.03,27.68,27.75,27.96,27.85,0.1459,12.03
455.001,30.10,28.03,27.68,27.75,27.96,27.85,0.1454,12.03
455.501,30.10,28.03,27.65,27.75,27.96,27.85,0.1450,12.02
456.001,30.10,28.03,27.68,27.75,27.96,27.86,0.1446,12.02
456.501,30.10,28.03,27.68,27.75,27.96,27.86,0.1442,12.02
457.001,30.10,28.03,27.68,27.75,27.96,27.86,0.1438,12.02
457.501,30.10,28.03,27.68,27.75,27.96,27.86,0.1434,12.02
458.001,30.10,28.03,27.68,27.75,27.97,27.86,0.1430,12.02
458.501,30.10,28.03,27.68,27.75,27.97,27.86,0.1426,12.02
459.001,30.10,28.03,27.68,27.75,27.97,27.86,0.1423,12.02
459.501,30.10,28.03,27.68,27.75,27.97,27.86,0.1419,12.01
460.001,30.10,28.03,27.68,27.75,27.97,27.86,0.1415,12.01
460.501,30.10,28.03,27.68,27.75,27.97,27.86,0.1412,12.01
461.001,30.10,28.03,27.68,27.75,27.97,27.86,0.1408,12.01
461.501,30.10,28.03,27.68,27.75,27.97,27.86,0.1404,12.01
462.001,30.10,28.03,27.68,27.75,27.97,27.86,0.1401,12.01
462.501,30.10,28.03,27.68,27.75,27.97,27.86,0.1397,12.01
463.001,30.10,28.03,27.68,27.75,27.97,27.86,0.1394,12.01
463.501,30.10,28.03,27.68,27.75,27.97,27.86,0.1391,12.01
464.001,30.10,28.03,27.68,27.75,27.97,27.86,0.1387,12.00
464.501,30.10,28.03,27.68,27.75,27.97,27.86,0.1384,12.00
465.001,30.10,28.03,27.68,27.75,27.97,27.86,0.1381,12.00
465.501,30.10,28.03,27.68,27.75,27.97,27.86,0.1377,12.00
466.001,30.10,28.03,27.68,27.75,27.97,27.86,0.1374,12.00
466.501,30.10,28.03,27.68,27.75,27.97,27.86,0.1371,12.00
467.001,30.10,28.03,27.68,27.75,27.97,27.86,0.1368,12.00
467.501,30.06,28.03,27.68,27.75,27.97,27.86,0.1365,12.00
468.001,30.06,28.03,27.68,27.75,27.97,27.86,0.1363,12.00
468.501,30.06,28.03,27.68,27.75,27.97,27.86,0.1361,12.00
469.001,30.10,28.03,27.68,27.75,27.97,27.86,0.1359,12.00
469.501,30.10,28.03,27.68,27.76,27.97,27.86,0.1356,12.00
470.001,30.10,28.03,27.68,27.76,27.97,27.86,0.1353,12.00
470.501,30.10,28.03,27.68,27.76,27.97,27.87,0.1350,12.00
471.001,30.10,28.03,27.68,27.76,27.97,27.87,0.1347,12.00
471.501,30.10,28.03,27.68,27.76,27.98,27.87,0.1344,12.00
472.001,30.10,28.03,27.68,27.76,27.98,27.87,0.1341,12.00
472.501,30.06,28.03,27.68,27.76,27.98,27.87,0.1339,12.00
473.001,30.06,28.03,27.68,27.76,27.98,27.87,0.1337,12.00
473.501,30.06,28.03,27.68,27.76,27.98,27.87,0.1335,12.00
474.001,30.06,28.03,27.68,27.76,27.98,27.87,0.1334,12.00
474.501,30.06,28.03,27.68,27.76,27.98,27.87,0.1332,12.00
475.001,30.06,28.03,27.68,27.76,27.98,27.87,0.1330,12.00
475.501,30.06,28.03,27.68,27.76,27.98,27.87,0.1328,12.00
476.001,30.06,28.03,27.68,27.76,27.98,27.87,0.1327,12.00
476.501,30.06,28.03,27.68,27.76,27.98,27.87,0.1325,12.00
477.001,30.06,28.03,27.68,27.76,27.98,27.87,0.1323,12.01
477.501,30.03,28.03,27.68,27.76,27.98,27.87,0.1322,12.01
478.001,30.03,28.03,27.68,27.76,27.98,27.87,0.1321,12.01
478.501,30.06,28.03,27.68,27.76,27.98,27.87,0.1320,12.01
479.001,30.06,28.03,27.68,27.76,27.98,27.87,0.1318,12.01
479.501,30.06,28.03,27.68,27.76,27.98,27.87,0.1317,12.01
480.001,30.06,28.03,27.68,27.76,27.98,27.87,0.1315,12.01
480.501,30.06,28.03,27.68,27.76,27.98,27.87,0.1314,12.01
481.001,30.06,28.03,27.68,27.76,27.98,27.87,0.1312,12.01
481.501,30.06,28.03,27.68,27.76,27.98,27.87,0.1311,12.02
482.001,30.06,28.03,27.68,27.76,27.98,27.87,0.1309,12.02
482.501,30.06,28.03,27.72,27.76,27.98,27.87,0.1308,12.02
483.001,30.06,28.03,27.72,27.76,27.98,27.87,0.1306,12.02
483.501,30.06,28.06,27.72,27.76,27.98,27.87,0.1304,12.02
484.001,30.06,28.06,27.72,27.76,27.98,27.87,0.1299,12.02
484.501,30.06,28.06,27.72,27.76,27.98,27.87,0.1295,12.01
485.001,30.06,28.06,27.72,27.76,27.98,27.87,0.1291,12.01
485.501,30.10,28.06,27.72,27.76,27.98,27.87,0.1286,12.01
486.001,30.10,28.06,27.72,27.76,27.98,27.87,0.1281,12.01
486.501,30.10,28.06,27.72,27.76,27.98,27.87,0.1277,12.00
487.001,30.10,28.06,27.72,27.76,27.98,27.87,0.1272,12.00
487.501,30.10,28.06,27.72,27.77,27.98,27.87,0.1267,12.00
488.001,30.10,28.06,27.72,27.77,27.98,27.87,0.1263,12.00
488.501,30.10,28.06,27.72,27.77,27.98,27.87,0.1258,11.99
489.001,30.10,28.06,27.72,27.77,27.98,27.87,0.1254,11.99
489.501,30.10,28.06,27.72,27.77,27.98,27.88,0.1249,11.99
490.001,30.06,28.06,27.72,27.77,27.98,27.88,0.1246,11.99
490.501,30.06,28.06,27.72,27.77,27.98,27.88,0.1242,11.99
491.001,30.06,28.06,27.72,27.77,27.98,27.88,0.1239,11.99
491.501,30.06,28.06,27.72,27.77,27.98,27.88,0.1236,11.99
492.001,30.06,28.06,27.72,27.77,27.98,27.88,0.1232,11.98
492.501,30.03,28.06,27.72,27.77,27.98,27.88,0.1230,11.98
493.001,30.03,28.06,27.72,27.77,27.98,27.88,0.1227,11.98
493.501,30.03,28.06,27.72,27.77,27.98,27.88,0.1225,11.98
494.001,30.03,28.06,27.72,27.77,27.98,27.88,0.1223,11.98
494.501,30.03,28.06,27.72,27.77,27.98,27.88,0.1221,11.98
495.001,29.99,28.06,27.72,27.77,27.98,27.88,0.1219,11.98
495.501,29.99,28.06,27.72,27.77,27.98,27.88,0.1218,11.99
496.001,29.99,28.06,27.72,27.77,27.98,27.88,0.1217,11.99
496.501,29.99,28.06,27.72,27.77,27.98,27.88,0.1216,11.99
497.001,29.99,28.06,27.72,27.77,27.98,27.88,0.1215,11.99
497.501,29.99,28.06,27.72,27.77,27.98,27.88,0.1214,11.99
498.001,29.96,28.06,27.72,27.78,27.98,27.88,0.1213,11.99
498.501,29.96,28.06,27.72,27.78,27.98,27.88,0.1213,11.99
499.001,29.96,28.06,27.72,27.78,27.98,27.88,0.1213,12.00
499.501,29.96,28.06,27.72,27.78,27.98,27.88,0.1213,12.00
500.001,29.96,28.06,27.72,27.78,27.98,27.88,0.1213,12.00
500.501,29.96,28.06,27.72,27.78,27.98,27.88,0.1213,12.00
501.001,29.96,28.06,27.72,27.78,27.98,27.88,0.1213,12.01
501.501,29.96,28.06,27.72,27.78,27.98,27.88,0.1213,12.01
502.001,29.96,28.06,27.72,27.78,27.98,27.88,0.1213,12.01
502.501,29.96,28.06,27.72,27.78,27.98,27.88,0.1213,12.01
503.001,29.96,28.03,27.72,27.78,27.98,27.88,0.1214,12.02
503.501,29.96,28.06,27.72,27.78,27.98,27.88,0.1216,12.02
504.001,29.96,28.03,27.72,27.78,27.98,27.88,0.1217,12.03
504.501,29.96,28.03,27.72,27.78,27.98,27.88,0.1220,12.03
505.001,29.96,28.03,27.72,27.78,27.98,27.88,0.1223,12.04
505.501,29.99,28.03,27.72,27.78,27.98,27.88,0.1226,12.04
506.001,29.99,28.03,27.72,27.78,27.98,27.88,0.1228,12.05
506.501,29.99,28.03,27.72,27.78,27.98,27.88,0.1230,12.05
507.001,29.99,28.03,27.72,27.78,27.98,27.88,0.1232,12.06
507.501,29.99,28.03,27.72,27.78,27.98,27.88,0.1234,12.06
508.001,29.99,28.03,27.75,27.78,27.98,27.88,0.1236,12.07
508.501,29.99,28.03,27.75,27.78,27.98,27.88,0.1237,12.07
509.001,30.03,28.06,27.75,27.78,27.98,27.88,0.1237,12.07
509.501,30.03,28.03,27.75,27.78,27.98,27.88,0.1237,12.07
510.001,30.03,28.03,27.72,27.78,27.98,27.88,0.1238,12.08
510.501,30.03,28.03,27.75,27.78,27.98,27.88,0.1239,12.08
511.001,30.03,28.03,27.75,27.78,27.98,27.88,0.1240,12.09
511.501,30.03,28.03,27.75,27.78,27.98,27.88,0.1241,12.09
512.001,30.03,28.03,27.72,27.78,27.98,27.88,0.1242,12.09
512.501,30.03,28.03,27.72,27.78,27.98,27.88,0.1243,12.10
513.001,30.03,28.03,27.72,27.78,27.98,27.88,0.1244,12.10
513.501,30.03,28.03,27.72,27.77,27.98,27.88,0.1244,12.10
514.001,30.03,28.03,27.72,27.77,27.98,27.88,0.1245,12.11
514.501,30.03,28.03,27.72,27.77,27.98,27.88,0.1246,12.11
515.001,30.03,28.03,27.72,27.77,27.98,27.88,0.1247,12.11
515.501,30.03,28.03,27.72,27.77,27.98,27.88,0.1248,12.12
516.001,30.03,28.03,27.72,27.77,27.98,27.88,0.1249,12.12
516.501,30.03,28.03,27.72,27.77,27.98,27.88,0.1249,12.12
517.001,30.03,28.03,27.72,27.77,27.98,27.87,0.1250,12.13
517.501,30.03,28.03,27.72,27.77,27.98,27.87,0.1251,12.13
518.001,30.03,28.03,27.72,27.77,27.98,27.87,0.1252,12.13
518.501,30.06,28.03,27.72,27.77,27.98,27.87,0.1252,12.14
519.001,30.06,28.03,27.72,27.77,27.98,27.87,0.1252,12.14
519.501,30.06,28.03,27.72,27.77,27.98,27.87,0.1252,12.14
520.001,30.06,28.03,27.72,27.77,27.98,27.87,0.1251,12.14
520.501,30.06,28.03,27.72,27.77,27.98,27.87,0.1251,12.15
521.001,30.06,28.03,27.72,27.77,27.98,27.87,0.1251,12.15
521.501,30.06,28.03,27.72,27.77,27.98,27.87,0.1251,12.15
522.001,30.06,28.03,27.72,27.77,27.98,27.87,0.1251,12.15
522.501,30.06,28.03,27.72,27.77,27.98,27.87,0.1250,12.15
523.001,30.06,28.03,27.72,27.77,27.98,27.87,0.1250,12.16
523.501,30.06,28.03,27.72,27.77,27.98,27.87,0.1250,12.16
524.001,30.06,28.03,27.72,27.77,27.98,27.88,0.1250,12.16
524.501,30.06,28.03,27.72,27.77,27.98,27.88,0.1250,12.16
525.001,30.06,28.03,27.72,27.77,27.98,27.88,0.1249,12.17
525.501,30.06,28.03,27.72,27.77,27.98,27.88,0.1249,12.17
526.001,30.06,28.03,27.72,27.77,27.98,27.88,0.1249,12.17
526.501,30.06,28.03,27.72,27.77,27.98,27.88,0.1249,12.17
527.001,30.06,28.06,27.72,27.77,27.98,27.88,0.1247,12.17
527.501,30.06,28.03,27.72,27.77,27.98,27.88,0.1245,12.17
528.001,30.06,28.06,27.72,27.77,27.98,27.88,0.1244,12.17
528.501,30.10,28.06,27.72,27.77,27.98,27.88,0.1240,12.17
529.001,30.10,28.06,27.72,27.77,27.98,27.88,0.1236,12.17
529.501,30.10,28.06,27.72,27.77,27.98,27.88,0.1232,12.17
530.001,30.10,28.06,27.72,27.77,27.98,27.88,0.1228,12.17
530.501,30.10,28.06,27.72,27.77,27.98,27.88,0.1225,12.17
531.001,30.10,28.06,27.72,27.77,27.98,27.88,0.1221,12.16
531.501,30.10,28.06,27.72,27.77,27.98,27.88,0.1217,12.16
532.001,30.10,28.06,27.72,27.78,27.98,27.88,0.1214,12.16
532.501,30.10,28.06,27.72,27.78,27.98,27.88,0.1210,12.16
533.001,30.10,28.06,27.72,27.78,27.98,27.88,0.1207,12.16
533.501,30.10,28.06,27.72,27.78,27.98,27.88,0.1203,12.16
534.001,30.10,28.06,27.72,27.78,27.98,27.88,0.1200,12.16
534.501,30.10,28.06,27.72,27.78,27.98,27.88,0.1197,12.15
535.001,30.10,28.06,27.72,27.78,27.98,27.88,0.1193,12.15
535.501,30.10,28.06,27.72,27.78,27.98,27.88,0.1190,12.15
536.001,30.10,28.06,27.72,27.78,27.98,27.88,0.1187,12.15
536.501,30.10,28.06,27.72,27.78,27.98,27.88,0.1184,12.15
537.001,30.10,28.06,27.72,27.78,27.99,27.88,0.1181,12.15
537.501,30.10,28.06,27.72,27.78,27.99,27.88,0.1178,12.15
538.001,30.10,28.06,27.72,27.78,27.99,27.88,0.1175,12.15
538.501,30.10,28.06,27.72,27.78,27.99,27.88,0.1172,12.15
539.001,30.10,28.06,27.72,27.78,27.99,27.88,0.1169,12.15
539.501,30.10,28.06,27.72,27.78,27.99,27.88,0.1166,12.15
540.001,30.10,28.06,27.72,27.78,27.99,27.88,0.1163,12.14
540.501,30.10,28.06,27.72,27.78,27.99,27.88,0.1160,12.14
541.001,30.10,28.06,27.72,27.78,27.99,27.88,0.1157,12.14
541.501,30.10,28.06,27.72,27.78,27.99,27.88,0.1155,12.14
542.001,30.10,28.06,27.72,27.78,27.99,27.88,0.1152,12.14
542.501,30.10,28.06,27.72,27.78,27.99,27.89,0.1149,12.14
543.001,30.10,28.06,27.72,27.78,27.99,27.89,0.1147,12.14
543.501,30.10,28.06,27.72,27.78,27.99,27.89,0.1144,12.14
544.001,30.10,28.06,27.72,27.78,27.99,27.89,0.1142,12.14
544.501,30.10,28.06,27.72,27.78,27.99,27.89,0.1139,12.14
545.001,30.10,28.06,27.72,27.78,27.99,27.89,0.1137,12.14
545.501,30.10,28.06,27.72,27.78,27.99,27.89,0.1134,12.14
546.001,30.10,28.06,27.72,27.78,27.99,27.89,0.1132,12.14
546.501,30.10,28.06,27.72,27.78,27.99,27.89,0.1129,12.14
547.001,30.10,28.06,27.72,27.78,27.99,27.89,0.1127,12.14
547.501,30.10,28.06,27.72,27.78,27.99,27.89,0.1125,12.14
548.001,30.10,28.06,27.72,27.78,27.99,27.89,0.1122,12.14
548.501,30.10,28.06,27.72,27.78,27.99,27.89,0.1120,12.14
549.001,30.10,28.06,27.72,27.78,27.99,27.89,0.1118,12.14
549.501,30.10,28.06,27.72,27.79,27.99,27.89,0.1116,12.14
550.001,30.10,28.06,27.72,27.79,27.99,27.89,0.1113,12.14
550.501,30.10,28.06,27.72,27.79,27.99,27.89,0.1111,12.14
551.001,30.10,28.06,27.72,27.79,27.99,27.89,0.1109,12.14
551.501,30.10,28.06,27.72,27.79,27.99,27.89,0.1107,12.14
552.001,30.10,28.06,27.72,27.79,27.99,27.89,0.1105,12.14
552.501,30.10,28.06,27.72,27.79,27.99,27.89,0.1103,12.14
553.001,30.10,28.06,27.72,27.79,27.99,27.89,0.1101,12.14
553.501,30.10,28.06,27.72,27.79,27.99,27.89,0.1099,12.14
554.001,30.10,28.06,27.72,27.79,27.99,27.89,0.1097,12.14
554.501,30.10,28.06,27.72,27.79,27.99,27.89,0.1095,12.14
555.001,30.10,28.06,27.72,27.79,27.99,27.89,0.1093,12.14
555.501,30.10,28.06,27.72,27.79,27.99,27.89,0.1091,12.14
556.001,30.10,28.06,27.72,27.79,27.99,27.89,0.1090,12.14
556.501,30.10,28.06,27.72,27.79,27.99,27.89,0.1088,12.14
557.001,30.10,28.06,27.72,27.79,28.00,27.89,0.1086,12.14
557.501,30.10,28.06,27.72,27.79,28.00,27.89,0.1084,12.14
558.001,30.10,28.06,27.72,27.79,28.00,27.89,0.1082,12.14
558.501,30.10,28.06,27.72,27.79,28.00,27.89,0.1081,12.14
559.001,30.10,28.06,27.72,27.79,28.00,27.89,0.1079,12.14
559.501,30.10,28.06,27.72,27.79,28.00,27.89,0.1077,12.14
560.001,30.10,28.06,27.72,27.79,28.00,27.89,0.1075,12.14
560.501,30.10,28.06,27.72,27.79,28.00,27.89,0.1074,12.14
561.001,30.10,28.06,27.72,27.79,28.00,27.89,0.1072,12.14
561.501,30.10,28.06,27.72,27.79,28.00,27.89,0.1071,12.14
562.001,30.10,28.06,27.72,27.79,28.00,27.89,0.1069,12.14
562.501,30.10,28.06,27.72,27.79,28.00,27.89,0.1067,12.14
563.001,30.10,28.06,27.72,27.79,28.00,27.89,0.1066,12.14
563.501,30.10,28.06,27.72,27.79,28.00,27.89,0.1064,12.14
564.001,30.10,28.06,27.72,27.79,28.00,27.89,0.1063,12.14
564.501,30.10,28.06,27.72,27.79,28.00,27.89,0.1061,12.14
565.001,30.10,28.06,27.72,27.79,28.00,27.89,0.1060,12.14
565.501,30.10,28.06,27.72,27.79,28.00,27.89,0.1058,12.14
566.001,30.10,28.06,27.72,27.79,28.00,27.89,0.1057,12.14
566.501,30.10,28.06,27.72,27.79,28.00,27.89,0.1055,12.14
567.001,30.10,28.06,27.72,27.79,28.00,27.89,0.1054,12.15
567.501,30.10,28.06,27.72,27.79,28.00,27.89,0.1053,12.15
568.001,30.13,28.06,27.72,27.79,28.00,27.89,0.1051,12.15
568.501,30.13,28.06,27.72,27.79,28.00,27.90,0.1049,12.15
569.001,30.13,28.06,27.72,27.79,28.00,27.90,0.1046,12.15
569.501,30.13,28.06,27.72,27.79,28.00,27.90,0.1044,12.14
570.001,30.13,28.06,27.72,27.79,28.00,27.90,0.1042,12.14
570.501,30.13,28.06,27.72,27.79,28.00,27.90,0.1040,12.14
571.001,30.13,28.06,27.72,27.79,28.00,27.90,0.1038,12.14
571.501,30.13,28.06,27.72,27.79,28.00,27.90,0.1036,12.14
572.001,30.13,28.06,27.72,27.79,28.00,27.90,0.1034,12.14
572.501,30.13,28.06,27.72,27.79,28.00,27.90,0.1032,12.14
573.001,30.10,28.06,27.72,27.79,28.00,27.90,0.1030,12.14
573.501,30.10,28.06,27.72,27.79,28.00,27.90,0.1029,12.14
574.001,30.10,28.06,27.72,27.79,28.00,27.90,0.1028,12.15
574.501,30.10,28.06,27.72,27.79,28.00,27.90,0.1027,12.15
575.001,30.10,28.06,27.72,27.79,28.00,27.90,0.1025,12.15
575.501,30.10,28.06,27.72,27.79,28.00,27.90,0.1024,12.15
576.001,30.10,28.06,27.72,27.79,28.00,27.90,0.1023,12.15
576.501,30.13,28.06,27.72,27.79,28.00,27.90,0.1022,12.15
577.001,30.13,28.06,27.72,27.79,28.00,27.90,0.1020,12.15
577.501,30.13,28.06,27.72,27.79,28.00,27.90,0.1018,12.15
578.001,30.13,28.06,27.72,27.79,28.00,27.90,0.1016,12.15
578.501,30.13,28.06,27.72,27.79,28.01,27.90,0.1014,12.15
579.001,30.13,28.06,27.72,27.79,28.01,27.90,0.1012,12.15
579.501,30.13,28.06,27.72,27.79,28.01,27.90,0.1011,12.15
580.001,30.13,28.06,27.72,27.79,28.01,27.90,0.1009,12.15
580.501,30.13,28.06,27.72,27.79,28.01,27.90,0.1007,12.15
581.001,30.13,28.06,27.72,27.79,28.01,27.90,0.1005,12.15
581.501,30.13,28.06,27.72,27.79,28.01,27.90,0.1003,12.15
582.001,30.13,28.06,27.72,27.79,28.01,27.90,0.1002,12.15
582.501,30.13,28.06,27.72,27.79,28.01,27.90,0.1000,12.15
583.001,30.13,28.06,27.72,27.79,28.01,27.90,0.0998,12.15
583.501,30.13,28.06,27.72,27.79,28.01,27.90,0.0997,12.15
584.001,30.13,28.06,27.72,27.79,28.01,27.90,0.0995,12.15
584.501,30.13,28.06,27.72,27.79,28.01,27.90,0.0993,12.15
585.001,30.13,28.06,27.72,27.79,28.01,27.90,0.0992,12.15
585.501,30.13,28.06,27.72,27.79,28.01,27.90,0.0990,12.15
586.001,30.13,28.06,27.72,27.79,28.01,27.90,0.0988,12.15
586.501,30.13,28.06,27.72,27.79,28.01,27.90,0.0987,12.15
587.001,30.13,28.06,27.72,27.79,28.01,27.90,0.0985,12.15
587.501,30.13,28.06,27.72,27.79,28.01,27.90,0.0984,12.15
588.001,30.13,28.06,27.72,27.79,28.01,27.90,0.0982,12.15
588.501,30.13,28.06,27.72,27.79,28.01,27.90,0.0981,12.15
589.001,30.13,28.06,27.72,27.79,28.01,27.90,0.0979,12.15
589.501,30.13,28.06,27.72,27.79,28.01,27.90,0.0978,12.15
590.001,30.13,28.06,27.72,27.79,28.01,27.90,0.0976,12.15
590.501,30.13,28.06,27.72,27.79,28.01,27.90,0.0975,12.15
591.001,30.13,28.06,27.72,27.79,28.01,27.90,0.0973,12.15
591.501,30.13,28.06,27.72,27.79,28.01,27.90,0.0972,12.15
592.001,30.13,28.06,27.72,27.79,28.01,27.90,0.0970,12.16
592.501,30.13,28.06,27.72,27.79,28.01,27.90,0.0969,12.16
593.001,30.13,28.06,27.72,27.79,28.01,27.90,0.0967,12.16
593.501,30.13,28.06,27.72,27.79,28.01,27.90,0.0966,12.16
594.001,30.13,28.06,27.72,27.79,28.01,27.90,0.0964,12.16
594.501,30.13,28.06,27.72,27.79,28.01,27.90,0.0963,12.16
595.001,30.13,28.06,27.72,27.79,28.01,27.90,0.0962,12.16
595.501,30.13,28.06,27.72,27.79,28.01,27.90,0.0960,12.16
596.001,30.13,28.06,27.72,27.79,28.01,27.90,0.0959,12.16
596.501,30.13,28.06,27.72,27.79,28.02,27.90,0.0958,12.16
597.001,30.13,28.06,27.72,27.79,28.02,27.90,0.0956,12.16
597.501,30.13,28.06,27.72,27.79,28.02,27.90,0.0955,12.16
598.001,30.13,28.06,27.72,27.79,28.02,27.90,0.0954,12.16
598.501,30.13,28.06,27.72,27.79,28.02,27.90,0.0952,12.16
599.001,30.13,28.06,27.72,27.79,28.02,27.90,0.0951,12.16
599.501,30.13,28.06,27.72,27.79,28.02,27.91,0.0950,12.16
600.001,30.13,28.06,27.72,27.79,28.02,27.91,0.0949,12.16
600.501,30.13,28.06,27.72,27.79,28.02,27.91,0.0947,12.16
601.001,30.13,28.06,27.72,27.79,28.02,27.91,0.0946,12.16
601.501,30.13,28.06,27.72,27.79,28.02,27.91,0.0945,12.16
602.001,30.13,28.06,27.72,27.79,28.02,27.91,0.0944,12.16
602.501,30.13,28.06,27.72,27.79,28.02,27.91,0.0943,12.17
603.001,30.13,28.06,27.72,27.79,28.02,27.91,0.0941,12.17
603.501,30.10,28.06,27.72,27.79,28.02,27.91,0.0941,12.17
604.001,30.10,28.06,27.72,27.79,28.02,27.91,0.0940,12.17
604.501,30.10,28.06,27.72,27.79,28.02,27.91,0.0940,12.17
605.001,30.10,28.06,27.72,27.79,28.02,27.91,0.0940,12.17
605.501,30.10,28.06,27.72,27.79,28.02,27.91,0.0939,12.17
606.001,30.10,28.06,27.72,27.79,28.02,27.91,0.0939,12.17
606.501,30.10,28.06,27.72,27.79,28.02,27.91,0.0939,12.18
607.001,30.10,28.06,27.72,27.79,28.02,27.91,0.0938,12.18
607.501,30.10,28.06,27.72,27.79,28.02,27.91,0.0938,12.18
608.001,30.10,28.06,27.72,27.79,28.02,27.91,0.0938,12.18
608.501,30.10,28.06,27.72,27.79,28.02,27.91,0.0938,12.18
609.001,30.10,28.06,27.72,27.79,28.02,27.91,0.0937,12.18
609.501,30.10,28.06,27.72,27.79,28.02,27.91,0.0937,12.19
610.001,30.13,28.06,27.72,27.79,28.02,27.91,0.0936,12.19
610.501,30.13,28.06,27.72,27.79,28.02,27.91,0.0935,12.19
611.001,30.13,28.06,27.72,27.79,28.02,27.91,0.0934,12.19
611.501,30.13,28.06,27.72,27.79,28.02,27.91,0.0933,12.19
612.001,30.13,28.06,27.72,27.79,28.02,27.91,0.0932,12.19
612.501,30.13,28.06,27.72,27.79,28.02,27.91,0.0931,12.19
613.001,30.13,28.06,27.72,27.79,28.02,27.91,0.0930,12.19
613.501,30.13,28.06,27.72,27.79,28.02,27.91,0.0929,12.19
614.001,30.13,28.06,27.72,27.79,28.02,27.91,0.0927,12.19
614.501,30.13,28.06,27.72,27.79,28.02,27.91,0.0926,12.19
615.001,30.13,28.06,27.72,27.79,28.02,27.91,0.0925,12.19
615.501,30.13,28.06,27.72,27.79,28.02,27.91,0.0924,12.19
616.001,30.13,28.06,27.72,27.79,28.02,27.91,0.0923,12.20
616.501,30.13,28.06,27.72,27.79,28.02,27.91,0.0922,12.20
617.001,30.13,28.06,27.72,27.79,28.02,27.91,0.0921,12.20
617.501,30.13,28.06,27.72,27.79,28.02,27.91,0.0920,12.20
618.001,30.13,28.06,27.72,27.79,28.02,27.91,0.0919,12.20
618.501,30.13,28.06,27.72,27.79,28.02,27.91,0.0918,12.20
619.001,30.13,28.06,27.72,27.79,28.02,27.91,0.0917,12.20
619.501,30.13,28.06,27.72,27.79,28.02,27.91,0.0916,12.20
620.001,30.13,28.06,27.72,27.79,28.02,27.91,0.0915,12.20
620.501,30.13,28.06,27.72,27.79,28.02,27.91,0.0914,12.20
621.001,30.13,28.06,27.72,27.79,28.02,27.91,0.0914,12.20
621.501,30.13,28.06,27.72,27.79,28.02,27.91,0.0913,12.20
622.001,30.13,28.06,27.72,27.79,28.02,27.91,0.0912,12.20
622.501,30.13,28.06,27.72,27.79,28.02,27.91,0.0911,12.21
623.001,30.13,28.06,27.72,27.79,28.02,27.91,0.0910,12.21
623.501,30.13,28.06,27.72,27.79,28.02,27.91,0.0909,12.21
624.001,30.13,28.06,27.72,27.79,28.02,27.91,0.0908,12.21
624.501,30.13,28.06,27.72,27.79,28.02,27.91,0.0907,12.21
625.001,30.13,28.06,27.72,27.79,28.02,27.91,0.0906,12.21
625.501,30.13,28.06,27.72,27.79,28.02,27.91,0.0905,12.21
626.001,30.13,28.06,27.72,27.79,28.02,27.91,0.0904,12.21
626.501,30.13,28.06,27.72,27.79,28.02,27.91,0.0904,12.21
627.001,30.13,28.06,27.72,27.79,28.02,27.91,0.0903,12.21
627.501,30.13,28.06,27.72,27.79,28.03,27.91,0.0902,12.21
628.001,30.13,28.06,27.72,27.79,28.03,27.91,0.0901,12.21
628.501,30.13,28.06,27.72,27.79,28.03,27.91,0.0900,12.22
629.001,30.17,28.06,27.72,27.79,28.03,27.91,0.0899,12.22
629.501,30.17,28.06,27.72,27.79,28.03,27.91,0.0897,12.22
630.001,30.17,28.06,27.72,27.79,28.03,27.91,0.0896,12.22
630.501,30.17,28.06,27.72,27.79,28.03,27.91,0.0894,12.22
631.001,30.17,28.06,27.72,27.79,28.03,27.91,0.0892,12.22
631.501,30.17,28.10,27.72,27.79,28.03,27.91,0.0889,12.21
632.001,30.13,28.10,27.72,27.80,28.03,27.91,0.0885,12.21
632.501,30.17,28.10,27.72,27.80,28.03,27.91,0.0881,12.21
633.001,30.17,28.10,27.72,27.80,28.03,27.91,0.0877,12.21
633.501,30.17,28.10,27.72,27.80,28.03,27.91,0.0873,12.20
634.001,30.17,28.10,27.72,27.80,28.03,27.91,0.0868,12.20
634.501,30.17,28.10,27.72,27.80,28.03,27.91,0.0864,12.20
635.001,30.17,28.10,27.75,27.80,28.03,27.91,0.0860,12.19
635.501,30.17,28.10,27.75,27.80,28.03,27.91,0.0856,12.19
636.001,30.17,28.10,27.75,27.80,28.03,27.91,0.0852,12.19
636.501,30.17,28.10,27.72,27.80,28.03,27.92,0.0848,12.19
637.001,30.17,28.10,27.72,27.80,28.03,27.92,0.0844,12.18
637.501,30.17,28.10,27.72,27.80,28.03,27.92,0.0840,12.18
638.001,30.17,28.10,27.72,27.80,28.03,27.92,0.0837,12.18
638.501,30.17,28.10,27.72,27.80,28.03,27.92,0.0833,12.18
639.001,30.17,28.10,27.72,27.80,28.03,27.92,0.0829,12.18
639.501,30.17,28.10,27.72,27.80,28.03,27.92,0.0826,12.17
640.001,30.13,28.10,27.72,27.80,28.03,27.92,0.0823,12.17
640.501,30.17,28.10,27.72,27.80,28.03,27.92,0.0820,12.17
641.001,30.17,28.10,27.72,27.80,28.03,27.92,0.0816,12.17
641.501,30.17,28.10,27.72,27.80,28.03,27.92,0.0813,12.17
642.001,30.17,28.10,27.72,27.81,28.03,27.92,0.0809,12.16
642.501,30.17,28.10,27.72,27.81,28.03,27.92,0.0806,12.16
643.001,30.13,28.10,27.72,27.81,28.03,27.92,0.0803,12.16
643.501,30.17,28.10,27.72,27.81,28.03,27.92,0.0801,12.16
644.001,30.17,28.10,27.72,27.81,28.03,27.92,0.0797,12.16
644.501,30.17,28.10,27.72,27.81,28.03,27.92,0.0794,12.16
645.001,30.17,28.13,27.72,27.81,28.03,27.92,0.0790,12.15
645.501,30.17,28.10,27.72,27.81,28.03,27.92,0.0785,12.15
646.001,30.17,28.10,27.72,27.81,28.04,27.92,0.0782,12.15
646.501,30.17,28.13,27.72,27.81,28.04,27.92,0.0778,12.14
647.001,30.17,28.13,27.72,27.81,28.04,27.92,0.0772,12.14
647.501,30.17,28.13,27.72,27.81,28.04,27.92,0.0767,12.13
648.001,30.20,28.13,27.72,27.81,28.04,27.92,0.0761,12.13
648.501,30.20,28.13,27.72,27.81,28.04,27.92,0.0755,12.12
649.001,30.20,28.13,27.72,27.81,28.04,27.93,0.0748,12.12
649.501,30.17,28.13,27.72,27.81,28.04,27.93,0.0743,12.11
650.001,30.20,28.13,27.75,27.81,28.04,27.93,0.0737,12.11
650.501,30.20,28.13,27.75,27.82,28.04,27.93,0.0731,12.10
651.001,30.20,28.13,27.75,27.82,28.04,27.93,0.0725,12.10
651.501,30.20,28.13,27.75,27.82,28.04,27.93,0.0720,12.10
652.001,30.20,28.13,27.75,27.82,28.04,27.93,0.0714,12.09
652.501,30.20,28.13,27.75,27.82,28.04,27.93,0.0709,12.09
653.001,30.20,28.13,27.75,27.82,28.04,27.93,0.0703,12.08
653.501,30.20,28.13,27.75,27.82,28.04,27.93,0.0698,12.08
654.001,30.20,28.13,27.75,27.82,28.04,27.93,0.0692,12.07
654.501,30.20,28.13,27.75,27.82,28.04,27.93,0.0687,12.07
655.001,30.20,28.13,27.75,27.82,28.04,27.93,0.0682,12.06
655.501,30.20,28.13,27.75,27.82,28.04,27.93,0.0677,12.06
656.001,30.20,28.13,27.75,27.82,28.04,27.93,0.0672,12.06
656.501,30.20,28.13,27.75,27.82,28.04,27.93,0.0667,12.05
657.001,30.20,28.10,27.75,27.82,28.04,27.93,0.0664,12.05
657.501,30.20,28.13,27.75,27.82,28.04,27.93,0.0661,12.05
658.001,30.20,28.13,27.75,27.83,28.04,27.93,0.0656,12.04
658.501,30.20,28.13,27.72,27.83,28.04,27.93,0.0651,12.04
659.001,30.17,28.13,27.75,27.83,28.04,27.94,0.0647,12.04
659.501,30.17,28.13,27.75,27.83,28.04,27.94,0.0643,12.03
660.001,30.17,28.13,27.75,27.83,28.04,27.94,0.0640,12.03
660.501,30.17,28.13,27.75,27.83,28.04,27.94,0.0636,12.03
661.001,30.17,28.13,27.75,27.83,28.05,27.94,0.0633,12.03
661.501,30.17,28.13,27.75,27.83,28.05,27.94,0.0629,12.02
662.001,30.17,28.13,27.75,27.83,28.05,27.94,0.0626,12.02
662.501,30.17,28.13,27.75,27.83,28.05,27.94,0.0622,12.02
663.001,30.20,28.13,27.75,27.83,28.05,27.94,0.0619,12.02
663.501,30.20,28.13,27.75,27.83,28.05,27.94,0.0615,12.01
664.001,30.20,28.13,27.75,27.83,28.05,27.94,0.0611,12.01
664.501,30.20,28.13,27.75,27.83,28.05,27.94,0.0607,12.01
665.001,30.20,28.13,27.75,27.83,28.05,27.94,0.0603,12.00
665.501,30.20,28.13,27.75,27.83,28.05,27.94,0.0599,12.00
666.001,30.20,28.13,27.75,27.83,28.05,27.94,0.0595,12.00
666.501,30.20,28.13,27.75,27.83,28.05,27.94,0.0592,12.00
667.001,30.20,28.13,27.75,27.83,28.05,27.94,0.0588,11.99
667.501,30.17,28.13,27.75,27.83,28.05,27.94,0.0585,11.99
668.001,30.17,28.13,27.75,27.83,28.05,27.94,0.0582,11.99
668.501,30.17,28.13,27.75,27.84,28.05,27.94,0.0579,11.99
669.001,30.17,28.13,27.75,27.84,28.05,27.94,0.0577,11.99
669.501,30.17,28.13,27.75,27.84,28.05,27.94,0.0574,11.98
670.001,30.13,28.13,27.75,27.84,28.05,27.94,0.0572,11.98
670.501,30.13,28.13,27.75,27.84,28.05,27.94,0.0570,11.98
671.001,30.13,28.13,27.75,27.84,28.05,27.94,0.0569,11.98
671.501,30.13,28.13,27.75,27.84,28.05,27.94,0.0567,11.98
672.001,30.13,28.13,27.79,27.84,28.05,27.94,0.0566,11.98
672.501,30.10,28.13,27.79,27.84,28.05,27.94,0.0564,11.98
673.001,30.10,28.13,27.75,27.84,28.05,27.94,0.0564,11.98
673.501,30.10,28.13,27.79,27.84,28.05,27.94,0.0563,11.98
674.001,30.10,28.13,27.75,27.84,28.05,27.94,0.0563,11.98
674.501,30.10,28.13,27.79,27.84,28.05,27.94,0.0562,11.98
675.001,30.06,28.13,27.79,27.84,28.05,27.94,0.0562,11.98
675.501,30.06,28.13,27.79,27.84,28.05,27.94,0.0562,11.98
676.001,30.06,28.13,27.75,27.84,28.05,27.94,0.0562,11.99
676.501,30.06,28.13,27.79,27.84,28.05,27.94,0.0563,11.99
677.001,30.03,28.13,27.79,27.84,28.05,27.94,0.0564,11.99
677.501,30.03,28.13,27.79,27.84,28.05,27.94,0.0565,11.99
678.001,30.03,28.13,27.79,27.84,28.05,27.94,0.0566,11.99
678.501,30.03,28.13,27.79,27.84,28.05,27.94,0.0567,12.00
679.001,30.03,28.13,27.79,27.84,28.04,27.94,0.0568,12.00
679.501,30.03,28.13,27.79,27.84,28.04,27.94,0.0570,12.00
680.001,30.03,28.13,27.75,27.84,28.04,27.94,0.0571,12.00
680.501,30.03,28.13,27.75,27.84,28.04,27.94,0.0572,12.01
681.001,30.03,28.13,27.75,27.84,28.04,27.94,0.0573,12.01
681.501,30.03,28.13,27.75,27.84,28.04,27.94,0.0575,12.01
682.001,30.03,28.13,27.75,27.84,28.04,27.94,0.0576,12.01
682.501,30.03,28.10,27.75,27.84,28.04,27.94,0.0579,12.02
683.001,30.03,28.10,27.75,27.84,28.04,27.94,0.0583,12.02
683.501,30.03,28.10,27.75,27.84,28.04,27.94,0.0587,12.03
684.001,30.03,28.10,27.75,27.84,28.04,27.94,0.0591,12.03
684.501,30.03,28.10,27.75,27.84,28.04,27.94,0.0595,12.04
685.001,30.03,28.10,27.75,27.84,28.04,27.94,0.0599,12.05
685.501,30.03,28.10,27.75,27.84,28.04,27.94,0.0603,12.05
686.001,30.03,28.10,27.75,27.84,28.04,27.94,0.0607,12.06
686.501,30.03,28.10,27.75,27.84,28.04,27.94,0.0610,12.06
687.001,30.06,28.10,27.75,27.84,28.04,27.94,0.0614,12.07
687.501,30.06,28.10,27.75,27.84,28.04,27.94,0.0617,12.07
688.001,30.06,28.10,27.75,27.84,28.04,27.94,0.0620,12.08
688.501,30.06,28.10,27.75,27.84,28.04,27.94,0.0622,12.08
689.001,30.06,28.10,27.75,27.84,28.04,27.94,0.0625,12.08
689.501,30.06,28.10,27.75,27.84,28.04,27.94,0.0628,12.09
690.001,30.06,28.10,27.75,27.84,28.04,27.94,0.0630,12.09
690.501,30.06,28.10,27.75,27.84,28.04,27.94,0.0633,12.10
691.001,30.06,28.10,27.75,27.84,28.04,27.94,0.0636,12.10
691.501,30.06,28.10,27.75,27.84,28.04,27.94,0.0638,12.10
692.001,30.10,28.10,27.75,27.84,28.03,27.94,0.0640,12.11
692.501,30.10,28.10,27.75,27.84,28.03,27.94,0.0642,12.11
693.001,30.10,28.10,27.75,27.84,28.03,27.94,0.0644,12.11
693.501,30.10,28.10,27.75,27.84,28.03,27.94,0.0645,12.12
694.001,30.10,28.10,27.75,27.84,28.03,27.94,0.0647,12.12
694.501,30.10,28.10,27.75,27.84,28.03,27.94,0.0648,12.12
695.001,30.13,28.10,27.75,27.84,28.03,27.94,0.0650,12.13
695.501,30.13,28.10,27.75,27.84,28.03,27.93,0.0650,12.13
696.001,30.13,28.10,27.75,27.84,28.03,27.93,0.0651,12.13
696.501,30.13,28.10,27.75,27.83,28.03,27.93,0.0652,12.13
697.001,30.17,28.10,27.75,27.83,28.04,27.93,0.0652,12.13
697.501,30.13,28.10,27.75,27.83,28.04,27.93,0.0652,12.13
698.001,30.17,28.10,27.75,27.83,28.04,27.93,0.0652,12.14
698.501,30.13,28.10,27.75,27.83,28.04,27.93,0.0652,12.14
699.001,30.17,28.10,27.75,27.83,28.04,27.93,0.0652,12.14
699.501,30.17,28.10,27.75,27.83,28.04,27.93,0.0652,12.14
700.001,30.17,28.10,27.75,27.83,28.04,27.93,0.0652,12.14
700.501,30.17,28.10,27.75,27.83,28.04,27.93,0.0651,12.14
701.001,30.17,28.10,27.75,27.83,28.04,27.93,0.0651,12.14
701.501,30.17,28.10,27.75,27.83,28.04,27.93,0.0651,12.14
702.001,30.17,28.10,27.75,27.83,28.04,27.93,0.0650,12.14
702.501,30.17,28.10,27.75,27.83,28.04,27.93,0.0650,12.15
703.001,30.17,28.10,27.75,27.83,28.04,27.94,0.0650,12.15
703.501,30.17,28.10,27.75,27.83,28.04,27.94,0.0649,12.15
704.001,30.17,28.10,27.75,27.83,28.04,27.94,0.0649,12.15
704.501,30.17,28.10,27.75,27.83,28.04,27.94,0.0649,12.15
705.001,30.17,28.10,27.75,27.83,28.04,27.94,0.0648,12.15
705.501,30.17,28.13,27.75,27.83,28.04,27.94,0.0646,12.15
706.001,30.17,28.13,27.75,27.83,28.04,27.94,0.0643,12.15
706.501,30.20,28.13,27.75,27.83,28.04,27.94,0.0639,12.14
707.001,30.20,28.13,27.75,27.83,28.04,27.94,0.0635,12.14
707.501,30.20,28.13,27.79,27.83,28.04,27.94,0.0631,12.14
708.001,30.20,28.13,27.79,27.83,28.04,27.94,0.0627,12.14
708.501,30.20,28.13,27.79,27.83,28.04,27.94,0.0623,12.13
709.001,30.20,28.13,27.79,27.83,28.04,27.94,0.0620,12.13
709.501,30.20,28.13,27.79,27.84,28.04,27.94,0.0616,12.13
710.001,30.20,28.13,27.79,27.84,28.04,27.94,0.0612,12.12
710.501,30.20,28.13,27.79,27.84,28.04,27.94,0.0608,12.12
711.001,30.20,28.13,27.79,27.84,28.04,27.94,0.0605,12.12
711.501,30.20,28.13,27.79,27.84,28.04,27.94,0.0601,12.12
712.001,30.20,28.13,27.79,27.84,28.04,27.94,0.0598,12.11
712.501,30.20,28.13,27.79,27.84,28.04,27.94,0.0594,12.11
713.001,30.20,28.13,27.79,27.84,28.04,27.94,0.0591,12.11
713.501,30.20,28.13,27.79,27.84,28.04,27.94,0.0587,12.11
714.001,30.20,28.13,27.79,27.84,28.04,27.94,0.0584,12.10
714.501,30.20,28.13,27.79,27.84,28.05,27.94,0.0581,12.10
715.001,30.20,28.13,27.79,27.84,28.05,27.94,0.0577,12.10
715.501,30.20,28.13,27.79,27.84,28.05,27.94,0.0574,12.10
716.001,30.20,28.13,27.79,27.84,28.05,27.94,0.0571,12.09
716.501,30.20,28.13,27.79,27.84,28.05,27.94,0.0568,12.09
717.001,30.20,28.13,27.79,27.84,28.05,27.94,0.0565,12.09
717.501,30.20,28.13,27.79,27.84,28.05,27.94,0.0562,12.09
718.001,30.20,28.13,27.79,27.84,28.05,27.94,0.0559,12.08
718.501,30.20,28.13,27.79,27.84,28.05,27.94,0.0556,12.08
719.001,30.24,28.13,27.79,27.84,28.05,27.94,0.0552,12.08
719.501,30.24,28.13,27.79,27.84,28.05,27.95,0.0549,12.08
720.001,30.24,28.13,27.79,27.84,28.05,27.95,0.0545,12.07
720.501,30.24,28.13,27.79,27.84,28.05,27.95,0.0541,12.07
721.001,30.20,28.13,27.79,27.84,28.05,27.95,0.0538,12.07
721.501,30.24,28.13,27.79,27.84,28.05,27.95,0.0535,12.07
722.001,30.20,28.13,27.79,27.84,28.05,27.95,0.0532,12.06
722.501,30.20,28.13,27.79,27.84,28.05,27.95,0.0529,12.06
723.001,30.20,28.13,27.79,27.84,28.05,27.95,0.0527,12.06
723.501,30.20,28.13,27.79,27.84,28.05,27.95,0.0524,12.06
724.001,30.20,28.13,27.79,27.84,28.05,27.95,0.0522,12.06
724.501,30.20,28.13,27.79,27.84,28.05,27.95,0.0519,12.06
725.001,30.20,28.13,27.79,27.84,28.05,27.95,0.0517,12.05
725.501,30.17,28.13,27.79,27.84,28.05,27.95,0.0515,12.05
726.001,30.17,28.13,27.79,27.84,28.05,27.95,0.0513,12.05
726.501,30.17,28.13,27.79,27.84,28.05,27.95,0.0511,12.05
727.001,30.17,28.13,27.79,27.84,28.05,27.95,0.0510,12.05
727.501,30.17,28.13,27.79,27.84,28.05,27.95,0.0508,12.05
728.001,30.17,28.13,27.79,27.84,28.05,27.95,0.0507,12.05
728.501,30.17,28.13,27.79,27.85,28.05,27.95,0.0505,12.05
729.001,30.17,28.13,27.79,27.85,28.05,27.95,0.0504,12.05
729.501,30.17,28.13,27.79,27.85,28.05,27.95,0.0503,12.05
730.001,30.17,28.13,27.79,27.85,28.05,27.95,0.0501,12.05
730.501,30.17,28.13,27.79,27.85,28.05,27.95,0.0500,12.05
731.001,30.17,28.13,27.79,27.85,28.05,27.95,0.0498,12.05
731.501,30.17,28.13,27.79,27.85,28.05,27.95,0.0497,12.05
732.001,30.17,28.13,27.79,27.85,28.05,27.95,0.0496,12.05
732.501,30.17,28.13,27.79,27.85,28.05,27.95,0.0494,12.05
733.001,30.17,28.13,27.79,27.85,28.05,27.95,0.0493,12.04
733.501,30.17,28.13,27.79,27.85,28.05,27.95,0.0492,12.04
734.001,30.17,28.13,27.79,27.85,28.06,27.95,0.0491,12.04
734.501,30.17,28.13,27.79,27.85,28.06,27.95,0.0489,12.04
735.001,30.17,28.13,27.82,27.85,28.06,27.95,0.0488,12.04
735.501,30.17,28.13,27.82,27.85,28.06,27.95,0.0487,12.04
736.001,30.17,28.13,27.82,27.85,28.06,27.95,0.0486,12.04
736.501,30.17,28.13,27.82,27.85,28.06,27.95,0.0485,12.04
737.001,30.17,28.13,27.82,27.85,28.06,27.95,0.0484,12.04
737.501,30.17,28.13,27.82,27.85,28.06,27.95,0.0482,12.04
738.001,30.17,28.13,27.82,27.85,28.06,27.95,0.0481,12.04
738.501,30.17,28.13,27.82,27.85,28.06,27.95,0.0480,12.04
739.001,30.17,28.13,27.82,27.85,28.06,27.95,0.0479,12.04
739.501,30.17,28.13,27.82,27.85,28.06,27.95,0.0478,12.04
740.001,30.17,28.13,27.82,27.85,28.06,27.95,0.0477,12.04
740.501,30.17,28.13,27.82,27.85,28.06,27.95,0.0476,12.04
741.001,30.17,28.13,27.82,27.85,28.06,27.95,0.0475,12.04
741.501,30.17,28.13,27.82,27.85,28.06,27.95,0.0474,12.04
742.001,30.17,28.13,27.82,27.85,28.06,27.95,0.0473,12.04
742.501,30.17,28.13,27.82,27.85,28.06,27.95,0.0472,12.04
743.001,30.17,28.13,27.82,27.85,28.06,27.95,0.0471,12.04
743.501,30.17,28.13,27.82,27.85,28.06,27.95,0.0470,12.04
744.001,30.17,28.13,27.82,27.85,28.06,27.95,0.0469,12.04
744.501,30.17,28.13,27.82,27.85,28.06,27.95,0.0468,12.04
745.001,30.17,28.13,27.82,27.85,28.06,27.95,0.0467,12.04
745.501,30.17,28.13,27.82,27.85,28.06,27.95,0.0467,12.04
746.001,30.17,28.13,27.82,27.85,28.06,27.95,0.0466,12.04
746.501,30.17,28.13,27.82,27.85,28.06,27.95,0.0465,12.04
747.001,30.17,28.13,27.82,27.85,28.06,27.95,0.0464,12.04
747.501,30.17,28.13,27.82,27.85,28.06,27.95,0.0463,12.04
748.001,30.20,28.13,27.82,27.85,28.06,27.95,0.0462,12.04
748.501,30.17,28.13,27.82,27.85,28.06,27.95,0.0461,12.04
749.001,30.20,28.13,27.82,27.85,28.06,27.95,0.0459,12.04
749.501,30.20,28.13,27.82,27.85,28.06,27.95,0.0458,12.04
750.001,30.20,28.13,27.82,27.85,28.06,27.95,0.0456,12.04
750.501,30.20,28.13,27.82,27.85,28.06,27.95,0.0454,12.04
751.001,30.20,28.13,27.82,27.85,28.06,27.95,0.0453,12.03
751.501,30.20,28.13,27.82,27.85,28.06,27.95,0.0451,12.03
752.001,30.20,28.13,27.82,27.85,28.06,27.96,0.0450,12.03
752.501,30.20,28.13,27.82,27.85,28.06,27.96,0.0448,12.03
753.001,30.17,28.13,27.82,27.85,28.06,27.96,0.0447,12.03
753.501,30.17,28.13,27.82,27.85,28.06,27.96,0.0446,12.03
754.001,30.17,28.13,27.82,27.85,28.06,27.96,0.0446,12.03
754.501,30.17,28.13,27.82,27.85,28.06,27.96,0.0445,12.03
755.001,30.17,28.13,27.82,27.85,28.06,27.96,0.0444,12.03
755.501,30.17,28.13,27.82,27.85,28.06,27.96,0.0444,12.03
756.001,30.17,28.13,27.82,27.85,28.06,27.96,0.0443,12.03
756.501,30.17,28.13,27.82,27.85,28.06,27.96,0.0443,12.03
757.001,30.17,28.13,27.82,27.85,28.06,27.96,0.0442,12.03
757.501,30.17,28.13,27.82,27.85,28.06,27.96,0.0441,12.03
758.001,30.17,28.13,27.79,27.85,28.06,27.96,0.0441,12.03
758.501,30.17,28.13,27.79,27.85,28.06,27.96,0.0440,12.03
759.001,30.17,28.13,27.79,27.85,28.06,27.96,0.0440,12.03
759.501,30.17,28.13,27.79,27.85,28.06,27.96,0.0439,12.04
760.001,30.17,28.16,27.79,27.85,28.06,27.96,0.0437,12.03
760.501,30.17,28.16,27.79,27.85,28.06,27.96,0.0434,12.03
761.001,30.17,28.13,27.79,27.85,28.06,27.96,0.0432,12.03
761.501,30.17,28.16,27.79,27.85,28.06,27.96,0.0430,12.03
762.001,30.17,28.13,27.79,27.85,28.06,27.96,0.0428,12.03
762.501,30.17,28.13,27.79,27.85,28.06,27.96,0.0427,12.03
763.001,30.20,28.13,27.79,27.85,28.06,27.96,0.0427,12.03
763.501,30.17,28.13,27.79,27.85,28.06,27.96,0.0426,12.03
764.001,30.20,28.13,27.79,27.85,28.06,27.96,0.0425,12.03
764.501,30.17,28.16,27.79,27.85,28.06,27.96,0.0423,12.03
765.001,30.20,28.13,27.79,27.85,28.06,27.96,0.0421,12.02
765.501,30.17,28.13,27.79,27.85,28.06,27.96,0.0420,12.02
766.001,30.17,28.16,27.79,27.85,28.06,27.96,0.0418,12.02
766.501,30.17,28.16,27.79,27.85,28.06,27.96,0.0415,12.02
767.001,30.20,28.16,27.79,27.86,28.06,27.96,0.0412,12.02
767.501,30.20,28.16,27.79,27.86,28.06,27.96,0.0408,12.01
768.001,30.17,28.16,27.79,27.86,28.06,27.96,0.0404,12.01
768.501,30.17,28.16,27.79,27.86,28.06,27.96,0.0401,12.01
769.001,30.17,28.16,27.79,27.86,28.06,27.96,0.0399,12.01
769.501,30.17,28.16,27.79,27.86,28.06,27.96,0.0396,12.00
770.001,30.17,28.16,27.79,27.86,28.06,27.96,0.0393,12.00
770.501,30.17,28.16,27.79,27.86,28.06,27.96,0.0390,12.00
771.001,30.20,28.16,27.79,27.86,28.06,27.96,0.0387,12.00
771.501,30.20,28.16,27.79,27.86,28.06,27.96,0.0384,11.99
772.001,30.20,28.16,27.79,27.86,28.06,27.96,0.0380,11.99
772.501,30.20,28.13,27.79,27.86,28.06,27.96,0.0378,11.99
773.001,30.20,28.16,27.79,27.86,28.06,27.96,0.0377,11.99
773.501,30.17,28.16,27.79,27.86,28.06,27.96,0.0374,11.99
774.001,30.17,28.16,27.79,27.86,28.06,27.96,0.0371,11.99
774.501,30.17,28.16,27.79,27.86,28.06,27.96,0.0369,11.98
775.001,30.17,28.16,27.75,27.86,28.06,27.96,0.0367,11.98
775.501,30.17,28.16,27.79,27.86,28.06,27.96,0.0364,11.98
776.001,30.17,28.16,27.79,27.86,28.06,27.96,0.0362,11.98
776.501,30.17,28.16,27.79,27.86,28.06,27.96,0.0360,11.98
777.001,30.17,28.16,27.79,27.86,28.06,27.96,0.0358,11.98
777.501,30.17,28.16,27.79,27.86,28.06,27.96,0.0356,11.97
778.001,30.17,28.16,27.79,27.86,28.06,27.96,0.0354,11.97
778.501,30.13,28.16,27.79,27.87,28.06,27.96,0.0352,11.97
779.001,30.13,28.16,27.79,27.87,28.06,27.96,0.0351,11.97
779.501,30.13,28.16,27.79,27.87,28.06,27.97,0.0350,11.97
780.001,30.13,28.16,27.79,27.87,28.06,27.97,0.0349,11.97
780.501,30.13,28.16,27.79,27.87,28.06,27.97,0.0348,11.97
781.001,30.13,28.16,27.79,27.87,28.06,27.97,0.0347,11.97
781.501,30.13,28.16,27.79,27.87,28.06,27.97,0.0346,11.97
782.001,30.13,28.16,27.79,27.87,28.06,27.97,0.0345,11.97
782.501,30.10,28.16,27.79,27.87,28.06,27.97,0.0344,11.97
783.001,30.10,28.16,27.79,27.87,28.06,27.97,0.0344,11.97
783.501,30.10,28.16,27.79,27.87,28.06,27.97,0.0344,11.97
784.001,30.10,28.16,27.79,27.87,28.06,27.97,0.0344,11.97
784.501,30.06,28.16,27.79,27.87,28.06,27.97,0.0344,11.97
785.001,30.06,28.16,27.79,27.87,28.06,27.97,0.0345,11.97
785.501,30.06,28.13,27.79,27.87,28.06,27.97,0.0348,11.98
786.001,30.06,28.13,27.79,27.87,28.06,27.96,0.0351,11.98
786.501,30.06,28.13,27.79,27.87,28.06,27.96,0.0355,11.99
787.001,30.03,28.13,27.79,27.87,28.06,27.96,0.0359,11.99
787.501,30.03,28.13,27.79,27.87,28.06,27.96,0.0364,12.00
788.001,30.03,28.13,27.79,27.87,28.06,27.96,0.0368,12.00
788.501,30.03,28.13,27.79,27.87,28.06,27.96,0.0372,12.01
789.001,30.03,28.13,27.79,27.87,28.06,27.96,0.0377,12.01
789.501,30.03,28.13,27.79,27.87,28.06,27.96,0.0381,12.02
790.001,30.03,28.13,27.79,27.87,28.06,27.96,0.0385,12.02
790.501,30.03,28.13,27.79,27.87,28.06,27.96,0.0389,12.03
791.001,30.03,28.13,27.79,27.87,28.06,27.96,0.0393,12.03
791.501,30.03,28.13,27.79,27.87,28.05,27.96,0.0398,12.04
792.001,30.03,28.13,27.79,27.87,28.05,27.96,0.0402,12.04
792.501,30.03,28.13,27.79,27.87,28.05,27.96,0.0406,12.05
793.001,30.03,28.10,27.79,27.86,28.05,27.96,0.0411,12.06
793.501,30.06,28.10,27.79,27.86,28.05,27.96,0.0417,12.06
794.001,30.06,28.10,27.79,27.86,28.05,27.96,0.0423,12.07
794.501,30.06,28.10,27.79,27.86,28.05,27.96,0.0429,12.08
795.001,30.06,28.10,27.79,27.86,28.05,27.96,0.0435,12.08
795.501,30.06,28.10,27.79,27.86,28.05,27.96,0.0440,12.09
796.001,30.06,28.10,27.79,27.86,28.05,27.96,0.0446,12.10
796.501,30.06,28.10,27.79,27.86,28.05,27.95,0.0451,12.11
797.001,30.06,28.10,27.79,27.86,28.05,27.95,0.0457,12.11
797.501,30.06,28.10,27.79,27.86,28.05,27.95,0.0462,12.12
798.001,30.06,28.10,27.79,27.86,28.05,27.95,0.0467,12.13
798.501,30.06,28.10,27.79,27.86,28.05,27.95,0.0472,12.13
799.001,30.06,28.10,27.79,27.86,28.05,27.95,0.0477,12.14
799.501,30.06,28.10,27.79,27.86,28.05,27.95,0.0482,12.14
800.001,30.06,28.10,27.79,27.85,28.05,27.95,0.0487,12.15
800.501,30.06,28.10,27.79,27.85,28.05,27.95,0.0492,12.16
801.001,30.06,28.10,27.79,27.85,28.05,27.95,0.0496,12.16
801.501,30.06,28.10,27.79,27.85,28.05,27.95,0.0501,12.17
802.001,30.10,28.10,27.79,27.85,28.05,27.95,0.0505,12.17
802.501,30.10,28.10,27.79,27.85,28.05,27.95,0.0509,12.18
803.001,30.10,28.10,27.79,27.85,28.05,27.95,0.0512,12.18
803.501,30.10,28.10,27.79,27.85,28.05,27.95,0.0516,12.19
804.001,30.10,28.10,27.79,27.85,28.05,27.95,0.0519,12.19
804.501,30.10,28.10,27.79,27.85,28.05,27.95,0.0523,12.20
805.001,30.10,28.10,27.79,27.85,28.05,27.95,0.0526,12.20
805.501,30.10,28.10,27.79,27.85,28.05,27.95,0.0529,12.21
806.001,30.06,28.10,27.79,27.85,28.05,27.95,0.0533,12.21
806.501,30.10,28.10,27.79,27.85,28.04,27.95,0.0537,12.22
807.001,30.10,28.10,27.79,27.85,28.04,27.95,0.0540,12.22
807.501,30.10,28.10,27.79,27.85,28.04,27.95,0.0543,12.23
808.001,30.10,28.10,27.79,27.85,28.04,27.95,0.0546,12.23
808.501,30.10,28.10,27.79,27.85,28.04,27.95,0.0549,12.24
809.001,30.10,28.10,27.79,27.85,28.04,27.94,0.0552,12.24
809.501,30.10,28.10,27.79,27.85,28.04,27.94,0.0555,12.24
810.001,30.10,28.10,27.79,27.84,28.04,27.94,0.0557,12.25
810.501,30.10,28.10,27.79,27.84,28.04,27.94,0.0560,12.25
811.001,30.10,28.10,27.79,27.84,28.04,27.94,0.0563,12.26
811.501,30.10,28.10,27.79,27.84,28.04,27.94,0.0566,12.26
812.001,30.10,28.10,27.79,27.84,28.04,27.94,0.0568,12.26
812.501,30.10,28.10,27.79,27.84,28.04,27.94,0.0571,12.27
813.001,30.10,28.10,27.79,27.84,28.04,27.94,0.0573,12.27
813.501,30.13,28.10,27.75,27.84,28.04,27.94,0.0575,12.28
814.001,30.13,28.10,27.75,27.84,28.04,27.94,0.0577,12.28
814.501,30.13,28.10,27.79,27.84,28.04,27.94,0.0579,12.28
815.001,30.13,28.10,27.79,27.84,28.04,27.94,0.0580,12.28
815.501,30.13,28.10,27.79,27.84,28.04,27.94,0.0582,12.29
816.001,30.13,28.10,27.79,27.84,28.04,27.94,0.0583,12.29
816.501,30.13,28.10,27.75,27.84,28.04,27.94,0.0585,12.29
817.001,30.13,28.10,27.79,27.84,28.04,27.94,0.0586,12.30
817.501,30.13,28.10,27.75,27.84,28.04,27.94,0.0588,12.30
818.001,30.13,28.10,27.75,27.84,28.04,27.94,0.0589,12.30
818.501,30.13,28.10,27.79,27.84,28.04,27.94,0.0590,12.30
819.001,30.13,28.10,27.79,27.84,28.04,27.94,0.0592,12.31
819.501,30.13,28.10,27.79,27.84,28.04,27.94,0.0593,12.31
820.001,30.13,28.10,27.79,27.84,28.04,27.94,0.0594,12.31
820.501,30.13,28.10,27.79,27.84,28.04,27.94,0.0595,12.31
821.001,30.13,28.10,27.79,27.84,28.04,27.94,0.0597,12.32
821.501,30.13,28.10,27.79,27.84,28.04,27.94,0.0598,12.32
822.001,30.13,28.10,27.79,27.84,28.04,27.94,0.0599,12.32
822.501,30.13,28.10,27.79,27.84,28.04,27.94,0.0600,12.32
823.001,30.13,28.10,27.79,27.84,28.04,27.94,0.0601,12.33
823.501,30.13,28.10,27.79,27.84,28.04,27.94,0.0602,12.33
824.001,30.13,28.10,27.79,27.84,28.04,27.94,0.0603,12.33
824.501,30.13,28.10,27.79,27.84,28.04,27.94,0.0604,12.33
825.001,30.13,28.10,27.79,27.84,28.04,27.94,0.0605,12.34
825.501,30.13,28.10,27.79,27.84,28.04,27.94,0.0606,12.34
826.001,30.13,28.10,27.79,27.84,28.04,27.94,0.0607,12.34
826.501,30.13,28.10,27.79,27.83,28.04,27.94,0.0608,12.34
827.001,30.13,28.10,27.79,27.83,28.04,27.94,0.0609,12.34
827.501,30.13,28.10,27.79,27.83,28.04,27.94,0.0610,12.35
828.001,30.13,28.10,27.79,27.83,28.04,27.94,0.0611,12.35
828.501,30.13,28.10,27.79,27.83,28.04,27.94,0.0612,12.35
829.001,30.13,28.10,27.79,27.83,28.04,27.94,0.0613,12.35
829.501,30.13,28.10,27.79,27.83,28.04,27.94,0.0613,12.36
830.001,30.13,28.10,27.79,27.83,28.04,27.94,0.0614,12.36
830.501,30.13,28.10,27.79,27.83,28.04,27.94,0.0615,12.36
831.001,30.13,28.10,27.79,27.83,28.04,27.94,0.0616,12.36
831.501,30.13,28.10,27.79,27.83,28.04,27.94,0.0617,12.36
832.001,30.13,28.10,27.79,27.83,28.04,27.94,0.0617,12.37
832.501,30.13,28.10,27.79,27.83,28.04,27.94,0.0618,12.37
833.001,30.13,28.10,27.79,27.83,28.04,27.94,0.0619,12.37
833.501,30.13,28.10,27.79,27.83,28.04,27.94,0.0620,12.37
834.001,30.13,28.10,27.79,27.83,28.04,27.94,0.0620,12.37
834.501,30.13,28.10,27.79,27.83,28.04,27.94,0.0621,12.38
835.001,30.13,28.10,27.79,27.83,28.04,27.94,0.0622,12.38
835.501,30.13,28.10,27.79,27.83,28.04,27.94,0.0622,12.38
836.001,30.13,28.10,27.79,27.83,28.04,27.94,0.0623,12.38
836.501,30.13,28.10,27.79,27.83,28.04,27.94,0.0623,12.38
837.001,30.13,28.10,27.79,27.83,28.04,27.94,0.0624,12.39
837.501,30.13,28.10,27.79,27.83,28.04,27.94,0.0625,12.39
838.001,30.17,28.10,27.79,27.83,28.04,27.94,0.0625,12.39
838.501,30.17,28.10,27.79,27.83,28.04,27.94,0.0624,12.39
839.001,30.17,28.10,27.79,27.83,28.04,27.94,0.0624,12.39
839.501,30.17,28.10,27.79,27.83,28.04,27.94,0.0624,12.39
840.001,30.17,28.10,27.79,27.83,28.04,27.94,0.0624,12.39
840.501,30.17,28.10,27.79,27.83,28.05,27.94,0.0623,12.39
841.001,30.13,28.10,27.79,27.83,28.05,27.94,0.0623,12.39
841.501,30.13,28.10,27.79,27.83,28.05,27.94,0.0624,12.40
842.001,30.13,28.10,27.79,27.83,28.05,27.94,0.0624,12.40
842.501,30.13,28.10,27.79,27.83,28.05,27.94,0.0625,12.40
843.001,30.17,28.10,27.79,27.83,28.05,27.94,0.0625,12.40
843.501,30.17,28.10,27.79,27.83,28.05,27.94,0.0625,12.40
844.001,30.13,28.10,27.79,27.83,28.05,27.94,0.0625,12.40
844.501,30.13,28.10,27.79,27.83,28.05,27.94,0.0625,12.41
845.001,30.13,28.10,27.79,27.83,28.05,27.94,0.0626,12.41
845.501,30.13,28.10,27.79,27.83,28.05,27.94,0.0626,12.41
846.001,30.13,28.10,27.79,27.83,28.05,27.94,0.0627,12.41
846.501,30.13,28.10,27.79,27.83,28.05,27.94,0.0627,12.41
847.001,30.13,28.10,27.79,27.83,28.05,27.94,0.0627,12.41
847.501,30.13,28.10,27.79,27.83,28.05,27.94,0.0628,12.42
848.001,30.13,28.10,27.79,27.83,28.05,27.94,0.0628,12.42
848.501,30.13,28.10,27.79,27.83,28.05,27.94,0.0629,12.42
849.001,30.13,28.10,27.79,27.83,28.05,27.94,0.0629,12.42
849.501,30.13,28.10,27.79,27.83,28.05,27.94,0.0629,12.42
850.001,30.13,28.10,27.79,27.83,28.05,27.94,0.0630,12.42
850.501,30.13,28.10,27.79,27.83,28.05,27.94,0.0630,12.43
851.001,30.13,28.10,27.79,27.83,28.05,27.94,0.0630,12.43
851.501,30.13,28.10,27.79,27.83,28.05,27.94,0.0631,12.43
852.001,30.13,28.10,27.79,27.83,28.05,27.94,0.0631,12.43
852.501,30.13,28.10,27.79,27.83,28.05,27.94,0.0631,12.43
853.001,30.17,28.10,27.79,27.83,28.05,27.94,0.0631,12.43
853.501,30.17,28.10,27.79,27.83,28.05,27.94,0.0631,12.43
854.001,30.17,28.10,27.79,27.83,28.05,27.94,0.0630,12.43
854.501,30.17,28.10,27.79,27.83,28.05,27.94,0.0630,12.44
855.001,30.17,28.10,27.79,27.83,28.05,27.94,0.0629,12.44
855.501,30.17,28.10,27.79,27.83,28.05,27.94,0.0629,12.44
856.001,30.17,28.10,27.79,27.83,28.05,27.94,0.0628,12.44
856.501,30.17,28.10,27.79,27.83,28.05,27.94,0.0628,12.44
857.001,30.17,28.10,27.82,27.83,28.05,27.94,0.0627,12.44
857.501,30.17,28.10,27.82,27.83,28.05,27.94,0.0627,12.44
858.001,30.17,28.10,27.82,27.83,28.05,27.94,0.0626,12.44
858.501,30.17,28.10,27.82,27.83,28.05,27.94,0.0626,12.44
859.001,30.17,28.10,27.82,27.83,28.05,27.94,0.0625,12.44
859.501,30.17,28.10,27.82,27.83,28.05,27.94,0.0625,12.44
860.001,30.17,28.10,27.82,27.83,28.05,27.94,0.0624,12.44
860.501,30.17,28.10,27.82,27.83,28.05,27.94,0.0624,12.44
861.001,30.17,28.10,27.82,27.83,28.05,27.94,0.0623,12.44
861.501,30.17,28.13,27.82,27.83,28.05,27.94,0.0621,12.44
862.001,30.17,28.13,27.82,27.83,28.05,27.94,0.0618,12.44
862.501,30.17,28.13,27.82,27.83,28.05,27.94,0.0614,12.44
863.001,30.17,28.13,27.82,27.83,28.05,27.94,0.0611,12.44
863.501,30.17,28.13,27.82,27.83,28.05,27.94,0.0608,12.43
864.001,30.17,28.13,27.82,27.83,28.05,27.94,0.0605,12.43
864.501,30.17,28.13,27.82,27.83,28.05,27.94,0.0601,12.43
865.001,30.17,28.13,27.82,27.83,28.05,27.94,0.0598,12.43
865.501,30.17,28.13,27.82,27.83,28.05,27.94,0.0595,12.43
866.001,30.17,28.13,27.82,27.83,28.05,27.94,0.0592,12.42
866.501,30.17,28.13,27.82,27.83,28.05,27.94,0.0589,12.42
867.001,30.17,28.13,27.82,27.83,28.05,27.94,0.0586,12.42
867.501,30.17,28.13,27.82,27.83,28.05,27.94,0.0584,12.42
868.001,30.17,28.13,27.82,27.83,28.05,27.94,0.0581,12.42
868.501,30.17,28.13,27.82,27.83,28.05,27.94,0.0578,12.41
869.001,30.17,28.13,27.82,27.83,28.05,27.94,0.0575,12.41
869.501,30.17,28.13,27.82,27.83,28.05,27.94,0.0573,12.41
870.001,30.17,28.13,27.82,27.83,28.05,27.94,0.0570,12.41
870.501,30.17,28.13,27.82,27.84,28.05,27.94,0.0568,12.41
871.001,30.17,28.13,27.82,27.84,28.05,27.94,0.0565,12.41
871.501,30.17,28.13,27.82,27.84,28.05,27.94,0.0562,12.40
872.001,30.17,28.13,27.82,27.84,28.05,27.94,0.0560,12.40
872.501,30.17,28.13,27.82,27.84,28.05,27.94,0.0558,12.40
873.001,30.17,28.13,27.82,27.84,28.05,27.94,0.0555,12.40
873.501,30.17,28.13,27.79,27.84,28.05,27.94,0.0553,12.40
874.001,30.17,28.13,27.82,27.84,28.05,27.94,0.0551,12.40
874.501,30.17,28.13,27.79,27.84,28.05,27.95,0.0548,12.40
875.001,30.17,28.13,27.79,27.84,28.05,27.95,0.0546,12.39
875.501,30.17,28.13,27.79,27.84,28.05,27.95,0.0544,12.39
876.001,30.17,28.13,27.79,27.84,28.05,27.95,0.0542,12.39
876.501,30.17,28.13,27.79,27.84,28.05,27.95,0.0540,12.39
877.001,30.17,28.13,27.79,27.84,28.05,27.95,0.0538,12.39
877.501,30.17,28.13,27.79,27.84,28.05,27.95,0.0536,12.39
878.001,30.17,28.10,27.79,27.84,28.05,27.95,0.0535,12.39
878.501,30.17,28.10,27.79,27.84,28.05,27.95,0.0536,12.39
879.001,30.17,28.10,27.79,27.84,28.05,27.95,0.0537,12.39
879.501,30.17,28.10,27.79,27.84,28.05,27.95,0.0538,12.39
880.001,30.17,28.10,27.79,27.84,28.05,27.95,0.0539,12.40
880.501,30.17,28.10,27.79,27.84,28.05,27.95,0.0540,12.40
881.001,30.17,28.10,27.79,27.84,28.05,27.95,0.0540,12.40
881.501,30.17,28.10,27.79,27.84,28.05,27.95,0.0541,12.40
882.001,30.17,28.10,27.82,27.84,28.05,27.95,0.0542,12.40
882.501,30.17,28.10,27.79,27.84,28.05,27.95,0.0543,12.41
883.001,30.13,28.10,27.79,27.84,28.05,27.95,0.0544,12.41
883.501,30.17,28.13,27.79,27.84,28.05,27.95,0.0544,12.41
884.001,30.13,28.10,27.79,27.84,28.05,27.95,0.0543,12.41
884.501,30.17,28.10,27.79,27.84,28.05,27.95,0.0544,12.41
885.001,30.17,28.10,27.79,27.84,28.05,27.95,0.0545,12.41
885.501,30.13,28.10,27.79,27.84,28.05,27.95,0.0546,12.42
886.001,30.17,28.10,27.79,27.84,28.05,27.95,0.0547,12.42
886.501,30.17,28.10,27.79,27.84,28.05,27.95,0.0548,12.42
887.001,30.13,28.10,27.79,27.84,28.05,27.95,0.0549,12.42
887.501,30.17,28.10,27.79,27.84,28.05,27.95,0.0550,12.42
888.001,30.13,28.10,27.79,27.84,28.05,27.94,0.0551,12.43
888.501,30.13,28.10,27.79,27.83,28.05,27.94,0.0552,12.43
889.001,30.13,28.10,27.79,27.83,28.05,27.94,0.0554,12.43
889.501,30.13,28.10,27.79,27.83,28.05,27.94,0.0555,12.43
890.001,30.13,28.10,27.79,27.83,28.05,27.94,0.0556,12.44
890.501,30.13,28.10,27.79,27.83,28.05,27.94,0.0557,12.44
891.001,30.13,28.10,27.79,27.83,28.05,27.94,0.0559,12.44
891.501,30.10,28.10,27.79,27.83,28.05,27.94,0.0560,12.45
892.001,30.10,28.10,27.79,27.83,28.05,27.94,0.0562,12.45
892.501,30.10,28.10,27.79,27.83,28.05,27.94,0.0564,12.45
893.001,30.13,28.10,27.79,27.83,28.05,27.94,0.0566,12.45
893.501,30.13,28.10,27.79,27.83,28.05,27.94,0.0567,12.46
894.001,30.13,28.10,27.79,27.83,28.05,27.94,0.0568,12.46
894.501,30.13,28.10,27.79,27.83,28.05,27.94,0.0569,12.46
895.001,30.13,28.10,27.79,27.83,28.05,27.94,0.0570,12.46
895.501,30.13,28.10,27.79,27.83,28.05,27.94,0.0572,12.47
896.001,30.13,28.10,27.79,27.83,28.05,27.94,0.0573,12.47
896.501,30.13,28.10,27.79,27.83,28.05,27.94,0.0574,12.47
897.001,30.13,28.10,27.79,27.83,28.05,27.94,0.0575,12.47
897.501,30.13,28.10,27.79,27.83,28.05,27.94,0.0576,12.48
898.001,30.13,28.10,27.79,27.83,28.05,27.94,0.0577,12.48
898.501,30.13,28.10,27.79,27.83,28.05,27.94,0.0578,12.48
899.001,30.13,28.10,27.79,27.83,28.05,27.94,0.0578,12.48
899.501,30.13,28.10,27.79,27.83,28.05,27.94,0.0579,12.48
900.001,30.13,28.10,27.79,27.83,28.05,27.94,0.0580,12.49
900.501,30.13,28.10,27.79,27.83,28.05,27.94,0.0581,12.49
901.001,30.13,28.06,27.79,27.83,28.05,27.94,0.0584,12.49
901.501,30.13,28.06,27.79,27.83,28.05,27.94,0.0587,12.50
902.001,30.13,28.10,27.79,27.83,28.05,27.94,0.0590,12.50
902.501,30.13,28.10,27.79,27.83,28.05,27.94,0.0590,12.50
903.001,30.13,28.10,27.79,27.83,28.05,27.94,0.0591,12.50
903.501,30.13,28.06,27.79,27.83,28.05,27.94,0.0593,12.51
904.001,30.13,28.10,27.79,27.83,28.05,27.94,0.0595,12.51
904.501,30.13,28.10,27.79,27.83,28.05,27.94,0.0596,12.51
905.001,30.13,28.10,27.79,27.83,28.05,27.94,0.0597,12.52
905.501,30.13,28.10,27.79,27.83,28.05,27.94,0.0597,12.52
906.001,30.13,28.10,27.79,27.83,28.05,27.94,0.0598,12.52
906.501,30.13,28.10,27.79,27.83,28.05,27.94,0.0598,12.52
907.001,30.13,28.10,27.79,27.83,28.05,27.94,0.0599,12.52
907.501,30.13,28.10,27.79,27.83,28.05,27.94,0.0599,12.52
908.001,30.13,28.10,27.79,27.83,28.05,27.94,0.0600,12.53
908.501,30.13,28.10,27.79,27.83,28.05,27.94,0.0601,12.53
909.001,30.13,28.10,27.79,27.83,28.05,27.94,0.0601,12.53
909.501,30.13,28.10,27.79,27.83,28.05,27.94,0.0602,12.53
910.001,30.13,28.10,27.79,27.83,28.05,27.94,0.0602,12.53
910.501,30.17,28.10,27.79,27.83,28.05,27.94,0.0602,12.53
911.001,30.13,28.10,27.79,27.83,28.05,27.94,0.0602,12.54
911.501,30.13,28.10,27.79,27.83,28.05,27.94,0.0603,12.54
912.001,30.13,28.10,27.79,27.83,28.05,27.94,0.0603,12.54
912.501,30.13,28.10,27.79,27.83,28.05,27.94,0.0604,12.54
913.001,30.13,28.10,27.79,27.83,28.05,27.94,0.0604,12.54
913.501,30.17,28.10,27.79,27.83,28.05,27.94,0.0604,12.54
914.001,30.17,28.10,27.79,27.83,28.05,27.94,0.0604,12.55
914.501,30.17,28.10,27.79,27.83,28.05,27.94,0.0604,12.55
915.001,30.17,28.10,27.79,27.83,28.05,27.94,0.0603,12.55
915.501,30.17,28.10,27.79,27.83,28.05,27.94,0.0603,12.55
916.001,30.17,28.10,27.79,27.83,28.05,27.94,0.0602,12.55
916.501,30.13,28.10,27.79,27.83,28.05,27.94,0.0602,12.55
917.001,30.13,28.10,27.79,27.83,28.05,27.94,0.0603,12.55
917.501,30.13,28.10,27.79,27.83,28.05,27.94,0.0603,12.55
918.001,30.13,28.10,27.79,27.83,28.05,27.94,0.0604,12.55
918.501,30.13,28.10,27.79,27.83,28.05,27.94,0.0604,12.56
919.001,30.13,28.10,27.79,27.83,28.05,27.94,0.0605,12.56
919.501,30.13,28.10,27.79,27.83,28.05,27.94,0.0605,12.56
920.001,30.13,28.10,27.79,27.83,28.05,27.94,0.0606,12.56
920.501,30.13,28.10,27.79,27.83,28.05,27.94,0.0606,12.56
921.001,30.13,28.10,27.79,27.83,28.05,27.94,0.0606,12.56
921.501,30.17,28.10,27.79,27.83,28.05,27.94,0.0606,12.57
922.001,30.17,28.10,27.79,27.83,28.05,27.94,0.0606,12.57
922.501,30.17,28.10,27.79,27.83,28.05,27.94,0.0606,12.57
923.001,30.13,28.10,27.79,27.83,28.05,27.94,0.0606,12.57
923.501,30.17,28.10,27.79,27.83,28.05,27.94,0.0606,12.57
924.001,30.17,28.10,27.79,27.83,28.05,27.94,0.0605,12.57
924.501,30.17,28.10,27.79,27.83,28.05,27.94,0.0605,12.57
925.001,30.17,28.10,27.79,27.83,28.05,27.94,0.0604,12.57
925.501,30.17,28.10,27.79,27.83,28.05,27.94,0.0604,12.57
926.001,30.17,28.10,27.79,27.83,28.05,27.94,0.0603,12.57
926.501,30.17,28.10,27.79,27.83,28.05,27.94,0.0603,12.57
927.001,30.17,28.10,27.79,27.83,28.05,27.94,0.0602,12.57
927.501,30.17,28.10,27.79,27.83,28.05,27.94,0.0602,12.58
928.001,30.17,28.10,27.79,27.83,28.05,27.94,0.0602,12.58
928.501,30.17,28.10,27.79,27.83,28.05,27.94,0.0601,12.58
929.001,30.17,28.10,27.79,27.83,28.05,27.94,0.0601,12.58
929.501,30.17,28.10,27.79,27.83,28.05,27.94,0.0600,12.58
930.001,30.17,28.10,27.79,27.83,28.05,27.94,0.0600,12.58
930.501,30.17,28.10,27.79,27.83,28.05,27.94,0.0599,12.58
931.001,30.17,28.10,27.79,27.83,28.05,27.94,0.0599,12.58
931.501,30.17,28.10,27.79,27.83,28.05,27.94,0.0599,12.58
932.001,30.17,28.10,27.79,27.83,28.05,27.94,0.0598,12.58
932.501,30.17,28.10,27.79,27.83,28.05,27.94,0.0598,12.58
933.001,30.17,28.10,27.79,27.83,28.05,27.94,0.0597,12.58
933.501,30.17,28.10,27.79,27.83,28.06,27.94,0.0597,12.58
934.001,30.17,28.10,27.79,27.83,28.06,27.94,0.0597,12.59
934.501,30.17,28.10,27.79,27.83,28.06,27.94,0.0596,12.59
935.001,30.17,28.13,27.79,27.83,28.06,27.94,0.0594,12.59
935.501,30.17,28.10,27.79,27.83,28.06,27.94,0.0592,12.58
936.001,30.17,28.13,27.79,27.83,28.06,27.94,0.0591,12.58
936.501,30.17,28.10,27.79,27.83,28.06,27.94,0.0589,12.58
937.001,30.17,28.10,27.79,27.83,28.06,27.94,0.0589,12.58
937.501,30.17,28.13,27.79,27.83,28.06,27.94,0.0587,12.58
938.001,30.17,28.13,27.79,27.83,28.06,27.94,0.0584,12.58
938.501,30.17,28.13,27.79,27.83,28.06,27.94,0.0580,12.58
939.001,30.20,28.13,27.79,27.83,28.06,27.94,0.0577,12.58
939.501,30.20,28.13,27.79,27.83,28.06,27.94,0.0573,12.57
940.001,30.20,28.13,27.79,27.83,28.06,27.94,0.0569,12.57
940.501,30.20,28.13,27.79,27.83,28.06,27.94,0.0565,12.57
941.001,30.17,28.13,27.79,27.83,28.06,27.94,0.0562,12.56
941.501,30.17,28.13,27.79,27.83,28.06,27.94,0.0559,12.56
942.001,30.17,28.13,27.79,27.83,28.06,27.94,0.0557,12.56
942.501,30.17,28.13,27.79,27.83,28.06,27.94,0.0554,12.56
943.001,30.20,28.13,27.79,27.83,28.06,27.94,0.0551,12.56
943.501,30.17,28.13,27.79,27.83,28.06,27.95,0.0548,12.55
944.001,30.17,28.13,27.79,27.83,28.06,27.95,0.0545,12.55
944.501,30.20,28.13,27.79,27.83,28.06,27.95,0.0542,12.55
945.001,30.20,28.13,27.79,27.83,28.06,27.95,0.0539,12.55
945.501,30.17,28.13,27.79,27.83,28.06,27.95,0.0536,12.55
946.001,30.17,28.13,27.79,27.83,28.06,27.95,0.0534,12.54
946.501,30.17,28.13,27.79,27.83,28.06,27.95,0.0532,12.54
947.001,30.17,28.13,27.79,27.84,28.06,27.95,0.0529,12.54
947.501,30.17,28.13,27.79,27.84,28.06,27.95,0.0527,12.54
948.001,30.17,28.13,27.79,27.84,28.06,27.95,0.0525,12.54
948.501,30.17,28.13,27.79,27.84,28.06,27.95,0.0523,12.54
949.001,30.17,28.13,27.79,27.84,28.06,27.95,0.0521,12.54
949.501,30.20,28.13,27.79,27.84,28.06,27.95,0.0518,12.53
950.001,30.17,28.13,27.79,27.84,28.06,27.95,0.0516,12.53
950.501,30.20,28.13,27.79,27.84,28.06,27.95,0.0513,12.53
951.001,30.20,28.13,27.79,27.84,28.06,27.95,0.0510,12.53
951.501,30.20,28.13,27.79,27.84,28.06,27.95,0.0508,12.53
952.001,30.20,28.13,27.79,27.84,28.06,27.95,0.0505,12.53
952.501,30.20,28.13,27.79,27.84,28.06,27.95,0.0502,12.52
953.001,30.20,28.13,27.79,27.84,28.06,27.95,0.0500,12.52
953.501,30.20,28.13,27.79,27.84,28.06,27.95,0.0497,12.52
954.001,30.20,28.13,27.79,27.84,28.06,27.95,0.0494,12.52
954.501,30.20,28.13,27.79,27.84,28.06,27.95,0.0492,12.52
955.001,30.20,28.13,27.79,27.84,28.06,27.95,0.0489,12.51
955.501,30.20,28.13,27.79,27.84,28.06,27.95,0.0487,12.51
956.001,30.20,28.13,27.79,27.84,28.06,27.95,0.0485,12.51
956.501,30.20,28.13,27.79,27.84,28.06,27.95,0.0482,12.51
957.001,30.20,28.13,27.79,27.84,28.06,27.95,0.0480,12.51
957.501,30.20,28.13,27.79,27.84,28.06,27.95,0.0477,12.51
958.001,30.20,28.13,27.79,27.84,28.06,27.95,0.0475,12.51
958.501,30.20,28.13,27.79,27.84,28.06,27.95,0.0473,12.50
959.001,30.20,28.13,27.79,27.84,28.06,27.95,0.0471,12.50
959.501,30.20,28.13,27.79,27.84,28.06,27.95,0.0468,12.50
960.001,30.20,28.13,27.79,27.84,28.06,27.95,0.0466,12.50
960.501,30.20,28.13,27.79,27.84,28.06,27.95,0.0464,12.50
961.001,30.20,28.13,27.79,27.84,28.06,27.95,0.0462,12.50
961.501,30.20,28.13,27.79,27.84,28.06,27.95,0.0460,12.50
962.001,30.20,28.13,27.79,27.84,28.06,27.95,0.0458,12.49
962.501,30.20,28.13,27.79,27.84,28.06,27.95,0.0456,12.49
963.001,30.20,28.10,27.79,27.84,28.07,27.95,0.0455,12.49
963.501,30.20,28.10,27.79,27.84,28.07,27.95,0.0456,12.49
964.001,30.20,28.13,27.79,27.84,28.07,27.95,0.0456,12.50
964.501,30.20,28.10,27.79,27.84,28.07,27.95,0.0455,12.50
965.001,30.20,28.13,27.79,27.84,28.07,27.95,0.0455,12.50
965.501,30.20,28.13,27.79,27.84,28.07,27.95,0.0453,12.49
966.001,30.20,28.13,27.79,27.84,28.07,27.95,0.0451,12.49
966.501,30.20,28.13,27.79,27.84,28.07,27.96,0.0449,12.49
967.001,30.20,28.13,27.79,27.84,28.07,27.96,0.0447,12.49
967.501,30.20,28.13,27.79,27.84,28.07,27.96,0.0445,12.49
968.001,30.20,28.13,27.79,27.84,28.07,27.96,0.0443,12.49
968.501,30.20,28.13,27.79,27.84,28.07,27.96,0.0441,12.49
969.001,30.20,28.13,27.82,27.84,28.07,27.96,0.0439,12.49
969.501,30.20,28.13,27.82,27.84,28.07,27.96,0.0437,12.49
970.001,30.20,28.13,27.82,27.85,28.07,27.96,0.0436,12.48
970.501,30.20,28.13,27.82,27.85,28.07,27.96,0.0434,12.48
971.001,30.20,28.13,27.82,27.85,28.07,27.96,0.0432,12.48
971.501,30.20,28.13,27.82,27.85,28.07,27.96,0.0430,12.48
972.001,30.20,28.13,27.82,27.85,28.07,27.96,0.0429,12.48
972.501,30.20,28.13,27.82,27.85,28.07,27.96,0.0427,12.48
973.001,30.20,28.13,27.82,27.85,28.07,27.96,0.0425,12.48
973.501,30.20,28.13,27.82,27.85,28.07,27.96,0.0424,12.48
974.001,30.20,28.13,27.82,27.85,28.07,27.96,0.0422,12.48
974.501,30.20,28.13,27.82,27.85,28.07,27.96,0.0420,12.48
975.001,30.20,28.13,27.79,27.85,28.07,27.96,0.0419,12.47
975.501,30.20,28.13,27.82,27.85,28.07,27.96,0.0417,12.47
976.001,30.20,28.13,27.82,27.85,28.07,27.96,0.0416,12.47
976.501,30.20,28.13,27.82,27.85,28.07,27.96,0.0414,12.47
977.001,30.24,28.13,27.82,27.85,28.07,27.96,0.0412,12.47
977.501,30.24,28.13,27.82,27.85,28.07,27.96,0.0410,12.47
978.001,30.24,28.13,27.82,27.85,28.07,27.96,0.0408,12.47
978.501,30.24,28.13,27.79,27.85,28.07,27.96,0.0406,12.47
979.001,30.24,28.16,27.79,27.85,28.07,27.96,0.0402,12.46
979.501,30.24,28.16,27.82,27.85,28.07,27.96,0.0397,12.46
980.001,30.24,28.16,27.82,27.85,28.07,27.96,0.0392,12.45
980.501,30.24,28.16,27.82,27.85,28.07,27.96,0.0387,12.45
981.001,30.24,28.16,27.82,27.85,28.07,27.96,0.0382,12.44
981.501,30.24,28.16,27.82,27.85,28.07,27.96,0.0377,12.44
982.001,30.24,28.16,27.82,27.85,28.07,27.96,0.0372,12.44
982.501,30.24,28.16,27.82,27.85,28.07,27.96,0.0368,12.43
983.001,30.24,28.16,27.82,27.85,28.07,27.96,0.0363,12.43
983.501,30.24,28.16,27.82,27.85,28.07,27.96,0.0359,12.42
984.001,30.24,28.16,27.82,27.85,28.07,27.96,0.0354,12.42
984.501,30.24,28.16,27.82,27.86,28.07,27.97,0.0350,12.41
985.001,30.20,28.16,27.82,27.86,28.08,27.97,0.0346,12.41
985.501,30.20,28.16,27.82,27.86,28.08,27.97,0.0343,12.41
986.001,30.20,28.13,27.82,27.86,28.08,27.97,0.0341,12.41
986.501,30.20,28.13,27.82,27.86,28.08,27.97,0.0340,12.41
987.001,30.20,28.13,27.82,27.86,28.08,27.97,0.0340,12.41
987.501,30.20,28.13,27.82,27.86,28.08,27.97,0.0340,12.41
988.001,30.20,28.13,27.82,27.86,28.08,27.97,0.0339,12.41
988.501,30.20,28.13,27.82,27.86,28.08,27.97,0.0339,12.41
989.001,30.20,28.16,27.82,27.86,28.08,27.97,0.0337,12.41
989.501,30.20,28.16,27.82,27.86,28.08,27.97,0.0334,12.40
990.001,30.20,28.16,27.82,27.86,28.08,27.97,0.0331,12.40
990.501,30.20,28.16,27.82,27.86,28.08,27.97,0.0327,12.40
991.001,30.20,28.16,27.82,27.86,28.08,27.97,0.0324,12.40
991.501,30.20,28.16,27.82,27.86,28.08,27.97,0.0321,12.39
992.001,30.20,28.16,27.82,27.86,28.08,27.97,0.0318,12.39
992.501,30.20,28.16,27.82,27.86,28.08,27.97,0.0315,12.39
993.001,30.20,28.16,27.82,27.86,28.08,27.97,0.0313,12.39
993.501,30.20,28.16,27.82,27.86,28.08,27.97,0.0310,12.38
994.001,30.20,28.16,27.82,27.86,28.08,27.97,0.0307,12.38
994.501,30.20,28.16,27.82,27.86,28.08,27.97,0.0304,12.38
995.001,30.20,28.16,27.82,27.86,28.08,27.97,0.0301,12.38
995.501,30.20,28.16,27.82,27.86,28.08,27.97,0.0299,12.37
996.001,30.20,28.16,27.82,27.86,28.08,27.97,0.0296,12.37
996.501,30.24,28.16,27.82,27.86,28.08,27.97,0.0293,12.37
997.001,30.20,28.16,27.82,27.86,28.08,27.97,0.0290,12.37
997.501,30.20,28.16,27.82,27.86,28.08,27.97,0.0288,12.36
998.001,30.20,28.16,27.82,27.86,28.08,27.97,0.0285,12.36
998.501,30.20,28.16,27.82,27.86,28.08,27.97,0.0283,12.36
999.001,30.20,28.16,27.82,27.87,28.08,27.97,0.0281,12.36
999.501,30.20,28.16,27.82,27.87,28.08,27.97,0.0278,12.36
