Temps (s),Consigne (°C),Erreur (°C),Thermistance 1 - T1 (°C),Thermistance 2 - T2 (°C),Thermistance 3 - T3 (°C),T4',Thermistance 3 estimée - T3_moy (°C),Commande (PWM)
1.418923855,20,0,20.6,21.03,21.13,,21.13,20,,0,21,21,21
1.85278368,20,0,20.64,21.03,21.13,,21.13,20,,3.16E-30,21.0003084,21.00000092,21
2.283660173,20,0,20.64,21.03,21.13,,21.13,20,,7.82E-07,21.00122282,21.00000725,21.00000007
2.723466158,20,0,20.73,21.06,21.13,,21.13,20,,4.69E-06,21.00272733,21.00002423,21.00000033
3.185645819,20,0,20.82,21.06,21.16,,21.16,20,,2.42E-05,21.00480636,21.00005689,21.00000104
3.6889925,20,0,20.91,21.06,21.13,,21.13,20,,0.00012192,21.00744466,21.00011004,21.00000251
4.184858322,20,0,21.09,21.06,21.16,,21.16,20,,0.000610384,21.01062732,21.00018832,21.00000514
4.690412998,20,0,21.22,21.06,21.16,,21.16,20,,0.0030527,21.01433976,21.00029618,21.00000942
5.183840275,20,0,21.4,21.06,21.16,,21.16,20,,0.015264283,21.01856768,21.00043787,21.00001587
5.68917942,20,0,21.58,21.09,21.13,,21.13,20,,0.076322197,21.02329713,21.00061748,21.00002513
6.188928604,20,0,21.76,21.09,21.16,,21.16,20,,0.381611766,21.02851443,21.00083892,21.00003786
6.687471867,20,0,21.94,21.09,21.16,,21.16,20,,0.5,21.03420623,21.00110593,21.00005478
7.188013077,20,0,22.08,21.13,21.16,,21.16,20,,1,21.04035943,21.00142209,21.00007668
7.681011438,20,0,22.25,21.13,21.16,,21.16,20,,1.5,21.04696125,21.00179083,21.00010439
8.189352751,20,0,22.39,21.13,21.16,,21.16,20,,2,21.05399917,21.0022154,21.00013878
8.69066906,20,0,22.52,21.16,21.16,,21.16,20,,2.5,21.06146093,21.00269892,21.00018077
9.194159508,20,0,22.66,21.19,21.16,,21.16,20,,3,21.06933458,21.00324437,21.0002313
9.692282915,20,0,22.79,21.19,21.2,,21.2,20,,3.5,21.07760838,21.00385456,21.00029136
10.19516683,20,0,22.93,21.23,21.16,,21.16,20,,4,21.08627088,21.0045322,21.00036196
10.6937921,20,0,23.06,21.23,21.2,,21.2,20,,4.5,21.09531088,21.00527984,21.00044416
11.19162846,20,0,23.19,21.26,21.2,,21.2,20,,5,21.1047174,21.00609991,21.00053901
11.69578171,20,0,23.33,21.29,21.2,,21.2,20,,5.5,21.11447973,21.00699471,21.0006476
12.20152211,20,0,23.42,21.29,21.2,,21.2,20,,6,21.12458738,21.00796641,21.00077105
12.70440364,20,0,23.55,21.33,21.2,,21.2,20,,6.5,21.13503009,21.00901708,21.00091048
13.20575905,20,0,23.64,21.4,21.2,,21.2,20,,7,21.14579784,21.01014866,21.00106703
13.70247817,20,0,23.73,21.4,21.2,,21.2,20,,7.5,21.15688082,21.01136298,21.00124184
14.20624828,20,0,23.87,21.43,21.2,,21.2,20,,8,21.16826943,21.01266178,21.00143608
14.705024,20,0,23.95,21.46,21.2,,21.2,20,,8.5,21.1799543,21.01404666,21.00165092
15.20772243,20,0,24.04,21.5,21.23,,21.23,20,,9,21.19192626,21.01551915,21.00188753
15.7023747,20,0,24.13,21.53,21.23,,21.23,20,,9.5,21.20417633,21.01708066,21.00214707
16.20621848,20,0,24.22,21.56,21.23,,21.23,20,,10,21.21669576,21.01873252,21.00243074
16.71295977,20,0,24.31,21.6,21.23,,21.23,20,,10.5,21.22947597,21.02047595,21.00273971
17.21061707,20,0,24.45,21.63,21.27,,21.27,20,,11,21.24250858,21.02231209,21.00307514
17.70943785,20,0,24.49,21.66,21.27,,21.27,20,,11.5,21.25578539,21.02424199,21.00343822
18.22089076,20,0,24.58,21.7,21.27,,21.27,20,,12,21.2692984,21.02626663,21.0038301
18.72314835,20,0,24.67,21.73,21.27,,21.27,20,,12.5,21.28303978,21.02838687,21.00425196
19.22246718,20,0,24.76,21.76,21.27,,21.27,20,,13,21.29700187,21.03060353,21.00470493
19.72267127,20,0,24.85,21.8,21.31,,21.31,20,,13.5,21.3111772,21.03291734,21.00519017
20.23635244,20,0,24.94,21.83,21.31,,21.31,20,,14,21.32555844,21.03532895,21.0057088
20.72005534,20,0,24.98,21.9,21.31,,21.31,20,,14.5,21.34013846,21.03783893,21.00626194
21.23471522,20,0,25.07,21.93,21.34,,21.34,20,,15,21.35491026,21.0404478,21.00685071
21.74002218,20,0,25.16,21.96,21.34,,21.34,20,,15.5,21.36986702,21.04315601,21.0074762
22.23666906,20,0,25.21,22,21.34,,21.34,20,,16,21.38500207,21.04596393,21.00813949
22.72203302,20,0,25.3,22.03,21.38,,21.38,20,,16.5,21.40030889,21.04887188,21.00884164
23.23458552,20,0,25.34,22.06,21.38,,21.38,20,,17,21.41578111,21.05188011,21.0095837
23.73972201,20,0,25.43,22.1,21.38,,21.38,20,,17.5,21.4314125,21.05498882,21.0103667
24.24841976,20,0,25.52,22.16,21.41,,21.41,20,,18,21.44719698,21.05819815,21.01119167
24.73956442,20,0,25.57,22.2,21.41,,21.41,20,,18.5,21.4631286,21.06150818,21.01205959
25.23907542,20,0,25.61,22.23,21.45,,21.45,20,,19,21.47920157,21.06491893,21.01297144
25.75534344,20,0,25.7,22.26,21.45,,21.45,20,,19.5,21.49541021,21.0684304,21.01392818
26.23919225,20,0,25.74,22.3,21.49,,21.49,20,,20,21.51174898,21.07204251,21.01493075
26.74997163,20,0,25.83,22.33,21.49,,21.49,20,,20.5,21.52821246,21.07575514,21.01598006
27.25366092,20,0,25.88,22.36,21.49,,21.49,20,,21,21.54479538,21.07956814,21.01707701
27.75002456,20,0,25.92,22.4,21.52,,21.52,20,,21.5,21.56149256,21.08348128,21.01822248
28.24369693,20,0,26.01,22.46,21.56,,21.56,20,,22,21.57829897,21.08749432,21.01941731
28.75282168,20,0,26.06,22.5,21.56,,21.56,20,,22.5,21.59520968,21.09160698,21.02066235
29.2474966,20,0,26.1,22.53,21.59,,21.59,20,,23,21.61221988,21.09581891,21.02195839
29.75400424,20,0,26.15,22.56,21.59,,21.59,20,,23.5,21.62932487,21.10012976,21.02330622
30.26354027,20,0,26.19,22.63,21.63,,21.63,20,,24,21.64652008,21.10453911,21.02470661
30.75506926,20,0,26.28,22.66,21.63,,21.63,20,,24.5,21.66380101,21.10904653,21.0261603
31.25678444,20,0,26.33,22.69,21.66,,21.66,20,,25,21.68116331,21.11365153,21.027668
31.76591253,20,0,26.37,22.73,21.66,,21.66,20,,25.5,21.69860271,21.11835362,21.02923041
32.25714135,20,0,26.42,22.76,21.7,,21.7,20,,26,21.71611504,21.12315226,21.03084819
32.76639795,20,0,26.51,22.79,21.7,,21.7,20,,26.5,21.73369623,21.12804687,21.032522
33.25219679,20,0,26.55,22.83,21.74,,21.74,20,,27,21.75134232,21.13303687,21.03425246
33.76784968,20,0,26.6,22.89,21.77,,21.77,20,,27.45274204,21.76904944,21.13812163,21.03604016
34.26128554,20,0,26.64,22.93,21.77,,21.77,20,,27.45274204,21.78681381,21.1433005,21.03788569
34.76522207,20,0,26.68,22.96,21.81,,21.81,20,,27.45274204,21.80463173,21.14857281,21.03978959
35.2729001,20,0,26.73,22.99,21.84,,21.84,20,,27.5,21.82249962,21.15393786,21.0417524
35.77183628,20,0,26.77,23.02,21.84,,21.84,20,,27.54725796,21.84041396,21.15939492,21.04377461
36.25580359,20,0,26.82,23.06,21.88,,21.88,20,,27.64177387,21.85837133,21.16494326,21.04585672
36.76778793,20,0,26.86,23.09,21.92,,21.92,20,,27.8308057,21.87636839,21.1705821,21.04799917
37.26344275,20,0,26.91,23.12,21.92,,21.92,20,,28,21.89440188,21.17631068,21.05020241
37.78441,20,0,26.95,23.16,21.95,,21.95,20,,28.5,21.91246863,21.18212817,21.05246684
38.27314329,20,0,27,23.19,21.99,,21.99,20,,29,21.93056552,21.18803378,21.05479286
38.7846787,20,0,27.09,23.26,22.02,,22.02,20,,29.5,21.94868955,21.19402665,21.05718083
39.27966738,20,0,27.09,23.29,22.02,,22.02,20,,30,21.96683777,21.20010593,21.05963108
39.78686476,20,0,27.13,23.32,22.06,,22.06,20,,30.5,21.9850073,21.20627077,21.06214396
40.27976704,20,0,27.22,23.35,22.09,,22.09,20,,31,22.00319535,21.21252026,21.06471974
40.79120064,20,0,27.22,23.39,22.13,,22.13,20,,31.5,22.02139918,21.21885353,21.06735871
41.28159213,20,0,27.27,23.42,22.13,,22.13,20,,32,22.03961613,21.22526965,21.07006112
41.79059339,20,0,27.31,23.45,22.17,,22.17,20,,32.5,22.05784362,21.23176771,21.07282721
42.28815627,20,0,27.36,23.49,22.2,,22.2,20,,33,22.07607912,21.23834678,21.07565717
42.79489255,20,0,27.4,23.52,22.24,,22.24,20,,33.5,22.09432016,21.24500591,21.07855121
43.28656316,20,0,27.45,23.55,22.24,,22.24,20,,34,22.11256435,21.25174415,21.08150949
43.79787278,20,0,27.49,23.59,22.27,,22.27,20,,34.5,22.13080935,21.25856053,21.08453216
44.29223347,20,0,27.53,23.62,22.31,,22.31,20,,35,22.1490529,21.2654541,21.08761934
44.79927564,20,0,27.58,23.65,22.34,,22.34,20,,35.5,22.16729276,21.27242387,21.09077114
45.29426026,20,0,27.62,23.68,22.34,,22.34,20,,36,22.18552679,21.27946885,21.09398765
45.80399275,20,0,27.62,23.72,22.38,,22.38,20,,36.5,22.20375289,21.28658805,21.09726893
46.29452372,20,0,27.67,23.78,22.42,,22.42,20,,37,22.22196902,21.29378048,21.10061503
46.80206728,20,0,27.71,23.78,22.42,,22.42,20,,37.5,22.24017317,21.30104514,21.10402598
47.29629636,20,0,27.76,23.82,22.45,,22.45,20,,38,22.25836342,21.308381,21.10750178
47.78927374,20,0,27.8,23.88,22.49,,22.49,20,,38.5,22.27653789,21.31578706,21.11104244
48.31231141,20,0,27.8,23.88,22.52,,22.52,20,,39,22.29469474,21.32326231,21.11464791
48.80694318,20,0,27.85,23.95,22.56,,22.56,20,,39.5,22.31283218,21.33080572,21.11831815
49.30581284,20,0,27.89,23.95,22.59,,22.59,20,,40,22.33094849,21.33841627,21.12205311
49.81001401,20,0,27.94,24.01,22.63,,22.63,20,,40.5,22.34904197,21.34609293,21.12585269
50.30581021,20,0,27.98,24.04,22.63,,22.63,20,,41,22.367111,21.35383468,21.1297168
50.81562018,20,0,28.03,24.04,22.66,,22.66,20,,41.5,22.38515396,21.36164048,21.13364532
51.30603361,20,0,28.03,24.08,22.7,,22.7,20,,42,22.40316933,21.36950931,21.13763813
51.81654906,20,0,28.07,24.14,22.74,,22.74,20,,42.5,22.42115558,21.37744014,21.14169507
52.31283712,20,0,28.12,24.14,22.77,,22.77,20,,43,22.43911126,21.38543193,21.14581598
52.80544257,20,0,28.12,24.18,22.81,,22.81,20,,43.5,22.45703496,21.39348365,21.15000068
53.31429672,20,0,28.16,24.21,22.81,,22.81,20,,44,22.47492528,21.40159427,21.15424898
53.81070852,20,0,28.21,24.24,22.84,,22.84,20,,44.5,22.49278089,21.40976276,21.15856067
54.3221128,20,0,28.25,24.27,22.88,,22.88,20,,45,22.51060049,21.41798809,21.16293553
54.82679105,20,0,28.25,24.31,22.91,,22.91,20,,45.5,22.52838282,21.42626923,21.1673733
55.31850696,20,0,28.3,24.34,22.95,,22.95,20,,46,22.54612666,21.43460516,21.17187375
55.82808495,20,0,28.34,24.37,22.95,,22.95,20,,46.5,22.56383081,21.44299486,21.17643661
56.31959701,20,0,28.39,24.4,22.98,,22.98,20,,47,22.58149413,21.45143729,21.1810616
56.82749581,20,0,28.39,24.44,23.02,,23.02,20,,47.19658753,22.5991155,21.45993144,21.18574842
57.32367039,20,0,28.43,24.47,23.06,,23.06,20,,47.19658753,22.61669383,21.4684763,21.19049677
57.83615756,20,0,28.47,24.5,23.09,,23.09,20,,47.19658753,22.63422809,21.47707084,21.19530634
58.32648635,20,0,28.47,24.54,23.09,,23.09,20,,47.5,22.65171724,21.48571407,21.20017679
58.82293034,20,0,28.52,24.57,23.16,,23.16,20,,47.80341247,22.66916032,21.49440497,21.20510778
59.33187795,20,0,28.56,24.6,23.16,,23.16,20,,48,22.68655637,21.50314254,21.21009896
59.83493376,20,0,28.56,24.63,23.2,,23.2,20,,48.5,22.70390446,21.51192579,21.21514997
60.34550428,20,0,28.61,24.67,23.23,,23.23,20,,49,22.7212037,21.52075372,21.22026043
60.84024549,20,0,28.65,24.7,23.27,,23.27,20,,49.5,22.73845324,21.52962534,21.22542996
61.33417463,20,0,28.65,24.7,23.3,,23.3,20,,50,22.75565223,21.53853966,21.23065815
61.84397554,20,0,28.7,24.73,23.34,,23.34,20,,50.5,22.77279987,21.54749571,21.23594461
62.34122849,20,0,28.7,24.76,23.34,,23.34,20,,51,22.78989539,21.55649251,21.24128892
62.83520436,20,0,28.74,24.83,23.37,,23.37,20,,51.5,22.80693803,21.5655291,21.24669065
63.34216499,20,0,28.79,24.86,23.41,,23.41,20,,52,22.82392707,21.5746045,21.25214937
63.83834124,20,0,28.83,24.89,23.45,,23.45,20,,52.5,22.8408618,21.58371776,21.25766464
64.34902668,20,0,28.83,24.89,23.48,,23.48,20,,53,22.85774155,21.59286793,21.263236
64.84158134,20,0,28.88,24.93,23.52,,23.52,20,,53.5,22.87456567,21.60205406,21.26886301
65.34850478,20,0,28.88,24.96,23.55,,23.55,20,,54,22.89133354,21.61127521,21.27454518
65.8439064,20,0,28.92,24.99,23.55,,23.55,20,,54.5,22.90804454,21.62053045,21.28028204
66.35200882,20,0,28.97,25.03,23.59,,23.59,20,,55,22.92469811,21.62981884,21.28607311
66.83164001,20,0,28.97,25.06,23.62,,23.62,20,,55.5,22.94129367,21.63913948,21.2919179
67.35189438,20,0,29.01,25.06,23.66,,23.66,20,,56,22.9578307,21.64849143,21.29781592
67.86289668,20,0,29.01,25.09,23.69,,23.69,20,,56.5,22.97430868,21.6578738,21.30376666
68.35326791,20,0,29.06,25.12,23.73,,23.73,20,,57,22.99072711,21.66728567,21.3097696
68.86547613,20,0,29.1,25.16,23.73,,23.73,20,,57.5,23.00708552,21.67672617,21.31582424
69.36027575,20,0,29.1,25.19,23.76,,23.76,20,,58,23.02338345,21.68619439,21.32193006
69.86506605,20,0,29.15,25.22,23.8,,23.8,20,,58.5,23.03962048,21.69568947,21.32808651
70.3587935,20,0,29.15,25.25,23.83,,23.83,20,,59,23.05579617,21.70521052,21.33429307
70.85653973,20,0,29.19,25.29,23.87,,23.87,20,,59.5,23.07191014,21.71475667,21.34054921
71.36544776,20,0,29.19,25.29,23.9,,23.9,20,,60,23.087962,21.72432708,21.34685438
71.87131667,20,0,29.24,25.35,23.9,,23.9,20,,60,23.1039514,21.73392089,21.35320802
72.36248922,20,0,29.24,25.35,23.94,,23.94,20,,60,23.11987798,21.74353725,21.3596096
72.87137365,20,0,29.28,25.38,23.98,,23.98,20,,60.5,23.13574142,21.75317532,21.36605854
73.36708593,20,0,29.33,25.42,24.01,,24.01,20,,61,23.1515414,21.76283429,21.37255429
73.8566432,20,0,29.33,25.45,24.05,,24.05,20,,61.5,23.16727763,21.77251331,21.37909629
74.36637735,20,0,29.37,25.45,24.05,,24.05,20,,62,23.18294983,21.7822116,21.38568397
74.87380576,20,0,29.37,25.48,24.08,,24.08,20,,62.5,23.19855774,21.79192832,21.39231675
75.38461685,20,0,29.41,25.51,24.12,,24.12,20,,63,23.21410109,21.8016627,21.39899407
75.8797431,20,0,29.41,25.55,24.15,,24.15,20,,63.5,23.22957967,21.81141392,21.40571533
76.3721199,20,0,29.46,25.58,24.19,,24.19,20,,64,23.24499324,21.82118122,21.41247997
76.88109732,20,0,29.46,25.61,24.22,,24.22,20,,64.5,23.26034159,21.83096382,21.41928739
77.37132406,20,0,29.5,25.64,24.22,,24.22,20,,65,23.27562454,21.84076095,21.42613702
77.88901186,20,0,29.55,25.64,24.26,,24.26,20,,65.5,23.29084189,21.85057184,21.43302827
78.37551975,20,0,29.55,25.68,24.29,,24.29,20,,66,23.30599349,21.86039576,21.43996054
78.88678622,20,0,29.59,25.71,24.33,,24.33,20,,66.5,23.32107918,21.87023194,21.44693324
79.38256049,20,0,29.59,25.74,24.33,,24.33,20,,67,23.3360988,21.88007967,21.45394578
79.89245033,20,0,29.64,25.74,24.36,,24.36,20,,67.5,23.35105224,21.8899382,21.46099757
80.38485718,20,0,29.64,25.77,24.4,,24.4,20,,68,23.36593937,21.89980682,21.46808801
80.88747525,20,0,29.68,25.81,24.43,,24.43,20,,68.5,23.38076008,21.90968481,21.4752165
81.38729286,20,0,29.68,25.84,24.47,,24.47,20,,69,23.39551427,21.91957148,21.48238245
81.88875937,20,0,29.73,25.87,24.47,,24.47,20,,69.5,23.41020185,21.92946612,21.48958525
82.39066696,20,0,29.73,25.87,24.54,,24.54,20,,70,23.42482276,21.93936805,21.49682431
82.90140128,20,0,29.77,25.9,24.54,,24.54,20,,70.5,23.43937691,21.94927658,21.50409902
83.3906641,20,0,29.77,25.93,24.57,,24.57,20,,71,23.45386427,21.95919104,21.51140878
83.88788843,20,0,29.82,25.97,24.57,,24.57,20,,71.5,23.46828477,21.96911077,21.518753
84.39256501,20,0,29.82,25.97,24.61,,24.61,20,,72,23.48263838,21.97903511,21.52613108
84.9003036,20,0,29.86,26,24.64,,24.64,20,,72.5,23.49692508,21.98896341,21.53354241
85.40581512,20,0,29.86,26.03,24.68,,24.68,20,,73,23.51114485,21.99889502,21.54098639
85.90517759,20,0,29.91,26.06,24.71,,24.71,20,,73.5,23.52529767,22.00882932,21.54846243
86.39717913,20,0,29.91,26.1,24.71,,24.71,20,,74,23.53938354,22.01876568,21.55596991
86.90093064,20,0,29.95,26.1,24.75,,24.75,20,,74.5,23.55340247,22.02870348,21.56350826
87.41283321,20,0,29.95,26.13,24.78,,24.78,20,,75,23.56735447,22.03864211,21.57107686
87.90321565,20,0,30,26.16,24.82,,24.82,20,,75.5,23.58123957,22.04858096,21.57867512
88.40300107,20,0,30,26.19,24.82,,24.82,20,,76,23.5950578,22.05851945,21.58630245
88.90785265,20,0,30,26.19,24.85,,24.85,20,,76.5,23.60880919,22.06845698,21.59395825
89.42115545,20,0,30.04,26.23,24.89,,24.89,20,,77,23.62249379,22.07839297,21.60164192
89.90319777,20,0,30.04,26.26,24.93,,24.93,20,,77.5,23.63611166,22.08832686,21.60935288
90.41850972,20,0,30.09,26.29,24.93,,24.93,20,,78,23.64966284,22.09825807,21.61709053
90.90442371,20,0,30.09,26.29,24.96,,24.96,20,,78.5,23.66314741,22.10818606,21.62485429
91.42339563,20,0,30.13,26.32,25,,25,20,,79,23.67656544,22.11811026,21.63264356
91.9135921,20,0,30.13,26.36,25.03,,25.03,20,,79.5,23.68991701,22.12803015,21.64045777
92.42542934,20,0,30.18,26.36,25.03,,25.03,20,,80,23.70320219,22.13794518,21.64829633
92.92242885,20,0,30.18,26.39,25.07,,25.07,20,,80.5,23.71642109,22.14785482,21.65615865
93.42071462,20,0,30.22,26.42,25.1,,25.1,20,,81,23.7295738,22.15775856,21.66404416
93.90626001,20,0,30.22,26.45,25.14,,25.14,20,,81.5,23.74266042,22.16765589,21.67195227
94.4299593,20,0,30.26,26.45,25.14,,25.14,20,,82,23.75568105,22.1775463,21.67988243
94.91287041,20,0,30.26,26.49,25.17,,25.17,20,,82.5,23.76863582,22.18742928,21.68783405
95.43131304,20,0,30.26,26.52,25.21,,25.21,20,,83,23.78152484,22.19730436,21.69580656
95.92638421,20,0,30.31,26.55,25.21,,25.21,20,,83.5,23.79434822,22.20717105,21.70379939
96.42243099,20,0,30.31,26.55,25.24,,25.24,20,,84,23.80710611,22.21702886,21.71181198
96.92788744,20,0,30.35,26.58,25.28,,25.28,20,,84.5,23.81979864,22.22687733,21.71984378
97.44097614,20,0,30.35,26.61,25.31,,25.31,20,,85,23.83242593,22.236716,21.72789421
97.93749738,20,0,30.4,26.61,25.31,,25.31,20,,85.5,23.84498813,22.24654442,21.73596272
98.42649794,20,0,30.4,26.65,25.35,,25.35,20,,86,23.8574854,22.25636212,21.74404875
98.93801522,20,0,30.4,26.68,25.38,,25.38,20,,86.5,23.86991787,22.26616868,21.75215177
99.43834996,20,0,30.44,26.68,25.42,,25.42,20,,87,23.88228571,22.27596365,21.76027121
99.93837905,20,0,30.44,26.71,25.42,,25.42,20,,87.5,23.89458907,22.28574661,21.76840654
100.4436038,20,0,30.49,26.71,25.45,,25.45,20,,88,23.90682811,22.29551714,21.77655721
100.9408305,20,0,30.49,26.74,25.49,,25.49,20,,88.5,23.91900301,22.30527482,21.78472269
101.4513788,20,0,30.49,26.78,25.49,,25.49,20,,89,23.93111393,22.31501925,21.79290243
101.942059,20,0,30.53,26.78,25.52,,25.52,20,,89.5,23.94316103,22.32475001,21.80109592
102.4520435,20,0,30.53,26.81,25.52,,25.52,20,,90,23.95514451,22.33446672,21.80930261
102.9368544,20,0,30.53,26.84,25.56,,25.56,20,,90.5,23.96706454,22.34416899,21.81752198
103.4546752,20,0,30.58,26.84,25.59,,25.59,20,,91,23.9789213,22.35385644,21.82575352
103.9462278,20,0,30.58,26.87,25.59,,25.59,20,,91.5,23.99071498,22.36352868,21.83399671
104.4554195,20,0,30.62,26.87,25.63,,25.63,20,,92,24.00244577,22.37318536,21.84225103
104.9500198,20,0,30.62,26.91,25.66,,25.66,20,,92.5,24.01411385,22.3828261,21.85051596
105.4554644,20,0,30.67,26.91,25.66,,25.66,20,,93,24.02571943,22.39245055,21.85879101
105.9552157,20,0,30.67,26.94,25.7,,25.7,20,,93.5,24.0372627,22.40205836,21.86707567
106.4541147,20,0,30.71,26.97,25.73,,25.73,20,,94,24.04874385,22.41164918,21.87536945
106.9513056,20,0,30.71,26.97,25.73,,25.73,20,,94.5,24.0601631,22.42122268,21.88367183
107.4539824,20,0,30.71,27,25.77,,25.77,20,,95,24.07152065,22.43077852,21.89198234
107.9552636,20,0,30.76,27.03,25.8,,25.8,20,,95.5,24.0828167,22.44031638,21.90030049
108.4547369,20,0,30.76,27.03,25.8,,25.8,20,,96,24.09405146,22.44983593,21.90862578
108.9650784,20,0,30.76,27.07,25.84,,25.84,20,,96.5,24.10522515,22.45933686,21.91695775
109.4602721,20,0,30.8,27.1,25.84,,25.84,20,,97,24.11633797,22.46881886,21.92529591
109.9687865,20,0,30.8,27.1,25.87,,25.87,20,,97.5,24.12739014,22.47828162,21.93363979
110.4591651,20,0,30.85,27.13,25.91,,25.91,20,,98,24.13838188,22.48772486,21.94198893
110.9692988,20,0,30.85,27.13,25.91,,25.91,20,,98.5,24.14931341,22.49714826,21.95034285
111.4555147,20,0,30.89,27.16,25.94,,25.94,20,,99,24.16018494,22.50655156,21.9587011
111.97138,20,0,30.89,27.2,25.98,,25.98,20,,99.5,24.17099671,22.51593447,21.96706323
112.4656544,20,0,30.89,27.2,25.98,,25.98,20,,100,24.18174893,22.5252967,21.97542877
112.9795465,20,0,30.94,27.23,26.01,,26.01,20,,100.5,24.19244183,22.534638,21.98379729
113.4687171,20,0,30.94,27.23,26.05,,26.05,20,,101,24.20307563,22.5439581,21.99216833
113.9744334,20,0,30.94,27.26,26.05,,26.05,20,,101.5,24.21365057,22.55325673,22.00054146
114.4740276,20,0,30.98,27.26,26.08,,26.08,20,,102,24.22416687,22.56253364,22.00891624
114.9837251,20,0,30.98,27.29,26.08,,26.08,20,,102.5,24.23462476,22.57178859,22.01729224
115.4718683,20,0,31.03,27.32,26.12,,26.12,20,,103,24.24502448,22.58102132,22.02566903
115.9861286,20,0,31.03,27.32,26.15,,26.15,20,,103.5,24.25536626,22.5902316,22.0340462
116.4789987,20,0,31.03,27.36,26.15,,26.15,20,,104,24.26565033,22.5994192,22.04242331
116.9863973,20,0,31.07,27.36,26.18,,26.18,20,,104.5,24.27587692,22.60858388,22.05079995
117.4718156,20,0,31.07,27.39,26.22,,26.22,20,,105,24.28604628,22.61772543,22.05917572
117.9928422,20,0,31.12,27.39,26.22,,26.22,20,,105.5,24.29615865,22.62684362,22.0675502
118.4843836,20,0,31.12,27.42,26.25,,26.25,20,,106,24.30621425,22.63593823,22.075923
118.9915318,20,0,31.12,27.42,26.25,,26.25,20,,106.5,24.31621332,22.64500906,22.08429372
119.4847968,20,0,31.12,27.45,26.29,,26.29,20,,107,24.32615612,22.65405591,22.09266195
119.9872818,20,0,31.16,27.49,26.29,,26.29,20,,107.5,24.33604287,22.66307857,22.10102732
120.4868352,20,0,31.16,27.49,26.32,,26.32,20,,108,24.34587382,22.67207684,22.10938943
120.9968877,20,0,31.2,27.52,26.36,,26.36,20,,108.5,24.3556492,22.68105054,22.11774791
121.493926,20,0,31.2,27.52,26.36,,26.36,20,,109,24.36536927,22.68999948,22.12610238
122.0006506,20,0,31.25,27.55,26.39,,26.39,20,,109.5,24.37503426,22.69892348,22.13445246
122.4929402,20,0,31.25,27.55,26.39,,26.39,20,,110,24.38464442,22.70782235,22.14279778
122.9876792,20,0,31.25,27.58,26.43,,26.43,20,,110.5,24.39419999,22.71669593,22.15113798
123.4854281,20,0,31.25,27.58,26.43,,26.43,20,,111,24.40370121,22.72554404,22.15947271
123.9885659,20,0,31.29,27.61,26.46,,26.46,20,,111.5,24.41314833,22.73436653,22.1678016
124.4892471,20,0,31.29,27.61,26.46,,26.46,20,,112,24.42254158,22.74316322,22.17612429
125.0053103,20,0,31.29,27.65,26.5,,26.5,20,,112.5,24.43188123,22.75193397,22.18444046
125.4998608,20,0,31.34,27.65,26.53,,26.53,20,,113,24.44116751,22.76067862,22.19274974
126.0022664,20,0,31.34,27.68,26.53,,26.53,20,,113.5,24.45040066,22.76939702,22.2010518
126.50436,20,0,31.38,27.71,26.57,,26.57,20,,114,24.45958094,22.77808903,22.2093463
127.0048103,20,0,31.38,27.71,26.57,,26.57,20,,114.5,24.46870858,22.78675451,22.21763292
127.5045547,20,0,31.38,27.74,26.6,,26.6,20,,115,24.47778384,22.79539332,22.22591132
128.0157802,20,0,31.38,27.74,26.64,,26.64,20,,115.5,24.48680696,22.80400533,22.23418118
128.5049851,20,0,31.43,27.78,26.64,,26.64,20,,116,24.49577818,22.8125904,22.24244219
129.0129623,20,0,31.43,27.78,26.67,,26.67,20,,116.5,24.50469775,22.82114843,22.25069402
129.5057533,20,0,31.43,27.81,26.67,,26.67,20,,117,24.51356591,22.82967927,22.25893637
130.0190084,20,0,31.47,27.81,26.71,,26.71,20,,117.5,24.52238292,22.83818282,22.26716893
130.5084631,20,0,31.47,27.84,26.71,,26.71,20,,118,24.53114901,22.84665896,22.2753914
131.0179663,20,0,31.47,27.84,26.74,,26.74,20,,118.5,24.53986444,22.85510759,22.28360347
131.5138884,20,0,31.52,27.87,26.74,,26.74,20,,119,24.54852944,22.86352858,22.29180486
132.01789,20,0,31.52,27.87,26.78,,26.78,20,,119.5,24.55714426,22.87192185,22.29999527
132.5306976,20,0,31.52,27.9,26.78,,26.78,20,,120,24.56570915,22.88028729,22.30817441
133.0209885,20,0,31.52,27.9,26.81,,26.81,20,,120.5,24.57422436,22.8886248,22.31634201
133.5305796,20,0,31.56,27.94,26.85,,26.85,20,,121,24.58269012,22.89693429,22.32449778
134.0198054,20,0,31.56,27.94,26.85,,26.85,20,,121.5,24.59110668,22.90521567,22.33264145
134.5342686,20,0,31.56,27.97,26.88,,26.88,20,,122,24.59947428,22.91346886,22.34077274
135.0290487,20,0,31.56,27.97,26.88,,26.88,20,,122.5,24.60779317,22.92169377,22.34889139
135.5368423,20,0,31.61,28,26.92,,26.92,20,,123,24.61606359,22.92989032,22.35699714
136.029166,20,0,31.61,28,26.92,,26.92,20,,123.5,24.62428579,22.93805843,22.36508973
136.5399213,20,0,31.61,28.03,26.95,,26.95,20,,124,24.63246,22.94619803,22.3731689
137.032665,20,0,31.65,28.03,26.95,,26.95,20,,124.5,24.64058647,22.95430905,22.38123439
137.5411093,20,0,31.65,28.03,26.99,,26.99,20,,125,24.64866544,22.96239142,22.38928597
138.0370436,20,0,31.7,28.06,26.99,,26.99,20,,125.5,24.65669715,22.97044508,22.39732338
138.5380821,20,0,31.7,28.1,27.02,,27.02,20,,126,24.66468185,22.97846996,22.40534639
139.0367038,20,0,31.7,28.1,27.02,,27.02,20,,126.5,24.67261976,22.986466,22.41335476
139.5485384,20,0,31.74,28.13,27.06,,27.06,20,,127,24.68051114,22.99443315,22.42134825
140.0437272,20,0,31.74,28.13,27.06,,27.06,20,,127.5,24.68835621,23.00237136,22.42932664
140.547204,20,0,31.74,28.16,27.09,,27.09,20,,128,24.69615523,23.01028058,22.43728969
141.0406373,20,0,31.74,28.16,27.09,,27.09,20,,128.5,24.70390843,23.01816074,22.4452372
141.5509207,20,0,31.79,28.19,27.13,,27.13,20,,129,24.71161604,23.02601182,22.45316893
142.0421286,20,0,31.79,28.19,27.13,,27.13,20,,129.5,24.7192783,23.03383377,22.46108468
142.5500798,20,0,31.79,28.23,27.16,,27.16,20,,130,24.72689545,23.04162655,22.46898423
143.0465631,20,0,31.83,28.23,27.16,,27.16,20,,130.5,24.73446773,23.04939012,22.47686737
143.5551517,20,0,31.83,28.26,27.19,,27.19,20,,131,24.74199537,23.05712445,22.48473391
144.0483701,20,0,31.83,28.26,27.19,,27.19,20,,131.5,24.7494786,23.0648295,22.49258363
144.541219,20,0,31.88,28.29,27.23,,27.23,20,,132,24.75691767,23.07250524,22.50041634
145.051729,20,0,31.88,28.29,27.23,,27.23,20,,132.5,24.76431279,23.08015166,22.50823185
145.5611267,20,0,31.88,28.32,27.26,,27.26,20,,133,24.77166421,23.08776871,22.51602997
146.0525031,20,0,31.88,28.32,27.26,,27.26,20,,133.5,24.77897216,23.09535639,22.5238105
146.5647726,20,0,31.92,28.35,27.3,,27.3,20,,134,24.78623686,23.10291466,22.53157327
147.0506787,20,0,31.92,28.35,27.3,,27.3,20,,134.5,24.79345856,23.11044352,22.5393181
147.5644529,20,0,31.92,28.39,27.33,,27.33,20,,135,24.80063748,23.11794294,22.5470448
148.0548623,20,0,31.92,28.39,27.33,,27.33,20,,135.5,24.80777384,23.12541292,22.5547532
148.5689855,20,0,31.97,28.42,27.37,,27.37,20,,136,24.81486788,23.13285343,22.56244314
149.0533252,20,0,31.97,28.42,27.37,,27.37,20,,136.5,24.82191983,23.14026448,22.57011444
149.5681465,20,0,31.97,28.42,27.4,,27.4,20,,137,24.8289299,23.14764605,22.57776694
150.0790522,20,0,31.97,28.45,27.4,,27.4,20,,137.5,24.83589834,23.15499815,22.58540048
150.5677187,20,0,31.97,28.45,27.44,,27.44,20,,138,24.84282536,23.16232076,22.59301491
151.0779052,20,0,32.01,28.48,27.44,,27.44,20,,138.5,24.84971119,23.16961388,22.60061006
151.5716598,20,0,32.01,28.48,27.47,,27.47,20,,139,24.85655605,23.17687753,22.60818578
152.0827892,20,0,32.01,28.48,27.47,,27.47,20,,139.5,24.86336016,23.18411169,22.61574193
152.5627728,20,0,32.05,28.51,27.51,,27.51,20,,140,24.87012376,23.19131639,22.62327836
153.0882635,20,0,32.05,28.51,27.51,,27.51,20,,140.5,24.87684705,23.19849161,22.63079493
153.5832796,20,0,32.05,28.51,27.51,,27.51,20,,141,24.88353027,23.20563738,22.6382915
154.073396,20,0,32.05,28.55,27.54,,27.54,20,,141.5,24.89017363,23.2127537,22.64576793
154.5878246,20,0,32.1,28.55,27.54,,27.54,20,,142,24.89677734,23.21984058,22.65322409
155.0833199,20,0,32.1,28.55,27.58,,27.58,20,,142.5,24.90334164,23.22689805,22.66065985
155.5740561,20,0,32.1,28.58,27.58,,27.58,20,,143,24.90986673,23.23392611,22.66807508
156.082706,20,0,32.14,28.58,27.58,,27.58,20,,143.5,24.91635283,23.24092478,22.67546965
156.5923278,20,0,32.14,28.61,27.61,,27.61,20,,144,24.92280016,23.24789408,22.68284345
157.0704398,20,0,32.14,28.61,27.61,,27.61,20,,144.5,24.92920893,23.25483404,22.69019635
157.5943584,20,0,32.14,28.64,27.65,,27.65,20,,145,24.93557936,23.26174468,22.69752823
158.092113,20,0,32.14,28.64,27.65,,27.65,20,,145.5,24.94191167,23.26862602,22.70483899
158.5881639,20,0,32.19,28.64,27.65,,27.65,20,,146,24.94820605,23.27547808,22.71212852
159.0927124,20,0,32.19,28.67,27.68,,27.68,20,,146.5,24.95446274,23.2823009,22.71939669
159.6040676,20,0,32.19,28.67,27.68,,27.68,20,,147,24.96068192,23.2890945,22.72664342
160.0989382,20,0,32.19,28.67,27.72,,27.72,20,,147.5,24.96686383,23.29585892,22.73386859
160.5875893,20,0,32.23,28.71,27.72,,27.72,20,,148,24.97300865,23.30259418,22.74107211
161.0968859,20,0,32.23,28.71,27.75,,27.75,20,,148.5,24.97911661,23.30930032,22.74825388
161.6078537,20,0,32.23,28.74,27.75,,27.75,20,,149,24.98518791,23.31597738,22.7554138
162.1022506,20,0,32.28,28.74,27.75,,27.75,20,,149.5,24.99122276,23.32262539,22.76255177
162.6093473,20,0,32.28,28.77,27.79,,27.79,20,,150,24.99722136,23.32924438,22.76966772
163.1046851,20,0,32.28,28.77,27.79,,27.79,20,,150.5,25.00318392,23.33583441,22.77676156
163.6034527,20,0,32.28,28.8,27.82,,27.82,20,,151,25.00911063,23.3423955,22.78383319
164.1070538,20,0,32.28,28.8,27.82,,27.82,20,,151.5,25.01500171,23.3489277,22.79088253
164.6016536,20,0,32.28,28.8,27.82,,27.82,20,,152,25.02085736,23.35543105,22.79790951
165.1100435,20,0,32.28,28.84,27.85,,27.85,20,,152.5,25.02667777,23.3619056,22.80491405
165.6170552,20,0,32.32,28.84,27.85,,27.85,20,,153,25.03246315,23.3683514,22.81189607
166.1095743,20,0,32.32,28.87,27.89,,27.89,20,,153.5,25.03821369,23.37476848,22.8188555
166.6047804,20,0,32.32,28.87,27.89,,27.89,20,,154,25.0439296,23.3811569,22.82579227
167.1137788,20,0,32.37,28.87,27.89,,27.89,20,,154.5,25.04961107,23.3875167,22.83270631
167.6211021,20,0,32.37,28.9,27.92,,27.92,20,,155,25.0552583,23.39384794,22.83959755
168.1158316,20,0,32.37,28.9,27.92,,27.92,20,,155.5,25.06087148,23.40015067,22.84646593
168.6267848,20,0,32.37,28.9,27.96,,27.96,20,,156,25.06645081,23.40642494,22.85331139
169.117687,20,0,32.41,28.93,27.96,,27.96,20,,156.5,25.07199648,23.4126708,22.86013387
169.6288102,20,0,32.41,28.93,27.99,,27.99,20,,157,25.07750869,23.4188883,22.86693331
170.1225235,20,0,32.41,28.96,27.99,,27.99,20,,157.5,25.08298763,23.42507751,22.87370966
170.6145055,20,0,32.46,28.96,27.99,,27.99,20,,158,25.08843349,23.43123848,22.88046286
171.122324,20,0,32.46,29,28.03,,28.03,20,,158.5,25.09384645,23.43737127,22.88719286
171.632786,20,0,32.46,29,28.03,,28.03,20,,159,25.09922671,23.44347593,22.89389962
172.1256304,20,0,32.5,29,28.06,,28.06,20,,159.5,25.10457447,23.44955252,22.90058309
172.6325142,20,0,32.5,29.03,28.06,,28.06,20,,160,25.10988989,23.45560111,22.90724322
173.1289568,20,0,32.5,29.03,28.06,,28.06,20,,160.5,25.11517318,23.46162176,22.91387996
176.3789928,20,0,32.5,29.03,28.1,,28.1,20,,161,25.12042451,23.46761452,22.92049329
176.80899,20,0,32.55,29.06,28.1,,28.1,20,,161.5,25.12564408,23.47357947,22.92708316
177.2266128,20,0,32.55,29.06,28.1,,28.1,20,,162,25.13083206,23.47951665,22.93364953
177.6544108,20,0,32.55,29.06,28.13,,28.13,20,,162.5,25.13598864,23.48542615,22.94019237
178.1017399,20,0,32.55,29.09,28.13,,28.13,20,,163,25.141114,23.49130803,22.94671165
180.108345,20,0,32.59,29.09,28.17,,28.17,20,,163.5,25.14620833,23.49716235,22.95320733
180.6621737,20,0,32.59,29.09,28.17,,28.17,20,,164,25.1512718,23.50298917,22.95967938
181.3158722,20,0,32.59,29.12,28.17,,28.17,20,,164.5,25.15630459,23.50878857,22.96612778
181.8823407,20,0,32.59,29.12,28.2,,28.2,20,,165,25.16130688,23.51456062,22.97255251
182.3533244,20,0,32.59,29.12,28.2,,28.2,20,,165.5,25.16627885,23.52030538,22.97895353
183.3580031,20,0,32.59,29.16,28.2,,28.2,20,,166,25.17122068,23.52602292,22.98533083
183.8858752,20,0,32.59,29.16,28.24,,28.24,20,,166.5,25.17613254,23.53171332,22.99168438
184.4084721,20,0,32.59,29.16,28.24,,28.24,20,,167,25.1810146,23.53737665,22.99801417
184.9496241,20,0,32.64,29.19,28.27,,28.27,20,,167.5,25.18586705,23.54301298,23.00432018
185.4526758,20,0,32.64,29.19,28.27,,28.27,20,,168,25.19069005,23.54862237,23.01060239
185.9461787,20,0,32.64,29.19,28.31,,28.31,20,,168.5,25.19548378,23.55420491,23.0168608
186.3880551,20,0,32.64,29.19,28.31,,28.31,20,,169,25.2002484,23.55976067,23.02309538
186.8304522,20,0,32.64,29.22,28.31,,28.31,20,,169.5,25.2049841,23.56528973,23.02930613
187.2564156,20,0,32.68,29.22,28.34,,28.34,20,,170,25.20969103,23.57079215,23.03549304
187.6753864,20,0,32.68,29.22,28.34,,28.34,20,,170.5,25.21436937,23.57626801,23.0416561
188.1035378,20,0,32.68,29.25,28.34,,28.34,20,,171,25.21901928,23.5817174,23.0477953
188.5125604,20,0,32.73,29.25,28.38,,28.38,20,,171.5,25.22364094,23.58714038,23.05391065
188.9841032,20,0,32.73,29.25,28.38,,28.38,20,,172,25.2282345,23.59253704,23.06000213
189.503485,20,0,32.73,29.25,28.38,,28.38,20,,172.5,25.23280014,23.59790745,23.06606976
189.9922397,20,0,32.77,29.28,28.41,,28.41,20,,173,25.23733802,23.60325169,23.07211351
190.4838905,20,0,32.77,29.28,28.41,,28.41,20,,173.5,25.2418483,23.60856984,23.07813341
190.9622362,20,0,32.77,29.28,28.44,,28.44,20,,174,25.24633115,23.61386198,23.08412945
191.4767659,20,0,32.73,29.32,28.44,,28.44,20,,174.5,25.25078672,23.61912819,23.09010163
191.9489763,20,0,32.77,29.28,28.44,,28.44,20,,175,25.25521519,23.62436854,23.09604997
192.3927655,20,0,32.77,29.32,28.44,,28.44,20,,175.5,25.2596167,23.62958313,23.10197446
192.8150122,20,0,32.77,29.32,28.44,,28.44,20,,176,25.26399141,23.63477202,23.10787512
193.2749865,20,0,32.77,29.32,28.44,,28.44,20,,176.5,25.2683395,23.63993531,23.11375196
193.7180636,20,0,32.77,29.35,28.44,,28.44,20,,177,25.27266111,23.64507307,23.11960498
194.1313317,20,0,32.77,29.35,28.44,,28.44,20,,177.5,25.2769564,23.65018539,23.1254342
194.5707064,20,0,32.77,29.35,28.48,,28.48,20,,178,25.28122552,23.65527234,23.13123964
194.9899142,20,0,32.77,29.35,28.48,,28.48,20,,178.5,25.28546864,23.66033402,23.1370213
195.4088731,20,0,32.77,29.38,28.48,,28.48,20,,179,25.28968591,23.6653705,23.14277921
195.8366449,20,0,32.77,29.38,28.51,,28.51,20,,179.5,25.29387747,23.67038187,23.14851338
196.265393,20,0,32.77,29.38,28.51,,28.51,20,,180,25.29804349,23.67536821,23.15422383
196.7025151,20,0,32.82,29.41,28.51,,28.51,20,,180.5,25.30218411,23.68032961,23.15991057
197.1226838,20,0,32.82,29.41,28.55,,28.55,20,,181,25.30629949,23.68526615,23.16557364
197.552161,20,0,32.82,29.41,28.55,,28.55,20,,181.5,25.31038977,23.69017792,23.17121305
197.9876316,20,0,32.82,29.41,28.55,,28.55,20,,182,25.31445511,23.69506499,23.17682882
198.4186401,20,0,32.86,29.44,28.58,,28.58,20,,182.5,25.31849565,23.69992747,23.18242098
198.8429613,20,0,32.86,29.44,28.58,,28.58,20,,183,25.32251155,23.70476542,23.18798955
199.2641215,20,0,32.86,29.44,28.58,,28.58,20,,183.5,25.32650294,23.70957895,23.19353457
199.7034833,20,0,32.86,29.44,28.58,,28.58,20,,184,25.33046998,23.71436812,23.19905605
200.1327126,20,0,32.91,29.48,28.62,,28.62,20,,184.5,25.3344128,23.71913304,23.20455402
200.5417364,20,0,32.91,29.48,28.62,,28.62,20,,185,25.33833156,23.72387378,23.21002852
200.9911668,20,0,32.91,29.51,28.62,,28.62,20,,185.5,25.3422264,23.72859044,23.21547957
201.41959,20,0,32.91,29.51,28.65,,28.65,20,,186,25.34609746,23.7332831,23.22090721
201.8455374,20,0,32.95,29.51,28.65,,28.65,20,,186.5,25.34994489,23.73795184,23.22631147
202.2950513,20,0,32.91,29.51,28.65,,28.65,20,,187,25.35376881,23.74259677,23.23169238
202.7077508,20,0,32.95,29.54,28.69,,28.69,20,,187.5,25.35756939,23.74721795,23.23704997
203.1404645,20,0,32.95,29.54,28.69,,28.69,20,,188,25.36134675,23.75181548,23.24238428
203.5492666,20,0,32.95,29.54,28.69,,28.69,20,,188.5,25.36510103,23.75638945,23.24769535
203.9587777,20,0,32.95,29.57,28.69,,28.69,20,,189,25.36883237,23.76093995,23.25298321
204.3686144,20,0,32.99,29.57,28.72,,28.72,20,,189.5,25.37254092,23.76546706,23.2582479
204.7899272,20,0,32.99,29.57,28.72,,28.72,20,,190,25.3762268,23.76997087,23.26348946
205.2159553,20,0,32.99,29.6,28.72,,28.72,20,,190.5,25.37989015,23.77445148,23.26870793
205.6433947,20,0,32.99,29.6,28.76,,28.76,20,,191,25.38353111,23.77890896,23.27390335
206.0591063,20,0,33.04,29.6,28.76,,28.76,20,,191.5,25.38714981,23.78334341,23.27907576
206.4841785,20,0,33.04,29.6,28.76,,28.76,20,,192,25.39074639,23.78775492,23.28422519
206.9106758,20,0,33.04,29.64,28.79,,28.79,20,,192.5,25.39432098,23.79214357,23.2893517
207.3389833,20,0,33.04,29.64,28.79,,28.79,20,,193,25.3978737,23.79650945,23.29445533
207.7656999,20,0,33.08,29.64,28.79,,28.79,20,,193.5,25.4014047,23.80085265,23.29953612
208.1938381,20,0,33.08,29.67,28.79,,28.79,20,,194,25.4049141,23.80517327,23.30459411
208.6215792,20,0,33.08,29.67,28.83,,28.83,20,,194.5,25.40840204,23.80947139,23.30962935
209.0500169,20,0,33.13,29.67,28.83,,28.83,20,,195,25.41186863,23.81374709,23.31464189
209.4623744,20,0,33.08,29.67,28.83,,28.83,20,,195.5,25.41531402,23.81800048,23.31963178
209.8932278,20,0,33.13,29.7,28.83,,28.83,20,,196,25.41873832,23.82223163,23.32459906
210.3116291,20,0,33.13,29.7,28.86,,28.86,20,,196.5,25.42214167,23.82644063,23.32954377
210.738342,20,0,33.08,29.73,28.86,,28.86,20,,197,25.42552419,23.83062758,23.33446598
211.1601112,20,0,33.13,29.73,28.86,,28.86,20,,197.5,25.42888601,23.83479257,23.33936573
211.575515,20,0,33.13,29.73,28.89,,28.89,20,,198,25.43222725,23.83893568,23.34424306
212.0009818,20,0,33.13,29.76,28.89,,28.89,20,,198.5,25.43554803,23.843057,23.34909803
212.4270077,20,0,33.13,29.76,28.89,,28.89,20,,199,25.43884848,23.84715663,23.3539307
212.8388464,20,0,33.13,29.76,28.89,,28.89,20,,199.5,25.44212873,23.85123464,23.3587411
213.266778,20,0,33.17,29.8,28.93,,28.93,20,,200,25.44538889,23.85529113,23.36352931
213.6770167,20,0,33.17,29.8,28.93,,28.93,20,,200.5,25.44862908,23.8593262,23.36829536
214.108103,20,0,33.17,29.8,28.96,,28.96,20,,201,25.45184943,23.86333992,23.37303931
214.551816,20,0,33.17,29.83,28.96,,28.96,20,,201.5,25.45505005,23.86733239,23.37776123
214.9944391,20,0,33.17,29.83,28.96,,28.96,20,,202,25.45823107,23.87130369,23.38246115
215.4538474,20,0,33.17,29.83,29,,29,20,,202.5,25.4613926,23.87525392,23.38713914
215.9066358,20,0,33.22,29.83,29,,29,20,,203,25.46453477,23.87918316,23.39179525
216.3402464,20,0,33.22,29.86,29,,29,20,,203.5,25.46765768,23.88309151,23.39642955
216.7980268,20,0,33.22,29.86,29,,29,20,,204,25.47076145,23.88697904,23.40104207
217.2422385,20,0,33.22,29.86,29.03,,29.03,20,,204.5,25.47384621,23.89084586,23.4056329
217.7513011,20,0,33.22,29.86,29.03,,29.03,20,,205,25.47691206,23.89469204,23.41020207
218.2425818,20,0,33.26,29.89,29.03,,29.03,20,,205.5,25.47995912,23.89851768,23.41474965
218.7478025,20,0,33.26,29.89,29.07,,29.07,20,,206,25.48298751,23.90232286,23.41927571
219.253463,20,0,33.26,29.89,29.07,,29.07,20,,206.5,25.48599733,23.90610768,23.42378028
219.7455235,20,0,33.26,29.92,29.07,,29.07,20,,207,25.4889887,23.90987222,23.42826345
220.2521138,20,0,33.26,29.92,29.1,,29.1,20,,207.5,25.49196173,23.91361657,23.43272526
220.7583189,20,0,33.26,29.92,29.1,,29.1,20,,208,25.49491654,23.91734082,23.43716578
221.2479889,20,0,33.31,29.92,29.1,,29.1,20,,208.5,25.49785322,23.92104506,23.44158507
221.7540441,20,0,33.31,29.92,29.1,,29.1,20,,209,25.5007719,23.92472936,23.44598319
222.2602029,20,0,33.31,29.96,29.14,,29.14,20,,209.5,25.50367269,23.92839383,23.4503602
222.7647479,20,0,33.31,29.96,29.14,,29.14,20,,210,25.50655568,23.93203855,23.45471616
223.2555649,20,0,33.31,29.96,29.14,,29.14,20,,210.5,25.50942099,23.9356636,23.45905114
223.7605443,20,0,33.35,29.96,29.14,,29.14,20,,211,25.51226873,23.93926908,23.46336519
224.2664883,20,0,33.35,29.99,29.17,,29.17,20,,211.5,25.515099,23.94285507,23.46765838
224.7718482,20,0,33.35,29.99,29.17,,29.17,20,,212,25.51791191,23.94642165,23.47193078
225.2604592,20,0,33.35,29.99,29.17,,29.17,20,,212.5,25.52070756,23.94996892,23.47618245
225.7679486,20,0,33.35,29.99,29.17,,29.17,20,,213,25.52348606,23.95349697,23.48041344
226.2744761,20,0,33.4,29.99,29.17,,29.17,20,,213.5,25.52624751,23.95700587,23.48462384
226.7656653,20,0,33.4,30.02,29.17,,29.17,20,,214,25.52899202,23.96049571,23.48881369
227.2737989,20,0,33.4,30.02,29.21,,29.21,20,,214.5,25.5317197,23.96396658,23.49298307
227.761992,20,0,33.4,30.02,29.21,,29.21,20,,215,25.53443063,23.96741858,23.49713203
228.2733402,20,0,33.4,30.02,29.21,,29.21,20,,215.5,25.53712492,23.97085177,23.50126066
228.7616119,20,0,33.44,30.05,29.21,,29.21,20,,216,25.53980269,23.97426625,23.505369
229.2561479,20,0,33.44,30.05,29.24,,29.24,20,,216.5,25.54246401,23.97766211,23.50945713
229.760711,20,0,33.44,30.05,29.24,,29.24,20,,217,25.545109,23.98103943,23.51352511
230.28584,20,0,33.44,30.05,29.24,,29.24,20,,217.5,25.54773776,23.98439829,23.51757301
230.7770207,20,0,33.44,30.08,29.24,,29.24,20,,218,25.55035038,23.98773878,23.5216009
231.2822387,20,0,33.44,30.08,29.28,,29.28,20,,218.5,25.55294697,23.99106099,23.52560884
231.791476,20,0,33.44,30.08,29.28,,29.28,20,,219,25.55552761,23.99436499,23.52959689
232.2825131,20,0,33.49,30.12,29.28,,29.28,20,,219.5,25.55809241,23.99765089,23.53356514
232.7879345,20,0,33.49,30.12,29.28,,29.28,20,,220,25.56064146,24.00091875,23.53751364
233.2950742,20,0,33.49,30.12,29.31,,29.31,20,,220.5,25.56317486,24.00416866,23.54144245
233.7847211,20,0,33.49,30.15,29.31,,29.31,20,,221,25.56569271,24.00740071,23.54535166
234.2909279,20,0,33.49,30.15,29.31,,29.31,20,,221.5,25.56819509,24.01061498,23.54924133
234.7973979,20,0,33.49,30.15,29.34,,29.34,20,,222,25.57068211,24.01381155,23.55311152
235.2814631,20,0,33.53,30.15,29.31,,29.31,20,,222.5,25.57315386,24.01699052,23.5569623
235.7959669,20,0,33.53,30.15,29.34,,29.34,20,,223,25.57561042,24.02015195,23.56079374
236.3006413,20,0,33.53,30.18,29.34,,29.34,20,,223.5,25.5780519,24.02329594,23.56460592
236.7929513,20,0,33.53,30.18,29.34,,29.34,20,,224,25.58047838,24.02642256,23.56839889
237.2936242,20,0,33.53,30.18,29.38,,29.38,20,,224.5,25.58288996,24.0295319,23.57217273
237.8050621,20,0,33.53,30.18,29.38,,29.38,20,,225,25.58528673,24.03262405,23.57592751
238.2984054,20,0,33.53,30.21,29.38,,29.38,20,,225.5,25.58766878,24.03569907,23.57966329
238.7938702,20,0,33.58,30.21,29.38,,29.38,20,,226,25.59003619,24.03875707,23.58338015
239.2950313,20,0,33.58,30.21,29.38,,29.38,20,,226.5,25.59238905,24.04179811,23.58707815
239.7849629,20,0,33.58,30.21,29.41,,29.41,20,,227,25.59472747,24.04482228,23.59075736
240.3057559,20,0,33.62,30.21,29.41,,29.41,20,,227.5,25.59705152,24.04782966,23.59441786
240.7976408,20,0,33.58,30.24,29.41,,29.41,20,,228,25.59936128,24.05082033,23.5980597
241.3036861,20,0,33.62,30.24,29.45,,29.45,20,,228.5,25.60165686,24.05379437,23.60168297
241.7935526,20,0,33.62,30.24,29.45,,29.45,20,,229,25.60393833,24.05675186,23.60528774
242.3097899,20,0,33.62,30.24,29.45,,29.45,20,,229.5,25.60620579,24.05969289,23.60887406
242.7941086,20,0,33.62,30.28,29.45,,29.45,20,,230,25.60845931,24.06261752,23.61244201
243.309613,20,0,33.67,30.28,29.48,,29.48,20,,230.5,25.61069898,24.06552585,23.61599167
243.8162806,20,0,33.62,30.28,29.48,,29.48,20,,231,25.61292489,24.06841796,23.61952309
244.3212552,20,0,33.67,30.28,29.48,,29.48,20,,231.5,25.61513711,24.07129391,23.62303636
244.8104982,20,0,33.67,30.28,29.48,,29.48,20,,232,25.61733575,24.0741538,23.62653154
245.3200233,20,0,33.67,30.31,29.48,,29.48,20,,232.5,25.61952087,24.07699769,23.63000869
245.811429,20,0,33.67,30.28,29.52,,29.52,20,,233,25.62169256,24.07982567,23.6334679
246.3157053,20,0,33.67,30.31,29.52,,29.52,20,,233.5,25.6238509,24.08263782,23.63690923
246.820904,20,0,33.67,30.31,29.52,,29.52,20,,234,25.62599598,24.08543421,23.64033275
247.327219,20,0,33.67,30.31,29.52,,29.52,20,,234.5,25.62812787,24.08821493,23.64373854
247.8105531,20,0,33.71,30.34,29.52,,29.52,20,,235,25.63024666,24.09098004,23.64712665
248.3255115,20,0,33.71,30.34,29.55,,29.55,20,,235.5,25.63235242,24.09372964,23.65049717
248.8251498,20,0,33.71,30.34,29.55,,29.55,20,,236,25.63444524,24.09646378,23.65385016
249.3218095,20,0,33.71,30.34,29.55,,29.55,20,,236.5,25.63652519,24.09918256,23.65718569
249.8132398,20,0,33.71,30.34,29.55,,29.55,20,,237,25.63859235,24.10188605,23.66050383
250.3368788,20,0,33.71,30.37,29.55,,29.55,20,,237.5,25.64064681,24.10457432,23.66380466
250.8267264,20,0,33.71,30.37,29.59,,29.59,20,,238,25.64268863,24.10724745,23.66708824
251.3269775,20,0,33.76,30.37,29.59,,29.59,20,,238.5,25.6447179,24.10990552,23.67035464
251.8393886,20,0,33.76,30.37,29.59,,29.59,20,,239,25.6467347,24.11254861,23.67360394
252.3308804,20,0,33.76,30.37,29.59,,29.59,20,,239.5,25.64873909,24.11517678,23.6768362
252.8265414,20,0,33.76,30.4,29.62,,29.62,20,,240,25.65073116,24.11779011,23.68005149
253.3439457,20,0,33.76,30.4,29.59,,29.59,20,,240.5,25.65271098,24.12038868,23.68324989
253.8397028,20,0,33.76,30.4,29.62,,29.62,20,,241,25.65467863,24.12297256,23.68643145
254.3445044,20,0,33.76,30.4,29.62,,29.62,20,,241.5,25.65663417,24.12554183,23.68959627
254.8270829,20,0,33.76,30.44,29.62,,29.62,20,,242,25.65857769,24.12809656,23.69274439
255.3471498,20,0,33.76,30.44,29.62,,29.62,20,,242.5,25.66050926,24.13063682,23.6958759
255.841609,20,0,33.76,30.44,29.66,,29.66,20,,243,25.66242895,24.1331627,23.69899086
256.342994,20,0,33.76,30.44,29.66,,29.66,20,,243.5,25.66433684,24.13567425,23.70208934
256.8425591,20,0,33.76,30.44,29.66,,29.66,20,,244,25.66623299,24.13817156,23.70517142
257.3449829,20,0,33.76,30.47,29.66,,29.66,20,,244.5,25.66811748,24.14065469,23.70823716
257.8485451,20,0,33.76,30.47,29.69,,29.69,20,,245,25.66999037,24.14312373,23.71128662
258.3564017,20,0,33.76,30.47,29.69,,29.69,20,,245.5,25.67185175,24.14557873,23.71431989
258.8456562,20,0,33.8,30.47,29.69,,29.69,20,,246,25.67370168,24.14801978,23.71733703
259.359477,20,0,33.8,30.47,29.73,,29.73,20,,246.5,25.67554023,24.15044695,23.72033811
259.8442316,20,0,33.8,30.47,29.73,,29.73,20,,247,25.67736748,24.1528603,23.7233232
260.3562701,20,0,33.8,30.5,29.73,,29.73,20,,247.5,25.67918348,24.15525991,23.72629237
260.8615513,20,0,33.8,30.5,29.73,,29.73,20,,248,25.68098831,24.15764585,23.72924568
261.3604314,20,0,33.8,30.5,29.73,,29.73,20,,248.5,25.68278204,24.16001819,23.7321832
261.8612936,20,0,33.8,30.5,29.76,,29.76,20,,249,25.68456474,24.16237699,23.73510502
262.3588812,20,0,33.8,30.5,29.76,,29.76,20,,249.5,25.68633647,24.16472234,23.73801118
262.8610442,20,0,33.8,30.53,29.76,,29.76,20,,250,25.6880973,24.1670543,23.74090177
263.3601208,20,0,33.8,30.53,29.76,,29.76,20,,250.5,25.6898473,24.16937294,23.74377685
263.8609765,20,0,33.8,30.53,29.76,,29.76,20,,251,25.69158653,24.17167832,23.74663649
264.3729885,20,0,33.8,30.53,29.79,,29.79,20,,251.5,25.69331506,24.17397052,23.74948075
264.8676682,20,0,33.84,30.53,29.79,,29.79,20,,252,25.69503296,24.17624961,23.75230971
265.3736358,20,0,33.84,30.53,29.79,,29.79,20,,252.5,25.69674029,24.17851566,23.75512344
265.8679707,20,0,33.84,30.53,29.83,,29.83,20,,253,25.69843711,24.18076872,23.75792199
266.3786211,20,0,33.84,30.53,29.83,,29.83,20,,253.5,25.7001235,24.18300888,23.76070545
266.872299,20,0,33.84,30.53,29.83,,29.83,20,,254,25.7017995,24.1852362,23.76347387
267.3723526,20,0,33.84,30.53,29.83,,29.83,20,,254.5,25.7034652,24.18745074,23.76622732
267.8774245,20,0,33.89,30.53,29.83,,29.83,20,,255,25.70512065,24.18965257,23.76896588
268.375139,20,0,33.89,30.56,29.83,,29.83,20,,255.5,25.70676591,24.19184176,23.77168961
268.8759253,20,0,33.89,30.56,29.83,,29.83,20,,256,25.70840104,24.19401838,23.77439858
269.3766248,20,0,33.89,30.56,29.86,,29.86,20,,256.5,25.71002612,24.19618249,23.77709285
269.8827066,20,0,33.89,30.56,29.86,,29.86,20,,257,25.7116412,24.19833416,23.77977249
270.3879609,20,0,33.89,30.56,29.86,,29.86,20,,257.5,25.71324633,24.20047346,23.78243757
270.8784733,20,0,33.89,30.56,29.86,,29.86,20,,258,25.71484159,24.20260044,23.78508815
271.3900955,20,0,33.89,30.56,29.9,,29.9,20,,258.5,25.71642704,24.20471518,23.7877243
271.8765295,20,0,33.89,30.6,29.9,,29.9,20,,259,25.71800272,24.20681774,23.79034609
272.3892951,20,0,33.89,30.6,29.9,,29.9,20,,259.5,25.71956871,24.20890818,23.79295359
272.8847537,20,0,33.89,30.6,29.9,,29.9,20,,260,25.72112507,24.21098657,23.79554685
273.3946877,20,0,33.93,30.63,29.9,,29.9,20,,260.5,25.72267184,24.21305297,23.79812595
273.8764415,20,0,33.89,30.63,29.9,,29.9,20,,261,25.7242091,24.21510745,23.80069095
274.3937607,20,0,33.89,30.63,29.9,,29.9,20,,261.5,25.72573689,24.21715007,23.80324191
274.8913164,20,0,33.93,30.63,29.93,,29.93,20,,262,25.72725528,24.2191809,23.80577891
275.3933978,20,0,33.93,30.63,29.93,,29.93,20,,262.5,25.72876433,24.22119999,23.80830201
275.8940609,20,0,33.93,30.66,29.93,,29.93,20,,263,25.73026409,24.22320741,23.81081127
276.3992548,20,0,33.93,30.66,29.93,,29.93,20,,263.5,25.73175462,24.22520322,23.81330676
276.9105363,20,0,33.93,30.66,29.97,,29.97,20,,264,25.73323598,24.22718748,23.81578854
277.3998806,20,0,33.93,30.66,29.97,,29.97,20,,264.5,25.73470821,24.22916026,23.81825667
277.9093289,20,0,33.93,30.69,29.97,,29.97,20,,265,25.73617139,24.23112162,23.82071123
278.4057243,20,0,33.93,30.69,29.97,,29.97,20,,265.5,25.73762556,24.23307162,23.82315227
278.9108353,20,0,33.98,30.69,30,,30,20,,266,25.73907078,24.23501032,23.82557987
279.394129,20,0,33.93,30.69,30,,30,20,,266.5,25.7405071,24.23693777,23.82799408
279.9109299,20,0,33.98,30.69,30,,30,20,,267,25.74193459,24.23885405,23.83039496
280.405108,20,0,33.98,30.69,30,,30,20,,267.5,25.74335328,24.24075921,23.83278259
280.9099243,20,0,33.98,30.72,30,,30,20,,268,25.74476325,24.24265332,23.83515702
281.405767,20,0,33.98,30.72,30,,30,20,,268.5,25.74616453,24.24453642,23.83751832
281.9100156,20,0,33.98,30.72,30,,30,20,,269,25.74755719,24.24640859,23.83986655
282.406656,20,0,33.98,30.72,30,,30,20,,269.5,25.74894128,24.24826987,23.84220177
282.9059722,20,0,33.98,30.72,30.04,,30.04,20,,270,25.75031685,24.25012034,23.84452406
283.4224484,20,0,33.98,30.76,30.04,,30.04,20,,270.5,25.75168395,24.25196004,23.84683346
283.9106939,20,0,33.98,30.76,30.04,,30.04,20,,271,25.75304263,24.25378904,23.84913004
284.4260414,20,0,34.02,30.76,30.04,,30.04,20,,271.5,25.75439295,24.25560739,23.85141386
284.921808,20,0,34.02,30.76,30.04,,30.04,20,,272,25.75573495,24.25741516,23.853685
285.4340641,20,0,34.02,30.76,30.04,,30.04,20,,272.5,25.7570687,24.2592124,23.85594349
285.9223745,20,0,34.02,30.76,30.07,,30.07,20,,273,25.75839423,24.26099916,23.85818942
286.428484,20,0,34.02,30.76,30.07,,30.07,20,,273.5,25.75971161,24.26277551,23.86042284
286.9247682,20,0,34.02,30.76,30.07,,30.07,20,,274,25.76102087,24.26454151,23.86264381
287.4258082,20,0,34.02,30.76,30.07,,30.07,20,,274.5,25.76232208,24.2662972,23.86485239
287.9195459,20,0,34.02,30.76,30.07,,30.07,20,,275,25.76361527,24.26804264,23.86704865
288.4327059,20,0,34.02,30.76,30.07,,30.07,20,,275.5,25.7649005,24.2697779,23.86923264
288.9290302,20,0,34.02,30.79,30.11,,30.11,20,,276,25.76617782,24.27150302,23.87140442
289.4253492,20,0,34.02,30.79,30.11,,30.11,20,,276.5,25.76744727,24.27321806,23.87356406
289.9438226,20,0,34.02,30.79,30.11,,30.11,20,,277,25.76870891,24.27492309,23.87571162
290.4403019,20,0,34.02,30.79,30.11,,30.11,20,,277.5,25.76996279,24.27661814,23.87784715
290.9261978,20,0,34.07,30.79,30.11,,30.11,20,,278,25.77120894,24.27830328,23.87997071
291.4375682,20,0,34.07,30.79,30.11,,30.11,20,,278.5,25.77244742,24.27997857,23.88208237
291.9360268,20,0,34.07,30.79,30.11,,30.11,20,,279,25.77367827,24.28164405,23.88418218
292.4269903,20,0,34.07,30.79,30.11,,30.11,20,,279.5,25.77490155,24.28329978,23.8862702
292.9451208,20,0,34.07,30.76,30.11,,30.11,20,,280,25.77611729,24.28494581,23.8883465
293.4438415,20,0,34.07,30.79,30.11,,30.11,20,,280.5,25.77732555,24.28658221,23.89041112
293.9505579,20,0,34.07,30.79,30.11,,30.11,20,,281,25.77852637,24.28820901,23.89246414
294.4426391,20,0,34.07,30.79,30.14,,30.14,20,,281.5,25.7797198,24.28982628,23.89450559
294.9471722,20,0,34.07,30.79,30.14,,30.14,20,,282,25.78090587,24.29143406,23.89653556
295.4597006,20,0,34.07,30.79,30.14,,30.14,20,,282.5,25.78208465,24.29303241,23.89855408
295.9521992,20,0,34.07,30.79,30.14,,30.14,20,,283,25.78325617,24.29462139,23.90056123
296.4418571,20,0,34.07,30.79,30.14,,30.14,20,,283.5,25.78442047,24.29620104,23.90255705
296.944351,20,0,34.07,30.79,30.17,,30.17,20,,284,25.7855776,24.29777141,23.90454161
297.4598069,20,0,34.07,30.79,30.17,,30.17,20,,284.5,25.78672761,24.29933256,23.90651496
297.9519451,20,0,34.07,30.82,30.17,,30.17,20,,285,25.78787054,24.30088454,23.90847716
298.4608078,20,0,34.11,30.82,30.17,,30.17,20,,285.5,25.78900643,24.3024274,23.91042826
298.9575694,20,0,34.11,30.82,30.17,,30.17,20,,286,25.79013533,24.30396119,23.91236832
299.4425237,20,0,34.11,30.82,30.17,,30.17,20,,286.5,25.79125727,24.30548595,23.91429741
299.9539971,20,0,34.11,30.82,30.17,,30.17,20,,287,25.79237231,24.30700175,23.91621556
300.4608805,20,0,34.11,30.82,30.17,,30.17,20,,287.5,25.79348048,24.30850863,23.91812285
300.9736285,20,0,34.16,30.82,30.17,,30.17,20,,288,25.79458182,24.31000664,23.92001932
301.4604266,20,0,34.11,30.85,30.21,,30.21,20,,288.5,25.79567639,24.31149583,23.92190503
301.9742975,20,0,34.11,30.85,30.21,,30.21,20,,289,25.79676421,24.31297625,23.92378004
302.4673867,20,0,34.11,30.85,30.21,,30.21,20,,289.5,25.79784534,24.31444795,23.9256444
302.9761353,20,0,34.16,30.85,30.21,,30.21,20,,290,25.7989198,24.31591097,23.92749816
303.4664035,20,0,34.11,30.85,30.21,,30.21,20,,290.5,25.79998766,24.31736537,23.92934139
303.9769335,20,0,34.11,30.85,30.21,,30.21,20,,291,25.80104893,24.3188112,23.93117413
304.471638,20,0,34.16,30.85,30.24,,30.24,20,,291.5,25.80210367,24.32024849,23.93299643
304.9769351,20,0,34.16,30.85,30.24,,30.24,20,,292,25.80315191,24.32167731,23.93480836
305.4703639,20,0,34.16,30.85,30.24,,30.24,20,,292.5,25.8041937,24.32309769,23.93660997
305.9837627,20,0,34.16,30.85,30.24,,30.24,20,,293,25.80522908,24.32450969,23.9384013
306.4735537,20,0,34.16,30.85,30.24,,30.24,20,,293.5,25.80625807,24.32591335,23.94018242
306.9827609,20,0,34.16,30.88,30.24,,30.24,20,,294,25.80728074,24.32730873,23.94195338
307.4775939,20,0,34.16,30.88,30.24,,30.24,20,,294.5,25.8082971,24.32869585,23.94371422
307.9851727,20,0,34.16,30.88,30.24,,30.24,20,,295,25.8093072,24.33007478,23.945465
308.4760644,20,0,34.16,30.88,30.28,,30.28,20,,295.5,25.81031109,24.33144556,23.94720578
308.9876444,20,0,34.16,30.88,30.28,,30.28,20,,296,25.81130879,24.33280823,23.94893661
309.4841447,20,0,34.16,30.88,30.28,,30.28,20,,296.5,25.81230034,24.33416284,23.95065753
309.9896815,20,0,34.16,30.92,30.28,,30.28,20,,297,25.81328579,24.33550944,23.9523686
310.4829388,20,0,34.16,30.92,30.28,,30.28,20,,297.5,25.81426517,24.33684807,23.95406988
310.9929495,20,0,34.16,30.92,30.31,,30.31,20,,298,25.81523852,24.33817878,23.9557614
311.4754734,20,0,34.16,30.92,30.31,,30.31,20,,298.5,25.81620588,24.3395016,23.95744324
311.9890661,20,0,34.16,30.92,30.31,,30.31,20,,299,25.81716727,24.3408166,23.95911542
312.4845281,20,0,34.16,30.95,30.31,,30.31,20,,299.5,25.81812275,24.3421238,23.96077802
312.9838789,20,0,34.16,30.95,30.31,,30.31,20,,300,25.81907234,24.34342325,23.96243107
313.4879589,20,0,34.16,30.95,30.31,,30.31,20,,300.5,25.82001609,24.34471501,23.96407462
313.998733,20,0,34.16,30.95,30.31,,30.31,20,,301,25.82095402,24.3459991,23.96570874
314.4930701,20,0,34.16,30.95,30.31,,30.31,20,,301.5,25.82188617,24.34727559,23.96733346
315.0003431,20,0,34.16,30.95,30.31,,30.31,20,,302,25.82281259,24.3485445,23.96894884
315.5078564,20,0,34.16,30.98,30.31,,30.31,20,,302.5,25.82373329,24.34980588,23.97055492
316.0037141,20,0,34.16,30.98,30.31,,30.31,20,,303,25.82464833,24.35105977,23.97215176
316.4978778,20,0,34.16,30.98,30.35,,30.35,20,,303.5,25.82555773,24.35230623,23.9737394
317.004662,20,0,34.16,30.98,30.35,,30.35,20,,304,25.82646154,24.35354528,23.9753179
317.509357,20,0,34.16,30.98,30.31,,30.31,20,,304.5,25.82735977,24.35477697,23.9768873
318.0065572,20,0,34.2,30.98,30.35,,30.35,20,,305,25.82825247,24.35600135,23.97844765
318.5089231,20,0,34.2,31.01,30.31,,30.31,20,,305.5,25.82913968,24.35721845,23.979999
319.0057037,20,0,34.2,31.01,30.35,,30.35,20,,306,25.83002142,24.35842832,23.9815414
319.5136683,20,0,34.2,31.01,30.35,,30.35,20,,306.5,25.83089773,24.359631,23.98307489
320.0081153,20,0,34.2,31.01,30.35,,30.35,20,,307,25.83176864,24.36082652,23.98459952
320.5128572,20,0,34.25,31.01,30.35,,30.35,20,,307.5,25.83263419,24.36201494,23.98611535
321.0194836,20,0,34.25,31.01,30.35,,30.35,20,,308,25.8334944,24.36319629,23.98762241
321.5059755,20,0,34.25,31.01,30.35,,30.35,20,,308.5,25.83434932,24.3643706,23.98912075
322.0145624,20,0,34.25,31.04,30.35,,30.35,20,,309,25.83519897,24.36553793,23.99061043
322.5228856,20,0,34.25,31.04,30.38,,30.38,20,,309.5,25.83604339,24.36669831,23.99209148
323.0198061,20,0,34.25,31.04,30.38,,30.38,20,,310,25.83688261,24.36785178,23.99356396
323.509517,20,0,34.25,31.04,30.38,,30.38,20,,310.5,25.83771666,24.36899839,23.99502791
324.0178041,20,0,34.29,31.04,30.38,,30.38,20,,311,25.83854558,24.37013816,23.99648337
324.5109084,20,0,34.29,31.04,30.38,,30.38,20,,311.5,25.83936938,24.37127114,23.9979304
325.0203257,20,0,34.25,31.04,30.38,,30.38,20,,312,25.84018812,24.37239737,23.99936903
325.5062571,20,0,34.29,31.04,30.38,,30.38,20,,312.5,25.84100181,24.37351689,24.00079932
326.0363793,20,0,34.29,31.04,30.42,,30.42,20,,313,25.84181048,24.37462973,24.0022213
326.5318091,20,0,34.29,31.04,30.42,,30.42,20,,313.5,25.84261418,24.37573593,24.00363503
327.037683,20,0,34.29,31.08,30.42,,30.42,20,,314,25.84341293,24.37683554,24.00504054
327.5208642,20,0,34.29,31.08,30.42,,30.42,20,,314.5,25.84420675,24.37792859,24.00643789
328.0402899,20,0,34.29,31.08,30.42,,30.42,20,,315,25.84499569,24.37901512,24.00782712
328.5318112,20,0,34.29,31.08,30.42,,30.42,20,,315.5,25.84577977,24.38009516,24.00920826
329.0388737,20,0,34.29,31.08,30.42,,30.42,20,,316,25.84655902,24.38116876,24.01058137
329.5347013,20,0,34.29,31.08,30.45,,30.45,20,,316.5,25.84733347,24.38223594,24.01194649
330.0460002,20,0,34.29,31.08,30.45,,30.45,20,,317,25.84810315,24.38329675,24.01330366
330.5383723,20,0,34.29,31.08,30.45,,30.45,20,,317.5,25.84886808,24.38435123,24.01465293
331.0511982,20,0,34.29,31.08,30.45,,30.45,20,,318,25.84962831,24.38539941,24.01599433
331.5430644,20,0,34.29,31.08,30.45,,30.45,20,,318.5,25.85038385,24.38644132,24.01732792
332.05143,20,0,34.34,31.08,30.45,,30.45,20,,319,25.85113474,24.38747701,24.01865373
332.5421524,20,0,34.29,31.11,30.49,,30.49,20,,319.5,25.85188101,24.3885065,24.01997181
333.0557494,20,0,34.29,31.11,30.49,,30.49,20,,320,25.85262267,24.38952984,24.02128219
333.5492964,20,0,34.34,31.11,30.49,,30.49,20,,320.5,25.85335977,24.39054706,24.02258493
334.0556576,20,0,34.34,31.11,30.49,,30.49,20,,321,25.85409233,24.3915582,24.02388006
334.5509124,20,0,34.34,31.11,30.49,,30.49,20,,321.5,25.85482038,24.39256328,24.02516763
335.0476441,20,0,34.34,31.11,30.49,,30.49,20,,322,25.85554394,24.39356236,24.02644767
335.5554509,20,0,34.34,31.14,30.52,,30.52,20,,322.5,25.85626304,24.39455545,24.02772023
336.0625486,20,0,34.34,31.14,30.52,,30.52,20,,323,25.85697772,24.3955426,24.02898536
336.5589499,20,0,34.34,31.14,30.52,,30.52,20,,323.5,25.85768799,24.39652384,24.03024308
337.0498269,20,0,34.38,31.14,30.52,,30.52,20,,324,25.85839389,24.3974992,24.03149344
337.5568295,20,0,34.38,31.14,30.52,,30.52,20,,324.5,25.85909544,24.39846872,24.03273648
338.0672472,20,0,34.38,31.14,30.52,,30.52,20,,325,25.85979267,24.39943244,24.03397225
338.562851,20,0,34.38,31.14,30.52,,30.52,20,,325.5,25.8604856,24.40039038,24.03520078
339.0712636,20,0,34.38,31.14,30.52,,30.52,20,,326,25.86117427,24.40134258,24.03642211
339.561574,20,0,34.38,31.17,30.52,,30.52,20,,326.5,25.86185869,24.40228907,24.03763628
340.0588045,20,0,34.43,31.17,30.52,,30.52,20,,327,25.8625389,24.40322989,24.03884334
340.5668564,20,0,34.43,31.17,30.52,,30.52,20,,327.5,25.86321491,24.40416507,24.04004331
341.0718546,20,0,34.43,31.17,30.52,,30.52,20,,328,25.86388677,24.40509464,24.04123625
341.5668898,20,0,34.43,31.17,30.55,,30.55,20,,328.5,25.86455448,24.40601863,24.04242219
342.0778716,20,0,34.43,31.2,30.55,,30.55,20,,329,25.86521808,24.40693709,24.04360116
342.5701966,20,0,34.43,31.2,30.55,,30.55,20,,329.5,25.8658776,24.40785003,24.04477321
343.0806079,20,0,34.43,31.2,30.55,,30.55,20,,330,25.86653305,24.40875749,24.04593838
343.5616801,20,0,34.43,31.2,30.55,,30.55,20,,330.5,25.86718446,24.40965951,24.0470967
344.0699651,20,0,34.43,31.2,30.55,,30.55,20,,331,25.86783186,24.41055611,24.04824822
344.5593562,20,0,34.43,31.2,30.55,,30.55,20,,331.5,25.86847527,24.41144733,24.04939296
345.0836535,20,0,34.43,31.2,30.55,,30.55,20,,332,25.86911472,24.4123332,24.05053097
345.5803423,20,0,34.43,31.2,30.55,,30.55,20,,332.5,25.86975023,24.41321374,24.05166229
346.0832407,20,0,34.43,31.24,30.59,,30.59,20,,333,25.87038183,24.414089,24.05278695
346.5771084,20,0,34.47,31.24,30.59,,30.59,20,,333.5,25.87100953,24.414959,24.05390499
347.0919516,20,0,34.47,31.24,30.59,,30.59,20,,334,25.87163337,24.41582377,24.05501645
347.5832915,20,0,34.47,31.24,30.59,,30.59,20,,334.5,25.87225336,24.41668335,24.05612136
348.0925372,20,0,34.47,31.24,30.59,,30.59,20,,335,25.87286954,24.41753776,24.05721976
348.5864806,20,0,34.47,31.24,30.59,,30.59,20,,335.5,25.87348192,24.41838703,24.05831169
349.0749116,20,0,34.47,31.24,30.59,,30.59,20,,336,25.87409053,24.41923119,24.05939718
349.5879278,20,0,34.47,31.27,30.59,,30.59,20,,336.5,25.87469539,24.42007028,24.06047627
350.0955083,20,0,34.47,31.27,30.59,,30.59,20,,337,25.87529652,24.42090432,24.06154899
350.5924873,20,0,34.52,31.27,30.59,,30.59,20,,337.5,25.87589395,24.42173335,24.06261539
351.0928702,20,0,34.52,31.27,30.59,,30.59,20,,338,25.8764877,24.42255739,24.06367549
351.5903146,20,0,34.52,31.27,30.59,,30.59,20,,338.5,25.87707779,24.42337646,24.06472934
352.1023471,20,0,34.52,31.27,30.59,,30.59,20,,339,25.87766425,24.42419061,24.06577696
352.5906167,20,0,34.52,31.27,30.62,,30.62,20,,339.5,25.87824709,24.42499986,24.0668184
353.0911732,20,0,34.52,31.27,30.62,,30.62,20,,340,25.87882634,24.42580424,24.06785368
353.5930324,20,0,34.52,31.27,30.62,,30.62,20,,340.5,25.87940203,24.42660377,24.06888285
354.1097596,20,0,34.52,31.27,30.62,,30.62,20,,341,25.87997417,24.42739849,24.06990593
354.5924215,20,0,34.52,31.27,30.62,,30.62,20,,341.5,25.88054278,24.42818843,24.07092296
355.1087441,20,0,34.52,31.27,30.62,,30.62,20,,342,25.88110789,24.4289736,24.07193398
355.6031528,20,0,34.52,31.27,30.62,,30.62,20,,342.5,25.88166952,24.42975405,24.07293901
356.1078837,20,0,34.52,31.27,30.62,,30.62,20,,343,25.88222769,24.43052979,24.0739381
356.5916517,20,0,34.52,31.27,30.62,,30.62,20,,343.5,25.88278242,24.43130086,24.07493128
357.1105897,20,0,34.56,31.3,30.66,,30.66,20,,344,25.88333374,24.43206728,24.07591857
357.5937507,20,0,34.56,31.27,30.66,,30.66,20,,344.5,25.88388166,24.43282908,24.07690002
358.1081083,20,0,34.56,31.27,30.66,,30.66,20,,345,25.8844262,24.43358628,24.07787565
358.6073711,20,0,34.56,31.3,30.66,,30.66,20,,345.5,25.88496739,24.43433893,24.07884551
359.1094201,20,0,34.56,31.27,30.66,,30.66,20,,346,25.88550524,24.43508703,24.07980961
359.6094403,20,0,34.56,31.27,30.69,,30.69,20,,346.5,25.88603978,24.43583062,24.080768
360.1147263,20,0,34.56,31.3,30.66,,30.66,20,,347,25.88657103,24.43656973,24.08172071
360.6247809,20,0,34.56,31.27,30.69,,30.69,20,,347.5,25.88709901,24.43730437,24.08266777
361.1087635,20,0,34.56,31.3,30.69,,30.69,20,,348,25.88762373,24.43803459,24.08360921
361.6242149,20,0,34.56,31.27,30.69,,30.69,20,,348.5,25.88814522,24.4387604,24.08454506
362.1178303,20,0,34.56,31.27,30.69,,30.69,20,,349,25.8886635,24.43948182,24.08547536
362.6336379,20,0,34.56,31.3,30.69,,30.69,20,,349.5,25.88917858,24.4401989,24.08640013
363.12484,20,0,34.56,31.3,30.69,,30.69,20,,350,25.8896905,24.44091164,24.08731942
363.6321557,20,0,34.56,31.3,30.69,,30.69,20,,350.5,25.89019925,24.44162008,24.08823324
364.126534,20,0,34.56,31.3,30.69,,30.69,20,,351,25.89070488,24.44232424,24.08914164
364.6265972,20,0,34.56,31.3,30.69,,30.69,20,,351.5,25.89120739,24.44302415,24.09004463
365.1248512,20,0,34.56,31.3,30.69,,30.69,20,,352,25.8917068,24.44371983,24.09094226
365.6372693,20,0,34.56,31.33,30.69,,30.69,20,,352.5,25.89220314,24.44441131,24.09183456
366.1327517,20,0,34.56,31.33,30.73,,30.73,20,,353,25.89269642,24.44509862,24.09272154
366.6413827,20,0,34.56,31.33,30.73,,30.73,20,,353.5,25.89318666,24.44578177,24.09360325
367.1328361,20,0,34.56,31.33,30.73,,30.73,20,,354,25.89367388,24.44646079,24.09447972
367.6392143,20,0,34.56,31.33,30.73,,30.73,20,,354.5,25.8941581,24.4471357,24.09535097
368.1236036,20,0,34.56,31.33,30.73,,30.73,20,,355,25.89463933,24.44780654,24.09621704
368.6266098,20,0,34.56,31.33,30.73,,30.73,20,,355.5,25.89511761,24.44847332,24.09707795
369.142695,20,0,34.56,31.36,30.73,,30.73,20,,356,25.89559293,24.44913608,24.09793373
369.6452537,20,0,34.56,31.36,30.73,,30.73,20,,356.5,25.89606533,24.44979482,24.09878442
370.1408625,20,0,34.56,31.36,30.73,,30.73,20,,357,25.89653481,24.45044958,24.09963003
370.6282489,20,0,34.61,31.36,30.73,,30.73,20,,357.5,25.89700141,24.45110038,24.10047061
371.1420095,20,0,34.61,31.36,30.73,,30.73,20,,358,25.89746513,24.45174724,24.10130619
371.6426556,20,0,34.61,31.36,30.73,,30.73,20,,358.5,25.89792599,24.45239019,24.10213678
372.141377,20,0,34.61,31.36,30.73,,30.73,20,,359,25.89838401,24.45302925,24.10296241
372.6533806,20,0,34.61,31.36,30.73,,30.73,20,,359.5,25.89883922,24.45366444,24.10378313
373.1425898,20,0,34.61,31.4,30.73,,30.73,20,,360,25.89929161,24.45429579,24.10459895
373.6423955,20,0,34.61,31.4,30.76,,30.76,20,,360.5,25.89974123,24.45492332,24.1054099
374.159517,20,0,34.61,31.4,30.76,,30.76,20,,361,25.90018807,24.45554705,24.10621601
374.6599698,20,0,34.61,31.4,30.76,,30.76,20,,361.5,25.90063216,24.456167,24.10701731
375.1429877,20,0,34.61,31.4,30.76,,30.76,20,,362,25.90107351,24.4567832,24.10781383
375.6422853,20,0,34.65,31.4,30.76,,30.76,20,,362.5,25.90151214,24.45739567,24.1086056
376.1606669,20,0,34.65,31.4,30.76,,30.76,20,,363,25.90194807,24.45800443,24.10939263
376.6596675,20,0,34.65,31.4,30.76,,30.76,20,,363.5,25.90238132,24.4586095,24.11017496
377.1577129,20,0,34.65,31.4,30.76,,30.76,20,,364,25.90281189,24.45921091,24.11095262
377.6559706,20,0,34.65,31.4,30.76,,30.76,20,,364.5,25.90323982,24.45980867,24.11172564
378.1680427,20,0,34.65,31.4,30.76,,30.76,20,,365,25.90366511,24.46040281,24.11249403
378.6583581,20,0,34.7,31.4,30.76,,30.76,20,,365.5,25.90408777,24.46099336,24.11325783
379.1651809,20,0,34.7,31.43,30.76,,30.76,20,,366,25.90450784,24.46158032,24.11401706
379.6745455,20,0,34.7,31.43,30.76,,30.76,20,,366.5,25.90492531,24.46216373,24.11477175
380.1581428,20,0,34.7,31.43,30.8,,30.8,20,,367,25.90534022,24.4627436,24.11552193
380.6719015,20,0,34.7,31.43,30.8,,30.8,20,,367.5,25.90575257,24.46331995,24.11626762
381.1758723,20,0,34.7,31.43,30.8,,30.8,20,,368,25.90616237,24.46389282,24.11700885
381.6754525,20,0,34.7,31.43,30.8,,30.8,20,,368.5,25.90656966,24.46446221,24.11774564
382.1587493,20,0,34.74,31.43,30.8,,30.8,20,,369,25.90697443,24.46502814,24.11847802
382.6768582,20,0,34.74,31.43,30.8,,30.8,20,,369.5,25.90737671,24.46559065,24.11920602
383.171849,20,0,34.7,31.43,30.8,,30.8,20,,370,25.90777651,24.46614974,24.11992966
383.6746557,20,0,34.7,31.46,30.8,,30.8,20,,370.5,25.90817385,24.46670544,24.12064896
384.1887693,20,0,34.7,31.46,30.8,,30.8,20,,371,25.90856874,24.46725777,24.12136396
384.6803329,20,0,34.7,31.46,30.8,,30.8,20,,371.5,25.9089612,24.46780675,24.12207467
385.1748371,20,0,34.7,31.46,30.8,,30.8,20,,372,25.90935124,24.4683524,24.12278112
385.672271,20,0,34.7,31.46,30.8,,30.8,20,,372.5,25.90973888,24.46889474,24.12348334
386.1930165,20,0,34.7,31.46,30.8,,30.8,20,,373,25.91012413,24.46943378,24.12418135
386.6906438,20,0,34.7,31.46,30.83,,30.83,20,,373.5,25.91050701,24.46996956,24.12487518
387.1802039,20,0,34.7,31.46,30.83,,30.83,20,,374,25.91088752,24.47050208,24.12556484
387.6878843,20,0,34.7,31.46,30.8,,30.8,20,,374.5,25.9112657,24.47103138,24.12625037
388.1993558,20,0,34.7,31.49,30.8,,30.8,20,,375,25.91164154,24.47155745,24.12693178
388.6919382,20,0,34.7,31.46,30.83,,30.83,20,,375.5,25.91201507,24.47208034,24.12760911
389.1922467,20,0,34.7,31.49,30.83,,30.83,20,,376,25.91238629,24.47260005,24.12828237
389.6966228,20,0,34.7,31.49,30.83,,30.83,20,,376.5,25.91275523,24.4731166,24.1289516
390.1910071,20,0,34.7,31.49,30.83,,30.83,20,,377,25.9131219,24.47363002,24.1296168
390.6962175,20,0,34.7,31.49,30.83,,30.83,20,,377.5,25.91348631,24.47414032,24.13027801
391.208833,20,0,34.7,31.49,30.87,,30.87,20,,378,25.91384847,24.47464751,24.13093526
391.7026353,20,0,34.7,31.49,30.87,,30.87,20,,378.5,25.9142084,24.47515163,24.13158855
392.1907444,20,0,34.74,31.49,30.87,,30.87,20,,379,25.91456612,24.47565269,24.13223792
392.7049229,20,0,34.74,31.49,30.87,,30.87,20,,379.5,25.91492163,24.4761507,24.13288339
393.2018473,20,0,34.7,31.49,30.87,,30.87,20,,380,25.91527495,24.47664568,24.13352498
393.7089672,20,0,34.7,31.49,30.87,,30.87,20,,380.5,25.91562609,24.47713766,24.13416272
394.2001772,20,0,34.7,31.49,30.87,,30.87,20,,381,25.91597507,24.47762665,24.13479662
394.709456,20,0,34.7,31.49,30.87,,30.87,20,,381.5,25.9163219,24.47811266,24.13542671
395.2087963,20,0,34.7,31.49,30.87,,30.87,20,,382,25.9166666,24.47859572,24.13605301
395.716222,20,0,34.7,31.49,30.87,,30.87,20,,382.5,25.91700917,24.47907585,24.13667555
396.2093735,20,0,34.7,31.49,30.87,,30.87,20,,383,25.91734963,24.47955305,24.13729434
396.71997,20,0,34.74,31.49,30.87,,30.87,20,,383.5,25.91768799,24.48002736,24.13790941
397.2089722,20,0,34.74,31.49,30.87,,30.87,20,,384,25.91802426,24.48049878,24.13852078
397.7171044,20,0,34.74,31.49,30.87,,30.87,20,,384.5,25.91835847,24.48096733,24.13912848
398.2076564,20,0,34.74,31.49,30.9,,30.9,20,,385,25.91869062,24.48143303,24.13973251
398.7090583,20,0,34.7,31.49,30.9,,30.9,20,,385.5,25.91902072,24.48189591,24.14033291
399.2140861,20,0,34.7,31.49,30.9,,30.9,20,,386,25.91934879,24.48235596,24.1409297
399.7085814,20,0,34.7,31.52,30.9,,30.9,20,,386.5,25.91967483,24.48281322,24.14152289
400.2193301,20,0,34.7,31.49,30.9,,30.9,20,,387,25.91999887,24.4832677,24.14211251
400.7100868,20,0,34.74,31.49,30.9,,30.9,20,,387.5,25.92032091,24.48371941,24.14269858
401.2241864,20,0,34.74,31.49,30.9,,30.9,20,,388,25.92064097,24.48416837,24.14328112
401.7272811,20,0,34.74,31.49,30.9,,30.9,20,,388.5,25.92095905,24.4846146,24.14386015
402.2088914,20,0,34.74,31.49,30.9,,30.9,20,,389,25.92127518,24.48505812,24.14443569
402.724179,20,0,34.74,31.49,30.9,,30.9,20,,389.5,25.92158935,24.48549893,24.14500776
403.2384722,20,0,34.7,31.49,30.9,,30.9,20,,390,25.9219016,24.48593706,24.14557639
403.730248,20,0,34.7,31.52,30.9,,30.9,20,,390.5,25.92221191,24.48637253,24.14614159
404.2365437,20,0,34.7,31.52,30.9,,30.9,20,,391,25.92252032,24.48680535,24.14670338
404.7257288,20,0,34.7,31.52,30.9,,30.9,20,,391.5,25.92282683,24.48723553,24.14726178
405.2362263,20,0,34.7,31.52,30.93,,30.93,20,,392,25.92313145,24.48766309,24.14781682
405.7227452,20,0,34.7,31.52,30.9,,30.9,20,,392.5,25.92343419,24.48808805,24.14836851
406.2372022,20,0,34.7,31.52,30.9,,30.9,20,,393,25.92373506,24.48851042,24.14891687
406.733968,20,0,34.7,31.52,30.9,,30.9,20,,393.5,25.92403409,24.48893022,24.14946193
407.2241194,20,0,34.7,31.52,30.9,,30.9,20,,394,25.92433127,24.48934746,24.15000369
407.7489047,20,0,34.7,31.52,30.9,,30.9,20,,394.5,25.92462662,24.48976216,24.15054219
408.2442379,20,0,34.7,31.52,30.9,,30.9,20,,395,25.92492015,24.49017433,24.15107744
408.7399557,20,0,34.7,31.52,30.9,,30.9,20,,395.5,25.92521187,24.490584,24.15160946
409.2456133,20,0,34.74,31.52,30.93,,30.93,20,,396,25.92550179,24.49099117,24.15213826
409.7580411,20,0,34.7,31.52,30.93,,30.93,20,,396.5,25.92578993,24.49139586,24.15266387
410.2508864,20,0,34.7,31.52,30.93,,30.93,20,,397,25.9260763,24.49179808,24.15318631
410.7405913,20,0,34.74,31.52,30.93,,30.93,20,,397.5,25.92636089,24.49219785,24.1537056
411.2481334,20,0,34.74,31.52,30.93,,30.93,20,,398,25.92664374,24.49259519,24.15422174
411.7587647,20,0,34.74,31.52,30.93,,30.93,20,,398.5,25.92692484,24.4929901,24.15473477
412.2524047,20,0,34.74,31.52,30.93,,30.93,20,,399,25.92720422,24.49338261,24.15524471
412.7579181,20,0,34.74,31.52,30.93,,30.93,20,,399.5,25.92748187,24.49377272,24.15575156
413.2549942,20,0,34.74,31.52,30.93,,30.93,20,,400,25.9277578,24.49416046,24.15625534
413.7631054,20,0,34.74,31.52,30.93,,30.93,20,,400.5,25.92803204,24.49454584,24.15675609
414.2548542,20,0,34.74,31.52,30.93,,30.93,20,,401,25.92830459,24.49492886,24.1572538
414.7488873,20,0,34.74,31.56,30.93,,30.93,20,,401.5,25.92857547,24.49530955,24.15774851
415.2458527,20,0,34.74,31.56,30.93,,30.93,20,,402,25.92884467,24.49568792,24.15824023
415.7504828,20,0,34.74,31.56,30.97,,30.97,20,,402.5,25.92911221,24.49606398,24.15872897
416.2576134,20,0,34.74,31.56,30.97,,30.97,20,,403,25.92937811,24.49643775,24.15921476
416.7668197,20,0,34.74,31.56,30.97,,30.97,20,,403.5,25.92964236,24.49680924,24.15969761
417.8623106,20,0,34.74,31.56,30.97,,30.97,20,,404,25.92990499,24.49717846,24.16017754
418.4555786,20,0,34.74,31.59,30.97,,30.97,20,,404.5,25.930166,24.49754544,24.16065457
418.8640392,20,0,34.74,31.59,30.97,,30.97,20,,405,25.93042541,24.49791017,24.16112871
419.308013,20,0,34.78,31.59,30.97,,30.97,20,,405.5,25.93068321,24.49827268,24.16159998
419.7531805,20,0,34.74,31.59,30.97,,30.97,20,,406,25.93093943,24.49863298,24.1620684
420.1850047,20,0,34.78,31.59,30.97,,30.97,20,,406.5,25.93119407,24.49899108,24.16253399
420.6329317,20,0,34.74,31.59,30.97,,30.97,20,,407,25.93144714,24.49934699,24.16299676
421.0741251,20,0,34.78,31.59,31,,31,20,,407.5,25.93169865,24.49970073,24.16345673
421.5040162,20,0,34.78,31.59,31,,31,20,,408,25.93194861,24.50005232,24.16391391
421.9504609,20,0,34.78,31.59,31,,31,20,,408.5,25.93219703,24.50040176,24.16436832
422.3892615,20,0,34.78,31.59,31,,31,20,,409,25.93244392,24.50074907,24.16481998
422.8394067,20,0,34.78,31.59,31,,31,20,,409.5,25.93268929,24.50109426,24.16526891
423.2871602,20,0,34.78,31.59,31,,31,20,,410,25.93293315,24.50143734,24.16571512
423.781812,20,0,34.78,31.59,31,,31,20,,410.5,25.9331755,24.50177832,24.16615863
424.2912412,20,0,34.78,31.59,31,,31,20,,411,25.93341636,24.50211723,24.16659944
424.7707939,20,0,34.78,31.59,31,,31,20,,411.5,25.93365574,24.50245407,24.16703759
425.2926438,20,0,34.78,31.59,31,,31,20,,412,25.93389365,24.50278885,24.16747309
425.783572,20,0,34.78,31.59,31,,31,20,,412.5,25.93413008,24.50312159,24.16790594
426.3082714,20,0,34.78,31.59,31.04,,31.04,20,,413,25.93436506,24.50345229,24.16833617
426.7982264,20,0,34.78,31.59,31.04,,31.04,20,,413.5,25.9345986,24.50378098,24.16876379
427.2961478,20,0,34.78,31.59,31.04,,31.04,20,,414,25.93483069,24.50410766,24.16918883
427.8002272,20,0,34.78,31.59,31,,31,20,,414.5,25.93506136,24.50443234,24.16961128
428.2769661,20,0,34.78,31.59,31.04,,31.04,20,,415,25.9352906,24.50475505,24.17003117
428.8025253,20,0,34.78,31.59,31.04,,31.04,20,,415.5,25.93551843,24.50507578,24.17044852
429.296458,20,0,34.78,31.59,31.04,,31.04,20,,416,25.93574486,24.50539455,24.17086334
429.8014588,20,0,34.78,31.59,31.04,,31.04,20,,416.5,25.93596989,24.50571138,24.17127564
430.2984471,20,0,34.78,31.59,31.04,,31.04,20,,417,25.93619354,24.50602627,24.17168544
430.8083451,20,0,34.78,31.59,31.04,,31.04,20,,417.5,25.93641581,24.50633924,24.17209275
431.2995226,20,0,34.78,31.62,31.07,,31.07,20,,418,25.93663671,24.50665029,24.17249759
431.8073084,20,0,34.78,31.62,31.04,,31.04,20,,418.5,25.93685624,24.50695945,24.17289998
432.3016381,20,0,34.78,31.62,31.04,,31.04,20,,419,25.93707443,24.50726671,24.17329993
432.7947896,20,0,34.78,31.62,31.04,,31.04,20,,419.5,25.93729127,24.5075721,24.17369744
433.3159394,20,0,34.78,31.62,31.04,,31.04,20,,420,25.93750678,24.50787563,24.17409255
433.8217623,20,0,34.78,31.62,31.04,,31.04,20,,420.5,25.93772095,24.5081773,24.17448526
434.3076522,20,0,34.78,31.62,31.04,,31.04,20,,421,25.93793381,24.50847712,24.17487558
434.8005428,20,0,34.78,31.62,31.07,,31.07,20,,421.5,25.93814536,24.50877512,24.17526353
435.3010719,20,0,34.78,31.62,31.07,,31.07,20,,422,25.9383556,24.50907129,24.17564913
435.8171225,20,0,34.83,31.62,31.07,,31.07,20,,422.5,25.93856455,24.50936565,24.17603239
436.3183458,20,0,34.83,31.62,31.07,,31.07,20,,423,25.93877221,24.50965821,24.17641332
436.8384273,20,0,34.83,31.62,31.04,,31.04,20,,423.5,25.93897859,24.50994899,24.17679194
437.3102679,20,0,34.83,31.62,31.07,,31.07,20,,424,25.9391837,24.51023799,24.17716826
437.8073044,20,0,34.83,31.65,31.07,,31.07,20,,424.5,25.93938755,24.51052522,24.17754229
438.3186333,20,0,34.83,31.62,31.07,,31.07,20,,425,25.93959014,24.51081069,24.17791405
438.8091359,20,0,34.83,31.65,31.07,,31.07,20,,425.5,25.93979148,24.51109442,24.17828355
439.334585,20,0,34.83,31.65,31.07,,31.07,20,,426,25.93999159,24.51137642,24.1786508
,,,,,,,,,,426.5,25.94019045,24.51165669,24.17901583
,,,,,,,,,,427,25.9403881,24.51193525,24.17937864
,,,,,,,,,,427.5,25.94058452,24.5122121,24.17973924
,,,,,,,,,,428,25.94077974,24.51248726,24.18009765
,,,,,,,,,,428.5,25.94097375,24.51276074,24.18045388
,,,,,,,,,,429,25.94116657,24.51303255,24.18080794
,,,,,,,,,,429.5,25.9413582,24.51330269,24.18115986
,,,,,,,,,,430,25.94154865,24.51357119,24.18150963
,,,,,,,,,,430.5,25.94173793,24.51383804,24.18185728
,,,,,,,,,,431,25.94192604,24.51410325,24.18220281
,,,,,,,,,,431.5,25.94211299,24.51436685,24.18254624
,,,,,,,,,,432,25.94229879,24.51462883,24.18288759
,,,,,,,,,,432.5,25.94248344,24.51488921,24.18322685
,,,,,,,,,,433,25.94266696,24.515148,24.18356406
,,,,,,,,,,433.5,25.94284935,24.5154052,24.18389921
,,,,,,,,,,434,25.94303061,24.51566084,24.18423232
,,,,,,,,,,434.5,25.94321076,24.5159149,24.18456341
,,,,,,,,,,435,25.94338979,24.51616741,24.18489248
,,,,,,,,,,435.5,25.94356773,24.51641838,24.18521955
,,,,,,,,,,436,25.94374456,24.51666781,24.18554463
,,,,,,,,,,436.5,25.94392031,24.51691572,24.18586773
,,,,,,,,,,437,25.94409497,24.5171621,24.18618886
,,,,,,,,,,437.5,25.94426856,24.51740698,24.18650804
,,,,,,,,,,438,25.94444108,24.51765037,24.18682528
,,,,,,,,,,438.5,25.94461254,24.51789226,24.18714058
,,,,,,,,,,439,25.94478294,24.51813267,24.18745397
,,,,,,,,,,439.5,25.94495229,24.51837161,24.18776544
,,,,,,,,,,440,25.9451206,24.51860908,24.18807502
,,,,,,,,,,440.5,25.94528787,24.51884511,24.18838272
,,,,,,,,,,441,25.94545411,24.51907968,24.18868854
,,,,,,,,,,441.5,25.94561932,24.51931283,24.18899249
,,,,,,,,,,442,25.94578352,24.51954454,24.1892946
,,,,,,,,,,442.5,25.9459467,24.51977484,24.18959487
,,,,,,,,,,443,25.94610888,24.52000372,24.1898933
,,,,,,,,,,443.5,25.94627006,24.52023121,24.19018992
,,,,,,,,,,444,25.94643025,24.5204573,24.19048473
,,,,,,,,,,444.5,25.94658945,24.52068201,24.19077775
,,,,,,,,,,445,25.94674767,24.52090534,24.19106898
,,,,,,,,,,445.5,25.94690492,24.5211273,24.19135843
,,,,,,,,,,446,25.9470612,24.5213479,24.19164612
,,,,,,,,,,446.5,25.94721651,24.52156716,24.19193206
,,,,,,,,,,447,25.94737087,24.52178507,24.19221625
,,,,,,,,,,447.5,25.94752427,24.52200164,24.19249871
,,,,,,,,,,448,25.94767674,24.52221689,24.19277945
,,,,,,,,,,448.5,25.94782826,24.52243082,24.19305848
,,,,,,,,,,449,25.94797885,24.52264344,24.19333581
,,,,,,,,,,449.5,25.94812851,24.52285476,24.19361144
,,,,,,,,,,450,25.94827724,24.52306478,24.1938854
,,,,,,,,,,450.5,25.94842507,24.52327352,24.19415768
,,,,,,,,,,451,25.94857198,24.52348098,24.19442831
,,,,,,,,,,451.5,25.94871798,24.52368716,24.19469728
,,,,,,,,,,452,25.94886309,24.52389209,24.19496461
,,,,,,,,,,452.5,25.9490073,24.52409575,24.19523031
,,,,,,,,,,453,25.94915063,24.52429817,24.1954944
,,,,,,,,,,453.5,25.94929307,24.52449935,24.19575687
,,,,,,,,,,454,25.94943463,24.5246993,24.19601773
,,,,,,,,,,454.5,25.94957532,24.52489802,24.19627701
,,,,,,,,,,455,25.94971515,24.52509553,24.19653471
,,,,,,,,,,455.5,25.94985411,24.52529182,24.19679083
,,,,,,,,,,456,25.94999222,24.52548691,24.19704539
,,,,,,,,,,456.5,25.95012948,24.5256808,24.19729839
,,,,,,,,,,457,25.95026589,24.52587351,24.19754986
,,,,,,,,,,457.5,25.95040146,24.52606503,24.19779978
,,,,,,,,,,458,25.95053619,24.52625539,24.19804818
,,,,,,,,,,458.5,25.9506701,24.52644457,24.19829507
,,,,,,,,,,459,25.95080318,24.5266326,24.19854045
,,,,,,,,,,459.5,25.95093544,24.52681947,24.19878433
,,,,,,,,,,460,25.95106688,24.52700519,24.19902672
,,,,,,,,,,460.5,25.95119752,24.52718978,24.19926763
,,,,,,,,,,461,25.95132735,24.52737324,24.19950707
,,,,,,,,,,461.5,25.95145638,24.52755557,24.19974505
,,,,,,,,,,462,25.95158461,24.52773678,24.19998157
,,,,,,,,,,462.5,25.95171206,24.52791689,24.20021665
,,,,,,,,,,463,25.95183872,24.52809589,24.2004503
,,,,,,,,,,463.5,25.9519646,24.52827379,24.20068251
,,,,,,,,,,464,25.9520897,24.5284506,24.20091331
,,,,,,,,,,464.5,25.95221404,24.52862632,24.2011427
,,,,,,,,,,465,25.95233761,24.52880097,24.20137069
,,,,,,,,,,465.5,25.95246041,24.52897455,24.20159728
,,,,,,,,,,466,25.95258246,24.52914706,24.20182249
,,,,,,,,,,466.5,25.95270376,24.52931852,24.20204633
,,,,,,,,,,467,25.95282431,24.52948892,24.2022688
,,,,,,,,,,467.5,25.95294412,24.52965828,24.2024899
,,,,,,,,,,468,25.95306319,24.5298266,24.20270966
,,,,,,,,,,468.5,25.95318153,24.52999389,24.20292807
,,,,,,,,,,469,25.95329913,24.53016015,24.20314515
,,,,,,,,,,469.5,25.95341602,24.53032539,24.20336091
,,,,,,,,,,470,25.95353218,24.53048962,24.20357534
,,,,,,,,,,470.5,25.95364762,24.53065284,24.20378846
,,,,,,,,,,471,25.95376236,24.53081506,24.20400028
,,,,,,,,,,471.5,25.95387639,24.53097628,24.20421081
,,,,,,,,,,472,25.95398972,24.53113652,24.20442005
,,,,,,,,,,472.5,25.95410234,24.53129577,24.204628
,,,,,,,,,,473,25.95421428,24.53145405,24.20483469
,,,,,,,,,,473.5,25.95432552,24.53161135,24.20504012
,,,,,,,,,,474,25.95443608,24.53176769,24.20524428
,,,,,,,,,,474.5,25.95454596,24.53192307,24.2054472
,,,,,,,,,,475,25.95465516,24.5320775,24.20564888
,,,,,,,,,,475.5,25.95476369,24.53223098,24.20584933
,,,,,,,,,,476,25.95487155,24.53238352,24.20604855
,,,,,,,,,,476.5,25.95497874,24.53253512,24.20624655
,,,,,,,,,,477,25.95508528,24.53268579,24.20644334
,,,,,,,,,,477.5,25.95519116,24.53283554,24.20663893
,,,,,,,,,,478,25.95529638,24.53298436,24.20683332
,,,,,,,,,,478.5,25.95540096,24.53313228,24.20702652
,,,,,,,,,,479,25.95550489,24.53327929,24.20721854
,,,,,,,,,,479.5,25.95560819,24.53342539,24.20740938
,,,,,,,,,,480,25.95571084,24.5335706,24.20759906
,,,,,,,,,,480.5,25.95581287,24.53371492,24.20778758
,,,,,,,,,,481,25.95591426,24.53385835,24.20797494
,,,,,,,,,,481.5,25.95601503,24.5340009,24.20816116
,,,,,,,,,,482,25.95611518,24.53414258,24.20834623
,,,,,,,,,,482.5,25.95621472,24.53428338,24.20853018
,,,,,,,,,,483,25.95631364,24.53442332,24.208713
,,,,,,,,,,483.5,25.95641195,24.53456241,24.2088947
,,,,,,,,,,484,25.95650965,24.53470064,24.20907529
,,,,,,,,,,484.5,25.95660676,24.53483802,24.20925477
,,,,,,,,,,485,25.95670326,24.53497456,24.20943316
,,,,,,,,,,485.5,25.95679917,24.53511026,24.20961045
,,,,,,,,,,486,25.95689449,24.53524512,24.20978666
,,,,,,,,,,486.5,25.95698922,24.53537916,24.20996179
,,,,,,,,,,487,25.95708337,24.53551238,24.21013584
,,,,,,,,,,487.5,25.95717694,24.53564478,24.21030883
,,,,,,,,,,488,25.95726993,24.53577636,24.21048077
,,,,,,,,,,488.5,25.95736235,24.53590714,24.21065165
,,,,,,,,,,489,25.9574542,24.53603711,24.21082148
,,,,,,,,,,489.5,25.95754548,24.53616629,24.21099028
,,,,,,,,,,490,25.9576362,24.53629467,24.21115804
,,,,,,,,,,490.5,25.95772636,24.53642227,24.21132477
,,,,,,,,,,491,25.95781597,24.53654908,24.21149048
,,,,,,,,,,491.5,25.95790503,24.53667511,24.21165518
,,,,,,,,,,492,25.95799353,24.53680037,24.21181887
,,,,,,,,,,492.5,25.95808149,24.53692486,24.21198156
,,,,,,,,,,493,25.95816891,24.53704859,24.21214325
,,,,,,,,,,493.5,25.95825579,24.53717155,24.21230395
,,,,,,,,,,494,25.95834214,24.53729376,24.21246366
,,,,,,,,,,494.5,25.95842795,24.53741522,24.2126224
,,,,,,,,,,495,25.95851323,24.53753594,24.21278017
,,,,,,,,,,495.5,25.95859799,24.53765591,24.21293696
,,,,,,,,,,496,25.95868223,24.53777515,24.2130928
,,,,,,,,,,496.5,25.95876595,24.53789365,24.21324769
,,,,,,,,,,497,25.95884915,24.53801143,24.21340162
,,,,,,,,,,497.5,25.95893184,24.53812848,24.21355461
,,,,,,,,,,498,25.95901402,24.53824481,24.21370667
,,,,,,,,,,498.5,25.95909569,24.53836043,24.21385779
,,,,,,,,,,499,25.95917686,24.53847534,24.21400799
,,,,,,,,,,499.5,25.95925753,24.53858954,24.21415727
,,,,,,,,,,500,25.95933771,24.53870305,24.21430563
,,,,,,,,,,500.5,25.95941739,24.53881585,24.21445308
,,,,,,,,,,501,25.95949657,24.53892796,24.21459963
,,,,,,,,,,501.5,25.95957528,24.53903939,24.21474528
,,,,,,,,,,502,25.95965349,24.53915012,24.21489004
,,,,,,,,,,502.5,25.95973123,24.53926018,24.21503391
,,,,,,,,,,503,25.95980848,24.53936957,24.2151769
,,,,,,,,,,503.5,25.95988526,24.53947828,24.21531902
,,,,,,,,,,504,25.95996157,24.53958632,24.21546026
,,,,,,,,,,504.5,25.9600374,24.5396937,24.21560064
,,,,,,,,,,505,25.96011277,24.53980042,24.21574015
,,,,,,,,,,505.5,25.96018767,24.53990648,24.21587881
,,,,,,,,,,506,25.96026212,24.54001189,24.21601663
,,,,,,,,,,506.5,25.9603361,24.54011666,24.21615359
,,,,,,,,,,507,25.96040963,24.54022078,24.21628972
,,,,,,,,,,507.5,25.9604827,24.54032426,24.21642501
,,,,,,,,,,508,25.96055533,24.5404271,24.21655948
,,,,,,,,,,508.5,25.96062751,24.54052931,24.21669311
,,,,,,,,,,509,25.96069924,24.5406309,24.21682593
,,,,,,,,,,509.5,25.96077053,24.54073186,24.21695794
,,,,,,,,,,510,25.96084138,24.5408322,24.21708913
,,,,,,,,,,510.5,25.9609118,24.54093193,24.21721953
,,,,,,,,,,511,25.96098178,24.54103104,24.21734912
,,,,,,,,,,511.5,25.96105133,24.54112954,24.21747791
,,,,,,,,,,512,25.96112045,24.54122744,24.21760592
,,,,,,,,,,512.5,25.96118915,24.54132473,24.21773314
,,,,,,,,,,513,25.96125742,24.54142143,24.21785959
,,,,,,,,,,513.5,25.96132527,24.54151753,24.21798525
,,,,,,,,,,514,25.96139271,24.54161304,24.21811015
,,,,,,,,,,514.5,25.96145973,24.54170797,24.21823428
,,,,,,,,,,515,25.96152633,24.54180231,24.21835765
,,,,,,,,,,515.5,25.96159253,24.54189608,24.21848026
,,,,,,,,,,516,25.96165832,24.54198926,24.21860212
,,,,,,,,,,516.5,25.9617237,24.54208187,24.21872323
,,,,,,,,,,517,25.96178868,24.54217392,24.2188436
,,,,,,,,,,517.5,25.96185326,24.5422654,24.21896323
,,,,,,,,,,518,25.96191744,24.54235631,24.21908213
,,,,,,,,,,518.5,25.96198122,24.54244667,24.2192003
,,,,,,,,,,519,25.96204462,24.54253647,24.21931774
,,,,,,,,,,519.5,25.96210762,24.54262572,24.21943447
,,,,,,,,,,520,25.96217023,24.54271443,24.21955047
,,,,,,,,,,520.5,25.96223246,24.54280258,24.21966577
,,,,,,,,,,521,25.96229431,24.5428902,24.21978036
,,,,,,,,,,521.5,25.96235577,24.54297727,24.21989424
,,,,,,,,,,522,25.96241686,24.54306381,24.22000743
,,,,,,,,,,522.5,25.96247756,24.54314982,24.22011992
,,,,,,,,,,523,25.9625379,24.5432353,24.22023172
,,,,,,,,,,523.5,25.96259786,24.54332026,24.22034283
,,,,,,,,,,524,25.96265746,24.54340469,24.22045327
,,,,,,,,,,524.5,25.96271668,24.5434886,24.22056302
,,,,,,,,,,525,25.96277554,24.543572,24.22067211
,,,,,,,,,,525.5,25.96283404,24.54365489,24.22078052
,,,,,,,,,,526,25.96289218,24.54373726,24.22088827
,,,,,,,,,,526.5,25.96294996,24.54381913,24.22099535
,,,,,,,,,,527,25.96300739,24.5439005,24.22110178
,,,,,,,,,,527.5,25.96306446,24.54398136,24.22120756
,,,,,,,,,,528,25.96312118,24.54406173,24.22131269
,,,,,,,,,,528.5,25.96317755,24.54414161,24.22141717
,,,,,,,,,,529,25.96323357,24.54422099,24.22152101
,,,,,,,,,,529.5,25.96328925,24.54429988,24.22162421
,,,,,,,,,,530,25.96334458,24.54437829,24.22172678
,,,,,,,,,,530.5,25.96339957,24.54445622,24.22182872
,,,,,,,,,,531,25.96345423,24.54453367,24.22193003
,,,,,,,,,,531.5,25.96350855,24.54461064,24.22203073
,,,,,,,,,,532,25.96356253,24.54468714,24.2221308
,,,,,,,,,,532.5,25.96361618,24.54476317,24.22223026
,,,,,,,,,,533,25.9636695,24.54483873,24.22232911
,,,,,,,,,,533.5,25.96372249,24.54491383,24.22242735
,,,,,,,,,,534,25.96377516,24.54498847,24.22252499
,,,,,,,,,,534.5,25.9638275,24.54506264,24.22262203
,,,,,,,,,,535,25.96387951,24.54513636,24.22271848
,,,,,,,,,,535.5,25.96393121,24.54520963,24.22281433
,,,,,,,,,,536,25.96398259,24.54528245,24.22290959
,,,,,,,,,,536.5,25.96403365,24.54535481,24.22300427
,,,,,,,,,,537,25.9640844,24.54542674,24.22309837
,,,,,,,,,,537.5,25.96413484,24.54549822,24.22319189
,,,,,,,,,,538,25.96418496,24.54556926,24.22328483
,,,,,,,,,,538.5,25.96423478,24.54563987,24.22337721
,,,,,,,,,,539,25.96428429,24.54571004,24.22346902
,,,,,,,,,,539.5,25.96433349,24.54577978,24.22356026
,,,,,,,,,,540,25.96438239,24.54584909,24.22365094
,,,,,,,,,,540.5,25.96443099,24.54591797,24.22374107
,,,,,,,,,,541,25.96447929,24.54598643,24.22383064
,,,,,,,,,,541.5,25.96452729,24.54605447,24.22391967
,,,,,,,,,,542,25.964575,24.54612209,24.22400814
,,,,,,,,,,542.5,25.96462241,24.5461893,24.22409608
,,,,,,,,,,543,25.96466953,24.54625609,24.22418347
,,,,,,,,,,543.5,25.96471636,24.54632247,24.22427033
,,,,,,,,,,544,25.96476291,24.54638844,24.22435665
,,,,,,,,,,544.5,25.96480916,24.54645401,24.22444244
,,,,,,,,,,545,25.96485513,24.54651917,24.22452771
,,,,,,,,,,545.5,25.96490082,24.54658394,24.22461245
,,,,,,,,,,546,25.96494622,24.5466483,24.22469667
,,,,,,,,,,546.5,25.96499135,24.54671227,24.22478038
,,,,,,,,,,547,25.9650362,24.54677584,24.22486357
,,,,,,,,,,547.5,25.96508077,24.54683903,24.22494625
,,,,,,,,,,548,25.96512506,24.54690182,24.22502842
,,,,,,,,,,548.5,25.96516909,24.54696423,24.22511008
,,,,,,,,,,549,25.96521284,24.54702626,24.22519125
,,,,,,,,,,549.5,25.96525632,24.5470879,24.22527192
,,,,,,,,,,550,25.96529954,24.54714917,24.22535209
,,,,,,,,,,550.5,25.96534249,24.54721006,24.22543176
,,,,,,,,,,551,25.96538517,24.54727057,24.22551095
,,,,,,,,,,551.5,25.96542759,24.54733071,24.22558966
,,,,,,,,,,552,25.96546975,24.54739048,24.22566787
,,,,,,,,,,552.5,25.96551165,24.54744989,24.22574561
,,,,,,,,,,553,25.9655533,24.54750892,24.22582287
,,,,,,,,,,553.5,25.96559468,24.5475676,24.22589966
,,,,,,,,,,554,25.96563581,24.54762591,24.22597597
,,,,,,,,,,554.5,25.96567669,24.54768387,24.22605182
,,,,,,,,,,555,25.96571731,24.54774147,24.2261272
,,,,,,,,,,555.5,25.96575769,24.54779871,24.22620211
,,,,,,,,,,556,25.96579782,24.5478556,24.22627657
,,,,,,,,,,556.5,25.96583769,24.54791215,24.22635057
,,,,,,,,,,557,25.96587733,24.54796834,24.22642411
,,,,,,,,,,557.5,25.96591672,24.54802419,24.2264972
,,,,,,,,,,558,25.96595586,24.54807969,24.22656985
,,,,,,,,,,558.5,25.96599477,24.54813486,24.22664204
,,,,,,,,,,559,25.96603343,24.54818968,24.2267138
,,,,,,,,,,559.5,25.96607186,24.54824417,24.22678511
,,,,,,,,,,560,25.96611005,24.54829832,24.22685598
,,,,,,,,,,560.5,25.96614801,24.54835214,24.22692642
,,,,,,,,,,561,25.96618573,24.54840563,24.22699642
,,,,,,,,,,561.5,25.96622322,24.54845879,24.227066
,,,,,,,,,,562,25.96626048,24.54851162,24.22713515
,,,,,,,,,,562.5,25.96629751,24.54856412,24.22720387
,,,,,,,,,,563,25.96633431,24.54861631,24.22727217
,,,,,,,,,,563.5,25.96637088,24.54866817,24.22734005
,,,,,,,,,,564,25.96640723,24.54871971,24.22740751
,,,,,,,,,,564.5,25.96644335,24.54877094,24.22747456
,,,,,,,,,,565,25.96647926,24.54882185,24.2275412
,,,,,,,,,,565.5,25.96651494,24.54887245,24.22760742
,,,,,,,,,,566,25.9665504,24.54892273,24.22767324
,,,,,,,,,,566.5,25.96658564,24.54897271,24.22773866
,,,,,,,,,,567,25.96662066,24.54902238,24.22780367
,,,,,,,,,,567.5,25.96665547,24.54907175,24.22786829
,,,,,,,,,,568,25.96669007,24.54912081,24.2279325
,,,,,,,,,,568.5,25.96672445,24.54916956,24.22799632
,,,,,,,,,,569,25.96675862,24.54921802,24.22805975
,,,,,,,,,,569.5,25.96679258,24.54926618,24.22812279
,,,,,,,,,,570,25.96682633,24.54931405,24.22818545
,,,,,,,,,,570.5,25.96685987,24.54936161,24.22824771
,,,,,,,,,,571,25.96689321,24.54940889,24.2283096
,,,,,,,,,,571.5,25.96692634,24.54945588,24.2283711
,,,,,,,,,,572,25.96695927,24.54950257,24.22843223
,,,,,,,,,,572.5,25.96699199,24.54954898,24.22849298
,,,,,,,,,,573,25.96702451,24.54959511,24.22855335
,,,,,,,,,,573.5,25.96705683,24.54964095,24.22861336
,,,,,,,,,,574,25.96708896,24.5496865,24.22867299
,,,,,,,,,,574.5,25.96712088,24.54973178,24.22873226
,,,,,,,,,,575,25.96715261,24.54977678,24.22879117
,,,,,,,,,,575.5,25.96718414,24.5498215,24.22884971
,,,,,,,,,,576,25.96721548,24.54986595,24.22890789
,,,,,,,,,,576.5,25.96724662,24.54991012,24.22896572
,,,,,,,,,,577,25.96727758,24.54995402,24.22902319
,,,,,,,,,,577.5,25.96730834,24.54999765,24.22908031
,,,,,,,,,,578,25.96733891,24.55004102,24.22913707
,,,,,,,,,,578.5,25.9673693,24.55008411,24.22919349
,,,,,,,,,,579,25.96739949,24.55012694,24.22924956
,,,,,,,,,,579.5,25.9674295,24.55016951,24.22930528
,,,,,,,,,,580,25.96745933,24.55021181,24.22936066
,,,,,,,,,,580.5,25.96748897,24.55025386,24.22941571
,,,,,,,,,,581,25.96751843,24.55029564,24.22947041
,,,,,,,,,,581.5,25.96754771,24.55033717,24.22952478
,,,,,,,,,,582,25.96757681,24.55037845,24.22957881
,,,,,,,,,,582.5,25.96760573,24.55041946,24.22963251
,,,,,,,,,,583,25.96763447,24.55046023,24.22968588
,,,,,,,,,,583.5,25.96766303,24.55050075,24.22973892
,,,,,,,,,,584,25.96769142,24.55054101,24.22979164
,,,,,,,,,,584.5,25.96771963,24.55058103,24.22984403
,,,,,,,,,,585,25.96774767,24.5506208,24.2298961
,,,,,,,,,,585.5,25.96777554,24.55066033,24.22994785
,,,,,,,,,,586,25.96780323,24.55069962,24.22999928
,,,,,,,,,,586.5,25.96783076,24.55073866,24.23005039
,,,,,,,,,,587,25.96785811,24.55077746,24.23010119
,,,,,,,,,,587.5,25.9678853,24.55081602,24.23015168
,,,,,,,,,,588,25.96791231,24.55085435,24.23020186
,,,,,,,,,,588.5,25.96793917,24.55089244,24.23025173
,,,,,,,,,,589,25.96796585,24.5509303,24.23030129
,,,,,,,,,,589.5,25.96799237,24.55096792,24.23035055
,,,,,,,,,,590,25.96801873,24.55100531,24.2303995
,,,,,,,,,,590.5,25.96804493,24.55104247,24.23044816
,,,,,,,,,,591,25.96807096,24.5510794,24.23049651
,,,,,,,,,,591.5,25.96809684,24.55111611,24.23054457
,,,,,,,,,,592,25.96812255,24.55115259,24.23059233
,,,,,,,,,,592.5,25.96814811,24.55118884,24.23063979
,,,,,,,,,,593,25.96817351,24.55122487,24.23068697
,,,,,,,,,,593.5,25.96819875,24.55126068,24.23073386
,,,,,,,,,,594,25.96822384,24.55129627,24.23078045
,,,,,,,,,,594.5,25.96824877,24.55133164,24.23082676
,,,,,,,,,,595,25.96827355,24.55136679,24.23087279
,,,,,,,,,,595.5,25.96829818,24.55140173,24.23091853
,,,,,,,,,,596,25.96832265,24.55143645,24.23096399
,,,,,,,,,,596.5,25.96834697,24.55147096,24.23100917
,,,,,,,,,,597,25.96837115,24.55150525,24.23105408
,,,,,,,,,,597.5,25.96839517,24.55153934,24.2310987
,,,,,,,,,,598,25.96841905,24.55157321,24.23114306
,,,,,,,,,,598.5,25.96844278,24.55160688,24.23118714
,,,,,,,,,,599,25.96846636,24.55164033,24.23123095
,,,,,,,,,,599.5,25.9684898,24.55167359,24.23127449
,,,,,,,,,,600,25.96851309,24.55170663,24.23131776
,,,,,,,,,,600.5,25.96853625,24.55173948,24.23136076
,,,,,,,,,,601,25.96855925,24.55177212,24.2314035
,,,,,,,,,,601.5,25.96858212,24.55180456,24.23144598
,,,,,,,,,,602,25.96860484,24.5518368,24.2314882
,,,,,,,,,,602.5,25.96862743,24.55186884,24.23153015
,,,,,,,,,,603,25.96864988,24.55190069,24.23157185
,,,,,,,,,,603.5,25.96867218,24.55193234,24.23161329
,,,,,,,,,,604,25.96869435,24.55196379,24.23165448
,,,,,,,,,,604.5,25.96871639,24.55199505,24.23169542
,,,,,,,,,,605,25.96873828,24.55202612,24.2317361
,,,,,,,,,,605.5,25.96876005,24.552057,24.23177653
,,,,,,,,,,606,25.96878168,24.55208769,24.23181671
,,,,,,,,,,606.5,25.96880317,24.55211819,24.23185665
,,,,,,,,,,607,25.96882454,24.5521485,24.23189634
,,,,,,,,,,607.5,25.96884577,24.55217862,24.23193579
,,,,,,,,,,608,25.96886687,24.55220856,24.23197499
,,,,,,,,,,608.5,25.96888784,24.55223831,24.23201395
,,,,,,,,,,609,25.96890868,24.55226788,24.23205267
,,,,,,,,,,609.5,25.96892939,24.55229727,24.23209116
,,,,,,,,,,610,25.96894998,24.55232648,24.2321294
,,,,,,,,,,610.5,25.96897044,24.55235551,24.23216742
,,,,,,,,,,611,25.96899077,24.55238436,24.23220519
,,,,,,,,,,611.5,25.96901098,24.55241303,24.23224274
,,,,,,,,,,612,25.96903106,24.55244153,24.23228006
,,,,,,,,,,612.5,25.96905102,24.55246985,24.23231714
,,,,,,,,,,613,25.96907086,24.55249799,24.232354
,,,,,,,,,,613.5,25.96909057,24.55252596,24.23239063
,,,,,,,,,,614,25.96911016,24.55255376,24.23242703
,,,,,,,,,,614.5,25.96912964,24.55258139,24.23246321
,,,,,,,,,,615,25.96914899,24.55260885,24.23249917
,,,,,,,,,,615.5,25.96916822,24.55263614,24.23253491
,,,,,,,,,,616,25.96918733,24.55266326,24.23257043
,,,,,,,,,,616.5,25.96920633,24.55269022,24.23260572
,,,,,,,,,,617,25.96922521,24.55271701,24.2326408
,,,,,,,,,,617.5,25.96924397,24.55274363,24.23267567
,,,,,,,,,,618,25.96926262,24.55277009,24.23271032
,,,,,,,,,,618.5,25.96928115,24.55279639,24.23274476
,,,,,,,,,,619,25.96929957,24.55282252,24.23277898
,,,,,,,,,,619.5,25.96931788,24.5528485,24.232813
,,,,,,,,,,620,25.96933607,24.55287431,24.23284681
,,,,,,,,,,620.5,25.96935415,24.55289997,24.2328804
,,,,,,,,,,621,25.96937212,24.55292547,24.23291379
,,,,,,,,,,621.5,25.96938998,24.55295081,24.23294698
,,,,,,,,,,622,25.96940772,24.55297599,24.23297996
,,,,,,,,,,622.5,25.96942536,24.55300102,24.23301274
,,,,,,,,,,623,25.96944289,24.5530259,24.23304532
,,,,,,,,,,623.5,25.96946031,24.55305062,24.23307769
,,,,,,,,,,624,25.96947763,24.55307519,24.23310987
,,,,,,,,,,624.5,25.96949484,24.55309961,24.23314185
,,,,,,,,,,625,25.96951194,24.55312388,24.23317363
,,,,,,,,,,625.5,25.96952894,24.55314799,24.23320522
,,,,,,,,,,626,25.96954583,24.55317197,24.23323661
,,,,,,,,,,626.5,25.96956261,24.55319579,24.23326781
,,,,,,,,,,627,25.9695793,24.55321946,24.23329882
,,,,,,,,,,627.5,25.96959588,24.55324299,24.23332963
,,,,,,,,,,628,25.96961236,24.55326638,24.23336026
,,,,,,,,,,628.5,25.96962874,24.55328962,24.2333907
,,,,,,,,,,629,25.96964501,24.55331272,24.23342095
,,,,,,,,,,629.5,25.96966119,24.55333568,24.23345101
,,,,,,,,,,630,25.96967727,24.55335849,24.23348089
,,,,,,,,,,630.5,25.96969325,24.55338117,24.23351059
,,,,,,,,,,631,25.96970913,24.5534037,24.2335401
,,,,,,,,,,631.5,25.96972491,24.5534261,24.23356943
,,,,,,,,,,632,25.96974059,24.55344835,24.23359858
,,,,,,,,,,632.5,25.96975618,24.55347048,24.23362755
,,,,,,,,,,633,25.96977167,24.55349246,24.23365635
,,,,,,,,,,633.5,25.96978707,24.55351431,24.23368496
,,,,,,,,,,634,25.96980237,24.55353602,24.2337134
,,,,,,,,,,634.5,25.96981758,24.55355761,24.23374167
,,,,,,,,,,635,25.96983269,24.55357905,24.23376976
,,,,,,,,,,635.5,25.96984771,24.55360037,24.23379768
,,,,,,,,,,636,25.96986264,24.55362156,24.23382542
,,,,,,,,,,636.5,25.96987748,24.55364261,24.233853
,,,,,,,,,,637,25.96989222,24.55366353,24.2338804
,,,,,,,,,,637.5,25.96990687,24.55368433,24.23390764
,,,,,,,,,,638,25.96992144,24.553705,24.23393471
,,,,,,,,,,638.5,25.96993591,24.55372554,24.23396161
,,,,,,,,,,639,25.96995029,24.55374595,24.23398835
,,,,,,,,,,639.5,25.96996459,24.55376624,24.23401492
,,,,,,,,,,640,25.9699788,24.55378641,24.23404133
,,,,,,,,,,640.5,25.96999292,24.55380645,24.23406757
,,,,,,,,,,641,25.97000695,24.55382636,24.23409366
,,,,,,,,,,641.5,25.9700209,24.55384615,24.23411958
,,,,,,,,,,642,25.97003476,24.55386583,24.23414535
,,,,,,,,,,642.5,25.97004854,24.55388538,24.23417095
,,,,,,,,,,643,25.97006223,24.55390481,24.2341964
,,,,,,,,,,643.5,25.97007583,24.55392412,24.23422169
,,,,,,,,,,644,25.97008935,24.55394331,24.23424683
,,,,,,,,,,644.5,25.97010279,24.55396238,24.23427181
,,,,,,,,,,645,25.97011615,24.55398134,24.23429664
,,,,,,,,,,645.5,25.97012942,24.55400018,24.23432131
,,,,,,,,,,646,25.97014262,24.5540189,24.23434584
,,,,,,,,,,646.5,25.97015573,24.55403751,24.23437021
,,,,,,,,,,647,25.97016876,24.554056,24.23439443
,,,,,,,,,,647.5,25.97018171,24.55407438,24.2344185
,,,,,,,,,,648,25.97019458,24.55409265,24.23444243
,,,,,,,,,,648.5,25.97020737,24.5541108,24.23446621
,,,,,,,,,,649,25.97022008,24.55412884,24.23448984
,,,,,,,,,,649.5,25.97023271,24.55414677,24.23451332
,,,,,,,,,,650,25.97024527,24.55416459,24.23453666
,,,,,,,,,,650.5,25.97025775,24.5541823,24.23455986
,,,,,,,,,,651,25.97027015,24.55419991,24.23458291
,,,,,,,,,,651.5,25.97028248,24.5542174,24.23460583
,,,,,,,,,,652,25.97029473,24.55423478,24.2346286
,,,,,,,,,,652.5,25.9703069,24.55425206,24.23465123
,,,,,,,,,,653,25.970319,24.55426923,24.23467372
,,,,,,,,,,653.5,25.97033102,24.5542863,24.23469608
,,,,,,,,,,654,25.97034297,24.55430326,24.23471829
,,,,,,,,,,654.5,25.97035485,24.55432012,24.23474037
,,,,,,,,,,655,25.97036665,24.55433687,24.23476231
,,,,,,,,,,655.5,25.97037838,24.55435352,24.23478412
,,,,,,,,,,656,25.97039004,24.55437007,24.2348058
,,,,,,,,,,656.5,25.97040163,24.55438651,24.23482734
,,,,,,,,,,657,25.97041314,24.55440286,24.23484874
,,,,,,,,,,657.5,25.97042459,24.5544191,24.23487002
,,,,,,,,,,658,25.97043596,24.55443524,24.23489116
,,,,,,,,,,658.5,25.97044727,24.55445129,24.23491218
,,,,,,,,,,659,25.9704585,24.55446723,24.23493306
,,,,,,,,,,659.5,25.97046966,24.55448308,24.23495382
,,,,,,,,,,660,25.97048076,24.55449883,24.23497445
,,,,,,,,,,660.5,25.97049179,24.55451448,24.23499495
,,,,,,,,,,661,25.97050275,24.55453004,24.23501533
,,,,,,,,,,661.5,25.97051364,24.5545455,24.23503558
,,,,,,,,,,662,25.97052447,24.55456086,24.23505571
,,,,,,,,,,662.5,25.97053522,24.55457613,24.23507571
,,,,,,,,,,663,25.97054592,24.55459131,24.23509559
,,,,,,,,,,663.5,25.97055654,24.55460639,24.23511534
,,,,,,,,,,664,25.9705671,24.55462138,24.23513498
,,,,,,,,,,664.5,25.9705776,24.55463628,24.23515449
,,,,,,,,,,665,25.97058803,24.55465108,24.23517388
,,,,,,,,,,665.5,25.9705984,24.5546658,24.23519316
,,,,,,,,,,666,25.9706087,24.55468042,24.23521231
,,,,,,,,,,666.5,25.97061894,24.55469496,24.23523135
,,,,,,,,,,667,25.97062912,24.5547094,24.23525027
,,,,,,,,,,667.5,25.97063923,24.55472376,24.23526908
,,,,,,,,,,668,25.97064928,24.55473802,24.23528776
,,,,,,,,,,668.5,25.97065927,24.5547522,24.23530634
,,,,,,,,,,669,25.9706692,24.55476629,24.2353248
,,,,,,,,,,669.5,25.97067906,24.5547803,24.23534314
,,,,,,,,,,670,25.97068887,24.55479422,24.23536137
,,,,,,,,,,670.5,25.97069862,24.55480805,24.23537949
,,,,,,,,,,671,25.9707083,24.5548218,24.2353975
,,,,,,,,,,671.5,25.97071793,24.55483546,24.2354154
,,,,,,,,,,672,25.97072749,24.55484904,24.23543319
,,,,,,,,,,672.5,25.970737,24.55486254,24.23545086
,,,,,,,,,,673,25.97074645,24.55487595,24.23546843
,,,,,,,,,,673.5,25.97075584,24.55488928,24.23548589
,,,,,,,,,,674,25.97076517,24.55490253,24.23550325
,,,,,,,,,,674.5,25.97077445,24.55491569,24.23552049
,,,,,,,,,,675,25.97078367,24.55492878,24.23553763
,,,,,,,,,,675.5,25.97079283,24.55494178,24.23555467
,,,,,,,,,,676,25.97080194,24.55495471,24.2355716
,,,,,,,,,,676.5,25.97081098,24.55496755,24.23558842
,,,,,,,,,,677,25.97081998,24.55498032,24.23560515
,,,,,,,,,,677.5,25.97082892,24.554993,24.23562176
,,,,,,,,,,678,25.9708378,24.55500561,24.23563828
,,,,,,,,,,678.5,25.97084663,24.55501814,24.2356547
,,,,,,,,,,679,25.9708554,24.5550306,24.23567101
,,,,,,,,,,679.5,25.97086412,24.55504297,24.23568722
,,,,,,,,,,680,25.97087279,24.55505528,24.23570334
,,,,,,,,,,680.5,25.9708814,24.5550675,24.23571935
,,,,,,,,,,681,25.97088996,24.55507965,24.23573527
,,,,,,,,,,681.5,25.97089846,24.55509173,24.23575109
,,,,,,,,,,682,25.97090692,24.55510373,24.23576681
,,,,,,,,,,682.5,25.97091532,24.55511565,24.23578243
,,,,,,,,,,683,25.97092367,24.55512751,24.23579796
,,,,,,,,,,683.5,25.97093197,24.55513929,24.23581339
,,,,,,,,,,684,25.97094022,24.55515099,24.23582873
,,,,,,,,,,684.5,25.97094841,24.55516263,24.23584397
,,,,,,,,,,685,25.97095656,24.55517419,24.23585912
,,,,,,,,,,685.5,25.97096466,24.55518569,24.23587417
,,,,,,,,,,686,25.9709727,24.55519711,24.23588913
,,,,,,,,,,686.5,25.9709807,24.55520846,24.235904
,,,,,,,,,,687,25.97098865,24.55521974,24.23591878
,,,,,,,,,,687.5,25.97099655,24.55523096,24.23593347
,,,,,,,,,,688,25.9710044,24.5552421,24.23594807
,,,,,,,,,,688.5,25.9710122,24.55525317,24.23596257
,,,,,,,,,,689,25.97101995,24.55526418,24.23597699
,,,,,,,,,,689.5,25.97102766,24.55527512,24.23599132
,,,,,,,,,,690,25.97103532,24.55528599,24.23600556
,,,,,,,,,,690.5,25.97104293,24.55529679,24.23601972
,,,,,,,,,,691,25.97105049,24.55530753,24.23603378
,,,,,,,,,,691.5,25.97105801,24.5553182,24.23604776
,,,,,,,,,,692,25.97106548,24.55532881,24.23606166
,,,,,,,,,,692.5,25.97107291,24.55533935,24.23607546
,,,,,,,,,,693,25.97108029,24.55534982,24.23608919
,,,,,,,,,,693.5,25.97108762,24.55536024,24.23610283
,,,,,,,,,,694,25.97109491,24.55537058,24.23611638
,,,,,,,,,,694.5,25.97110215,24.55538087,24.23612985
,,,,,,,,,,695,25.97110935,24.55539109,24.23614324
,,,,,,,,,,695.5,25.97111651,24.55540124,24.23615654
,,,,,,,,,,696,25.97112362,24.55541134,24.23616977
,,,,,,,,,,696.5,25.97113068,24.55542137,24.23618291
,,,,,,,,,,697,25.97113771,24.55543134,24.23619597
,,,,,,,,,,697.5,25.97114469,24.55544125,24.23620895
,,,,,,,,,,698,25.97115163,24.5554511,24.23622185
,,,,,,,,,,698.5,25.97115852,24.55546088,24.23623467
,,,,,,,,,,699,25.97116537,24.55547061,24.23624742
,,,,,,,,,,699.5,25.97117218,24.55548028,24.23626008
,,,,,,,,,,700,25.97117895,24.55548989,24.23627267
,,,,,,,,,,700.5,25.97118568,24.55549943,24.23628518
,,,,,,,,,,701,25.97119236,24.55550892,24.23629761
,,,,,,,,,,701.5,25.971199,24.55551835,24.23630996
,,,,,,,,,,702,25.97120561,24.55552773,24.23632224
,,,,,,,,,,702.5,25.97121217,24.55553704,24.23633444
,,,,,,,,,,703,25.97121869,24.5555463,24.23634657
,,,,,,,,,,703.5,25.97122517,24.5555555,24.23635863
,,,,,,,,,,704,25.97123161,24.55556465,24.2363706
,,,,,,,,,,704.5,25.97123802,24.55557373,24.23638251
,,,,,,,,,,705,25.97124438,24.55558277,24.23639434
,,,,,,,,,,705.5,25.9712507,24.55559174,24.2364061
,,,,,,,,,,706,25.97125698,24.55560066,24.23641779
,,,,,,,,,,706.5,25.97126323,24.55560953,24.2364294
,,,,,,,,,,707,25.97126944,24.55561834,24.23644095
,,,,,,,,,,707.5,25.97127561,24.5556271,24.23645242
,,,,,,,,,,708,25.97128174,24.5556358,24.23646382
,,,,,,,,,,708.5,25.97128783,24.55564445,24.23647515
,,,,,,,,,,709,25.97129389,24.55565305,24.23648641
,,,,,,,,,,709.5,25.9712999,24.55566159,24.23649761
,,,,,,,,,,710,25.97130588,24.55567008,24.23650873
,,,,,,,,,,710.5,25.97131183,24.55567852,24.23651978
,,,,,,,,,,711,25.97131774,24.55568691,24.23653077
,,,,,,,,,,711.5,25.97132361,24.55569524,24.23654169
,,,,,,,,,,712,25.97132944,24.55570352,24.23655254
,,,,,,,,,,712.5,25.97133524,24.55571176,24.23656333
,,,,,,,,,,713,25.971341,24.55571994,24.23657404
,,,,,,,,,,713.5,25.97134673,24.55572807,24.2365847
,,,,,,,,,,714,25.97135242,24.55573615,24.23659528
,,,,,,,,,,714.5,25.97135808,24.55574418,24.23660581
,,,,,,,,,,715,25.9713637,24.55575217,24.23661626
,,,,,,,,,,715.5,25.97136929,24.5557601,24.23662665
,,,,,,,,,,716,25.97137485,24.55576798,24.23663698
,,,,,,,,,,716.5,25.97138037,24.55577582,24.23664725
,,,,,,,,,,717,25.97138585,24.5557836,24.23665745
,,,,,,,,,,717.5,25.9713913,24.55579134,24.23666759
,,,,,,,,,,718,25.97139672,24.55579904,24.23667766
,,,,,,,,,,718.5,25.9714021,24.55580668,24.23668768
,,,,,,,,,,719,25.97140746,24.55581428,24.23669763
,,,,,,,,,,719.5,25.97141277,24.55582183,24.23670752
,,,,,,,,,,720,25.97141806,24.55582933,24.23671735
,,,,,,,,,,720.5,25.97142331,24.55583679,24.23672712
,,,,,,,,,,721,25.97142853,24.5558442,24.23673683
,,,,,,,,,,721.5,25.97143372,24.55585157,24.23674648
,,,,,,,,,,722,25.97143888,24.55585889,24.23675607
,,,,,,,,,,722.5,25.971444,24.55586616,24.23676561
,,,,,,,,,,723,25.9714491,24.55587339,24.23677508
,,,,,,,,,,723.5,25.97145416,24.55588058,24.23678449
,,,,,,,,,,724,25.97145919,24.55588772,24.23679385
,,,,,,,,,,724.5,25.97146419,24.55589482,24.23680315
,,,,,,,,,,725,25.97146916,24.55590187,24.23681239
,,,,,,,,,,725.5,25.9714741,24.55590888,24.23682157
,,,,,,,,,,726,25.971479,24.55591585,24.2368307
,,,,,,,,,,726.5,25.97148388,24.55592278,24.23683977
,,,,,,,,,,727,25.97148873,24.55592966,24.23684879
,,,,,,,,,,727.5,25.97149355,24.5559365,24.23685775
,,,,,,,,,,728,25.97149834,24.55594329,24.23686665
,,,,,,,,,,728.5,25.97150309,24.55595005,24.23687551
,,,,,,,,,,729,25.97150782,24.55595676,24.2368843
,,,,,,,,,,729.5,25.97151252,24.55596344,24.23689304
,,,,,,,,,,730,25.97151719,24.55597007,24.23690173
,,,,,,,,,,730.5,25.97152184,24.55597666,24.23691037
,,,,,,,,,,731,25.97152645,24.55598321,24.23691895
,,,,,,,,,,731.5,25.97153104,24.55598972,24.23692747
,,,,,,,,,,732,25.97153559,24.55599619,24.23693595
,,,,,,,,,,732.5,25.97154012,24.55600262,24.23694437
,,,,,,,,,,733,25.97154462,24.55600901,24.23695275
,,,,,,,,,,733.5,25.9715491,24.55601536,24.23696107
,,,,,,,,,,734,25.97155354,24.55602167,24.23696933
,,,,,,,,,,734.5,25.97155796,24.55602794,24.23697755
,,,,,,,,,,735,25.97156235,24.55603418,24.23698572
,,,,,,,,,,735.5,25.97156671,24.55604037,24.23699384
,,,,,,,,,,736,25.97157105,24.55604653,24.2370019
,,,,,,,,,,736.5,25.97157536,24.55605265,24.23700992
,,,,,,,,,,737,25.97157965,24.55605873,24.23701789
,,,,,,,,,,737.5,25.9715839,24.55606478,24.23702581
,,,,,,,,,,738,25.97158814,24.55607078,24.23703368
,,,,,,,,,,738.5,25.97159234,24.55607675,24.2370415
,,,,,,,,,,739,25.97159652,24.55608269,24.23704927
,,,,,,,,,,739.5,25.97160067,24.55608858,24.237057
,,,,,,,,,,740,25.9716048,24.55609444,24.23706468
,,,,,,,,,,740.5,25.9716089,24.55610027,24.23707231
,,,,,,,,,,741,25.97161298,24.55610606,24.23707989
,,,,,,,,,,741.5,25.97161703,24.55611181,24.23708743
,,,,,,,,,,742,25.97162106,24.55611753,24.23709492
,,,,,,,,,,742.5,25.97162506,24.55612321,24.23710236
,,,,,,,,,,743,25.97162904,24.55612886,24.23710976
,,,,,,,,,,743.5,25.97163299,24.55613447,24.23711711
,,,,,,,,,,744,25.97163692,24.55614005,24.23712442
,,,,,,,,,,744.5,25.97164083,24.55614559,24.23713169
,,,,,,,,,,745,25.97164471,24.5561511,24.2371389
,,,,,,,,,,745.5,25.97164856,24.55615658,24.23714608
,,,,,,,,,,746,25.9716524,24.55616202,24.23715321
,,,,,,,,,,746.5,25.97165621,24.55616743,24.23716029
,,,,,,,,,,747,25.97165999,24.5561728,24.23716733
,,,,,,,,,,747.5,25.97166376,24.55617814,24.23717433
,,,,,,,,,,748,25.97166749,24.55618345,24.23718129
,,,,,,,,,,748.5,25.97167121,24.55618873,24.2371882
,,,,,,,,,,749,25.9716749,24.55619397,24.23719507
,,,,,,,,,,749.5,25.97167858,24.55619918,24.2372019
,,,,,,,,,,750,25.97168222,24.55620436,24.23720868
,,,,,,,,,,750.5,25.97168585,24.55620951,24.23721543
,,,,,,,,,,751,25.97168945,24.55621463,24.23722213
,,,,,,,,,,751.5,25.97169303,24.55621971,24.23722879
,,,,,,,,,,752,25.97169659,24.55622476,24.23723541
,,,,,,,,,,752.5,25.97170013,24.55622978,24.23724199
,,,,,,,,,,753,25.97170364,24.55623477,24.23724853
,,,,,,,,,,753.5,25.97170714,24.55623973,24.23725503
,,,,,,,,,,754,25.97171061,24.55624466,24.23726148
,,,,,,,,,,754.5,25.97171406,24.55624956,24.2372679
,,,,,,,,,,755,25.97171749,24.55625443,24.23727428
,,,,,,,,,,755.5,25.9717209,24.55625927,24.23728062
,,,,,,,,,,756,25.97172429,24.55626408,24.23728692
,,,,,,,,,,756.5,25.97172765,24.55626886,24.23729318
,,,,,,,,,,757,25.971731,24.55627361,24.23729941
,,,,,,,,,,757.5,25.97173432,24.55627833,24.23730559
,,,,,,,,,,758,25.97173763,24.55628302,24.23731174
,,,,,,,,,,758.5,25.97174091,24.55628768,24.23731785
,,,,,,,,,,759,25.97174418,24.55629232,24.23732392
,,,,,,,,,,759.5,25.97174742,24.55629692,24.23732995
,,,,,,,,,,760,25.97175064,24.5563015,24.23733595
,,,,,,,,,,760.5,25.97175385,24.55630605,24.23734191
,,,,,,,,,,761,25.97175703,24.55631057,24.23734783
,,,,,,,,,,761.5,25.9717602,24.55631506,24.23735372
,,,,,,,,,,762,25.97176334,24.55631953,24.23735957
,,,,,,,,,,762.5,25.97176647,24.55632397,24.23736538
,,,,,,,,,,763,25.97176957,24.55632838,24.23737116
,,,,,,,,,,763.5,25.97177266,24.55633276,24.2373769
,,,,,,,,,,764,25.97177573,24.55633712,24.23738261
,,,,,,,,,,764.5,25.97177878,24.55634145,24.23738828
,,,,,,,,,,765,25.97178181,24.55634575,24.23739392
,,,,,,,,,,765.5,25.97178482,24.55635003,24.23739952
,,,,,,,,,,766,25.97178782,24.55635428,24.23740509
,,,,,,,,,,766.5,25.97179079,24.5563585,24.23741063
,,,,,,,,,,767,25.97179375,24.5563627,24.23741613
,,,,,,,,,,767.5,25.97179669,24.55636687,24.23742159
,,,,,,,,,,768,25.97179961,24.55637102,24.23742702
,,,,,,,,,,768.5,25.97180251,24.55637514,24.23743242
,,,,,,,,,,769,25.97180539,24.55637923,24.23743779
,,,,,,,,,,769.5,25.97180826,24.5563833,24.23744312
,,,,,,,,,,770,25.97181111,24.55638735,24.23744842
,,,,,,,,,,770.5,25.97181394,24.55639137,24.23745369
,,,,,,,,,,771,25.97181675,24.55639536,24.23745892
,,,,,,,,,,771.5,25.97181955,24.55639933,24.23746413
,,,,,,,,,,772,25.97182233,24.55640328,24.2374693
,,,,,,,,,,772.5,25.97182509,24.5564072,24.23747443
,,,,,,,,,,773,25.97182784,24.5564111,24.23747954
,,,,,,,,,,773.5,25.97183057,24.55641497,24.23748462
,,,,,,,,,,774,25.97183328,24.55641882,24.23748966
,,,,,,,,,,774.5,25.97183597,24.55642265,24.23749467
,,,,,,,,,,775,25.97183865,24.55642645,24.23749966
,,,,,,,,,,775.5,25.97184131,24.55643023,24.23750461
,,,,,,,,,,776,25.97184396,24.55643399,24.23750953
,,,,,,,,,,776.5,25.97184659,24.55643772,24.23751442
,,,,,,,,,,777,25.9718492,24.55644143,24.23751928
,,,,,,,,,,777.5,25.9718518,24.55644512,24.23752411
,,,,,,,,,,778,25.97185438,24.55644878,24.23752891
,,,,,,,,,,778.5,25.97185694,24.55645242,24.23753368
,,,,,,,,,,779,25.97185949,24.55645604,24.23753842
,,,,,,,,,,779.5,25.97186203,24.55645964,24.23754314
,,,,,,,,,,780,25.97186454,24.55646321,24.23754782
,,,,,,,,,,780.5,25.97186705,24.55646677,24.23755247
,,,,,,,,,,781,25.97186953,24.5564703,24.2375571
,,,,,,,,,,781.5,25.971872,24.55647381,24.2375617
,,,,,,,,,,782,25.97187446,24.5564773,24.23756627
,,,,,,,,,,782.5,25.9718769,24.55648076,24.23757081
,,,,,,,,,,783,25.97187933,24.55648421,24.23757532
,,,,,,,,,,783.5,25.97188174,24.55648763,24.23757981
,,,,,,,,,,784,25.97188414,24.55649103,24.23758426
,,,,,,,,,,784.5,25.97188652,24.55649441,24.23758869
,,,,,,,,,,785,25.97188888,24.55649777,24.2375931
,,,,,,,,,,785.5,25.97189124,24.55650111,24.23759747
,,,,,,,,,,786,25.97189357,24.55650443,24.23760182
,,,,,,,,,,786.5,25.9718959,24.55650773,24.23760614
,,,,,,,,,,787,25.97189821,24.55651101,24.23761044
,,,,,,,,,,787.5,25.9719005,24.55651427,24.23761471
,,,,,,,,,,788,25.97190278,24.55651751,24.23761895
,,,,,,,,,,788.5,25.97190505,24.55652072,24.23762317
,,,,,,,,,,789,25.9719073,24.55652392,24.23762736
,,,,,,,,,,789.5,25.97190954,24.5565271,24.23763152
,,,,,,,,,,790,25.97191177,24.55653026,24.23763566
,,,,,,,,,,790.5,25.97191398,24.5565334,24.23763978
,,,,,,,,,,791,25.97191618,24.55653652,24.23764386
,,,,,,,,,,791.5,25.97191836,24.55653962,24.23764793
,,,,,,,,,,792,25.97192053,24.5565427,24.23765197
,,,,,,,,,,792.5,25.97192269,24.55654577,24.23765598
,,,,,,,,,,793,25.97192483,24.55654881,24.23765997
,,,,,,,,,,793.5,25.97192696,24.55655184,24.23766393
,,,,,,,,,,794,25.97192908,24.55655484,24.23766787
,,,,,,,,,,794.5,25.97193119,24.55655783,24.23767179
,,,,,,,,,,795,25.97193328,24.5565608,24.23767568
,,,,,,,,,,795.5,25.97193536,24.55656375,24.23767954
,,,,,,,,,,796,25.97193742,24.55656669,24.23768339
,,,,,,,,,,796.5,25.97193948,24.5565696,24.23768721
,,,,,,,,,,797,25.97194152,24.5565725,24.237691
,,,,,,,,,,797.5,25.97194354,24.55657538,24.23769478
,,,,,,,,,,798,25.97194556,24.55657824,24.23769852
,,,,,,,,,,798.5,25.97194756,24.55658109,24.23770225
,,,,,,,,,,799,25.97194955,24.55658391,24.23770595
,,,,,,,,,,799.5,25.97195153,24.55658672,24.23770964
,,,,,,,,,,800,25.9719535,24.55658951,24.23771329
,,,,,,,,,,800.5,25.97195545,24.55659229,24.23771693
,,,,,,,,,,801,25.9719574,24.55659505,24.23772054
,,,,,,,,,,801.5,25.97195933,24.55659779,24.23772413
,,,,,,,,,,802,25.97196124,24.55660051,24.2377277
,,,,,,,,,,802.5,25.97196315,24.55660322,24.23773125
,,,,,,,,,,803,25.97196504,24.55660591,24.23773477
,,,,,,,,,,803.5,25.97196693,24.55660858,24.23773828
,,,,,,,,,,804,25.9719688,24.55661124,24.23774176
,,,,,,,,,,804.5,25.97197066,24.55661388,24.23774522
,,,,,,,,,,805,25.97197251,24.5566165,24.23774866
,,,,,,,,,,805.5,25.97197435,24.55661911,24.23775207
,,,,,,,,,,806,25.97197617,24.5566217,24.23775547
,,,,,,,,,,806.5,25.97197799,24.55662428,24.23775885
,,,,,,,,,,807,25.97197979,24.55662684,24.2377622
,,,,,,,,,,807.5,25.97198158,24.55662939,24.23776553
,,,,,,,,,,808,25.97198336,24.55663191,24.23776885
,,,,,,,,,,808.5,25.97198513,24.55663443,24.23777214
,,,,,,,,,,809,25.97198689,24.55663693,24.23777541
,,,,,,,,,,809.5,25.97198864,24.55663941,24.23777867
,,,,,,,,,,810,25.97199038,24.55664188,24.2377819
,,,,,,,,,,810.5,25.97199211,24.55664433,24.23778511
,,,,,,,,,,811,25.97199382,24.55664677,24.23778831
,,,,,,,,,,811.5,25.97199553,24.55664919,24.23779148
,,,,,,,,,,812,25.97199722,24.55665159,24.23779463
,,,,,,,,,,812.5,25.97199891,24.55665399,24.23779777
,,,,,,,,,,813,25.97200058,24.55665636,24.23780088
,,,,,,,,,,813.5,25.97200225,24.55665873,24.23780398
,,,,,,,,,,814,25.9720039,24.55666108,24.23780705
,,,,,,,,,,814.5,25.97200554,24.55666341,24.23781011
,,,,,,,,,,815,25.97200718,24.55666573,24.23781315
,,,,,,,,,,815.5,25.9720088,24.55666803,24.23781617
,,,,,,,,,,816,25.97201042,24.55667032,24.23781917
,,,,,,,,,,816.5,25.97201202,24.5566726,24.23782216
,,,,,,,,,,817,25.97201361,24.55667486,24.23782512
,,,,,,,,,,817.5,25.9720152,24.55667711,24.23782807
,,,,,,,,,,818,25.97201677,24.55667935,24.237831
,,,,,,,,,,818.5,25.97201833,24.55668157,24.23783391
,,,,,,,,,,819,25.97201989,24.55668378,24.2378368
,,,,,,,,,,819.5,25.97202143,24.55668597,24.23783967
,,,,,,,,,,820,25.97202297,24.55668815,24.23784253
,,,,,,,,,,820.5,25.9720245,24.55669032,24.23784537
,,,,,,,,,,821,25.97202601,24.55669247,24.23784819
,,,,,,,,,,821.5,25.97202752,24.55669461,24.237851
,,,,,,,,,,822,25.97202902,24.55669674,24.23785378
,,,,,,,,,,822.5,25.97203051,24.55669885,24.23785655
,,,,,,,,,,823,25.97203199,24.55670096,24.23785931
,,,,,,,,,,823.5,25.97203346,24.55670304,24.23786204
,,,,,,,,,,824,25.97203492,24.55670512,24.23786476
,,,,,,,,,,824.5,25.97203637,24.55670718,24.23786746
,,,,,,,,,,825,25.97203782,24.55670923,24.23787015
,,,,,,,,,,825.5,25.97203925,24.55671127,24.23787282
,,,,,,,,,,826,25.97204068,24.55671329,24.23787547
,,,,,,,,,,826.5,25.97204209,24.55671531,24.23787811
,,,,,,,,,,827,25.9720435,24.5567173,24.23788073
,,,,,,,,,,827.5,25.9720449,24.55671929,24.23788333
,,,,,,,,,,828,25.97204629,24.55672127,24.23788592
,,,,,,,,,,828.5,25.97204768,24.55672323,24.23788849
,,,,,,,,,,829,25.97204905,24.55672518,24.23789105
,,,,,,,,,,829.5,25.97205042,24.55672712,24.23789359
,,,,,,,,,,830,25.97205177,24.55672905,24.23789611
,,,,,,,,,,830.5,25.97205312,24.55673096,24.23789862
,,,,,,,,,,831,25.97205446,24.55673287,24.23790111
,,,,,,,,,,831.5,25.97205579,24.55673476,24.23790359
,,,,,,,,,,832,25.97205712,24.55673664,24.23790606
,,,,,,,,,,832.5,25.97205843,24.55673851,24.2379085
,,,,,,,,,,833,25.97205974,24.55674036,24.23791094
,,,,,,,,,,833.5,25.97206104,24.55674221,24.23791335
,,,,,,,,,,834,25.97206233,24.55674404,24.23791576
,,,,,,,,,,834.5,25.97206362,24.55674586,24.23791815
,,,,,,,,,,835,25.97206489,24.55674768,24.23792052
,,,,,,,,,,835.5,25.97206616,24.55674948,24.23792288
,,,,,,,,,,836,25.97206742,24.55675127,24.23792522
,,,,,,,,,,836.5,25.97206867,24.55675304,24.23792755
,,,,,,,,,,837,25.97206992,24.55675481,24.23792987
,,,,,,,,,,837.5,25.97207116,24.55675657,24.23793217
,,,,,,,,,,838,25.97207238,24.55675831,24.23793446
,,,,,,,,,,838.5,25.97207361,24.55676005,24.23793673
,,,,,,,,,,839,25.97207482,24.55676177,24.23793899
,,,,,,,,,,839.5,25.97207603,24.55676349,24.23794123
,,,,,,,,,,840,25.97207723,24.55676519,24.23794346
,,,,,,,,,,840.5,25.97207842,24.55676688,24.23794568
,,,,,,,,,,841,25.9720796,24.55676856,24.23794789
,,,,,,,,,,841.5,25.97208078,24.55677023,24.23795008
,,,,,,,,,,842,25.97208195,24.5567719,24.23795225
,,,,,,,,,,842.5,25.97208311,24.55677355,24.23795442
,,,,,,,,,,843,25.97208427,24.55677519,24.23795657
,,,,,,,,,,843.5,25.97208542,24.55677682,24.2379587
,,,,,,,,,,844,25.97208656,24.55677844,24.23796083
,,,,,,,,,,844.5,25.97208769,24.55678005,24.23796294
,,,,,,,,,,845,25.97208882,24.55678165,24.23796503
,,,,,,,,,,845.5,25.97208994,24.55678324,24.23796712
,,,,,,,,,,846,25.97209106,24.55678482,24.23796919
,,,,,,,,,,846.5,25.97209216,24.55678639,24.23797125
,,,,,,,,,,847,25.97209326,24.55678796,24.2379733
,,,,,,,,,,847.5,25.97209436,24.55678951,24.23797533
,,,,,,,,,,848,25.97209544,24.55679105,24.23797735
,,,,,,,,,,848.5,25.97209652,24.55679258,24.23797936
,,,,,,,,,,849,25.9720976,24.55679411,24.23798136
,,,,,,,,,,849.5,25.97209866,24.55679562,24.23798334
,,,,,,,,,,850,25.97209972,24.55679713,24.23798531
,,,,,,,,,,850.5,25.97210077,24.55679862,24.23798727
,,,,,,,,,,851,25.97210182,24.55680011,24.23798922
,,,,,,,,,,851.5,25.97210286,24.55680159,24.23799115
,,,,,,,,,,852,25.9721039,24.55680305,24.23799308
,,,,,,,,,,852.5,25.97210492,24.55680451,24.23799499
,,,,,,,,,,853,25.97210595,24.55680596,24.23799689
,,,,,,,,,,853.5,25.97210696,24.55680741,24.23799878
,,,,,,,,,,854,25.97210797,24.55680884,24.23800066
,,,,,,,,,,854.5,25.97210897,24.55681026,24.23800252
,,,,,,,,,,855,25.97210997,24.55681168,24.23800437
,,,,,,,,,,855.5,25.97211096,24.55681308,24.23800622
,,,,,,,,,,856,25.97211194,24.55681448,24.23800805
,,,,,,,,,,856.5,25.97211292,24.55681587,24.23800987
,,,,,,,,,,857,25.97211389,24.55681725,24.23801168
,,,,,,,,,,857.5,25.97211486,24.55681862,24.23801347
,,,,,,,,,,858,25.97211582,24.55681998,24.23801526
,,,,,,,,,,858.5,25.97211677,24.55682134,24.23801703
,,,,,,,,,,859,25.97211772,24.55682268,24.2380188
,,,,,,,,,,859.5,25.97211866,24.55682402,24.23802055
,,,,,,,,,,860,25.9721196,24.55682535,24.23802229
,,,,,,,,,,860.5,25.97212053,24.55682667,24.23802403
,,,,,,,,,,861,25.97212146,24.55682799,24.23802575
,,,,,,,,,,861.5,25.97212238,24.55682929,24.23802746
,,,,,,,,,,862,25.97212329,24.55683059,24.23802916
,,,,,,,,,,862.5,25.9721242,24.55683188,24.23803085
,,,,,,,,,,863,25.9721251,24.55683316,24.23803253
,,,,,,,,,,863.5,25.972126,24.55683444,24.2380342
,,,,,,,,,,864,25.97212689,24.5568357,24.23803585
,,,,,,,,,,864.5,25.97212778,24.55683696,24.2380375
,,,,,,,,,,865,25.97212866,24.55683821,24.23803914
,,,,,,,,,,865.5,25.97212953,24.55683945,24.23804077
,,,,,,,,,,866,25.9721304,24.55684069,24.23804239
,,,,,,,,,,866.5,25.97213127,24.55684192,24.23804399
,,,,,,,,,,867,25.97213212,24.55684313,24.23804559
,,,,,,,,,,867.5,25.97213298,24.55684435,24.23804718
,,,,,,,,,,868,25.97213383,24.55684555,24.23804876
,,,,,,,,,,868.5,25.97213467,24.55684675,24.23805033
,,,,,,,,,,869,25.97213551,24.55684794,24.23805189
,,,,,,,,,,869.5,25.97213634,24.55684912,24.23805344
,,,,,,,,,,870,25.97213717,24.5568503,24.23805498
,,,,,,,,,,870.5,25.97213799,24.55685147,24.23805651
,,,,,,,,,,871,25.97213881,24.55685263,24.23805803
,,,,,,,,,,871.5,25.97213962,24.55685378,24.23805954
,,,,,,,,,,872,25.97214043,24.55685493,24.23806104
,,,,,,,,,,872.5,25.97214123,24.55685607,24.23806254
,,,,,,,,,,873,25.97214203,24.5568572,24.23806402
,,,,,,,,,,873.5,25.97214282,24.55685832,24.23806549
,,,,,,,,,,874,25.97214361,24.55685944,24.23806696
,,,,,,,,,,874.5,25.97214439,24.55686055,24.23806842
,,,,,,,,,,875,25.97214517,24.55686166,24.23806986
,,,,,,,,,,875.5,25.97214594,24.55686276,24.2380713
,,,,,,,,,,876,25.97214671,24.55686385,24.23807273
,,,,,,,,,,876.5,25.97214748,24.55686493,24.23807415
,,,,,,,,,,877,25.97214824,24.55686601,24.23807557
,,,,,,,,,,877.5,25.97214899,24.55686708,24.23807697
,,,,,,,,,,878,25.97214974,24.55686815,24.23807837
,,,,,,,,,,878.5,25.97215049,24.55686921,24.23807975
,,,,,,,,,,879,25.97215123,24.55687026,24.23808113
,,,,,,,,,,879.5,25.97215196,24.5568713,24.2380825
,,,,,,,,,,880,25.97215269,24.55687234,24.23808386
,,,,,,,,,,880.5,25.97215342,24.55687337,24.23808521
,,,,,,,,,,881,25.97215414,24.5568744,24.23808656
,,,,,,,,,,881.5,25.97215486,24.55687542,24.23808789
,,,,,,,,,,882,25.97215558,24.55687643,24.23808922
,,,,,,,,,,882.5,25.97215628,24.55687744,24.23809054
,,,,,,,,,,883,25.97215699,24.55687844,24.23809185
,,,,,,,,,,883.5,25.97215769,24.55687944,24.23809315
,,,,,,,,,,884,25.97215839,24.55688042,24.23809445
,,,,,,,,,,884.5,25.97215908,24.55688141,24.23809574
,,,,,,,,,,885,25.97215977,24.55688238,24.23809702
,,,,,,,,,,885.5,25.97216045,24.55688335,24.23809829
,,,,,,,,,,886,25.97216113,24.55688432,24.23809955
,,,,,,,,,,886.5,25.9721618,24.55688528,24.23810081
,,,,,,,,,,887,25.97216247,24.55688623,24.23810206
,,,,,,,,,,887.5,25.97216314,24.55688718,24.2381033
,,,,,,,,,,888,25.9721638,24.55688812,24.23810453
,,,,,,,,,,888.5,25.97216446,24.55688905,24.23810575
,,,,,,,,,,889,25.97216512,24.55688998,24.23810697
,,,,,,,,,,889.5,25.97216577,24.5568909,24.23810818
,,,,,,,,,,890,25.97216641,24.55689182,24.23810938
,,,,,,,,,,890.5,25.97216706,24.55689273,24.23811058
,,,,,,,,,,891,25.9721677,24.55689364,24.23811177
,,,,,,,,,,891.5,25.97216833,24.55689454,24.23811295
,,,,,,,,,,892,25.97216896,24.55689544,24.23811412
,,,,,,,,,,892.5,25.97216959,24.55689633,24.23811529
,,,,,,,,,,893,25.97217021,24.55689721,24.23811645
,,,,,,,,,,893.5,25.97217083,24.55689809,24.2381176
,,,,,,,,,,894,25.97217144,24.55689897,24.23811874
,,,,,,,,,,894.5,25.97217206,24.55689983,24.23811988
,,,,,,,,,,895,25.97217266,24.5569007,24.23812101
,,,,,,,,,,895.5,25.97217327,24.55690155,24.23812214
,,,,,,,,,,896,25.97217387,24.55690241,24.23812325
,,,,,,,,,,896.5,25.97217446,24.55690325,24.23812436
,,,,,,,,,,897,25.97217506,24.5569041,24.23812547
,,,,,,,,,,897.5,25.97217565,24.55690493,24.23812656
,,,,,,,,,,898,25.97217623,24.55690576,24.23812765
,,,,,,,,,,898.5,25.97217681,24.55690659,24.23812873
,,,,,,,,,,899,25.97217739,24.55690741,24.23812981
,,,,,,,,,,899.5,25.97217797,24.55690823,24.23813088
,,,,,,,,,,900,25.97217854,24.55690904,24.23813194
,,,,,,,,,,900.5,25.97217911,24.55690984,24.238133
,,,,,,,,,,901,25.97217967,24.55691065,24.23813405
,,,,,,,,,,901.5,25.97218023,24.55691144,24.23813509
,,,,,,,,,,902,25.97218079,24.55691223,24.23813613
,,,,,,,,,,902.5,25.97218134,24.55691302,24.23813716
,,,,,,,,,,903,25.97218189,24.5569138,24.23813818
,,,,,,,,,,903.5,25.97218244,24.55691458,24.2381392
,,,,,,,,,,904,25.97218298,24.55691535,24.23814021
,,,,,,,,,,904.5,25.97218353,24.55691612,24.23814122
,,,,,,,,,,905,25.97218406,24.55691688,24.23814222
,,,,,,,,,,905.5,25.9721846,24.55691764,24.23814321
,,,,,,,,,,906,25.97218513,24.55691839,24.2381442
,,,,,,,,,,906.5,25.97218565,24.55691914,24.23814518
,,,,,,,,,,907,25.97218618,24.55691988,24.23814615
,,,,,,,,,,907.5,25.9721867,24.55692062,24.23814712
,,,,,,,,,,908,25.97218722,24.55692136,24.23814808
,,,,,,,,,,908.5,25.97218773,24.55692209,24.23814904
,,,,,,,,,,909,25.97218824,24.55692281,24.23814999
,,,,,,,,,,909.5,25.97218875,24.55692354,24.23815094
,,,,,,,,,,910,25.97218925,24.55692425,24.23815188
,,,,,,,,,,910.5,25.97218976,24.55692497,24.23815281
,,,,,,,,,,911,25.97219025,24.55692567,24.23815374
,,,,,,,,,,911.5,25.97219075,24.55692638,24.23815466
,,,,,,,,,,912,25.97219124,24.55692708,24.23815558
,,,,,,,,,,912.5,25.97219173,24.55692777,24.23815649
,,,,,,,,,,913,25.97219222,24.55692846,24.23815739
,,,,,,,,,,913.5,25.9721927,24.55692915,24.23815829
,,,,,,,,,,914,25.97219318,24.55692983,24.23815919
,,,,,,,,,,914.5,25.97219366,24.55693051,24.23816007
,,,,,,,,,,915,25.97219414,24.55693118,24.23816096
,,,,,,,,,,915.5,25.97219461,24.55693185,24.23816184
,,,,,,,,,,916,25.97219508,24.55693252,24.23816271
,,,,,,,,,,916.5,25.97219554,24.55693318,24.23816357
,,,,,,,,,,917,25.972196,24.55693384,24.23816444
,,,,,,,,,,917.5,25.97219646,24.55693449,24.23816529
,,,,,,,,,,918,25.97219692,24.55693514,24.23816614
,,,,,,,,,,918.5,25.97219738,24.55693579,24.23816699
,,,,,,,,,,919,25.97219783,24.55693643,24.23816783
,,,,,,,,,,919.5,25.97219828,24.55693707,24.23816866
,,,,,,,,,,920,25.97219872,24.5569377,24.23816949
,,,,,,,,,,920.5,25.97219917,24.55693833,24.23817032
,,,,,,,,,,921,25.97219961,24.55693895,24.23817114
,,,,,,,,,,921.5,25.97220005,24.55693958,24.23817195
,,,,,,,,,,922,25.97220048,24.55694019,24.23817276
,,,,,,,,,,922.5,25.97220091,24.55694081,24.23817357
,,,,,,,,,,923,25.97220134,24.55694142,24.23817437
,,,,,,,,,,923.5,25.97220177,24.55694203,24.23817516
,,,,,,,,,,924,25.9722022,24.55694263,24.23817595
,,,,,,,,,,924.5,25.97220262,24.55694323,24.23817674
,,,,,,,,,,925,25.97220304,24.55694382,24.23817752
,,,,,,,,,,925.5,25.97220345,24.55694442,24.23817829
,,,,,,,,,,926,25.97220387,24.556945,24.23817907
,,,,,,,,,,926.5,25.97220428,24.55694559,24.23817983
,,,,,,,,,,927,25.97220469,24.55694617,24.23818059
,,,,,,,,,,927.5,25.9722051,24.55694675,24.23818135
,,,,,,,,,,928,25.9722055,24.55694732,24.2381821
,,,,,,,,,,928.5,25.9722059,24.55694789,24.23818285
,,,,,,,,,,929,25.9722063,24.55694846,24.23818359
,,,,,,,,,,929.5,25.9722067,24.55694902,24.23818433
,,,,,,,,,,930,25.97220709,24.55694958,24.23818506
,,,,,,,,,,930.5,25.97220748,24.55695014,24.23818579
,,,,,,,,,,931,25.97220787,24.55695069,24.23818652
,,,,,,,,,,931.5,25.97220826,24.55695124,24.23818724
,,,,,,,,,,932,25.97220865,24.55695179,24.23818795
,,,,,,,,,,932.5,25.97220903,24.55695233,24.23818866
,,,,,,,,,,933,25.97220941,24.55695287,24.23818937
,,,,,,,,,,933.5,25.97220979,24.5569534,24.23819007
,,,,,,,,,,934,25.97221016,24.55695394,24.23819077
,,,,,,,,,,934.5,25.97221053,24.55695447,24.23819147
,,,,,,,,,,935,25.9722109,24.55695499,24.23819215
,,,,,,,,,,935.5,25.97221127,24.55695552,24.23819284
,,,,,,,,,,936,25.97221164,24.55695604,24.23819352
,,,,,,,,,,936.5,25.972212,24.55695655,24.2381942
,,,,,,,,,,937,25.97221236,24.55695707,24.23819487
,,,,,,,,,,937.5,25.97221272,24.55695758,24.23819554
,,,,,,,,,,938,25.97221308,24.55695808,24.2381962
,,,,,,,,,,938.5,25.97221344,24.55695859,24.23819686
,,,,,,,,,,939,25.97221379,24.55695909,24.23819752
,,,,,,,,,,939.5,25.97221414,24.55695959,24.23819817
,,,,,,,,,,940,25.97221449,24.55696008,24.23819882
,,,,,,,,,,940.5,25.97221483,24.55696057,24.23819947
,,,,,,,,,,941,25.97221518,24.55696106,24.23820011
,,,,,,,,,,941.5,25.97221552,24.55696155,24.23820074
,,,,,,,,,,942,25.97221586,24.55696203,24.23820138
,,,,,,,,,,942.5,25.9722162,24.55696251,24.238202
,,,,,,,,,,943,25.97221653,24.55696299,24.23820263
,,,,,,,,,,943.5,25.97221687,24.55696346,24.23820325
,,,,,,,,,,944,25.9722172,24.55696393,24.23820387
,,,,,,,,,,944.5,25.97221753,24.5569644,24.23820448
,,,,,,,,,,945,25.97221786,24.55696487,24.23820509
,,,,,,,,,,945.5,25.97221818,24.55696533,24.23820569
,,,,,,,,,,946,25.97221851,24.55696579,24.2382063
,,,,,,,,,,946.5,25.97221883,24.55696624,24.23820689
,,,,,,,,,,947,25.97221915,24.5569667,24.23820749
,,,,,,,,,,947.5,25.97221946,24.55696715,24.23820808
,,,,,,,,,,948,25.97221978,24.5569676,24.23820867
,,,,,,,,,,948.5,25.97222009,24.55696804,24.23820925
,,,,,,,,,,949,25.97222041,24.55696848,24.23820983
,,,,,,,,,,949.5,25.97222072,24.55696892,24.23821041
,,,,,,,,,,950,25.97222102,24.55696936,24.23821098
,,,,,,,,,,950.5,25.97222133,24.5569698,24.23821155
,,,,,,,,,,951,25.97222163,24.55697023,24.23821212
,,,,,,,,,,951.5,25.97222194,24.55697066,24.23821268
,,,,,,,,,,952,25.97222224,24.55697108,24.23821324
,,,,,,,,,,952.5,25.97222253,24.55697151,24.23821379
,,,,,,,,,,953,25.97222283,24.55697193,24.23821434
,,,,,,,,,,953.5,25.97222313,24.55697235,24.23821489
,,,,,,,,,,954,25.97222342,24.55697276,24.23821544
,,,,,,,,,,954.5,25.97222371,24.55697318,24.23821598
,,,,,,,,,,955,25.972224,24.55697359,24.23821652
,,,,,,,,,,955.5,25.97222429,24.556974,24.23821705
,,,,,,,,,,956,25.97222457,24.5569744,24.23821759
,,,,,,,,,,956.5,25.97222486,24.55697481,24.23821812
,,,,,,,,,,957,25.97222514,24.55697521,24.23821864
,,,,,,,,,,957.5,25.97222542,24.55697561,24.23821916
,,,,,,,,,,958,25.9722257,24.556976,24.23821968
,,,,,,,,,,958.5,25.97222598,24.5569764,24.2382202
,,,,,,,,,,959,25.97222625,24.55697679,24.23822071
,,,,,,,,,,959.5,25.97222653,24.55697718,24.23822122
,,,,,,,,,,960,25.9722268,24.55697756,24.23822173
,,,,,,,,,,960.5,25.97222707,24.55697795,24.23822223
,,,,,,,,,,961,25.97222734,24.55697833,24.23822273
,,,,,,,,,,961.5,25.97222761,24.55697871,24.23822323
,,,,,,,,,,962,25.97222787,24.55697908,24.23822372
,,,,,,,,,,962.5,25.97222813,24.55697946,24.23822421
,,,,,,,,,,963,25.9722284,24.55697983,24.2382247
,,,,,,,,,,963.5,25.97222866,24.5569802,24.23822518
,,,,,,,,,,964,25.97222892,24.55698057,24.23822567
,,,,,,,,,,964.5,25.97222917,24.55698094,24.23822614
,,,,,,,,,,965,25.97222943,24.5569813,24.23822662
,,,,,,,,,,965.5,25.97222968,24.55698166,24.23822709
,,,,,,,,,,966,25.97222994,24.55698202,24.23822756
,,,,,,,,,,966.5,25.97223019,24.55698238,24.23822803
,,,,,,,,,,967,25.97223044,24.55698273,24.2382285
,,,,,,,,,,967.5,25.97223069,24.55698308,24.23822896
,,,,,,,,,,968,25.97223093,24.55698343,24.23822942
,,,,,,,,,,968.5,25.97223118,24.55698378,24.23822987
,,,,,,,,,,969,25.97223142,24.55698413,24.23823032
,,,,,,,,,,969.5,25.97223166,24.55698447,24.23823077
,,,,,,,,,,970,25.9722319,24.55698481,24.23823122
,,,,,,,,,,970.5,25.97223214,24.55698515,24.23823167
,,,,,,,,,,971,25.97223238,24.55698549,24.23823211
,,,,,,,,,,971.5,25.97223262,24.55698582,24.23823255
,,,,,,,,,,972,25.97223285,24.55698616,24.23823298
,,,,,,,,,,972.5,25.97223308,24.55698649,24.23823342
,,,,,,,,,,973,25.97223332,24.55698682,24.23823385
,,,,,,,,,,973.5,25.97223355,24.55698714,24.23823428
,,,,,,,,,,974,25.97223377,24.55698747,24.2382347
,,,,,,,,,,974.5,25.972234,24.55698779,24.23823513
,,,,,,,,,,975,25.97223423,24.55698811,24.23823555
,,,,,,,,,,975.5,25.97223445,24.55698843,24.23823597
,,,,,,,,,,976,25.97223468,24.55698875,24.23823638
,,,,,,,,,,976.5,25.9722349,24.55698906,24.23823679
,,,,,,,,,,977,25.97223512,24.55698938,24.2382372
,,,,,,,,,,977.5,25.97223534,24.55698969,24.23823761
,,,,,,,,,,978,25.97223556,24.55699,24.23823802
,,,,,,,,,,978.5,25.97223577,24.5569903,24.23823842
,,,,,,,,,,979,25.97223599,24.55699061,24.23823882
,,,,,,,,,,979.5,25.9722362,24.55699091,24.23823922
,,,,,,,,,,980,25.97223641,24.55699122,24.23823961
,,,,,,,,,,980.5,25.97223663,24.55699152,24.23824001
,,,,,,,,,,981,25.97223684,24.55699181,24.2382404
,,,,,,,,,,981.5,25.97223704,24.55699211,24.23824079
,,,,,,,,,,982,25.97223725,24.5569924,24.23824117
,,,,,,,,,,982.5,25.97223746,24.5569927,24.23824156
,,,,,,,,,,983,25.97223766,24.55699299,24.23824194
,,,,,,,,,,983.5,25.97223787,24.55699328,24.23824232
,,,,,,,,,,984,25.97223807,24.55699356,24.23824269
,,,,,,,,,,984.5,25.97223827,24.55699385,24.23824307
,,,,,,,,,,985,25.97223847,24.55699413,24.23824344
,,,,,,,,,,985.5,25.97223867,24.55699441,24.23824381
,,,,,,,,,,986,25.97223886,24.5569947,24.23824417
,,,,,,,,,,986.5,25.97223906,24.55699497,24.23824454
,,,,,,,,,,987,25.97223926,24.55699525,24.2382449
,,,,,,,,,,987.5,25.97223945,24.55699553,24.23824526
,,,,,,,,,,988,25.97223964,24.5569958,24.23824562
,,,,,,,,,,988.5,25.97223983,24.55699607,24.23824598
,,,,,,,,,,989,25.97224002,24.55699634,24.23824633
,,,,,,,,,,989.5,25.97224021,24.55699661,24.23824668
,,,,,,,,,,990,25.9722404,24.55699688,24.23824703
,,,,,,,,,,990.5,25.97224059,24.55699714,24.23824738
,,,,,,,,,,991,25.97224077,24.5569974,24.23824772
,,,,,,,,,,991.5,25.97224096,24.55699767,24.23824807
,,,,,,,,,,992,25.97224114,24.55699793,24.23824841
,,,,,,,,,,992.5,25.97224132,24.55699818,24.23824875
,,,,,,,,,,993,25.9722415,24.55699844,24.23824908
,,,,,,,,,,993.5,25.97224168,24.5569987,24.23824942
,,,,,,,,,,994,25.97224186,24.55699895,24.23824975
,,,,,,,,,,994.5,25.97224204,24.5569992,24.23825008
,,,,,,,,,,995,25.97224222,24.55699945,24.23825041
,,,,,,,,,,995.5,25.97224239,24.5569997,24.23825074
,,,,,,,,,,996,25.97224257,24.55699995,24.23825106
,,,,,,,,,,996.5,25.97224274,24.5570002,24.23825138
,,,,,,,,,,997,25.97224291,24.55700044,24.2382517
,,,,,,,,,,997.5,25.97224308,24.55700068,24.23825202
,,,,,,,,,,998,25.97224325,24.55700093,24.23825234
,,,,,,,,,,998.5,25.97224342,24.55700117,24.23825265
,,,,,,,,,,999,25.97224359,24.5570014,24.23825297
,,,,,,,,,,999.5,25.97224376,24.55700164,24.23825328
,,,,,,,,,,1000,25.97224392,24.55700188,24.23825358
,,,,,,,,,,1000.5,25.97224409,24.55700211,24.23825389
,,,,,,,,,,1001,25.97224425,24.55700234,24.2382542
,,,,,,,,,,1001.5,25.97224442,24.55700258,24.2382545
,,,,,,,,,,1002,25.97224458,24.55700281,24.2382548
,,,,,,,,,,1002.5,25.97224474,24.55700303,24.2382551
,,,,,,,,,,1003,25.9722449,24.55700326,24.2382554
,,,,,,,,,,1003.5,25.97224506,24.55700349,24.23825569
,,,,,,,,,,1004,25.97224521,24.55700371,24.23825599
,,,,,,,,,,1004.5,25.97224537,24.55700393,24.23825628
,,,,,,,,,,1005,25.97224553,24.55700416,24.23825657
,,,,,,,,,,1005.5,25.97224568,24.55700438,24.23825686
,,,,,,,,,,1006,25.97224584,24.5570046,24.23825715
,,,,,,,,,,1006.5,25.97224599,24.55700481,24.23825743
,,,,,,,,,,1007,25.97224614,24.55700503,24.23825771
,,,,,,,,,,1007.5,25.97224629,24.55700524,24.238258
,,,,,,,,,,1008,25.97224644,24.55700546,24.23825828
,,,,,,,,,,1008.5,25.97224659,24.55700567,24.23825855
,,,,,,,,,,1009,25.97224674,24.55700588,24.23825883
,,,,,,,,,,1009.5,25.97224689,24.55700609,24.2382591
,,,,,,,,,,1010,25.97224704,24.5570063,24.23825938
,,,,,,,,,,1010.5,25.97224718,24.55700651,24.23825965
,,,,,,,,,,1011,25.97224733,24.55700671,24.23825992
,,,,,,,,,,1011.5,25.97224747,24.55700692,24.23826019
,,,,,,,,,,1012,25.97224761,24.55700712,24.23826045
,,,,,,,,,,1012.5,25.97224776,24.55700732,24.23826072
,,,,,,,,,,1013,25.9722479,24.55700752,24.23826098
,,,,,,,,,,1013.5,25.97224804,24.55700772,24.23826124
,,,,,,,,,,1014,25.97224818,24.55700792,24.2382615
,,,,,,,,,,1014.5,25.97224832,24.55700812,24.23826176
,,,,,,,,,,1015,25.97224845,24.55700831,24.23826202
,,,,,,,,,,1015.5,25.97224859,24.55700851,24.23826227
,,,,,,,,,,1016,25.97224873,24.5570087,24.23826252
,,,,,,,,,,1016.5,25.97224886,24.55700889,24.23826278
,,,,,,,,,,1017,25.972249,24.55700908,24.23826303
,,,,,,,,,,1017.5,25.97224913,24.55700927,24.23826327
,,,,,,,,,,1018,25.97224926,24.55700946,24.23826352
,,,,,,,,,,1018.5,25.9722494,24.55700965,24.23826377
,,,,,,,,,,1019,25.97224953,24.55700984,24.23826401
,,,,,,,,,,1019.5,25.97224966,24.55701002,24.23826425
,,,,,,,,,,1020,25.97224979,24.5570102,24.2382645
,,,,,,,,,,1020.5,25.97224992,24.55701039,24.23826474
,,,,,,,,,,1021,25.97225004,24.55701057,24.23826497
,,,,,,,,,,1021.5,25.97225017,24.55701075,24.23826521
,,,,,,,,,,1022,25.9722503,24.55701093,24.23826545
,,,,,,,,,,1022.5,25.97225042,24.55701111,24.23826568
,,,,,,,,,,1023,25.97225055,24.55701129,24.23826591
,,,,,,,,,,1023.5,25.97225067,24.55701146,24.23826614
,,,,,,,,,,1024,25.9722508,24.55701164,24.23826637
,,,,,,,,,,1024.5,25.97225092,24.55701181,24.2382666
,,,,,,,,,,1025,25.97225104,24.55701198,24.23826683
,,,,,,,,,,1025.5,25.97225116,24.55701216,24.23826705
,,,,,,,,,,1026,25.97225128,24.55701233,24.23826728
,,,,,,,,,,1026.5,25.9722514,24.5570125,24.2382675
,,,,,,,,,,1027,25.97225152,24.55701267,24.23826772
,,,,,,,,,,1027.5,25.97225164,24.55701283,24.23826794
,,,,,,,,,,1028,25.97225176,24.557013,24.23826816
,,,,,,,,,,1028.5,25.97225187,24.55701317,24.23826838
,,,,,,,,,,1029,25.97225199,24.55701333,24.23826859
