Temps (s),Consigne (°C),Erreur (°C),Thermistance 1 - T1 (°C),Thermistance 2 - T2 (°C),Thermistance 3 - T3 (°C),T4',Thermistance 3 estimée - T3_moy (°C),Commande (PWM),Voltage T1 (V),Voltage T2 (V),Voltage T3 (V)
1.3169331550598145,30,0.0,15.81,15.4,16.03,,16.03,30.0,0.86,0.41,0.6
1.678433895111084,30,0.0,15.81,15.43,16.03,,16.03,30.0,0.86,0.41,0.6
2.0354130268096924,30,0.0,15.85,15.43,16.03,,16.03,30.0,0.87,0.41,0.59
2.530820608139038,30,0.0,15.9,15.47,15.99,,15.99,30.0,0.87,0.42,0.59
3.029841661453247,30,0.0,16.03,15.5,15.95,,15.95,30.0,0.88,0.42,0.59
3.532156229019165,30,0.0,16.21,15.5,15.95,,15.95,30.0,0.9,0.42,0.59
4.045127630233765,30,0.0,16.39,15.54,15.95,,15.95,30.0,0.92,0.43,0.58
4.545875310897827,30,0.0,16.62,15.58,15.92,,15.92,30.0,0.95,0.43,0.58
5.044310569763184,30,0.0,16.88,15.61,15.92,,15.92,30.0,0.98,0.43,0.58
5.541706323623657,30,0.0,17.11,15.61,15.88,,15.88,30.0,1.0,0.43,0.58
6.042404651641846,30,0.0,17.33,15.65,15.88,,15.88,30.0,1.03,0.44,0.58
6.540247440338135,30,0.0,17.6,15.68,15.88,,15.88,30.0,1.06,0.44,0.58
7.039993047714233,30,0.0,17.82,15.72,15.84,,15.84,30.0,1.08,0.45,0.57
7.555572032928467,30,0.0,18.05,15.76,15.84,,15.84,30.0,1.1,0.45,0.57
8.054962396621704,30,0.0,18.32,15.79,15.84,,15.84,30.0,1.13,0.46,0.57
8.554093360900879,30,0.0,18.5,15.83,15.84,,15.84,30.0,1.16,0.46,0.58
9.053755521774292,30,0.0,18.72,15.86,15.84,,15.84,30.0,1.18,0.47,0.57
9.552421808242798,30,0.0,18.94,15.94,15.84,,15.84,30.0,1.2,0.48,0.57
10.049176454544067,30,0.0,19.17,15.97,15.84,,15.84,30.0,1.22,0.49,0.57
10.551175594329834,30,0.0,19.35,16.04,15.84,,15.84,30.0,1.25,0.49,0.57
11.065449476242065,30,0.0,19.52,16.08,15.88,,15.88,30.0,1.27,0.5,0.57
11.56216812133789,30,0.0,19.75,16.15,15.84,,15.84,30.0,1.29,0.51,0.58
12.061564207077026,30,0.0,19.93,16.19,15.88,,15.88,30.0,1.3,0.51,0.58
12.561205625534058,30,0.0,20.11,16.26,15.88,,15.88,30.0,1.32,0.52,0.58
13.060343503952026,30,0.0,20.24,16.29,15.88,,15.88,30.0,1.34,0.53,0.58
13.561131954193115,30,0.0,20.42,16.36,15.88,,15.88,30.0,1.36,0.54,0.58
14.06075930595398,30,0.0,20.6,16.44,15.92,,15.92,30.0,1.38,0.55,0.58
14.574315547943115,30,0.0,20.73,16.51,15.92,,15.92,30.0,1.4,0.56,0.58
15.072534322738647,30,0.0,20.91,16.58,15.92,,15.92,30.0,1.42,0.56,0.58
15.571971893310547,30,0.0,21.05,16.61,15.95,,15.95,30.0,1.43,0.57,0.59
16.06857419013977,30,0.0,21.22,16.68,15.95,,15.95,30.0,1.45,0.58,0.59
16.567022562026978,30,0.0,21.36,16.76,15.99,,15.99,30.0,1.47,0.59,0.59
17.076579809188843,30,0.0,21.49,16.83,15.99,,15.99,30.0,1.49,0.6,0.59
17.576048612594604,30,0.0,21.67,16.9,16.03,,16.03,30.0,1.5,0.61,0.6
18.076021671295166,30,0.0,21.81,16.97,16.03,,16.03,30.0,1.52,0.62,0.6
18.57595157623291,30,0.0,21.94,17.04,16.07,,16.07,30.0,1.53,0.63,0.6
19.074671745300293,30,0.0,22.08,17.11,16.11,,16.11,30.0,1.54,0.64,0.6
19.587233781814575,30,0.0,22.21,17.18,16.11,,16.11,30.0,1.56,0.65,0.61
20.08847451210022,30,0.0,22.34,17.25,16.14,,16.14,30.0,1.57,0.66,0.61
20.590095043182373,30,0.0,22.48,17.32,16.18,,16.18,30.0,1.59,0.67,0.61
21.08936047554016,30,0.0,22.57,17.39,16.18,,16.18,30.0,1.6,0.68,0.62
21.590909242630005,30,0.0,22.7,17.46,16.26,,16.26,30.0,1.61,0.69,0.63
22.08909249305725,30,0.0,22.84,17.53,16.26,,16.26,30.0,1.63,0.7,0.63
22.587393760681152,30,0.0,22.97,17.6,16.3,,16.3,30.0,1.64,0.71,0.63
23.08617067337036,30,0.0,23.06,17.7,16.33,,16.33,30.0,1.65,0.72,0.64
23.585307121276855,30,0.0,23.19,17.77,16.37,,16.37,30.0,1.67,0.73,0.64
24.09857487678528,30,0.0,23.28,17.84,16.37,,16.37,30.0,1.68,0.74,0.64
24.597967863082886,30,0.0,23.42,17.91,16.41,,16.41,30.0,1.69,0.75,0.65
25.09964632987976,30,0.0,23.51,17.98,16.45,,16.45,30.0,1.7,0.76,0.65
25.596759796142578,30,0.0,23.64,18.05,16.49,,16.49,30.0,1.72,0.77,0.65
26.094242334365845,30,0.0,23.73,18.16,16.52,,16.52,30.0,1.73,0.78,0.66
26.607609510421753,30,0.0,23.87,18.19,16.56,,16.56,30.0,1.74,0.79,0.66
27.107075691223145,30,0.0,23.95,18.26,16.6,,16.6,30.0,1.75,0.8,0.67
27.605782747268677,30,0.0,24.04,18.33,16.64,,16.64,30.0,1.76,0.81,0.67
28.10475754737854,30,0.0,24.18,18.4,16.67,,16.67,30.0,1.77,0.83,0.68
28.60499405860901,30,0.0,24.27,18.5,16.71,,16.71,30.0,1.78,0.83,0.68
29.10435700416565,30,0.0,24.36,18.57,16.75,,16.75,30.0,1.79,0.85,0.69
29.6014621257782,30,0.0,24.45,18.64,16.79,,16.79,30.0,1.8,0.86,0.69
30.117315769195557,30,0.0,24.54,18.71,16.82,,16.82,30.0,1.82,0.87,0.7
30.613946199417114,30,0.0,24.67,18.78,16.9,,16.9,30.0,1.83,0.87,0.7
31.110707998275757,30,0.0,24.76,18.85,16.94,,16.94,30.0,1.84,0.88,0.71
31.614208221435547,30,0.0,24.85,18.92,16.98,,16.98,30.0,1.85,0.89,0.72
32.11188364028931,30,0.0,24.94,18.99,17.01,,17.01,30.0,1.86,0.9,0.72
32.611138582229614,30,0.0,25.03,19.06,17.05,,17.05,30.0,1.87,0.91,0.73
33.11030840873718,30,0.0,25.12,19.12,17.09,,17.09,30.0,1.88,0.92,0.73
33.62291598320007,30,0.0,25.21,19.19,17.16,,17.16,30.0,1.89,0.93,0.74
34.121705293655396,30,0.0,25.3,19.26,17.2,,17.2,30.0,1.9,0.94,0.75
34.622042655944824,30,0.0,25.39,19.33,17.24,,17.24,30.0,1.91,0.95,0.75
35.12121844291687,30,0.0,25.48,19.4,17.28,,17.28,30.0,1.92,0.96,0.76
35.621323108673096,30,0.0,25.57,19.47,17.35,,17.35,30.0,1.93,0.97,0.77
36.118794441223145,30,0.0,25.66,19.54,17.39,,17.39,30.0,1.94,0.98,0.77
36.63313865661621,30,0.0,25.74,19.6,17.46,,17.46,30.0,1.95,0.99,0.78
37.13272452354431,30,0.0,25.83,19.67,17.5,,17.5,30.0,1.96,1.0,0.79
37.634138107299805,30,0.0,25.88,19.74,17.54,,17.54,30.0,1.96,1.01,0.79
38.13651514053345,30,0.0,25.97,19.81,17.57,,17.57,30.0,1.97,1.02,0.8
38.638508319854736,30,0.0,26.06,19.88,17.65,,17.65,30.0,1.98,1.03,0.81
39.136895179748535,30,0.0,26.15,19.94,17.69,,17.69,30.0,1.99,1.04,0.81
39.63657259941101,30,0.0,26.24,20.01,17.76,,17.76,30.0,2.0,1.05,0.82
40.13593244552612,30,0.0,26.33,20.08,17.8,,17.8,30.0,2.0,1.06,0.83
40.6349675655365,30,0.0,26.37,20.15,17.83,,17.83,30.0,2.01,1.07,0.83
41.136197090148926,30,0.0,26.46,20.22,17.91,,17.91,30.0,2.02,1.08,0.84
41.63402438163757,30,0.0,26.55,20.28,17.95,,17.95,30.0,2.03,1.09,0.85
42.133761405944824,30,0.0,26.6,20.35,18.02,,18.02,30.0,2.04,1.1,0.86
42.64990592002869,30,0.0,26.68,20.39,18.06,,18.06,30.0,2.05,1.11,0.86
43.15066361427307,30,0.0,26.73,20.49,18.09,,18.09,30.0,2.05,1.12,0.87
43.65004777908325,30,0.0,26.82,20.55,18.17,,18.17,30.0,2.06,1.13,0.87
44.148486614227295,30,0.0,26.91,20.59,18.21,,18.21,30.0,2.07,1.13,0.88
44.64861750602722,30,0.0,26.95,20.66,18.28,,18.28,30.0,2.08,1.14,0.89
45.146822929382324,30,0.0,27.04,20.72,18.32,,18.32,30.0,2.09,1.15,0.89
45.6461226940155,30,0.0,27.13,20.79,18.39,,18.39,30.0,2.1,1.16,0.9
46.14900016784668,30,0.0,27.18,20.86,18.43,,18.43,30.0,2.1,1.17,0.91
46.64674520492554,30,0.0,27.27,20.93,18.5,,18.5,30.0,2.11,1.18,0.92
47.162444829940796,30,0.0,27.31,20.99,18.54,,18.54,30.0,2.12,1.19,0.92
47.65995931625366,30,0.0,27.4,21.03,18.61,,18.61,30.0,2.13,1.2,0.93
48.15500211715698,30,0.0,27.45,21.09,18.65,,18.65,30.0,2.13,1.21,0.94
48.655784368515015,30,0.0,27.53,21.16,18.72,,18.72,30.0,2.14,1.22,0.95
49.15657877922058,30,0.0,27.58,21.23,18.8,,18.8,30.0,2.15,1.23,0.95
49.66684675216675,30,0.0,27.67,21.29,18.83,,18.83,30.0,2.16,1.24,0.96
50.177051067352295,30,0.0,27.71,21.36,18.87,,18.87,30.0,2.16,1.25,0.97
50.668363094329834,30,0.0,27.76,21.43,18.94,,18.94,30.0,2.17,1.26,0.98
51.16718769073486,30,0.0,27.85,21.46,18.98,,18.98,30.0,2.17,1.26,0.98
51.66885185241699,30,0.0,27.89,21.53,19.05,,19.05,30.0,2.18,1.27,0.99
52.167381048202515,30,0.0,27.98,21.6,19.13,,19.13,30.0,2.18,1.28,1.0
52.66791868209839,30,0.0,28.03,21.66,19.16,,19.16,30.0,2.19,1.29,1.01
53.16707110404968,30,0.0,28.07,21.73,19.24,,19.24,30.0,2.2,1.3,1.02
53.66608905792236,30,0.0,28.16,21.76,19.27,,19.27,30.0,2.21,1.31,1.02
54.18030047416687,30,0.0,28.21,21.83,19.35,,19.35,30.0,2.21,1.31,1.03
54.67889094352722,30,0.0,28.25,21.9,19.38,,19.38,30.0,2.22,1.32,1.04
55.17833495140076,30,0.0,28.34,21.96,19.46,,19.46,30.0,2.23,1.33,1.05
55.6744110584259,30,0.0,28.39,22.0,19.49,,19.49,30.0,2.23,1.34,1.05
56.172542572021484,30,0.0,28.43,22.1,19.57,,19.57,30.0,2.24,1.35,1.06
56.68448615074158,30,0.0,28.52,22.13,19.6,,19.6,30.0,2.25,1.36,1.07
57.18044114112854,30,0.0,28.56,22.2,19.68,,19.68,30.0,2.25,1.37,1.08
57.675432443618774,30,0.0,28.61,22.23,19.71,,19.71,30.0,2.26,1.38,1.08
58.18382906913757,30,0.0,28.65,22.3,19.79,,19.79,30.0,2.26,1.38,1.09
58.682231426239014,30,0.0,28.74,22.36,19.86,,19.86,30.0,2.27,1.39,1.09
59.18319082260132,30,0.0,28.79,22.43,19.89,,19.89,30.0,2.28,1.4,1.1
59.68318700790405,30,0.0,28.83,22.46,19.97,,19.97,30.0,2.28,1.41,1.11
60.197179079055786,30,0.0,28.92,22.53,20.0,,20.0,30.0,2.29,1.42,1.12
60.69367790222168,30,0.0,28.97,22.59,20.08,,20.08,30.0,2.3,1.43,1.13
61.19227623939514,30,0.0,29.01,22.63,20.11,,20.11,30.0,2.3,1.43,1.13
61.691139459609985,30,0.0,29.06,22.69,20.19,,20.19,30.0,2.31,1.44,1.14
62.193734645843506,30,0.0,29.1,22.76,20.26,,20.26,30.0,2.31,1.45,1.15
62.69480061531067,30,0.0,29.19,22.83,20.29,,20.29,30.0,2.32,1.46,1.16
63.190202951431274,30,0.0,29.24,22.86,20.37,,20.37,30.0,2.33,1.47,1.17
63.70466756820679,30,0.0,29.28,22.93,20.4,,20.4,30.0,2.33,1.48,1.17
64.20478510856628,30,0.0,29.33,22.99,20.48,,20.48,30.0,2.34,1.49,1.18
64.7002546787262,30,0.0,29.37,23.02,20.55,,20.55,30.0,2.34,1.49,1.19
65.20310139656067,30,0.0,29.41,23.09,20.58,,20.58,30.0,2.35,1.5,1.2
65.69874167442322,30,0.0,29.5,23.12,20.62,,20.62,30.0,2.35,1.51,1.2
66.1993248462677,30,0.0,29.55,23.19,20.69,,20.69,30.0,2.36,1.52,1.21
66.71123027801514,30,0.0,29.59,23.26,20.76,,20.76,30.0,2.37,1.52,1.22
67.21011233329773,30,0.0,29.64,23.29,20.8,,20.8,30.0,2.37,1.53,1.23
67.70767498016357,30,0.0,29.68,23.35,20.87,,20.87,30.0,2.38,1.54,1.24
68.20666003227234,30,0.0,29.73,23.42,20.91,,20.91,30.0,2.38,1.55,1.24
68.70675992965698,30,0.0,29.77,23.45,20.98,,20.98,30.0,2.39,1.55,1.25
69.20680212974548,30,0.0,29.82,23.52,21.02,,21.02,30.0,2.39,1.56,1.26
69.72099661827087,30,0.0,29.86,23.55,21.09,,21.09,30.0,2.4,1.57,1.27
70.21913003921509,30,0.0,29.95,23.62,21.13,,21.13,30.0,2.4,1.58,1.27
70.71584057807922,30,0.0,30.0,23.68,21.2,,21.2,30.0,2.41,1.59,1.28
71.2134096622467,30,0.0,30.04,23.72,21.27,,21.27,30.0,2.41,1.59,1.29
71.71694540977478,30,0.0,30.09,23.78,21.31,,21.31,30.0,2.42,1.6,1.3
72.21366500854492,30,0.0,30.13,23.85,21.34,,21.34,30.0,2.42,1.61,1.3
72.71567511558533,30,0.0,30.18,23.88,21.41,,21.41,30.0,2.43,1.62,1.31
73.23199462890625,30,0.0,30.22,23.91,21.49,,21.49,30.0,2.43,1.63,1.32
73.72851657867432,30,0.0,30.26,23.98,21.52,,21.52,30.0,2.44,1.63,1.32
74.22964715957642,30,0.0,30.31,24.04,21.56,,21.56,30.0,2.44,1.64,1.33
74.73203945159912,30,0.0,30.35,24.08,21.63,,21.63,30.0,2.45,1.65,1.34
75.22996091842651,30,0.0,30.4,24.14,21.66,,21.66,30.0,2.45,1.66,1.35
75.72798371315002,30,0.0,30.44,24.18,21.74,,21.74,30.0,2.46,1.66,1.35
76.22523999214172,30,0.0,30.49,24.21,21.81,,21.81,30.0,2.46,1.67,1.36
76.73744606971741,30,0.0,30.53,24.27,21.84,,21.84,30.0,2.47,1.68,1.37
77.23308396339417,30,0.0,30.58,24.34,21.88,,21.88,30.0,2.47,1.69,1.37
77.73109078407288,30,0.0,30.62,24.37,21.95,,21.95,30.0,2.48,1.69,1.38
78.2325975894928,30,0.0,30.67,24.4,21.99,,21.99,30.0,2.48,1.7,1.39
78.73438549041748,30,0.0,30.71,24.47,22.06,,22.06,30.0,2.49,1.71,1.4
79.23488473892212,30,0.0,30.76,24.5,22.13,,22.13,30.0,2.49,1.71,1.41
79.74720931053162,30,0.0,30.85,24.57,22.17,,22.17,30.0,2.5,1.72,1.41
80.24594306945801,30,0.0,30.85,24.6,22.2,,22.2,30.0,2.51,1.73,1.42
80.74252557754517,30,0.0,30.94,24.67,22.27,,22.27,30.0,2.51,1.74,1.43
81.24267077445984,30,0.0,30.94,24.7,22.31,,22.31,30.0,2.52,1.74,1.43
81.7462866306305,30,0.0,31.03,24.76,22.38,,22.38,30.0,2.52,1.75,1.44
82.246502161026,30,0.0,31.03,24.8,22.42,,22.42,30.0,2.52,1.75,1.45
82.748037815094,30,0.0,31.07,24.86,22.45,,22.45,30.0,2.53,1.76,1.46
83.25307106971741,30,0.0,31.12,24.89,22.52,,22.52,30.0,2.53,1.77,1.46
83.74734115600586,30,0.0,31.16,24.93,22.56,,22.56,30.0,2.54,1.77,1.47
84.24632859230042,30,0.0,31.2,24.99,22.63,,22.63,30.0,2.54,1.78,1.48
84.76130962371826,30,0.0,31.25,25.03,22.66,,22.66,30.0,2.55,1.79,1.48
85.26131415367126,30,0.0,31.29,25.09,22.7,,22.7,30.0,2.55,1.8,1.49
85.75556874275208,30,0.0,31.34,25.12,22.77,,22.77,30.0,2.56,1.8,1.5
86.25860118865967,30,0.0,31.38,25.19,22.81,,22.81,30.0,2.56,1.81,1.5
86.75826334953308,30,0.0,31.43,25.22,22.88,,22.88,30.0,2.57,1.82,1.51
87.25653004646301,30,0.0,31.47,25.25,22.91,,22.91,30.0,2.57,1.82,1.52
87.75582361221313,30,0.0,31.52,25.29,22.95,,22.95,30.0,2.58,1.83,1.52
88.27143025398254,30,0.0,31.56,25.35,23.02,,23.02,30.0,2.58,1.84,1.53
88.75891876220703,30,0.0,31.61,25.38,23.06,,23.06,30.0,2.59,1.84,1.53
89.2599573135376,30,0.0,31.65,25.42,23.13,,23.13,30.0,2.59,1.85,1.54
89.77214503288269,30,0.0,31.7,25.48,23.16,,23.16,30.0,2.6,1.86,1.55
90.27287936210632,30,0.0,31.74,25.51,23.2,,23.2,30.0,2.6,1.86,1.55
90.77152967453003,30,0.0,31.79,25.55,23.27,,23.27,30.0,2.6,1.87,1.56
91.26988863945007,30,0.0,31.79,25.61,23.3,,23.3,30.0,2.61,1.88,1.57
91.77067136764526,30,0.0,31.83,25.64,23.34,,23.34,30.0,2.61,1.88,1.57
92.2688558101654,30,0.0,31.88,25.71,23.41,,23.41,30.0,2.61,1.89,1.58
92.7831060886383,30,0.0,31.92,25.74,23.45,,23.45,30.0,2.62,1.9,1.59
93.2782666683197,30,0.0,31.97,25.81,23.52,,23.52,30.0,2.62,1.9,1.6
93.77382469177246,30,0.0,32.01,25.84,23.55,,23.55,30.0,2.63,1.91,1.6
94.27717399597168,30,0.0,32.01,25.87,23.59,,23.59,30.0,2.63,1.92,1.61
94.77458000183105,30,0.0,32.05,25.9,23.66,,23.66,30.0,2.63,1.93,1.62
95.27523374557495,30,0.0,32.1,25.97,23.69,,23.69,30.0,2.64,1.93,1.62
95.78632187843323,30,0.0,32.14,26.0,23.73,,23.73,30.0,2.64,1.94,1.63
96.284099817276,30,0.0,32.19,26.03,23.8,,23.8,30.0,2.65,1.94,1.64
96.78047156333923,30,0.0,32.19,26.1,23.83,,23.83,30.0,2.65,1.95,1.64
97.2845561504364,30,0.0,32.23,26.13,23.87,,23.87,30.0,2.66,1.96,1.65
97.78203630447388,30,0.0,32.28,26.16,23.94,,23.94,30.0,2.66,1.96,1.66
98.29523777961731,30,0.0,32.32,26.23,23.98,,23.98,30.0,2.66,1.97,1.66
98.79625606536865,30,0.0,32.37,26.26,24.01,,24.01,30.0,2.67,1.97,1.67
99.29687142372131,30,0.0,32.41,26.29,24.08,,24.08,30.0,2.67,1.98,1.67
99.79633712768555,30,0.0,32.46,26.36,24.12,,24.12,30.0,2.68,1.98,1.68
100.29594731330872,30,0.0,32.46,26.39,24.15,,24.15,30.0,2.68,1.99,1.69
100.79336929321289,30,0.0,32.5,26.42,24.19,,24.19,30.0,2.68,2.0,1.69
101.29166173934937,30,0.0,32.55,26.45,24.26,,24.26,30.0,2.69,2.0,1.7
101.80543208122253,30,0.0,32.59,26.52,24.29,,24.29,30.0,2.69,2.01,1.71
102.30674457550049,30,0.0,32.64,26.55,24.33,,24.33,30.0,2.7,2.02,1.71
102.80484628677368,30,0.0,32.64,26.58,24.4,,24.4,30.0,2.7,2.02,1.72
103.30501651763916,30,0.0,32.68,26.61,24.43,,24.43,30.0,2.7,2.03,1.73
103.80780506134033,30,0.0,32.73,26.65,24.47,,24.47,30.0,2.71,2.03,1.73
104.30923056602478,30,0.0,32.77,26.71,24.5,,24.5,30.0,2.71,2.04,1.74
104.80772089958191,30,0.0,32.82,26.74,24.57,,24.57,30.0,2.72,2.05,1.74
105.30762124061584,30,0.0,32.82,26.78,24.61,,24.61,30.0,2.72,2.05,1.75
105.80430793762207,30,0.0,32.86,26.81,24.64,,24.64,30.0,2.72,2.06,1.75
106.31667280197144,30,0.0,32.91,26.84,24.68,,24.68,30.0,2.73,2.07,1.76
106.81529664993286,30,0.0,32.95,26.91,24.75,,24.75,30.0,2.73,2.07,1.77
107.31115102767944,30,0.0,32.95,26.94,24.78,,24.78,30.0,2.74,2.08,1.77
107.80963683128357,30,0.0,32.99,26.97,24.82,,24.82,30.0,2.74,2.08,1.78
108.3242256641388,30,0.0,33.04,27.03,24.85,,24.85,30.0,2.74,2.09,1.78
108.82122611999512,30,0.0,33.08,27.07,24.93,,24.93,30.0,2.75,2.1,1.79
109.32019591331482,30,0.0,33.08,27.1,24.96,,24.96,30.0,2.75,2.1,1.8
109.81882834434509,30,0.0,33.13,27.13,25.0,,25.0,30.0,2.75,2.11,1.8
110.31575274467468,30,0.0,33.17,27.2,25.03,,25.03,30.0,2.76,2.12,1.81
110.82714629173279,30,0.0,33.22,27.23,25.07,,25.07,30.0,2.76,2.12,1.82
111.32369112968445,30,0.0,33.22,27.26,25.14,,25.14,30.0,2.76,2.13,1.82
111.82564783096313,30,0.0,33.26,27.29,25.17,,25.17,30.0,2.77,2.13,1.83
112.32353806495667,30,0.0,33.31,27.32,25.21,,25.21,30.0,2.77,2.14,1.83
112.82511687278748,30,0.0,33.35,27.39,25.24,,25.24,30.0,2.78,2.14,1.84
113.32574772834778,30,0.0,33.35,27.42,25.31,,25.31,30.0,2.78,2.15,1.85
113.82820510864258,30,0.0,33.4,27.45,25.35,,25.35,30.0,2.78,2.16,1.85
114.34034609794617,30,0.0,33.44,27.49,25.38,,25.38,30.0,2.79,2.16,1.86
114.8403389453888,30,0.0,33.44,27.52,25.42,,25.42,30.0,2.79,2.17,1.86
115.33838105201721,30,0.0,33.49,27.55,25.45,,25.45,30.0,2.79,2.17,1.87
115.839195728302,30,0.0,33.53,27.58,25.49,,25.49,30.0,2.8,2.17,1.87
116.33681416511536,30,0.0,33.53,27.65,25.56,,25.56,30.0,2.8,2.18,1.88
116.83695101737976,30,0.0,33.58,27.68,25.59,,25.59,30.0,2.8,2.19,1.89
117.33670043945312,30,0.0,33.62,27.71,25.63,,25.63,30.0,2.81,2.19,1.89
117.83674812316895,30,0.0,33.62,27.74,25.66,,25.66,30.0,2.81,2.2,1.9
118.35025978088379,30,0.0,33.67,27.78,25.7,,25.7,30.0,2.81,2.2,1.9
118.84730100631714,30,0.0,33.71,27.81,25.77,,25.77,30.0,2.82,2.21,1.91
119.34689998626709,30,0.0,33.71,27.84,25.8,,25.8,30.0,2.82,2.21,1.92
119.85103678703308,30,0.0,33.76,27.87,25.84,,25.84,30.0,2.82,2.22,1.92
120.35429859161377,30,0.0,33.8,27.94,25.87,,25.87,30.0,2.83,2.22,1.93
120.85217094421387,30,0.0,33.84,27.97,25.91,,25.91,30.0,2.83,2.23,1.93
121.35089445114136,30,0.0,33.84,28.0,25.98,,25.98,30.0,2.83,2.24,1.94
121.84582424163818,30,0.0,33.89,28.03,26.01,,26.01,30.0,2.83,2.24,1.95
122.36121773719788,30,0.0,33.93,28.06,26.05,,26.05,30.0,2.84,2.25,1.95
122.85821390151978,30,0.0,33.93,28.1,26.08,,26.08,30.0,2.84,2.25,1.96
123.35362482070923,30,0.0,33.98,28.13,26.12,,26.12,30.0,2.84,2.26,1.96
123.85269403457642,30,0.0,34.02,28.16,26.15,,26.15,30.0,2.85,2.26,1.96
124.36530709266663,30,0.0,34.02,28.19,26.22,,26.22,30.0,2.85,2.27,1.97
124.86207437515259,30,0.0,34.07,28.23,26.25,,26.25,30.0,2.85,2.27,1.98
125.36071276664734,30,0.0,34.07,28.26,26.29,,26.29,30.0,2.85,2.28,1.98
125.8603367805481,30,0.0,34.11,28.29,26.32,,26.32,30.0,2.86,2.28,1.99
126.35981369018555,30,0.0,34.16,28.32,26.36,,26.36,30.0,2.86,2.29,1.99
126.87371110916138,30,0.0,34.16,28.35,26.39,,26.39,30.0,2.86,2.29,2.0
127.37324333190918,30,0.0,34.2,28.39,26.43,,26.43,30.0,2.87,2.3,2.0
127.87431049346924,30,0.0,34.25,28.42,26.46,,26.46,30.0,2.87,2.3,2.01
128.37324953079224,30,0.0,34.25,28.45,26.5,,26.5,30.0,2.88,2.31,2.02
128.87308192253113,30,0.0,34.29,28.48,26.53,,26.53,30.0,2.88,2.31,2.02
129.37566947937012,30,0.0,34.34,28.51,26.57,,26.57,30.0,2.88,2.32,2.02
129.87521862983704,30,0.0,34.38,28.55,26.64,,26.64,30.0,2.89,2.32,2.03
130.3730444908142,30,0.0,34.38,28.58,26.67,,26.67,30.0,2.89,2.33,2.04
130.87331795692444,30,0.0,34.43,28.61,26.71,,26.71,30.0,2.89,2.33,2.04
131.37451171875,30,0.0,34.47,28.64,26.74,,26.74,30.0,2.9,2.34,2.05
131.8735282421112,30,0.0,34.52,28.67,26.78,,26.78,30.0,2.9,2.34,2.05
132.37317848205566,30,0.0,34.52,28.71,26.81,,26.81,30.0,2.9,2.35,2.05
132.88562202453613,30,0.0,34.56,28.74,26.81,,26.81,30.0,2.91,2.35,2.06
133.38649916648865,30,0.0,34.61,28.77,26.88,,26.88,30.0,2.91,2.36,2.07
133.88312292099,30,0.0,34.61,28.8,26.88,,26.88,30.0,2.91,2.36,2.07
134.3831524848938,30,0.0,34.65,28.84,26.92,,26.92,30.0,2.92,2.37,2.08
134.88099813461304,30,0.0,34.65,28.87,26.99,,26.99,30.0,2.92,2.37,2.08
135.39385628700256,30,0.0,34.7,28.9,26.99,,26.99,30.0,2.92,2.38,2.08
135.88741064071655,30,0.0,34.74,28.93,27.06,,27.06,30.0,2.93,2.38,2.09
136.39011144638062,30,0.0,34.74,28.96,27.06,,27.06,30.0,2.93,2.39,2.1
136.886705160141,30,0.0,34.78,29.0,27.09,,27.09,30.0,2.93,2.39,2.1
137.39864563941956,30,0.0,34.78,29.03,27.16,,27.16,30.0,2.93,2.39,2.11
137.8999125957489,30,0.0,34.83,29.06,27.16,,27.16,30.0,2.94,2.4,2.11
138.39602255821228,30,0.0,34.83,29.06,27.19,,27.19,30.0,2.94,2.4,2.12
138.89533591270447,30,0.0,34.87,29.12,27.26,,27.26,30.0,2.94,2.4,2.12
139.39235711097717,30,0.0,34.87,29.12,27.26,,27.26,30.0,2.94,2.41,2.12
139.90815925598145,30,0.0,34.92,29.16,27.3,,27.3,30.0,2.95,2.41,2.13
140.40523290634155,30,0.0,34.96,29.19,27.33,,27.33,30.0,2.95,2.42,2.14
140.90242719650269,30,0.0,34.96,29.22,27.37,,27.37,30.0,2.95,2.42,2.14
141.40214204788208,30,0.0,35.01,29.25,27.4,,27.4,30.0,2.96,2.43,2.15
141.90099620819092,30,0.0,35.01,29.28,27.44,,27.44,30.0,2.96,2.43,2.15
142.41174244880676,30,0.0,35.05,29.32,27.51,,27.51,30.0,2.96,2.44,2.16
142.91081738471985,30,0.0,35.05,29.35,27.51,,27.51,30.0,2.96,2.44,2.16
143.40861582756042,30,0.0,35.1,29.38,27.54,,27.54,30.0,2.97,2.45,2.16
143.90540027618408,30,0.0,35.1,29.41,27.58,,27.58,30.0,2.97,2.45,2.17
144.41908526420593,30,0.0,35.14,29.44,27.61,,27.61,30.0,2.97,2.46,2.17
144.91525959968567,30,0.0,35.19,29.44,27.65,,27.65,30.0,2.98,2.46,2.17
145.41381883621216,30,0.0,35.19,29.48,27.68,,27.68,30.0,2.98,2.46,2.18
145.91782522201538,30,0.0,35.23,29.51,27.72,,27.72,30.0,2.98,2.47,2.18
146.41682314872742,30,0.0,35.23,29.54,27.75,,27.75,30.0,2.98,2.47,2.19
146.91351580619812,30,0.0,35.28,29.57,27.79,,27.79,30.0,2.99,2.48,2.19
147.42820763587952,30,0.0,35.28,29.6,27.82,,27.82,30.0,2.99,2.48,2.2
147.92632699012756,30,0.0,35.32,29.64,27.85,,27.85,30.0,2.99,2.49,2.2
148.42127013206482,30,0.0,35.32,29.67,27.89,,27.89,30.0,2.99,2.49,2.21
148.92636895179749,30,0.0,35.37,29.67,27.92,,27.92,30.0,3.0,2.49,2.21
149.4250910282135,30,0.0,35.41,29.7,27.96,,27.96,30.0,3.0,2.5,2.22
149.92424416542053,30,0.0,35.41,29.73,27.99,,27.99,30.0,3.0,2.5,2.22
150.4336884021759,30,0.0,35.46,29.76,28.03,,28.03,30.0,3.01,2.51,2.23
150.92839407920837,30,0.0,35.46,29.8,28.06,,28.06,30.0,3.01,2.51,2.23
151.42765188217163,30,0.0,35.5,29.83,28.1,,28.1,30.0,3.01,2.52,2.24
151.92720556259155,30,0.0,35.5,29.86,28.1,,28.1,30.0,3.01,2.52,2.24
152.44109106063843,30,0.0,35.55,29.86,28.13,,28.13,30.0,3.02,2.52,2.24
152.94081926345825,30,0.0,35.55,29.89,28.17,,28.17,30.0,3.02,2.53,2.25
153.43874669075012,30,0.0,35.59,29.92,28.2,,28.2,30.0,3.02,2.53,2.25
153.93867778778076,30,0.0,35.59,29.96,28.24,,28.24,30.0,3.02,2.54,2.26
154.43785524368286,30,0.0,35.64,29.99,28.27,,28.27,30.0,3.03,2.54,2.26
154.93723273277283,30,0.0,35.64,30.02,28.27,,28.27,30.0,3.03,2.55,2.27
155.43576526641846,30,0.0,35.68,30.05,28.31,,28.31,30.0,3.03,2.55,2.27
155.93596243858337,30,0.0,35.68,30.05,28.34,,28.34,30.0,3.03,2.55,2.27
156.44844317436218,30,0.0,35.72,30.08,28.38,,28.38,30.0,3.04,2.56,2.28
156.94519424438477,30,0.0,35.72,30.12,28.41,,28.41,30.0,3.04,2.56,2.28
157.444669008255,30,0.0,35.77,30.15,28.44,,28.44,30.0,3.04,2.57,2.29
157.9427478313446,30,0.0,35.77,30.18,28.48,,28.48,30.0,3.04,2.57,2.29
158.4462251663208,30,0.0,35.81,30.21,28.51,,28.51,30.0,3.04,2.58,2.3
158.94440960884094,30,0.0,35.81,30.24,28.55,,28.55,30.0,3.04,2.58,2.3
159.45763850212097,30,0.0,35.86,30.24,28.55,,28.55,30.0,3.05,2.58,2.3
159.95767426490784,30,0.0,35.86,30.28,28.58,,28.58,30.0,3.05,2.59,2.31
160.4558596611023,30,0.0,35.9,30.31,28.62,,28.62,30.0,3.05,2.59,2.31
160.9538209438324,30,0.0,35.9,30.34,28.65,,28.65,30.0,3.05,2.6,2.32
161.46587371826172,30,0.0,35.95,30.37,28.69,,28.69,30.0,3.06,2.6,2.32
161.96595811843872,30,0.0,35.95,30.37,28.69,,28.69,30.0,3.06,2.6,2.32
162.467839717865,30,0.0,35.99,30.4,28.72,,28.72,30.0,3.06,2.61,2.33
162.96904826164246,30,0.0,35.99,30.44,28.76,,28.76,30.0,3.06,2.61,2.33
163.466246843338,30,0.0,36.04,30.47,28.79,,28.79,30.0,3.07,2.61,2.34
163.96336269378662,30,0.0,36.04,30.5,28.83,,28.83,30.0,3.07,2.61,2.34
164.4614589214325,30,0.0,36.08,30.5,28.83,,28.83,30.0,3.07,2.62,2.34
164.96050333976746,30,0.0,36.08,30.53,28.86,,28.86,30.0,3.07,2.62,2.35
165.4741849899292,30,0.0,36.13,30.56,28.89,,28.89,30.0,3.08,2.63,2.35
165.97240829467773,30,0.0,36.13,30.56,28.93,,28.93,30.0,3.08,2.63,2.36
166.47125458717346,30,0.0,36.17,30.6,28.93,,28.93,30.0,3.08,2.63,2.36
166.9682972431183,30,0.0,36.17,30.63,28.96,,28.96,30.0,3.08,2.64,2.36
167.46879649162292,30,0.0,36.22,30.66,29.0,,29.0,30.0,3.09,2.64,2.37
167.97962617874146,30,0.0,36.22,30.69,29.03,,29.03,30.0,3.09,2.65,2.37
168.47861218452454,30,0.0,36.22,30.69,29.03,,29.03,30.0,3.09,2.65,2.37
168.97784972190857,30,0.0,36.26,30.72,29.07,,29.07,30.0,3.09,2.65,2.38
169.4760069847107,30,0.0,36.26,30.76,29.1,,29.1,30.0,3.1,2.66,2.38
169.9731593132019,30,0.0,36.31,30.76,29.14,,29.14,30.0,3.1,2.66,2.39
170.48571157455444,30,0.0,36.31,30.79,29.14,,29.14,30.0,3.1,2.66,2.39
170.9837510585785,30,0.0,36.35,30.82,29.17,,29.17,30.0,3.1,2.67,2.39
171.48086619377136,30,0.0,36.35,30.85,29.21,,29.21,30.0,3.1,2.67,2.39
171.98348760604858,30,0.0,36.4,30.88,29.24,,29.24,30.0,3.11,2.68,2.4
172.48349332809448,30,0.0,36.4,30.88,29.28,,29.28,30.0,3.11,2.68,2.4
172.98491072654724,30,0.0,36.44,30.92,29.28,,29.28,30.0,3.11,2.68,2.4
173.48398542404175,30,0.0,36.44,30.92,29.31,,29.31,30.0,3.11,2.69,2.41
173.99722695350647,30,0.0,36.49,30.95,29.34,,29.34,30.0,3.11,2.69,2.41
174.49860954284668,30,0.0,36.49,30.98,29.34,,29.34,30.0,3.12,2.69,2.42
174.99982476234436,30,0.0,36.49,31.01,29.38,,29.38,30.0,3.12,2.7,2.42
175.49688339233398,30,0.0,36.53,31.01,29.41,,29.41,30.0,3.12,2.7,2.42
175.99102401733398,30,0.0,36.53,31.04,29.45,,29.45,30.0,3.12,2.7,2.43
176.49196028709412,30,0.0,36.57,31.08,29.45,,29.45,30.0,3.13,2.71,2.43
176.99200534820557,30,0.0,36.57,31.08,29.48,,29.48,30.0,3.13,2.71,2.43
177.50606060028076,30,0.0,36.62,31.11,29.52,,29.52,30.0,3.13,2.71,2.44
178.00734329223633,30,0.0,36.62,31.14,29.55,,29.55,30.0,3.13,2.72,2.44
178.50659561157227,30,0.0,36.62,31.14,29.55,,29.55,30.0,3.13,2.72,2.44
179.02715492248535,30,0.0,36.66,31.17,29.59,,29.59,30.0,3.14,2.72,2.45
179.50308513641357,30,0.0,36.66,31.2,29.62,,29.62,30.0,3.14,2.73,2.45
180.01705408096313,30,0.0,36.71,31.2,29.66,,29.66,30.0,3.14,2.73,2.45
180.51675844192505,30,0.0,36.71,31.24,29.66,,29.66,30.0,3.14,2.73,2.46
181.01027607917786,30,0.0,36.75,31.27,29.69,,29.69,30.0,3.15,2.74,2.46
181.51231336593628,30,0.0,36.75,31.27,29.73,,29.73,30.0,3.15,2.74,2.47
182.01122164726257,30,0.0,36.8,31.3,29.73,,29.73,30.0,3.15,2.74,2.47
182.50750923156738,30,0.0,36.8,31.33,29.76,,29.76,30.0,3.15,2.75,2.47
183.02249145507812,30,0.0,36.8,31.33,29.79,,29.79,30.0,3.15,2.75,2.48
183.52351927757263,30,0.0,36.84,31.36,29.83,,29.83,30.0,3.16,2.75,2.48
184.02074909210205,30,0.0,36.84,31.4,29.83,,29.83,30.0,3.16,2.76,2.48
184.52291703224182,30,0.0,36.89,31.4,29.86,,29.86,30.0,3.16,2.76,2.49
185.0201060771942,30,0.0,36.89,31.43,29.9,,29.9,30.0,3.16,2.76,2.49
185.51875233650208,30,0.0,36.93,31.46,29.9,,29.9,30.0,3.17,2.77,2.49
186.01961016654968,30,0.0,36.93,31.46,29.93,,29.93,30.0,3.17,2.77,2.5
186.5311315059662,30,0.0,36.93,31.49,29.97,,29.97,30.0,3.17,2.77,2.5
187.0335614681244,30,0.0,36.98,31.49,30.0,,30.0,30.0,3.17,2.78,2.51
187.5286123752594,30,0.0,36.98,31.52,30.0,,30.0,30.0,3.17,2.78,2.51
188.02696776390076,30,0.0,37.02,31.56,30.04,,30.04,30.0,3.18,2.78,2.51
188.52603578567505,30,0.0,37.02,31.56,30.07,,30.07,30.0,3.18,2.78,2.52
189.02429056167603,30,0.0,37.02,31.59,30.11,,30.11,30.0,3.18,2.79,2.52
189.53739881515503,30,0.0,37.07,31.59,30.11,,30.11,30.0,3.18,2.79,2.52
190.03519225120544,30,0.0,37.07,31.62,30.14,,30.14,30.0,3.18,2.79,2.53
190.53444504737854,30,0.0,37.11,31.65,30.17,,30.17,30.0,3.19,2.8,2.53
191.03421092033386,30,0.0,37.11,31.65,30.17,,30.17,30.0,3.19,2.8,2.53
191.5321400165558,30,0.0,37.11,31.68,30.21,,30.21,30.0,3.19,2.8,2.54
192.0467824935913,30,0.0,37.16,31.68,30.21,,30.21,30.0,3.19,2.8,2.54
192.54487323760986,30,0.0,37.16,31.72,30.24,,30.24,30.0,3.19,2.81,2.54
193.044695854187,30,0.0,37.2,31.72,30.28,,30.28,30.0,3.2,2.81,2.55
193.54758143424988,30,0.0,37.2,31.75,30.28,,30.28,30.0,3.2,2.81,2.55
194.04422545433044,30,0.0,37.2,31.75,30.31,,30.31,30.0,3.2,2.82,2.55
194.54054999351501,30,0.0,37.25,31.78,30.31,,30.31,30.0,3.2,2.82,2.56
195.04268670082092,30,0.0,37.25,31.78,30.35,,30.35,30.0,3.2,2.82,2.56
195.54381346702576,30,0.0,37.25,31.81,30.38,,30.38,30.0,3.21,2.82,2.56
196.05774545669556,30,0.0,37.29,31.84,30.38,,30.38,30.0,3.21,2.83,2.56
196.5436553955078,30,0.0,37.29,31.84,30.42,,30.42,30.0,3.21,2.83,2.57
197.0588252544403,30,0.0,37.29,31.88,30.45,,30.45,30.0,3.21,2.83,2.57
197.56255626678467,30,0.0,37.34,31.88,30.45,,30.45,30.0,3.21,2.83,2.57
198.06022715568542,30,0.0,37.34,31.91,30.49,,30.49,30.0,3.21,2.83,2.58
198.56013536453247,30,0.0,37.34,31.94,30.52,,30.52,30.0,3.21,2.84,2.58
199.0605993270874,30,0.0,37.34,31.94,30.52,,30.52,30.0,3.22,2.84,2.58
199.56303238868713,30,0.0,37.38,31.97,30.55,,30.55,30.0,3.22,2.84,2.59
200.06056761741638,30,0.0,37.38,31.97,30.55,,30.55,30.0,3.22,2.84,2.59
200.55736756324768,30,0.0,37.38,32.0,30.59,,30.59,30.0,3.22,2.85,2.59
201.06996607780457,30,0.0,37.43,32.04,30.59,,30.59,30.0,3.22,2.85,2.6
201.56993579864502,30,0.0,37.43,32.04,30.62,,30.62,30.0,3.22,2.85,2.6
202.07433366775513,30,0.0,37.47,32.04,30.66,,30.66,30.0,3.23,2.85,2.6
202.57019114494324,30,0.0,37.47,32.07,30.66,,30.66,30.0,3.23,2.86,2.6
203.06746006011963,30,0.0,37.47,32.07,30.69,,30.69,30.0,3.23,2.86,2.61
203.56610584259033,30,0.0,37.51,32.1,30.73,,30.73,30.0,3.23,2.86,2.61
204.06714582443237,30,0.0,37.51,32.1,30.73,,30.73,30.0,3.23,2.86,2.61
204.56697130203247,30,0.0,37.56,32.13,30.76,,30.76,30.0,3.24,2.87,2.61
205.07720947265625,30,0.0,37.56,32.16,30.76,,30.76,30.0,3.24,2.87,2.61
205.57710361480713,30,0.0,37.56,32.16,30.8,,30.8,30.0,3.24,2.87,2.62
206.07583594322205,30,0.0,37.6,32.2,30.8,,30.8,30.0,3.24,2.88,2.62
206.5748748779297,30,0.0,37.6,32.2,30.83,,30.83,30.0,3.24,2.88,2.62
207.0755579471588,30,0.0,37.6,32.23,30.83,,30.83,30.0,3.24,2.88,2.62
207.57524299621582,30,0.0,37.65,32.23,30.87,,30.87,30.0,3.25,2.88,2.63
208.0870943069458,30,0.0,37.65,32.26,30.87,,30.87,30.0,3.25,2.89,2.63
208.58891677856445,30,0.0,37.65,32.29,30.9,,30.9,30.0,3.25,2.89,2.63
209.0899953842163,30,0.0,37.65,32.29,30.9,,30.9,30.0,3.25,2.89,2.63
209.5903582572937,30,0.0,37.69,32.32,30.93,,30.93,30.0,3.25,2.9,2.64
210.0942018032074,30,0.0,37.69,32.32,30.93,,30.93,30.0,3.25,2.9,2.64
210.5914123058319,30,0.0,37.69,32.36,30.97,,30.97,30.0,3.26,2.9,2.64
211.0899157524109,30,0.0,37.74,32.36,30.97,,30.97,30.0,3.26,2.9,2.64
211.59147596359253,30,0.0,37.74,32.39,31.0,,31.0,30.0,3.26,2.91,2.65
212.0871045589447,30,0.0,37.74,32.42,31.0,,31.0,30.0,3.26,2.91,2.65
212.58791303634644,30,0.0,37.78,32.42,31.04,,31.04,30.0,3.26,2.91,2.65
213.09065079689026,30,0.0,37.78,32.45,31.04,,31.04,30.0,3.26,2.92,2.65
213.6047661304474,30,0.0,37.83,32.45,31.07,,31.07,30.0,3.26,2.92,2.66
214.1026256084442,30,0.0,37.83,32.49,31.07,,31.07,30.0,3.26,2.92,2.66
214.60380220413208,30,0.0,37.83,32.49,31.11,,31.11,30.0,3.26,2.92,2.66
215.1002173423767,30,0.0,37.83,32.52,31.14,,31.14,30.0,3.26,2.93,2.67
215.59837079048157,30,0.0,37.87,32.52,31.14,,31.14,30.0,3.27,2.93,2.67
216.09664130210876,30,0.0,37.87,32.55,31.14,,31.14,30.0,3.27,2.93,2.67
216.61048316955566,30,0.0,37.87,32.55,31.18,,31.18,30.0,3.27,2.93,2.67
217.10958099365234,30,0.0,37.92,32.58,31.21,,31.21,30.0,3.27,2.94,2.68
217.61061096191406,30,0.0,37.92,32.58,31.21,,31.21,30.0,3.27,2.94,2.68
218.1125135421753,30,0.0,37.92,32.61,31.25,,31.25,30.0,3.27,2.94,2.68
218.61053466796875,30,0.0,37.96,32.61,31.25,,31.25,30.0,3.28,2.94,2.68
219.10557079315186,30,0.0,37.96,32.65,31.28,,31.28,30.0,3.28,2.95,2.69
219.6062717437744,30,0.0,37.96,32.65,31.28,,31.28,30.0,3.28,2.95,2.69
220.11905312538147,30,0.0,38.01,32.68,31.31,,31.31,30.0,3.28,2.95,2.69
220.61910772323608,30,0.0,38.01,32.68,31.31,,31.31,30.0,3.28,2.95,2.69
221.1196403503418,30,0.0,38.01,32.71,31.35,,31.35,30.0,3.28,2.96,2.7
221.61793327331543,30,0.0,38.05,32.71,31.35,,31.35,30.0,3.29,2.96,2.7
222.11708521842957,30,0.0,38.05,32.74,31.38,,31.38,30.0,3.29,2.96,2.7
222.62225341796875,30,0.0,38.05,32.74,31.38,,31.38,30.0,3.29,2.96,2.7
223.1187038421631,30,0.0,38.05,32.77,31.42,,31.42,30.0,3.29,2.97,2.71
223.61816096305847,30,0.0,38.1,32.77,31.42,,31.42,30.0,3.29,2.97,2.71
224.13012075424194,30,0.0,38.1,32.81,31.45,,31.45,30.0,3.29,2.97,2.71
224.63166856765747,30,0.0,38.1,32.81,31.45,,31.45,30.0,3.29,2.97,2.71
225.13154768943787,30,0.0,38.14,32.84,31.49,,31.49,30.0,3.3,2.98,2.72
225.62833547592163,30,0.0,38.14,32.84,31.49,,31.49,30.0,3.3,2.98,2.72
226.12937903404236,30,0.0,38.19,32.84,31.52,,31.52,30.0,3.3,2.98,2.72
226.62881326675415,30,0.0,38.19,32.87,31.52,,31.52,30.0,3.3,2.98,2.72
227.1261167526245,30,0.0,38.19,32.87,31.56,,31.56,30.0,3.3,2.98,2.73
227.62685537338257,30,0.0,38.19,32.9,31.56,,31.56,30.0,3.3,2.99,2.73
228.14118075370789,30,0.0,38.23,32.9,31.59,,31.59,30.0,3.31,2.99,2.73
228.63861179351807,30,0.0,38.23,32.9,31.59,,31.59,30.0,3.31,2.99,2.73
229.13634419441223,30,0.0,38.23,32.93,31.59,,31.59,30.0,3.31,2.99,2.74
229.63350796699524,30,0.0,38.28,32.97,31.63,,31.63,30.0,3.31,2.99,2.74
230.1484501361847,30,0.0,38.28,32.97,31.63,,31.63,30.0,3.31,3.0,2.74
230.64607858657837,30,0.0,38.28,33.0,31.66,,31.66,30.0,3.31,3.0,2.74
231.1481442451477,30,0.0,38.28,33.0,31.66,,31.66,30.0,3.32,3.0,2.74
231.6451461315155,30,0.0,38.32,33.03,31.7,,31.7,30.0,3.32,3.0,2.75
232.14471745491028,30,0.0,38.32,33.03,31.7,,31.7,30.0,3.32,3.01,2.75
232.64459037780762,30,0.0,38.32,33.03,31.73,,31.73,30.0,3.32,3.01,2.75
233.1444754600525,30,0.0,38.36,33.06,31.73,,31.73,30.0,3.32,3.01,2.75
233.65427780151367,30,0.0,38.36,33.06,31.76,,31.76,30.0,3.32,3.01,2.76
234.15393495559692,30,0.0,38.36,33.09,31.8,,31.8,30.0,3.32,3.02,2.76
234.65559124946594,30,0.0,38.41,33.09,31.8,,31.8,30.0,3.33,3.02,2.76
235.15537810325623,30,0.0,38.41,33.13,31.83,,31.83,30.0,3.33,3.02,2.76
235.6554675102234,30,0.0,38.41,33.13,31.83,,31.83,30.0,3.33,3.02,2.77
236.15828657150269,30,0.0,38.41,33.13,31.87,,31.87,30.0,3.33,3.03,2.77
236.6564474105835,30,0.0,38.45,33.16,31.87,,31.87,30.0,3.33,3.03,2.77
237.1549413204193,30,0.0,38.45,33.16,31.9,,31.9,30.0,3.33,3.03,2.78
237.65632700920105,30,0.0,38.45,33.19,31.9,,31.9,30.0,3.33,3.03,2.78
238.15455675125122,30,0.0,38.45,33.19,31.94,,31.94,30.0,3.33,3.03,2.78
238.66942954063416,30,0.0,38.5,33.19,31.94,,31.94,30.0,3.34,3.04,2.78
239.16595363616943,30,0.0,38.5,33.22,31.97,,31.97,30.0,3.34,3.04,2.79
239.66780829429626,30,0.0,38.5,33.22,31.97,,31.97,30.0,3.34,3.04,2.79
240.16949892044067,30,0.0,38.5,33.25,31.97,,31.97,30.0,3.34,3.04,2.79
240.66719460487366,30,0.0,38.5,33.25,32.01,,32.01,30.0,3.34,3.04,2.79
241.16312861442566,30,0.0,38.54,33.29,32.01,,32.01,30.0,3.34,3.04,2.79
241.67752027511597,30,0.0,38.54,33.29,32.04,,32.04,30.0,3.34,3.04,2.8
242.17418885231018,30,0.0,38.54,33.32,32.04,,32.04,30.0,3.34,3.05,2.8
242.67052006721497,30,0.0,38.59,33.32,32.08,,32.08,30.0,3.35,3.05,2.8
243.16895651817322,30,0.0,38.59,33.32,32.08,,32.08,30.0,3.35,3.05,2.8
243.6696047782898,30,0.0,38.59,33.35,32.08,,32.08,30.0,3.35,3.05,2.8
244.18386483192444,30,0.0,38.63,33.35,32.11,,32.11,30.0,3.35,3.05,2.81
244.68524956703186,30,0.0,38.63,33.35,32.11,,32.11,30.0,3.35,3.05,2.81
245.18309688568115,30,0.0,38.63,33.38,32.14,,32.14,30.0,3.35,3.06,2.81
245.68219017982483,30,0.0,38.63,33.38,32.18,,32.18,30.0,3.35,3.06,2.82
246.18517136573792,30,0.0,38.63,33.38,32.18,,32.18,30.0,3.36,3.06,2.82
246.68536972999573,30,0.0,38.68,33.41,32.18,,32.18,30.0,3.36,3.06,2.82
247.18551802635193,30,0.0,38.68,33.41,32.21,,32.21,30.0,3.36,3.06,2.82
247.68313002586365,30,0.0,38.68,33.45,32.21,,32.21,30.0,3.36,3.07,2.82
248.18300318717957,30,0.0,38.68,33.45,32.25,,32.25,30.0,3.36,3.07,2.83
248.6973524093628,30,0.0,38.72,33.45,32.25,,32.25,30.0,3.36,3.07,2.83
249.1996729373932,30,0.0,38.72,33.48,32.28,,32.28,30.0,3.36,3.07,2.83
249.69987535476685,30,0.0,38.72,33.48,32.28,,32.28,30.0,3.36,3.07,2.83
250.19511604309082,30,0.0,38.72,33.51,32.32,,32.32,30.0,3.36,3.08,2.83
250.69368696212769,30,0.0,38.72,33.51,32.35,,32.35,30.0,3.36,3.08,2.84
251.19500875473022,30,0.0,38.72,33.54,32.35,,32.35,30.0,3.37,3.08,2.84
251.69488310813904,30,0.0,38.77,33.54,32.39,,32.39,30.0,3.37,3.09,2.84
252.1957721710205,30,0.0,38.77,33.57,32.39,,32.39,30.0,3.37,3.09,2.84
252.69662809371948,30,0.0,38.77,33.57,32.42,,32.42,30.0,3.37,3.09,2.85
253.19967651367188,30,0.0,38.77,33.61,32.42,,32.42,30.0,3.37,3.09,2.85
253.6979489326477,30,0.0,38.77,33.61,32.46,,32.46,30.0,3.37,3.09,2.85
254.19942688941956,30,0.0,38.81,33.64,32.46,,32.46,30.0,3.37,3.1,2.85
254.7008411884308,30,0.0,38.81,33.64,32.46,,32.46,30.0,3.37,3.1,2.86
255.2141215801239,30,0.0,38.81,33.64,32.49,,32.49,30.0,3.37,3.1,2.86
255.7122926712036,30,0.0,38.86,33.64,32.49,,32.49,30.0,3.38,3.1,2.86
256.2109525203705,30,0.0,38.86,33.64,32.49,,32.49,30.0,3.38,3.1,2.86
256.70715832710266,30,0.0,38.86,33.67,32.52,,32.52,30.0,3.38,3.1,2.86
257.2172200679779,30,0.0,38.86,33.67,32.52,,32.52,30.0,3.38,3.1,2.86
257.7182676792145,30,0.0,38.9,33.67,32.52,,32.52,30.0,3.38,3.1,2.86
258.22016167640686,30,0.0,38.9,33.7,32.56,,32.56,30.0,3.38,3.11,2.87
258.7176434993744,30,0.0,38.9,33.7,32.56,,32.56,30.0,3.38,3.11,2.87
259.21693444252014,30,0.0,38.9,33.7,32.56,,32.56,30.0,3.39,3.11,2.87
259.72138237953186,30,0.0,38.95,33.7,32.56,,32.56,30.0,3.39,3.11,2.87
260.21935296058655,30,0.0,38.95,33.74,32.59,,32.59,30.0,3.39,3.11,2.87
260.7176868915558,30,0.0,38.95,33.74,32.59,,32.59,30.0,3.39,3.11,2.87
261.21803736686707,30,0.0,38.95,33.77,32.63,,32.63,30.0,3.39,3.12,2.88
261.7189693450928,30,0.0,38.95,33.8,32.63,,32.63,30.0,3.39,3.12,2.88
262.22723054885864,30,0.0,38.99,33.8,32.66,,32.66,30.0,3.39,3.12,2.88
262.7272148132324,30,0.0,38.99,33.83,32.66,,32.66,30.0,3.39,3.13,2.88
263.2258484363556,30,0.0,38.99,33.83,32.66,,32.66,30.0,3.39,3.13,2.88
263.7251920700073,30,0.0,38.99,33.83,32.7,,32.7,30.0,3.39,3.13,2.89
264.22559118270874,30,0.0,39.04,33.86,32.7,,32.7,30.0,3.4,3.13,2.89
264.7250418663025,30,0.0,39.04,33.86,32.73,,32.73,30.0,3.4,3.13,2.89
265.2412459850311,30,0.0,39.04,33.9,32.73,,32.73,30.0,3.4,3.14,2.89
265.728800535202,30,0.0,39.04,33.9,32.77,,32.77,30.0,3.4,3.14,2.9
266.2400052547455,30,0.0,39.04,33.9,32.77,,32.77,30.0,3.4,3.14,2.9
266.7399923801422,30,0.0,39.08,33.93,32.77,,32.77,30.0,3.4,3.14,2.9
267.2346501350403,30,0.0,39.08,33.93,32.8,,32.8,30.0,3.4,3.14,2.9
267.73567962646484,30,0.0,39.08,33.96,32.8,,32.8,30.0,3.4,3.15,2.9
268.25208020210266,30,0.0,39.08,33.96,32.8,,32.8,30.0,3.4,3.15,2.9
268.746036529541,30,0.0,39.13,33.96,32.84,,32.84,30.0,3.41,3.15,2.91
269.250652551651,30,0.0,39.13,33.99,32.84,,32.84,30.0,3.41,3.15,2.91
269.74847435951233,30,0.0,39.13,33.99,32.84,,32.84,30.0,3.41,3.15,2.91
270.24947571754456,30,0.0,39.13,34.02,32.84,,32.84,30.0,3.41,3.16,2.91
270.7587616443634,30,0.0,39.17,34.02,32.87,,32.87,30.0,3.41,3.16,2.91
271.25741267204285,30,0.0,39.17,34.02,32.87,,32.87,30.0,3.41,3.16,2.91
271.7583565711975,30,0.0,39.17,34.06,32.87,,32.87,30.0,3.41,3.16,2.92
272.2580292224884,30,0.0,39.17,34.06,32.91,,32.91,30.0,3.41,3.16,2.92
272.7579209804535,30,0.0,39.17,34.09,32.91,,32.91,30.0,3.41,3.17,2.92
273.2550563812256,30,0.0,39.17,34.09,32.94,,32.94,30.0,3.41,3.17,2.92
273.75628209114075,30,0.0,39.22,34.09,32.94,,32.94,30.0,3.42,3.17,2.92
274.2536861896515,30,0.0,39.22,34.12,32.94,,32.94,30.0,3.42,3.17,2.92
274.75369477272034,30,0.0,39.22,34.12,32.97,,32.97,30.0,3.42,3.17,2.93
275.2542927265167,30,0.0,39.22,34.15,32.97,,32.97,30.0,3.42,3.17,2.93
275.7551839351654,30,0.0,39.22,34.15,32.97,,32.97,30.0,3.42,3.18,2.93
276.26930022239685,30,0.0,39.26,34.15,33.01,,33.01,30.0,3.42,3.18,2.93
276.7656786441803,30,0.0,39.26,34.15,33.01,,33.01,30.0,3.42,3.18,2.93
277.26642298698425,30,0.0,39.26,34.18,33.01,,33.01,30.0,3.42,3.18,2.93
277.7669355869293,30,0.0,39.26,34.18,33.04,,33.04,30.0,3.42,3.18,2.94
278.2659077644348,30,0.0,39.26,34.18,33.04,,33.04,30.0,3.42,3.18,2.94
278.7679705619812,30,0.0,39.3,34.22,33.04,,33.04,30.0,3.43,3.19,2.94
279.26531982421875,30,0.0,39.3,34.22,33.08,,33.08,30.0,3.43,3.19,2.94
279.766535282135,30,0.0,39.3,34.22,33.08,,33.08,30.0,3.43,3.19,2.94
280.2795786857605,30,0.0,39.3,34.22,33.08,,33.08,30.0,3.43,3.19,2.94
280.7797751426697,30,0.0,39.3,34.25,33.11,,33.11,30.0,3.43,3.19,2.95
281.2782983779907,30,0.0,39.35,34.25,33.11,,33.11,30.0,3.43,3.19,2.95
281.7774975299835,30,0.0,39.35,34.28,33.11,,33.11,30.0,3.43,3.2,2.95
282.2725121974945,30,0.0,39.35,34.28,33.15,,33.15,30.0,3.43,3.2,2.95
282.77370285987854,30,0.0,39.35,34.31,33.15,,33.15,30.0,3.44,3.2,2.95
283.2892076969147,30,0.0,39.35,34.31,33.15,,33.15,30.0,3.44,3.2,2.95
283.78892254829407,30,0.0,39.39,34.31,33.18,,33.18,30.0,3.44,3.2,2.96
284.29096269607544,30,0.0,39.39,34.35,33.18,,33.18,30.0,3.44,3.21,2.96
284.78977131843567,30,0.0,39.39,34.35,33.18,,33.18,30.0,3.44,3.21,2.96
285.28780341148376,30,0.0,39.39,34.35,33.22,,33.22,30.0,3.44,3.21,2.96
285.7854332923889,30,0.0,39.44,34.35,33.22,,33.22,30.0,3.44,3.21,2.96
286.2846419811249,30,0.0,39.44,34.38,33.25,,33.25,30.0,3.44,3.21,2.97
286.7982392311096,30,0.0,39.44,34.38,33.25,,33.25,30.0,3.44,3.21,2.97
287.2958199977875,30,0.0,39.44,34.38,33.25,,33.25,30.0,3.44,3.21,2.97
287.7952084541321,30,0.0,39.44,34.41,33.29,,33.29,30.0,3.44,3.22,2.97
288.2955062389374,30,0.0,39.44,34.41,33.29,,33.29,30.0,3.44,3.22,2.97
288.7957661151886,30,0.0,39.48,34.41,33.29,,33.29,30.0,3.45,3.22,2.97
289.29682183265686,30,0.0,39.48,34.41,33.32,,33.32,30.0,3.45,3.22,2.98
289.7987868785858,30,0.0,39.48,34.44,33.32,,33.32,30.0,3.45,3.22,2.98
290.29479908943176,30,0.0,39.48,34.44,33.32,,33.32,30.0,3.45,3.22,2.98
290.80798959732056,30,0.0,39.48,34.44,33.36,,33.36,30.0,3.45,3.22,2.98
291.3084270954132,30,0.0,39.48,34.47,33.36,,33.36,30.0,3.45,3.23,2.98
291.8059251308441,30,0.0,39.48,34.47,33.36,,33.36,30.0,3.45,3.23,2.98
292.3065164089203,30,0.0,39.48,34.47,33.39,,33.39,30.0,3.45,3.23,2.99
292.804318189621,30,0.0,39.53,34.47,33.39,,33.39,30.0,3.45,3.23,2.99
293.3021230697632,30,0.0,39.53,34.51,33.39,,33.39,30.0,3.45,3.23,2.99
293.81592655181885,30,0.0,39.53,34.51,33.42,,33.42,30.0,3.45,3.23,2.99
294.314603805542,30,0.0,39.53,34.51,33.42,,33.42,30.0,3.45,3.23,2.99
294.8156259059906,30,0.0,39.53,34.51,33.42,,33.42,30.0,3.45,3.23,2.99
295.31121492385864,30,0.0,39.57,34.51,33.46,,33.46,30.0,3.45,3.24,3.0
295.81433033943176,30,0.0,39.57,34.54,33.46,,33.46,30.0,3.46,3.24,3.0
296.3144404888153,30,0.0,39.57,34.54,33.46,,33.46,30.0,3.46,3.24,3.0
296.8127672672272,30,0.0,39.57,34.57,33.46,,33.46,30.0,3.46,3.24,3.0
297.3322067260742,30,0.0,39.57,34.57,33.49,,33.49,30.0,3.46,3.24,3.0
297.8243353366852,30,0.0,39.62,34.57,33.49,,33.49,30.0,3.46,3.24,3.0
298.3256838321686,30,0.0,39.62,34.6,33.49,,33.49,30.0,3.46,3.25,3.0
298.82470870018005,30,0.0,39.62,34.6,33.53,,33.53,30.0,3.46,3.25,3.01
299.32469367980957,30,0.0,39.62,34.63,33.53,,33.53,30.0,3.46,3.25,3.01
299.8228135108948,30,0.0,39.62,34.63,33.53,,33.53,30.0,3.46,3.25,3.01
300.31989002227783,30,0.0,39.62,34.67,33.56,,33.56,30.0,3.47,3.25,3.01
300.83433055877686,30,0.0,39.66,34.67,33.56,,33.56,30.0,3.47,3.26,3.01
301.3356583118439,30,0.0,39.66,34.67,33.6,,33.6,30.0,3.47,3.26,3.02
301.8331823348999,30,0.0,39.66,34.7,33.6,,33.6,30.0,3.47,3.26,3.02
302.3351368904114,30,0.0,39.66,34.7,33.6,,33.6,30.0,3.47,3.26,3.02
302.8349006175995,30,0.0,39.66,34.7,33.63,,33.63,30.0,3.47,3.26,3.02
303.3347215652466,30,0.0,39.71,34.7,33.63,,33.63,30.0,3.47,3.26,3.02
303.834175825119,30,0.0,39.71,34.7,33.63,,33.63,30.0,3.47,3.26,3.02
304.3343756198883,30,0.0,39.71,34.73,33.63,,33.63,30.0,3.47,3.26,3.02
304.83539295196533,30,0.0,39.71,34.73,33.63,,33.63,30.0,3.47,3.26,3.03
305.3332495689392,30,0.0,39.71,34.73,33.67,,33.67,30.0,3.47,3.26,3.03
305.83447194099426,30,0.0,39.75,34.73,33.67,,33.67,30.0,3.48,3.26,3.03
306.337153673172,30,0.0,39.75,34.73,33.67,,33.67,30.0,3.48,3.27,3.03
306.8390443325043,30,0.0,39.75,34.76,33.67,,33.67,30.0,3.48,3.27,3.03
307.3421883583069,30,0.0,39.75,34.76,33.7,,33.7,30.0,3.48,3.27,3.03
307.84378266334534,30,0.0,39.75,34.76,33.7,,33.7,30.0,3.48,3.27,3.03
308.34082078933716,30,0.0,39.75,34.76,33.7,,33.7,30.0,3.48,3.27,3.03
308.8426637649536,30,0.0,39.8,34.8,33.7,,33.7,30.0,3.48,3.27,3.03
309.35357213020325,30,0.0,39.8,34.8,33.74,,33.74,30.0,3.48,3.27,3.04
309.84914207458496,30,0.0,39.8,34.8,33.74,,33.74,30.0,3.48,3.27,3.04
310.3477749824524,30,0.0,39.8,34.8,33.74,,33.74,30.0,3.48,3.27,3.04
310.84937167167664,30,0.0,39.84,34.8,33.74,,33.74,30.0,3.48,3.27,3.04
311.3606219291687,30,0.0,39.84,34.83,33.77,,33.77,30.0,3.48,3.28,3.04
311.86077547073364,30,0.0,39.84,34.83,33.77,,33.77,30.0,3.48,3.28,3.04
312.36480593681335,30,0.0,39.84,34.83,33.77,,33.77,30.0,3.48,3.28,3.04
312.85785126686096,30,0.0,39.84,34.83,33.77,,33.77,30.0,3.49,3.28,3.04
313.35636734962463,30,0.0,39.84,34.86,33.77,,33.77,30.0,3.49,3.28,3.04
313.85694217681885,30,0.0,39.89,34.86,33.81,,33.81,30.0,3.49,3.28,3.04
314.369455575943,30,0.0,39.89,34.86,33.81,,33.81,30.0,3.49,3.28,3.04
314.86666321754456,30,0.0,39.89,34.86,33.81,,33.81,30.0,3.49,3.28,3.04
315.36479783058167,30,0.0,39.89,34.86,33.81,,33.81,30.0,3.49,3.28,3.04
315.8654274940491,30,0.0,39.93,34.86,33.81,,33.81,30.0,3.49,3.29,3.04
316.36661863327026,30,0.0,39.93,34.89,33.84,,33.84,30.0,3.49,3.29,3.05
316.86499524116516,30,0.0,39.93,34.89,33.84,,33.84,30.0,3.49,3.29,3.05
317.3785490989685,30,0.0,39.93,34.89,33.84,,33.84,30.0,3.49,3.29,3.05
317.88004326820374,30,0.0,39.93,34.89,33.84,,33.84,30.0,3.49,3.29,3.05
318.3778667449951,30,0.0,39.93,34.89,33.88,,33.88,30.0,3.49,3.29,3.05
318.878360748291,30,0.0,39.93,34.92,33.88,,33.88,30.0,3.5,3.29,3.05
319.3797369003296,30,0.0,39.98,34.92,33.88,,33.88,30.0,3.5,3.29,3.06
319.8773810863495,30,0.0,39.98,34.92,33.91,,33.91,30.0,3.5,3.29,3.06
320.37648367881775,30,0.0,39.98,34.92,33.91,,33.91,30.0,3.5,3.29,3.06
320.8772792816162,30,0.0,39.98,34.92,33.91,,33.91,30.0,3.5,3.29,3.06
321.3754436969757,30,0.0,39.98,34.96,33.94,,33.94,30.0,3.5,3.3,3.06
321.8895790576935,30,0.0,39.98,34.96,33.94,,33.94,30.0,3.5,3.3,3.06
322.3867666721344,30,0.0,39.98,34.96,33.98,,33.98,30.0,3.5,3.3,3.07
322.8860237598419,30,0.0,39.98,34.96,33.98,,33.98,30.0,3.5,3.3,3.07
323.3859086036682,30,0.0,40.02,34.99,33.98,,33.98,30.0,3.5,3.3,3.07
323.8852605819702,30,0.0,40.02,34.99,34.01,,34.01,30.0,3.5,3.3,3.07
324.3856644630432,30,0.0,40.02,34.99,34.01,,34.01,30.0,3.5,3.3,3.07
324.8858985900879,30,0.0,40.02,34.99,34.05,,34.05,30.0,3.5,3.31,3.08
325.3866114616394,30,0.0,40.02,35.02,34.05,,34.05,30.0,3.5,3.31,3.08
325.902236700058,30,0.0,40.02,35.02,34.05,,34.05,30.0,3.5,3.31,3.08
326.3987581729889,30,0.0,40.02,35.02,34.08,,34.08,30.0,3.51,3.31,3.08
326.89854741096497,30,0.0,40.07,35.02,34.08,,34.08,30.0,3.51,3.31,3.08
327.39753890037537,30,0.0,40.07,35.05,34.08,,34.08,30.0,3.51,3.31,3.08
327.89809250831604,30,0.0,40.07,35.05,34.12,,34.12,30.0,3.51,3.31,3.09
328.3966860771179,30,0.0,40.07,35.05,34.12,,34.12,30.0,3.51,3.31,3.09
328.89696192741394,30,0.0,40.11,35.09,34.12,,34.12,30.0,3.51,3.32,3.09
329.41114473342896,30,0.0,40.11,35.09,34.12,,34.12,30.0,3.51,3.32,3.09
329.91161465644836,30,0.0,40.11,35.09,34.15,,34.15,30.0,3.51,3.32,3.09
330.40713143348694,30,0.0,40.11,35.09,34.15,,34.15,30.0,3.51,3.32,3.09
330.9016647338867,30,0.0,40.11,35.12,34.15,,34.15,30.0,3.51,3.32,3.09
331.4153287410736,30,0.0,40.11,35.12,34.15,,34.15,30.0,3.51,3.32,3.09
331.9147574901581,30,0.0,40.11,35.12,34.15,,34.15,30.0,3.51,3.32,3.09
332.41426634788513,30,0.0,40.11,35.15,34.19,,34.19,30.0,3.51,3.33,3.1
332.91183161735535,30,0.0,40.11,35.15,34.19,,34.19,30.0,3.51,3.33,3.1
333.40899538993835,30,0.0,40.11,35.15,34.19,,34.19,30.0,3.51,3.33,3.1
333.90940141677856,30,0.0,40.11,35.15,34.19,,34.19,30.0,3.52,3.33,3.1
334.41043519973755,30,0.0,40.15,35.18,34.22,,34.22,30.0,3.51,3.33,3.1
334.9113483428955,30,0.0,40.15,35.18,34.22,,34.22,30.0,3.52,3.33,3.1
335.42352199554443,30,0.0,40.15,35.18,34.22,,34.22,30.0,3.52,3.33,3.1
335.9244592189789,30,0.0,40.15,35.18,34.22,,34.22,30.0,3.52,3.33,3.1
336.42387413978577,30,0.0,40.15,35.18,34.22,,34.22,30.0,3.52,3.33,3.1
336.9226975440979,30,0.0,40.15,35.21,34.26,,34.26,30.0,3.52,3.34,3.11
337.42346239089966,30,0.0,40.15,35.21,34.26,,34.26,30.0,3.52,3.34,3.11
337.92154693603516,30,0.0,40.15,35.21,34.26,,34.26,30.0,3.52,3.34,3.11
338.43774461746216,30,0.0,40.15,35.21,34.29,,34.29,30.0,3.52,3.34,3.11
338.9254381656647,30,0.0,40.15,35.21,34.29,,34.29,30.0,3.52,3.34,3.11
339.4239408969879,30,0.0,40.15,35.25,34.29,,34.29,30.0,3.52,3.34,3.11
339.92638301849365,30,0.0,40.15,35.25,34.29,,34.29,30.0,3.52,3.34,3.11
340.43696880340576,30,0.0,40.2,35.25,34.29,,34.29,30.0,3.52,3.34,3.11
340.93232250213623,30,0.0,40.2,35.25,34.29,,34.29,30.0,3.52,3.35,3.11
341.4298505783081,30,0.0,40.2,35.28,34.29,,34.29,30.0,3.52,3.35,3.11
341.9309232234955,30,0.0,40.2,35.28,34.29,,34.29,30.0,3.52,3.35,3.11
342.4441170692444,30,0.0,40.2,35.28,34.29,,34.29,30.0,3.52,3.35,3.11
342.9445450305939,30,0.0,40.2,35.31,34.29,,34.29,30.0,3.52,3.35,3.11
343.4438955783844,30,0.0,40.2,35.31,34.33,,34.33,30.0,3.52,3.35,3.12
343.93998074531555,30,0.0,40.24,35.31,34.33,,34.33,30.0,3.53,3.35,3.12
344.4387159347534,30,0.0,40.24,35.31,34.33,,34.33,30.0,3.53,3.35,3.12
344.96310687065125,30,0.0,40.24,35.31,34.33,,34.33,30.0,3.53,3.35,3.12
345.4542872905731,30,0.0,40.24,35.31,34.33,,34.33,30.0,3.53,3.35,3.12
345.9519474506378,30,0.0,40.24,35.31,34.33,,34.33,30.0,3.53,3.35,3.12
346.45099544525146,30,0.0,40.24,35.31,34.33,,34.33,30.0,3.53,3.35,3.12
346.94959592819214,30,0.0,40.24,35.31,34.33,,34.33,30.0,3.53,3.35,3.12
347.44654178619385,30,0.0,40.24,35.31,34.36,,34.36,30.0,3.53,3.35,3.12
347.9465789794922,30,0.0,40.29,35.31,34.36,,34.36,30.0,3.53,3.35,3.12
348.461776971817,30,0.0,40.29,35.34,34.36,,34.36,30.0,3.53,3.36,3.12
348.96511459350586,30,0.0,40.29,35.34,34.36,,34.36,30.0,3.53,3.36,3.13
349.4573771953583,30,0.0,40.29,35.34,34.36,,34.36,30.0,3.53,3.36,3.13
349.95354676246643,30,0.0,40.29,35.34,34.4,,34.4,30.0,3.53,3.36,3.13
350.45404624938965,30,0.0,40.33,35.38,34.4,,34.4,30.0,3.54,3.36,3.13
350.95726919174194,30,0.0,40.33,35.38,34.4,,34.4,30.0,3.54,3.36,3.13
351.46980261802673,30,0.0,40.33,35.38,34.4,,34.4,30.0,3.54,3.36,3.13
351.96745347976685,30,0.0,40.33,35.38,34.4,,34.4,30.0,3.54,3.36,3.13
352.4679400920868,30,0.0,40.33,35.38,34.4,,34.4,30.0,3.54,3.36,3.13
352.96811079978943,30,0.0,40.33,35.38,34.43,,34.43,30.0,3.54,3.36,3.13
353.4703781604767,30,0.0,40.38,35.41,34.43,,34.43,30.0,3.54,3.36,3.13
353.96831917762756,30,0.0,40.38,35.41,34.43,,34.43,30.0,3.54,3.36,3.13
354.4675462245941,30,0.0,40.38,35.41,34.43,,34.43,30.0,3.54,3.37,3.13
354.96888732910156,30,0.0,40.38,35.41,34.46,,34.46,30.0,3.54,3.37,3.14
355.47920632362366,30,0.0,40.38,35.41,34.46,,34.46,30.0,3.54,3.37,3.14
355.9815208911896,30,0.0,40.38,35.41,34.46,,34.46,30.0,3.54,3.37,3.14
356.4809000492096,30,0.0,40.38,35.44,34.46,,34.46,30.0,3.54,3.37,3.14
356.98129630088806,30,0.0,40.38,35.44,34.46,,34.46,30.0,3.55,3.37,3.14
357.48161268234253,30,0.0,40.38,35.44,34.46,,34.46,30.0,3.55,3.37,3.14
357.9782383441925,30,0.0,40.38,35.44,34.46,,34.46,30.0,3.55,3.37,3.14
358.4763185977936,30,0.0,40.42,35.47,34.5,,34.5,30.0,3.55,3.38,3.14
358.9879069328308,30,0.0,40.42,35.47,34.5,,34.5,30.0,3.55,3.38,3.14
359.48690843582153,30,0.0,40.42,35.47,34.5,,34.5,30.0,3.55,3.38,3.14
359.98686695098877,30,0.0,40.42,35.47,34.53,,34.53,30.0,3.55,3.38,3.15
360.4896218776703,30,0.0,40.47,35.47,34.53,,34.53,30.0,3.55,3.38,3.15
360.98865842819214,30,0.0,40.47,35.47,34.53,,34.53,30.0,3.55,3.38,3.15
361.4868540763855,30,0.0,40.47,35.47,34.53,,34.53,30.0,3.55,3.38,3.15
361.9858570098877,30,0.0,40.47,35.47,34.57,,34.57,30.0,3.56,3.38,3.15
362.4984223842621,30,0.0,40.51,35.47,34.57,,34.57,30.0,3.56,3.38,3.15
362.9992666244507,30,0.0,40.51,35.47,34.57,,34.57,30.0,3.56,3.38,3.15
363.49884581565857,30,0.0,40.51,35.5,34.57,,34.57,30.0,3.56,3.38,3.15
364.01179242134094,30,0.0,40.51,35.5,34.57,,34.57,30.0,3.56,3.38,3.15
364.4957149028778,30,0.0,40.51,35.5,34.57,,34.57,30.0,3.56,3.38,3.15
364.99259066581726,30,0.0,40.51,35.5,34.57,,34.57,30.0,3.56,3.38,3.15
365.50339365005493,30,0.0,40.51,35.54,34.57,,34.57,30.0,3.56,3.39,3.16
366.00015234947205,30,0.0,40.51,35.54,34.6,,34.6,30.0,3.56,3.39,3.16
366.50003814697266,30,0.0,40.51,35.54,34.6,,34.6,30.0,3.56,3.39,3.16
366.9995768070221,30,0.0,40.51,35.54,34.6,,34.6,30.0,3.56,3.39,3.16
367.51151061058044,30,0.0,40.51,35.57,34.6,,34.6,30.0,3.56,3.39,3.16
368.0109815597534,30,0.0,40.51,35.57,34.64,,34.64,30.0,3.56,3.39,3.16
368.51424741744995,30,0.0,40.51,35.57,34.64,,34.64,30.0,3.56,3.39,3.16
369.01395416259766,30,0.0,40.51,35.57,34.64,,34.64,30.0,3.56,3.39,3.16
369.51415514945984,30,0.0,40.51,35.57,34.67,,34.67,30.0,3.56,3.39,3.17
370.0096113681793,30,0.0,40.51,35.57,34.67,,34.67,30.0,3.56,3.4,3.17
370.5082721710205,30,0.0,40.56,35.57,34.67,,34.67,30.0,3.56,3.39,3.17
371.00751876831055,30,0.0,40.56,35.57,34.67,,34.67,30.0,3.56,3.4,3.17
371.52215600013733,30,0.0,40.56,35.6,34.67,,34.67,30.0,3.56,3.4,3.17
372.0206689834595,30,0.0,40.56,35.6,34.67,,34.67,30.0,3.56,3.4,3.17
372.5195918083191,30,0.0,40.56,35.6,34.71,,34.71,30.0,3.56,3.4,3.17
373.0182421207428,30,0.0,40.56,35.6,34.71,,34.71,30.0,3.56,3.4,3.17
373.5167987346649,30,0.0,40.56,35.6,34.71,,34.71,30.0,3.56,3.4,3.17
374.0161192417145,30,0.0,40.6,35.6,34.71,,34.71,30.0,3.56,3.4,3.17
374.52653193473816,30,0.0,40.6,35.6,34.74,,34.74,30.0,3.57,3.4,3.18
375.02509927749634,30,0.0,40.6,35.63,34.74,,34.74,30.0,3.57,3.4,3.18
375.53291630744934,30,0.0,40.6,35.63,34.74,,34.74,30.0,3.57,3.4,3.18
376.03307271003723,30,0.0,40.6,35.63,34.74,,34.74,30.0,3.57,3.4,3.18
376.5320637226105,30,0.0,40.6,35.63,34.74,,34.74,30.0,3.57,3.4,3.18
377.0312514305115,30,0.0,40.6,35.63,34.74,,34.74,30.0,3.57,3.4,3.18
377.5296823978424,30,0.0,40.6,35.67,34.74,,34.74,30.0,3.57,3.4,3.18
378.0261673927307,30,0.0,40.6,35.67,34.74,,34.74,30.0,3.57,3.41,3.18
378.5406115055084,30,0.0,40.6,35.67,34.78,,34.78,30.0,3.57,3.41,3.18
379.0408835411072,30,0.0,40.6,35.67,34.78,,34.78,30.0,3.57,3.41,3.18
379.53993034362793,30,0.0,40.6,35.67,34.78,,34.78,30.0,3.57,3.41,3.18
380.038183927536,30,0.0,40.6,35.67,34.81,,34.81,30.0,3.57,3.41,3.18
380.5370948314667,30,0.0,40.6,35.7,34.81,,34.81,30.0,3.57,3.41,3.19
381.0351951122284,30,0.0,40.6,35.7,34.81,,34.81,30.0,3.57,3.41,3.19
381.5488107204437,30,0.0,40.6,35.7,34.81,,34.81,30.0,3.57,3.41,3.19
382.0503640174866,30,0.0,40.6,35.7,34.85,,34.85,30.0,3.57,3.41,3.19
382.5466890335083,30,0.0,40.6,35.7,34.85,,34.85,30.0,3.57,3.41,3.19
383.04711508750916,30,0.0,40.6,35.7,34.85,,34.85,30.0,3.57,3.41,3.19
383.5469138622284,30,0.0,40.65,35.73,34.85,,34.85,30.0,3.57,3.41,3.19
384.04599809646606,30,0.0,40.65,35.7,34.85,,34.85,30.0,3.57,3.41,3.2
384.5468270778656,30,0.0,40.65,35.73,34.88,,34.88,30.0,3.57,3.42,3.2
385.0510470867157,30,0.0,40.65,35.7,34.88,,34.88,30.0,3.57,3.42,3.2
385.5579550266266,30,0.0,40.65,35.7,34.88,,34.88,30.0,3.57,3.42,3.2
386.058465719223,30,0.0,40.65,35.7,34.88,,34.88,30.0,3.57,3.42,3.2
386.5578110218048,30,0.0,40.69,35.7,34.88,,34.88,30.0,3.58,3.41,3.2
387.0542719364166,30,0.0,40.69,35.7,34.88,,34.88,30.0,3.58,3.41,3.2
387.55306816101074,30,0.0,40.69,35.7,34.92,,34.92,30.0,3.58,3.41,3.2
388.0653383731842,30,0.0,40.69,35.7,34.92,,34.92,30.0,3.58,3.41,3.2
388.564181804657,30,0.0,40.69,35.7,34.92,,34.92,30.0,3.58,3.41,3.2
389.0633637905121,30,0.0,40.69,35.7,34.92,,34.92,30.0,3.58,3.41,3.2
389.56041646003723,30,0.0,40.69,35.73,34.92,,34.92,30.0,3.58,3.42,3.2
390.05926847457886,30,0.0,40.69,35.73,34.92,,34.92,30.0,3.58,3.42,3.2
390.5628273487091,30,0.0,40.69,35.73,34.92,,34.92,30.0,3.58,3.42,3.2
391.060022354126,30,0.0,40.74,35.73,34.92,,34.92,30.0,3.58,3.42,3.2
391.5740716457367,30,0.0,40.74,35.76,34.92,,34.92,30.0,3.58,3.42,3.2
392.0731589794159,30,0.0,40.74,35.76,34.92,,34.92,30.0,3.58,3.42,3.2
392.5699722766876,30,0.0,40.74,35.76,34.92,,34.92,30.0,3.58,3.42,3.2
393.0683403015137,30,0.0,40.74,35.76,34.92,,34.92,30.0,3.58,3.42,3.21
393.5820610523224,30,0.0,40.74,35.76,34.95,,34.95,30.0,3.59,3.42,3.21
394.06851053237915,30,0.0,40.78,35.8,34.95,,34.95,30.0,3.59,3.42,3.21
394.57131481170654,30,0.0,40.78,35.8,34.95,,34.95,30.0,3.59,3.43,3.21
395.07136392593384,30,0.0,40.78,35.8,34.95,,34.95,30.0,3.59,3.43,3.21
395.5829448699951,30,0.0,40.78,35.8,34.95,,34.95,30.0,3.59,3.43,3.21
396.0842568874359,30,0.0,40.78,35.8,34.95,,34.95,30.0,3.59,3.43,3.21
396.58113050460815,30,0.0,40.74,35.8,34.99,,34.99,30.0,3.59,3.43,3.21
397.079496383667,30,0.0,40.74,35.8,34.99,,34.99,30.0,3.59,3.43,3.21
397.59227085113525,30,0.0,40.74,35.8,34.99,,34.99,30.0,3.58,3.43,3.21
398.0929706096649,30,0.0,40.74,35.8,34.99,,34.99,30.0,3.58,3.43,3.21
398.58983087539673,30,0.0,40.74,35.8,34.99,,34.99,30.0,3.58,3.43,3.21
399.08444333076477,30,0.0,40.74,35.83,35.02,,35.02,30.0,3.58,3.43,3.22
399.5983955860138,30,0.0,40.74,35.83,35.02,,35.02,30.0,3.58,3.43,3.22
400.10407996177673,30,0.0,40.74,35.83,35.02,,35.02,30.0,3.58,3.43,3.22
400.601833820343,30,0.0,40.74,35.83,35.02,,35.02,30.0,3.58,3.43,3.22
401.09722566604614,30,0.0,40.74,35.86,35.02,,35.02,30.0,3.58,3.44,3.22
401.59684205055237,30,0.0,40.74,35.86,35.02,,35.02,30.0,3.58,3.44,3.22
402.0959460735321,30,0.0,40.74,35.86,34.99,,34.99,30.0,3.59,3.44,3.22
402.59570384025574,30,0.0,40.78,35.86,35.02,,35.02,30.0,3.59,3.44,3.22
403.0938196182251,30,0.0,40.78,35.86,35.02,,35.02,30.0,3.59,3.44,3.22
403.59583592414856,30,0.0,40.74,35.86,35.02,,35.02,30.0,3.59,3.44,3.22
404.1081826686859,30,0.0,40.78,35.89,35.02,,35.02,30.0,3.59,3.44,3.22
404.6136407852173,30,0.0,40.78,35.86,35.02,,35.02,30.0,3.59,3.44,3.22
405.1076514720917,30,0.0,40.78,35.89,35.02,,35.02,30.0,3.59,3.44,3.22
405.609516620636,30,0.0,40.78,35.89,35.02,,35.02,30.0,3.59,3.44,3.22
406.1087839603424,30,0.0,40.78,35.89,35.06,,35.06,30.0,3.59,3.44,3.22
406.60618829727173,30,0.0,40.78,35.89,35.06,,35.06,30.0,3.59,3.44,3.22
407.10258388519287,30,0.0,40.78,35.89,35.06,,35.06,30.0,3.59,3.44,3.22
407.6177294254303,30,0.0,40.78,35.89,35.06,,35.06,30.0,3.59,3.44,3.22
408.1154947280884,30,0.0,40.83,35.89,35.06,,35.06,30.0,3.59,3.44,3.22
408.6160988807678,30,0.0,40.83,35.89,35.06,,35.06,30.0,3.59,3.44,3.22
409.1142840385437,30,0.0,40.83,35.89,35.06,,35.06,30.0,3.59,3.44,3.22
409.61592078208923,30,0.0,40.83,35.92,35.06,,35.06,30.0,3.59,3.44,3.23
410.115371465683,30,0.0,40.83,35.89,35.09,,35.09,30.0,3.59,3.45,3.23
410.61549067497253,30,0.0,40.83,35.92,35.09,,35.09,30.0,3.59,3.45,3.23
411.1238567829132,30,0.0,40.83,35.92,35.09,,35.09,30.0,3.59,3.45,3.23
411.62434244155884,30,0.0,40.83,35.92,35.12,,35.12,30.0,3.59,3.45,3.23
412.1196506023407,30,0.0,40.83,35.92,35.12,,35.12,30.0,3.59,3.45,3.23
412.63129901885986,30,0.0,40.83,35.96,35.12,,35.12,30.0,3.59,3.45,3.23
413.1320700645447,30,0.0,40.83,35.92,35.12,,35.12,30.0,3.59,3.45,3.23
413.63449811935425,30,0.0,40.83,35.96,35.16,,35.16,30.0,3.59,3.45,3.24
414.13419795036316,30,0.0,40.83,35.96,35.16,,35.16,30.0,3.59,3.45,3.24
414.62960982322693,30,0.0,40.83,35.96,35.16,,35.16,30.0,3.59,3.45,3.24
415.1287224292755,30,0.0,40.83,35.96,35.16,,35.16,30.0,3.59,3.45,3.24
415.62570667266846,30,0.0,40.83,35.96,35.16,,35.16,30.0,3.59,3.45,3.24
416.1271860599518,30,0.0,40.83,35.96,35.16,,35.16,30.0,3.59,3.45,3.24
416.63223791122437,30,0.0,40.83,35.99,35.16,,35.16,30.0,3.59,3.46,3.24
417.14279341697693,30,0.0,40.83,35.99,35.16,,35.16,30.0,3.59,3.46,3.24
417.6453981399536,30,0.0,40.83,35.96,35.16,,35.16,30.0,3.59,3.46,3.24
418.1452462673187,30,0.0,40.83,35.99,35.16,,35.16,30.0,3.59,3.46,3.24
418.6430859565735,30,0.0,40.83,35.99,35.16,,35.16,30.0,3.59,3.46,3.24
419.14553213119507,30,0.0,40.83,35.99,35.19,,35.19,30.0,3.59,3.46,3.24
419.6463375091553,30,0.0,40.87,35.99,35.19,,35.19,30.0,3.6,3.46,3.24
420.14468240737915,30,0.0,40.87,35.99,35.19,,35.19,30.0,3.6,3.46,3.24
420.6418571472168,30,0.0,40.87,35.99,35.19,,35.19,30.0,3.6,3.46,3.24
421.14209175109863,30,0.0,40.87,35.99,35.19,,35.19,30.0,3.6,3.46,3.24
421.65482211112976,30,0.0,40.87,35.99,35.19,,35.19,30.0,3.6,3.46,3.24
422.1439142227173,30,0.0,40.87,35.99,35.23,,35.23,30.0,3.6,3.46,3.25
422.65779662132263,30,0.0,40.87,35.99,35.19,,35.19,30.0,3.6,3.46,3.24
423.1600468158722,30,0.0,40.87,35.99,35.19,,35.19,30.0,3.6,3.46,3.24
423.6582145690918,30,0.0,40.87,35.99,35.19,,35.19,30.0,3.6,3.46,3.25
424.15659976005554,30,0.0,40.87,36.02,35.19,,35.19,30.0,3.6,3.46,3.25
424.6582474708557,30,0.0,40.87,36.02,35.23,,35.23,30.0,3.6,3.46,3.25
425.159104347229,30,0.0,40.87,36.02,35.23,,35.23,30.0,3.6,3.46,3.25
425.6554102897644,30,0.0,40.87,36.02,35.23,,35.23,30.0,3.6,3.46,3.25
426.1571526527405,30,0.0,40.92,36.02,35.23,,35.23,30.0,3.6,3.46,3.25
426.65543246269226,30,0.0,40.92,36.02,35.23,,35.23,30.0,3.6,3.46,3.25
427.1688222885132,30,0.0,40.92,36.02,35.26,,35.26,30.0,3.6,3.46,3.25
427.6656849384308,30,0.0,40.92,36.02,35.23,,35.23,30.0,3.6,3.46,3.25
428.16365242004395,30,0.0,40.92,36.02,35.23,,35.23,30.0,3.6,3.47,3.25
428.66211581230164,30,0.0,40.92,36.05,35.26,,35.26,30.0,3.6,3.47,3.25
429.1631820201874,30,0.0,40.92,36.05,35.26,,35.26,30.0,3.6,3.47,3.25
429.6737389564514,30,0.0,40.92,36.05,35.26,,35.26,30.0,3.61,3.47,3.25
430.1778438091278,30,0.0,40.96,36.05,35.26,,35.26,30.0,3.61,3.47,3.25
430.6743550300598,30,0.0,40.96,36.05,35.26,,35.26,30.0,3.61,3.47,3.25
431.17255330085754,30,0.0,40.96,36.05,35.26,,35.26,30.0,3.61,3.47,3.25
431.67292976379395,30,0.0,40.96,36.09,35.26,,35.26,30.0,3.61,3.47,3.25
432.1712477207184,30,0.0,40.96,36.09,35.26,,35.26,30.0,3.61,3.47,3.25
432.6719341278076,30,0.0,40.96,36.09,35.26,,35.26,30.0,3.61,3.47,3.25
433.1727845668793,30,0.0,40.96,36.09,35.26,,35.26,30.0,3.61,3.47,3.25
433.6884915828705,30,0.0,40.96,36.09,35.26,,35.26,30.0,3.61,3.47,3.25
434.1869857311249,30,0.0,40.96,36.09,35.26,,35.26,30.0,3.61,3.47,3.25
434.68646001815796,30,0.0,41.01,36.12,35.26,,35.26,30.0,3.61,3.47,3.25
435.18162846565247,30,0.0,41.01,36.12,35.26,,35.26,30.0,3.61,3.48,3.25
435.6857285499573,30,0.0,41.01,36.12,35.26,,35.26,30.0,3.61,3.48,3.25
436.182373046875,30,0.0,41.01,36.12,35.26,,35.26,30.0,3.61,3.48,3.25
436.6951630115509,30,0.0,41.01,36.12,35.26,,35.26,30.0,3.61,3.48,3.25
437.18518710136414,30,0.0,41.01,36.12,35.26,,35.26,30.0,3.61,3.48,3.25
437.6959660053253,30,0.0,41.01,36.12,35.26,,35.26,30.0,3.61,3.48,3.25
438.1946277618408,30,0.0,41.01,36.15,35.26,,35.26,30.0,3.61,3.48,3.26
438.6921396255493,30,0.0,41.01,36.15,35.26,,35.26,30.0,3.61,3.48,3.26
439.19104075431824,30,0.0,41.01,36.15,35.3,,35.3,30.0,3.61,3.48,3.26
439.6899645328522,30,0.0,41.01,36.15,35.3,,35.3,30.0,3.61,3.48,3.26
440.19109559059143,30,0.0,41.01,36.18,35.3,,35.3,30.0,3.61,3.48,3.26
440.7058570384979,30,0.0,41.01,36.18,35.3,,35.3,30.0,3.61,3.48,3.26
441.2058222293854,30,0.0,41.01,36.18,35.3,,35.3,30.0,3.61,3.48,3.26
441.7028057575226,30,0.0,41.01,36.18,35.3,,35.3,30.0,3.61,3.48,3.26
442.2029366493225,30,0.0,41.01,36.18,35.33,,35.33,30.0,3.61,3.48,3.26
442.7039759159088,30,0.0,41.01,36.18,35.33,,35.33,30.0,3.61,3.48,3.26
443.20344495773315,30,0.0,41.01,36.18,35.33,,35.33,30.0,3.62,3.48,3.26
443.7045907974243,30,0.0,41.05,36.22,35.33,,35.33,30.0,3.62,3.49,3.26
444.2045395374298,30,0.0,41.05,36.22,35.33,,35.33,30.0,3.62,3.49,3.26
444.7072796821594,30,0.0,41.05,36.22,35.33,,35.33,30.0,3.62,3.49,3.26
445.21945786476135,30,0.0,41.05,36.22,35.37,,35.37,30.0,3.62,3.49,3.26
445.71829533576965,30,0.0,41.05,36.22,35.37,,35.37,30.0,3.62,3.49,3.26
446.21452164649963,30,0.0,41.05,36.22,35.37,,35.37,30.0,3.62,3.49,3.26
446.7136559486389,30,0.0,41.05,36.25,35.37,,35.37,30.0,3.62,3.49,3.26
447.2141535282135,30,0.0,41.05,36.25,35.37,,35.37,30.0,3.62,3.49,3.26
447.71390891075134,30,0.0,41.05,36.25,35.37,,35.37,30.0,3.62,3.49,3.26
448.2133400440216,30,0.0,41.05,36.25,35.37,,35.37,30.0,3.62,3.49,3.26
448.71426606178284,30,0.0,41.05,36.25,35.37,,35.37,30.0,3.62,3.49,3.27
449.2274465560913,30,0.0,41.09,36.25,35.37,,35.37,30.0,3.62,3.49,3.27
449.728232383728,30,0.0,41.09,36.25,35.4,,35.4,30.0,3.62,3.5,3.27
450.22624468803406,30,0.0,41.09,36.28,35.4,,35.4,30.0,3.62,3.5,3.27
450.7258093357086,30,0.0,41.09,36.28,35.4,,35.4,30.0,3.62,3.5,3.27
451.2259886264801,30,0.0,41.09,36.28,35.4,,35.4,30.0,3.62,3.5,3.27
451.7278537750244,30,0.0,41.09,36.28,35.4,,35.4,30.0,3.62,3.5,3.27
452.22422432899475,30,0.0,41.09,36.28,35.4,,35.4,30.0,3.62,3.5,3.27
452.7242782115936,30,0.0,41.09,36.28,35.4,,35.4,30.0,3.62,3.5,3.27
453.22624349594116,30,0.0,41.09,36.28,35.4,,35.4,30.0,3.62,3.5,3.27
453.7393684387207,30,0.0,41.09,36.28,35.4,,35.4,30.0,3.62,3.5,3.27
454.2393820285797,30,0.0,41.09,36.28,35.4,,35.4,30.0,3.63,3.5,3.27
454.7380464076996,30,0.0,41.09,36.28,35.4,,35.4,30.0,3.62,3.5,3.27
455.2334017753601,30,0.0,41.14,36.28,35.4,,35.4,30.0,3.63,3.5,3.27
455.74471378326416,30,0.0,41.14,36.28,35.4,,35.4,30.0,3.63,3.5,3.27
456.2449641227722,30,0.0,41.14,36.28,35.44,,35.44,30.0,3.63,3.5,3.27
456.73680353164673,30,0.0,41.14,36.28,35.44,,35.44,30.0,3.63,3.5,3.27
457.24432253837585,30,0.0,41.14,36.28,35.44,,35.44,30.0,3.63,3.5,3.27
457.74201560020447,30,0.0,41.14,36.28,35.44,,35.44,30.0,3.63,3.5,3.27
458.24191975593567,30,0.0,41.14,36.28,35.44,,35.44,30.0,3.63,3.5,3.27
458.7403461933136,30,0.0,41.14,36.28,35.4,,35.4,30.0,3.63,3.5,3.27
459.24227690696716,30,0.0,41.14,36.31,35.44,,35.44,30.0,3.63,3.5,3.27
459.7549374103546,30,0.0,41.14,36.31,35.44,,35.44,30.0,3.63,3.5,3.27
460.25795340538025,30,0.0,41.14,36.28,35.44,,35.44,30.0,3.63,3.5,3.27
460.7520067691803,30,0.0,41.14,36.28,35.44,,35.44,30.0,3.63,3.5,3.27
461.24880933761597,30,0.0,41.14,36.31,35.44,,35.44,30.0,3.63,3.5,3.27
461.7612946033478,30,0.0,41.18,36.31,35.44,,35.44,30.0,3.63,3.5,3.27
462.25867438316345,30,0.0,41.18,36.31,35.44,,35.44,30.0,3.63,3.5,3.27
462.75737023353577,30,0.0,41.18,36.31,35.44,,35.44,30.0,3.63,3.5,3.27
463.25837230682373,30,0.0,41.18,36.31,35.44,,35.44,30.0,3.63,3.5,3.27
463.7590696811676,30,0.0,41.18,36.31,35.44,,35.44,30.0,3.63,3.5,3.27
464.2608301639557,30,0.0,41.18,36.31,35.44,,35.44,30.0,3.63,3.5,3.27
464.7610914707184,30,0.0,41.18,36.34,35.44,,35.44,30.0,3.63,3.5,3.27
465.2641370296478,30,0.0,41.18,36.31,35.44,,35.44,30.0,3.63,3.5,3.27
465.76019763946533,30,0.0,41.18,36.34,35.44,,35.44,30.0,3.63,3.51,3.27
466.2601218223572,30,0.0,41.18,36.34,35.44,,35.44,30.0,3.63,3.51,3.27
466.77252197265625,30,0.0,41.18,36.34,35.44,,35.44,30.0,3.63,3.51,3.27
467.2716374397278,30,0.0,41.18,36.34,35.47,,35.47,30.0,3.63,3.51,3.27
467.77108883857727,30,0.0,41.18,36.34,35.47,,35.47,30.0,3.63,3.51,3.28
468.2738058567047,30,0.0,41.18,36.34,35.47,,35.47,30.0,3.63,3.51,3.28
468.7730202674866,30,0.0,41.18,36.34,35.47,,35.47,30.0,3.63,3.51,3.28
469.2716612815857,30,0.0,41.18,36.34,35.47,,35.47,30.0,3.63,3.51,3.28
469.7701961994171,30,0.0,41.18,36.34,35.47,,35.47,30.0,3.63,3.51,3.28
470.28484082221985,30,0.0,41.18,36.34,35.47,,35.47,30.0,3.63,3.51,3.28
470.78244519233704,30,0.0,41.18,36.34,35.47,,35.47,30.0,3.64,3.51,3.28
471.28208923339844,30,0.0,41.23,36.34,35.47,,35.47,30.0,3.64,3.51,3.28
471.78434228897095,30,0.0,41.23,36.34,35.51,,35.51,30.0,3.64,3.51,3.28
472.28481793403625,30,0.0,41.23,36.34,35.47,,35.47,30.0,3.64,3.51,3.28
472.785640001297,30,0.0,41.23,36.34,35.51,,35.51,30.0,3.64,3.51,3.28
473.28457617759705,30,0.0,41.23,36.34,35.51,,35.51,30.0,3.64,3.51,3.28
473.78262066841125,30,0.0,41.23,36.34,35.51,,35.51,30.0,3.64,3.51,3.28
474.28261613845825,30,0.0,41.23,36.38,35.51,,35.51,30.0,3.64,3.51,3.28
474.7969272136688,30,0.0,41.23,36.38,35.51,,35.51,30.0,3.64,3.51,3.28
475.29711747169495,30,0.0,41.23,36.34,35.51,,35.51,30.0,3.64,3.51,3.28
475.79462456703186,30,0.0,41.23,36.34,35.51,,35.51,30.0,3.64,3.51,3.28
476.29577255249023,30,0.0,41.23,36.34,35.51,,35.51,30.0,3.64,3.51,3.28
476.79307770729065,30,0.0,41.23,36.38,35.51,,35.51,30.0,3.64,3.51,3.28
477.28931999206543,30,0.0,41.23,36.38,35.51,,35.51,30.0,3.64,3.51,3.28
477.79077076911926,30,0.0,41.23,36.38,35.51,,35.51,30.0,3.64,3.51,3.28
478.2928192615509,30,0.0,41.23,36.38,35.51,,35.51,30.0,3.64,3.51,3.28
478.80326986312866,30,0.0,41.23,36.38,35.51,,35.51,30.0,3.64,3.51,3.28
479.30180954933167,30,0.0,41.23,36.38,35.54,,35.54,30.0,3.64,3.51,3.29
479.8023064136505,30,0.0,41.27,36.41,35.54,,35.54,30.0,3.64,3.52,3.29
480.30111956596375,30,0.0,41.23,36.41,35.54,,35.54,30.0,3.64,3.52,3.29
480.80020570755005,30,0.0,41.23,36.41,35.54,,35.54,30.0,3.64,3.52,3.29
481.3127589225769,30,0.0,41.23,36.41,35.54,,35.54,30.0,3.64,3.52,3.29
481.8125145435333,30,0.0,41.23,36.41,35.54,,35.54,30.0,3.64,3.52,3.29
482.3112635612488,30,0.0,41.23,36.41,35.54,,35.54,30.0,3.64,3.52,3.29
482.8108398914337,30,0.0,41.27,36.41,35.54,,35.54,30.0,3.64,3.52,3.29
483.30806279182434,30,0.0,41.23,36.41,35.54,,35.54,30.0,3.64,3.52,3.29
483.8206584453583,30,0.0,41.27,36.41,35.54,,35.54,30.0,3.64,3.52,3.29
484.3212978839874,30,0.0,41.27,36.41,35.54,,35.54,30.0,3.64,3.52,3.29
484.8196485042572,30,0.0,41.27,36.41,35.54,,35.54,30.0,3.64,3.52,3.29
485.31720089912415,30,0.0,41.27,36.41,35.54,,35.54,30.0,3.64,3.52,3.29
485.8136246204376,30,0.0,41.27,36.41,35.54,,35.54,30.0,3.64,3.52,3.29
486.3239653110504,30,0.0,41.27,36.41,35.54,,35.54,30.0,3.64,3.52,3.29
486.8221826553345,30,0.0,41.27,36.41,35.54,,35.54,30.0,3.64,3.52,3.29
487.32264733314514,30,0.0,41.27,36.41,35.58,,35.58,30.0,3.64,3.52,3.29
487.82070875167847,30,0.0,41.27,36.41,35.58,,35.58,30.0,3.64,3.52,3.29
488.31967520713806,30,0.0,41.27,36.44,35.58,,35.58,30.0,3.64,3.52,3.29
488.8337903022766,30,0.0,41.27,36.44,35.58,,35.58,30.0,3.64,3.52,3.29
489.3330910205841,30,0.0,41.27,36.44,35.58,,35.58,30.0,3.64,3.52,3.29
489.83986949920654,30,0.0,41.27,36.44,35.58,,35.58,30.0,3.64,3.52,3.29
490.32854533195496,30,0.0,41.27,36.44,35.58,,35.58,30.0,3.64,3.52,3.29
490.82647800445557,30,0.0,41.27,36.44,35.58,,35.58,30.0,3.64,3.52,3.29
491.338862657547,30,0.0,41.27,36.44,35.58,,35.58,30.0,3.64,3.52,3.29
491.8373672962189,30,0.0,41.27,36.47,35.61,,35.61,30.0,3.64,3.53,3.29
492.3378276824951,30,0.0,41.27,36.47,35.61,,35.61,30.0,3.64,3.53,3.3
492.8381052017212,30,0.0,41.27,36.47,35.61,,35.61,30.0,3.64,3.53,3.3
493.3333349227905,30,0.0,41.27,36.47,35.61,,35.61,30.0,3.64,3.53,3.3
493.8339240550995,30,0.0,41.27,36.47,35.61,,35.61,30.0,3.65,3.53,3.3
494.34738945961,30,0.0,41.32,36.47,35.61,,35.61,30.0,3.65,3.53,3.3
494.8458297252655,30,0.0,41.32,36.47,35.61,,35.61,30.0,3.65,3.53,3.3
495.3443982601166,30,0.0,41.32,36.47,35.61,,35.61,30.0,3.65,3.53,3.3
495.8434941768646,30,0.0,41.32,36.47,35.61,,35.61,30.0,3.65,3.53,3.3
496.3420732021332,30,0.0,41.32,36.47,35.61,,35.61,30.0,3.65,3.53,3.3
496.854327917099,30,0.0,41.32,36.47,35.61,,35.61,30.0,3.65,3.53,3.3
497.35208678245544,30,0.0,41.32,36.47,35.61,,35.61,30.0,3.65,3.53,3.3
497.85001158714294,30,0.0,41.32,36.47,35.61,,35.61,30.0,3.65,3.53,3.3
498.3471677303314,30,0.0,41.32,36.47,35.61,,35.61,30.0,3.65,3.53,3.3
498.8609809875488,30,0.0,41.32,36.47,35.61,,35.61,30.0,3.65,3.53,3.3
499.3600835800171,30,0.0,41.32,36.47,35.61,,35.61,30.0,3.65,3.53,3.3
499.85795068740845,30,0.0,41.32,36.47,35.61,,35.61,30.0,3.65,3.53,3.3
500.354163646698,30,0.0,41.32,36.47,35.61,,35.61,30.0,3.65,3.53,3.3
500.8525516986847,30,0.0,41.32,36.47,35.65,,35.65,30.0,3.65,3.53,3.3
501.35420632362366,30,0.0,41.32,36.47,35.65,,35.65,30.0,3.65,3.53,3.3
501.8668100833893,30,0.0,41.32,36.47,35.65,,35.65,30.0,3.65,3.53,3.3
502.3661262989044,30,0.0,41.32,36.47,35.65,,35.65,30.0,3.65,3.53,3.3
502.8651804924011,30,0.0,41.32,36.47,35.65,,35.65,30.0,3.65,3.53,3.3
503.3657991886139,30,0.0,41.32,36.47,35.65,,35.65,30.0,3.65,3.53,3.3
503.86566281318665,30,0.0,41.32,36.47,35.65,,35.65,30.0,3.65,3.53,3.3
504.3640387058258,30,0.0,41.32,36.51,35.65,,35.65,30.0,3.65,3.53,3.3
504.8661005496979,30,0.0,41.32,36.51,35.65,,35.65,30.0,3.65,3.53,3.3
505.3640344142914,30,0.0,41.32,36.51,35.65,,35.65,30.0,3.65,3.53,3.3
505.8775782585144,30,0.0,41.36,36.51,35.65,,35.65,30.0,3.65,3.53,3.3
506.3781554698944,30,0.0,41.32,36.51,35.68,,35.68,30.0,3.65,3.53,3.31
506.87789011001587,30,0.0,41.32,36.51,35.65,,35.65,30.0,3.65,3.53,3.31
507.3750901222229,30,0.0,41.36,36.51,35.68,,35.68,30.0,3.65,3.53,3.31
507.8726053237915,30,0.0,41.32,36.51,35.68,,35.68,30.0,3.65,3.53,3.31
508.37304759025574,30,0.0,41.32,36.51,35.65,,35.65,30.0,3.65,3.53,3.31
508.8731572628021,30,0.0,41.32,36.51,35.65,,35.65,30.0,3.65,3.53,3.31
509.3858861923218,30,0.0,41.32,36.51,35.65,,35.65,30.0,3.65,3.53,3.31
509.8858575820923,30,0.0,41.36,36.51,35.65,,35.65,30.0,3.65,3.53,3.31
510.3854892253876,30,0.0,41.32,36.51,35.68,,35.68,30.0,3.65,3.53,3.31
510.8824143409729,30,0.0,41.32,36.54,35.68,,35.68,30.0,3.65,3.54,3.31
511.38171124458313,30,0.0,41.36,36.51,35.68,,35.68,30.0,3.65,3.54,3.31
511.8941607475281,30,0.0,41.32,36.54,35.68,,35.68,30.0,3.65,3.54,3.31
512.391360282898,30,0.0,41.36,36.54,35.68,,35.68,30.0,3.65,3.54,3.31
512.8890948295593,30,0.0,41.36,36.54,35.68,,35.68,30.0,3.65,3.54,3.31
513.3884489536285,30,0.0,41.36,36.54,35.68,,35.68,30.0,3.65,3.54,3.31
513.8883571624756,30,0.0,41.36,36.54,35.68,,35.68,30.0,3.65,3.54,3.31
514.3896117210388,30,0.0,41.36,36.54,35.68,,35.68,30.0,3.65,3.54,3.31
514.9036839008331,30,0.0,41.36,36.54,35.68,,35.68,30.0,3.65,3.54,3.31
515.3900451660156,30,0.0,41.36,36.54,35.68,,35.68,30.0,3.65,3.54,3.31
515.8923330307007,30,0.0,41.36,36.54,35.68,,35.68,30.0,3.65,3.54,3.31
516.4076344966888,30,0.0,41.36,36.54,35.68,,35.68,30.0,3.65,3.54,3.31
516.9084467887878,30,0.0,41.36,36.54,35.68,,35.68,30.0,3.65,3.54,3.31
517.4033222198486,30,0.0,41.36,36.57,35.68,,35.68,30.0,3.65,3.54,3.31
517.8996756076813,30,0.0,41.36,36.57,35.68,,35.68,30.0,3.65,3.54,3.31
518.3984010219574,30,0.0,41.36,36.57,35.72,,35.72,30.0,3.65,3.54,3.31
518.9106121063232,30,0.0,41.36,36.57,35.72,,35.72,30.0,3.65,3.54,3.31
519.413182258606,30,0.0,41.36,36.57,35.72,,35.72,30.0,3.65,3.54,3.31
519.912718296051,30,0.0,41.36,36.57,35.72,,35.72,30.0,3.65,3.54,3.31
520.4127101898193,30,0.0,41.36,36.57,35.72,,35.72,30.0,3.65,3.54,3.31
520.9103486537933,30,0.0,41.36,36.57,35.72,,35.72,30.0,3.65,3.54,3.31
521.4099230766296,30,0.0,41.36,36.57,35.72,,35.72,30.0,3.65,3.54,3.31
521.9229581356049,30,0.0,41.36,36.57,35.72,,35.72,30.0,3.65,3.54,3.31
522.4101283550262,30,0.0,41.36,36.57,35.72,,35.72,30.0,3.65,3.54,3.31
522.9218549728394,30,0.0,41.36,36.57,35.72,,35.72,30.0,3.65,3.54,3.31
523.4199042320251,30,0.0,41.36,36.57,35.75,,35.75,30.0,3.65,3.54,3.32
523.9178793430328,30,0.0,41.36,36.57,35.75,,35.75,30.0,3.65,3.54,3.32
524.4144818782806,30,0.0,41.36,36.57,35.75,,35.75,30.0,3.65,3.54,3.32
524.9284501075745,30,0.0,41.36,36.57,35.75,,35.75,30.0,3.65,3.54,3.32
525.4274296760559,30,0.0,41.36,36.57,35.75,,35.75,30.0,3.65,3.54,3.32
525.9268419742584,30,0.0,41.36,36.57,35.75,,35.75,30.0,3.65,3.54,3.32
526.4240465164185,30,0.0,41.36,36.57,35.75,,35.75,30.0,3.65,3.54,3.32
526.9206323623657,30,0.0,41.36,36.57,35.75,,35.75,30.0,3.66,3.54,3.32
527.4337558746338,30,0.0,41.41,36.57,35.75,,35.75,30.0,3.66,3.54,3.32
527.9331092834473,30,0.0,41.41,36.57,35.75,,35.75,30.0,3.66,3.54,3.32
528.4290912151337,30,0.0,41.41,36.57,35.75,,35.75,30.0,3.66,3.54,3.32
528.9276394844055,30,0.0,41.41,36.57,35.75,,35.75,30.0,3.66,3.54,3.32
529.4424436092377,30,0.0,41.41,36.6,35.75,,35.75,30.0,3.66,3.55,3.32
529.939849615097,30,0.0,41.41,36.6,35.75,,35.75,30.0,3.66,3.55,3.32
530.4389309883118,30,0.0,41.41,36.6,35.75,,35.75,30.0,3.66,3.54,3.32
530.9359760284424,30,0.0,41.41,36.6,35.75,,35.75,30.0,3.66,3.55,3.32
531.4338200092316,30,0.0,41.41,36.6,35.79,,35.79,30.0,3.66,3.55,3.32
531.9341607093811,30,0.0,41.36,36.6,35.79,,35.79,30.0,3.66,3.55,3.32
532.4484994411469,30,0.0,41.41,36.6,35.79,,35.79,30.0,3.66,3.55,3.32
532.9457452297211,30,0.0,41.41,36.6,35.79,,35.79,30.0,3.66,3.55,3.32
533.4439084529877,30,0.0,41.41,36.6,35.79,,35.79,30.0,3.66,3.55,3.32
533.9425926208496,30,0.0,41.41,36.6,35.79,,35.79,30.0,3.66,3.55,3.32
534.4435374736786,30,0.0,41.41,36.6,35.79,,35.79,30.0,3.66,3.55,3.32
534.9564781188965,30,0.0,41.41,36.6,35.79,,35.79,30.0,3.66,3.55,3.32
535.4551858901978,30,0.0,41.41,36.6,35.79,,35.79,30.0,3.66,3.55,3.32
535.9568729400635,30,0.0,41.41,36.6,35.79,,35.79,30.0,3.66,3.55,3.32
536.456556558609,30,0.0,41.41,36.64,35.79,,35.79,30.0,3.66,3.55,3.32
536.9564821720123,30,0.0,41.41,36.64,35.79,,35.79,30.0,3.66,3.55,3.32
537.456995010376,30,0.0,41.41,36.64,35.79,,35.79,30.0,3.66,3.55,3.32
537.9605495929718,30,0.0,41.41,36.6,35.79,,35.79,30.0,3.66,3.55,3.32
538.4619615077972,30,0.0,41.41,36.64,35.79,,35.79,30.0,3.66,3.55,3.32
538.9622700214386,30,0.0,41.41,36.64,35.82,,35.82,30.0,3.66,3.55,3.33
539.457371711731,30,0.0,41.41,36.64,35.79,,35.79,30.0,3.66,3.55,3.33
539.9620037078857,30,0.0,41.41,36.64,35.82,,35.82,30.0,3.66,3.55,3.33
540.4611501693726,30,0.0,41.41,36.64,35.82,,35.82,30.0,3.66,3.55,3.33
540.9597980976105,30,0.0,41.45,36.64,35.82,,35.82,30.0,3.66,3.55,3.33
541.4720180034637,30,0.0,41.41,36.64,35.82,,35.82,30.0,3.66,3.55,3.33
541.9716536998749,30,0.0,41.45,36.64,35.82,,35.82,30.0,3.66,3.55,3.33
542.4656217098236,30,0.0,41.45,36.64,35.82,,35.82,30.0,3.66,3.55,3.33
542.9633309841156,30,0.0,41.45,36.64,35.82,,35.82,30.0,3.66,3.55,3.33
543.4771778583527,30,0.0,41.45,36.64,35.79,,35.79,30.0,3.66,3.55,3.33
543.9776690006256,30,0.0,41.45,36.64,35.82,,35.82,30.0,3.66,3.55,3.33
544.4780242443085,30,0.0,41.45,36.64,35.82,,35.82,30.0,3.66,3.55,3.33
544.9730772972107,30,0.0,41.45,36.64,35.82,,35.82,30.0,3.66,3.55,3.33
545.4709742069244,30,0.0,41.45,36.64,35.82,,35.82,30.0,3.66,3.55,3.33
545.9848523139954,30,0.0,41.45,36.64,35.82,,35.82,30.0,3.66,3.55,3.33
546.4845724105835,30,0.0,41.45,36.64,35.82,,35.82,30.0,3.66,3.55,3.33
546.9848189353943,30,0.0,41.45,36.64,35.82,,35.82,30.0,3.66,3.55,3.33
547.483170747757,30,0.0,41.45,36.64,35.82,,35.82,30.0,3.66,3.55,3.33
547.9817523956299,30,0.0,41.45,36.64,35.82,,35.82,30.0,3.66,3.55,3.33
548.4807996749878,30,0.0,41.45,36.64,35.82,,35.82,30.0,3.66,3.55,3.33
548.9814889431,30,0.0,41.45,36.64,35.82,,35.82,30.0,3.66,3.55,3.33
549.4954400062561,30,0.0,41.45,36.64,35.82,,35.82,30.0,3.66,3.55,3.33
549.9921131134033,30,0.0,41.45,36.64,35.82,,35.82,30.0,3.66,3.55,3.33
550.4921600818634,30,0.0,41.45,36.64,35.86,,35.86,30.0,3.66,3.55,3.33
550.9924397468567,30,0.0,41.45,36.64,35.86,,35.86,30.0,3.66,3.55,3.33
551.4884948730469,30,0.0,41.45,36.64,35.86,,35.86,30.0,3.66,3.55,3.33
551.9913854598999,30,0.0,41.45,36.64,35.86,,35.86,30.0,3.66,3.55,3.33
552.5015113353729,30,0.0,41.45,36.64,35.86,,35.86,30.0,3.66,3.55,3.33
553.0018782615662,30,0.0,41.45,36.64,35.86,,35.86,30.0,3.66,3.55,3.33
553.5021324157715,30,0.0,41.45,36.64,35.86,,35.86,30.0,3.66,3.55,3.33
554.0003447532654,30,0.0,41.45,36.64,35.82,,35.82,30.0,3.66,3.55,3.33
554.502673625946,30,0.0,41.5,36.64,35.86,,35.86,30.0,3.66,3.55,3.33
555.0008282661438,30,0.0,41.5,36.64,35.82,,35.82,30.0,3.66,3.55,3.33
555.5036804676056,30,0.0,41.5,36.64,35.82,,35.82,30.0,3.67,3.55,3.33
556.000283241272,30,0.0,41.5,36.64,35.82,,35.82,30.0,3.67,3.55,3.33
556.5018534660339,30,0.0,41.5,36.64,35.82,,35.82,30.0,3.67,3.55,3.33
557.0005309581757,30,0.0,41.5,36.64,35.82,,35.82,30.0,3.67,3.55,3.33
557.5171549320221,30,0.0,41.5,36.64,35.82,,35.82,30.0,3.67,3.55,3.33
558.0131316184998,30,0.0,41.5,36.64,35.82,,35.82,30.0,3.67,3.55,3.33
558.5113868713379,30,0.0,41.5,36.64,35.82,,35.82,30.0,3.67,3.55,3.33
559.0071332454681,30,0.0,41.5,36.64,35.82,,35.82,30.0,3.67,3.55,3.33
559.5225012302399,30,0.0,41.5,36.64,35.82,,35.82,30.0,3.67,3.56,3.33
560.0218379497528,30,0.0,41.5,36.67,35.86,,35.86,30.0,3.67,3.56,3.33
560.520437002182,30,0.0,41.5,36.67,35.86,,35.86,30.0,3.67,3.56,3.33
561.0227687358856,30,0.0,41.5,36.67,35.86,,35.86,30.0,3.67,3.56,3.33
561.5225567817688,30,0.0,41.5,36.67,35.86,,35.86,30.0,3.67,3.56,3.33
562.018673658371,30,0.0,41.5,36.67,35.86,,35.86,30.0,3.67,3.56,3.33
562.5170609951019,30,0.0,41.5,36.67,35.86,,35.86,30.0,3.67,3.56,3.33
563.030335187912,30,0.0,41.5,36.67,35.86,,35.86,30.0,3.67,3.56,3.33
563.528769493103,30,0.0,41.5,36.67,35.86,,35.86,30.0,3.67,3.56,3.33
564.0292360782623,30,0.0,41.5,36.7,35.86,,35.86,30.0,3.67,3.56,3.33
564.5265436172485,30,0.0,41.5,36.7,35.86,,35.86,30.0,3.67,3.56,3.33
565.0331060886383,30,0.0,41.5,36.7,35.86,,35.86,30.0,3.67,3.56,3.33
565.5320873260498,30,0.0,41.5,36.7,35.86,,35.86,30.0,3.67,3.56,3.33
566.0296444892883,30,0.0,41.5,36.7,35.86,,35.86,30.0,3.67,3.56,3.33
566.52867436409,30,0.0,41.5,36.7,35.89,,35.89,30.0,3.67,3.56,3.34
567.0275566577911,30,0.0,41.5,36.7,35.89,,35.89,30.0,3.67,3.56,3.34
567.5384683609009,30,0.0,41.5,36.7,35.89,,35.89,30.0,3.67,3.56,3.34
568.0373024940491,30,0.0,41.5,36.7,35.89,,35.89,30.0,3.67,3.56,3.34
568.5382726192474,30,0.0,41.5,36.7,35.89,,35.89,30.0,3.67,3.56,3.34
569.0345911979675,30,0.0,41.5,36.7,35.89,,35.89,30.0,3.67,3.56,3.34
569.5460498332977,30,0.0,41.5,36.7,35.89,,35.89,30.0,3.67,3.56,3.34
570.0427157878876,30,0.0,41.5,36.7,35.89,,35.89,30.0,3.67,3.56,3.34
570.5413603782654,30,0.0,41.5,36.7,35.89,,35.89,30.0,3.67,3.56,3.34
571.0397479534149,30,0.0,41.5,36.7,35.89,,35.89,30.0,3.67,3.56,3.34
571.539392709732,30,0.0,41.5,36.7,35.89,,35.89,30.0,3.67,3.56,3.34
572.0546598434448,30,0.0,41.54,36.7,35.89,,35.89,30.0,3.67,3.56,3.34
572.5539536476135,30,0.0,41.5,36.7,35.89,,35.89,30.0,3.67,3.56,3.34
573.055052280426,30,0.0,41.54,36.7,35.89,,35.89,30.0,3.67,3.56,3.34
573.5526218414307,30,0.0,41.5,36.7,35.89,,35.89,30.0,3.67,3.56,3.34
574.0486402511597,30,0.0,41.54,36.7,35.89,,35.89,30.0,3.67,3.56,3.34
574.550062417984,30,0.0,41.5,36.7,35.89,,35.89,30.0,3.67,3.56,3.34
575.053147315979,30,0.0,41.54,36.7,35.89,,35.89,30.0,3.67,3.56,3.34
575.5503466129303,30,0.0,41.54,36.7,35.89,,35.89,30.0,3.67,3.56,3.34
576.0627338886261,30,0.0,41.54,36.7,35.93,,35.93,30.0,3.67,3.56,3.34
576.566712141037,30,0.0,41.54,36.7,35.89,,35.89,30.0,3.67,3.56,3.34
577.0659618377686,30,0.0,41.54,36.7,35.93,,35.93,30.0,3.67,3.56,3.34
577.5680148601532,30,0.0,41.54,36.7,35.93,,35.93,30.0,3.67,3.56,3.34
578.0654094219208,30,0.0,41.54,36.7,35.93,,35.93,30.0,3.67,3.56,3.34
578.5649116039276,30,0.0,41.54,36.7,35.93,,35.93,30.0,3.67,3.56,3.34
579.0663695335388,30,0.0,41.54,36.7,35.93,,35.93,30.0,3.67,3.56,3.34
579.5661895275116,30,0.0,41.54,36.7,35.93,,35.93,30.0,3.67,3.56,3.34
580.0658662319183,30,0.0,41.54,36.7,35.93,,35.93,30.0,3.67,3.56,3.34
580.5635921955109,30,0.0,41.54,36.7,35.93,,35.93,30.0,3.67,3.56,3.34
581.0657005310059,30,0.0,41.54,36.7,35.93,,35.93,30.0,3.67,3.56,3.34
581.5761559009552,30,0.0,41.54,36.7,35.93,,35.93,30.0,3.67,3.56,3.34
582.0757374763489,30,0.0,41.54,36.7,35.93,,35.93,30.0,3.67,3.56,3.34
582.5746703147888,30,0.0,41.54,36.7,35.93,,35.93,30.0,3.67,3.56,3.34
583.0730774402618,30,0.0,41.54,36.7,35.93,,35.93,30.0,3.67,3.56,3.34
583.5709481239319,30,0.0,41.54,36.7,35.93,,35.93,30.0,3.67,3.56,3.34
584.0857305526733,30,0.0,41.54,36.7,35.93,,35.93,30.0,3.67,3.56,3.34
584.5825052261353,30,0.0,41.54,36.7,35.93,,35.93,30.0,3.67,3.56,3.34
585.080470085144,30,0.0,41.54,36.7,35.93,,35.93,30.0,3.67,3.57,3.34
585.5821752548218,30,0.0,41.54,36.73,35.93,,35.93,30.0,3.67,3.57,3.34
586.0798652172089,30,0.0,41.54,36.73,35.93,,35.93,30.0,3.67,3.57,3.34
586.5806205272675,30,0.0,41.54,36.73,35.93,,35.93,30.0,3.67,3.57,3.34
587.0944864749908,30,0.0,41.54,36.73,35.93,,35.93,30.0,3.67,3.57,3.34
587.593995809555,30,0.0,41.54,36.7,35.93,,35.93,30.0,3.67,3.57,3.34
588.0928876399994,30,0.0,41.54,36.73,35.93,,35.93,30.0,3.67,3.57,3.34
588.5898947715759,30,0.0,41.54,36.73,35.93,,35.93,30.0,3.67,3.57,3.35
589.092010974884,30,0.0,41.54,36.7,35.93,,35.93,30.0,3.67,3.57,3.34
589.5940997600555,30,0.0,41.54,36.73,35.93,,35.93,30.0,3.67,3.57,3.34
590.0943257808685,30,0.0,41.54,36.73,35.93,,35.93,30.0,3.67,3.57,3.34
590.5932495594025,30,0.0,41.54,36.73,35.93,,35.93,30.0,3.67,3.57,3.35
591.0926654338837,30,0.0,41.54,36.73,35.96,,35.96,30.0,3.67,3.57,3.35
591.6028017997742,30,0.0,41.54,36.73,35.96,,35.96,30.0,3.67,3.57,3.35
592.1007940769196,30,0.0,41.54,36.73,35.96,,35.96,30.0,3.67,3.57,3.34
592.6015305519104,30,0.0,41.54,36.73,35.96,,35.96,30.0,3.67,3.57,3.35
593.1040771007538,30,0.0,41.54,36.73,35.96,,35.96,30.0,3.67,3.57,3.35
593.6019747257233,30,0.0,41.54,36.73,35.96,,35.96,30.0,3.67,3.57,3.35
594.099725484848,30,0.0,41.54,36.73,35.96,,35.96,30.0,3.67,3.57,3.35
594.6119475364685,30,0.0,41.54,36.73,35.96,,35.96,30.0,3.67,3.57,3.35
595.1125290393829,30,0.0,41.54,36.73,35.96,,35.96,30.0,3.67,3.57,3.35
595.6093022823334,30,0.0,41.54,36.73,35.96,,35.96,30.0,3.67,3.57,3.35
596.1085283756256,30,0.0,41.54,36.73,35.96,,35.96,30.0,3.67,3.57,3.35
596.6121616363525,30,0.0,41.54,36.73,35.96,,35.96,30.0,3.67,3.57,3.35
597.1085467338562,30,0.0,41.54,36.77,35.96,,35.96,30.0,3.67,3.57,3.35
597.6091859340668,30,0.0,41.54,36.77,35.96,,35.96,30.0,3.67,3.57,3.35
598.1097853183746,30,0.0,41.54,36.77,35.96,,35.96,30.0,3.67,3.57,3.35
598.6120276451111,30,0.0,41.54,36.77,35.96,,35.96,30.0,3.67,3.57,3.35
599.124255657196,30,0.0,41.54,36.77,35.96,,35.96,30.0,3.67,3.57,3.35
599.6226289272308,30,0.0,41.54,36.77,35.96,,35.96,30.0,3.67,3.57,3.35
600.1209454536438,30,0.0,41.54,36.77,35.96,,35.96,30.0,3.67,3.57,3.35
600.6188473701477,30,0.0,41.54,36.77,35.96,,35.96,30.0,3.67,3.57,3.35
601.1185436248779,30,0.0,41.54,36.77,35.96,,35.96,30.0,3.67,3.57,3.35
601.6299414634705,30,0.0,41.54,36.77,36.0,,36.0,30.0,3.67,3.57,3.35
602.1261866092682,30,0.0,41.54,36.77,35.96,,35.96,30.0,3.67,3.57,3.35
602.6267197132111,30,0.0,41.54,36.77,36.0,,36.0,30.0,3.67,3.57,3.35
603.1269540786743,30,0.0,41.54,36.77,36.0,,36.0,30.0,3.67,3.57,3.35
603.6263799667358,30,0.0,41.54,36.77,35.96,,35.96,30.0,3.67,3.57,3.35
604.1284291744232,30,0.0,41.54,36.77,36.0,,36.0,30.0,3.67,3.57,3.35
604.6280324459076,30,0.0,41.54,36.77,36.0,,36.0,30.0,3.67,3.57,3.35
605.1422047615051,30,0.0,41.54,36.77,36.0,,36.0,30.0,3.67,3.57,3.35
605.6385402679443,30,0.0,41.54,36.77,36.0,,36.0,30.0,3.67,3.57,3.35
606.1391768455505,30,0.0,41.54,36.77,36.0,,36.0,30.0,3.67,3.57,3.35
606.6357171535492,30,0.0,41.54,36.77,36.0,,36.0,30.0,3.67,3.57,3.35
607.1342225074768,30,0.0,41.54,36.77,36.0,,36.0,30.0,3.67,3.57,3.35
607.6360476016998,30,0.0,41.54,36.77,36.0,,36.0,30.0,3.67,3.57,3.35
608.1468234062195,30,0.0,41.54,36.77,36.0,,36.0,30.0,3.67,3.58,3.35
608.6477103233337,30,0.0,41.54,36.8,36.0,,36.0,30.0,3.67,3.58,3.35
609.1444382667542,30,0.0,41.59,36.8,36.0,,36.0,30.0,3.68,3.58,3.35
609.6424264907837,30,0.0,41.59,36.8,36.0,,36.0,30.0,3.68,3.58,3.35
610.1431012153625,30,0.0,41.59,36.8,36.0,,36.0,30.0,3.68,3.58,3.35
610.6450161933899,30,0.0,41.59,36.8,36.0,,36.0,30.0,3.68,3.58,3.35
611.1584568023682,30,0.0,41.59,36.8,36.0,,36.0,30.0,3.68,3.58,3.35
611.6577706336975,30,0.0,41.59,36.8,36.0,,36.0,30.0,3.68,3.58,3.35
612.1560776233673,30,0.0,41.59,36.8,36.0,,36.0,30.0,3.68,3.58,3.35
612.6539220809937,30,0.0,41.59,36.8,36.0,,36.0,30.0,3.68,3.58,3.35
613.1519467830658,30,0.0,41.59,36.8,36.0,,36.0,30.0,3.68,3.58,3.35
613.6525957584381,30,0.0,41.59,36.8,36.0,,36.0,30.0,3.68,3.58,3.35
614.1682078838348,30,0.0,41.59,36.77,36.0,,36.0,30.0,3.68,3.57,3.35
614.6679430007935,30,0.0,41.63,36.77,36.0,,36.0,30.0,3.68,3.57,3.35
615.1703195571899,30,0.0,41.63,36.77,36.0,,36.0,30.0,3.68,3.57,3.35
615.6688368320465,30,0.0,41.63,36.77,36.0,,36.0,30.0,3.68,3.57,3.35
616.1696393489838,30,0.0,41.63,36.77,36.0,,36.0,30.0,3.68,3.57,3.35
616.6632595062256,30,0.0,41.63,36.77,36.0,,36.0,30.0,3.68,3.57,3.35
617.1653945446014,30,0.0,41.63,36.77,36.0,,36.0,30.0,3.68,3.57,3.35
617.6667046546936,30,0.0,41.63,36.77,36.0,,36.0,30.0,3.68,3.57,3.35
618.1640267372131,30,0.0,41.63,36.77,36.0,,36.0,30.0,3.68,3.57,3.35
618.6767375469208,30,0.0,41.63,36.77,36.0,,36.0,30.0,3.68,3.57,3.35
619.172712802887,30,0.0,41.63,36.8,36.0,,36.0,30.0,3.68,3.57,3.35
619.6762306690216,30,0.0,41.63,36.77,36.0,,36.0,30.0,3.68,3.58,3.35
620.1730406284332,30,0.0,41.63,36.8,36.0,,36.0,30.0,3.68,3.58,3.35
620.6732170581818,30,0.0,41.63,36.8,36.0,,36.0,30.0,3.68,3.58,3.35
621.1746637821198,30,0.0,41.59,36.8,36.0,,36.0,30.0,3.68,3.58,3.35
621.6757364273071,30,0.0,41.63,36.8,36.0,,36.0,30.0,3.68,3.58,3.35
622.1747176647186,30,0.0,41.63,36.8,36.0,,36.0,30.0,3.68,3.58,3.35
622.6910226345062,30,0.0,41.63,36.8,36.0,,36.0,30.0,3.68,3.58,3.35
623.1896212100983,30,0.0,41.59,36.8,36.03,,36.03,30.0,3.68,3.58,3.36
623.6896433830261,30,0.0,41.59,36.8,36.03,,36.03,30.0,3.68,3.58,3.36
624.1879127025604,30,0.0,41.59,36.8,36.03,,36.03,30.0,3.68,3.58,3.36
624.689973115921,30,0.0,41.59,36.8,36.03,,36.03,30.0,3.68,3.58,3.36
625.1876130104065,30,0.0,41.59,36.83,36.07,,36.07,30.0,3.68,3.58,3.36
625.6840014457703,30,0.0,41.59,36.8,36.07,,36.07,30.0,3.68,3.58,3.36
626.1987233161926,30,0.0,41.59,36.8,36.07,,36.07,30.0,3.68,3.58,3.36
626.6986999511719,30,0.0,41.59,36.83,36.07,,36.07,30.0,3.68,3.58,3.36
627.1978394985199,30,0.0,41.59,36.83,36.07,,36.07,30.0,3.68,3.58,3.36
627.6938548088074,30,0.0,41.59,36.83,36.07,,36.07,30.0,3.68,3.58,3.36
628.196902513504,30,0.0,41.59,36.83,36.07,,36.07,30.0,3.68,3.58,3.36
628.6928403377533,30,0.0,41.59,36.86,36.07,,36.07,30.0,3.68,3.59,3.36
629.2054104804993,30,0.0,41.59,36.83,36.07,,36.07,30.0,3.68,3.58,3.36
629.7017045021057,30,0.0,41.59,36.83,36.07,,36.07,30.0,3.68,3.58,3.36
630.2031636238098,30,0.0,41.59,36.83,36.07,,36.07,30.0,3.68,3.58,3.37
630.7058227062225,30,0.0,41.59,36.83,36.07,,36.07,30.0,3.68,3.58,3.37
631.2025156021118,30,0.0,41.59,36.83,36.1,,36.1,30.0,3.68,3.58,3.37
631.701500415802,30,0.0,41.59,36.83,36.1,,36.1,30.0,3.68,3.58,3.37
632.2019681930542,30,0.0,41.59,36.83,36.1,,36.1,30.0,3.68,3.58,3.37
632.7162456512451,30,0.0,41.59,36.83,36.1,,36.1,30.0,3.68,3.58,3.37
633.2117440700531,30,0.0,41.63,36.83,36.07,,36.07,30.0,3.68,3.58,3.37
633.7148339748383,30,0.0,41.63,36.83,36.07,,36.07,30.0,3.68,3.58,3.36
634.2170000076294,30,0.0,41.59,36.83,36.07,,36.07,30.0,3.68,3.58,3.36
634.7168519496918,30,0.0,41.63,36.83,36.07,,36.07,30.0,3.68,3.58,3.36
635.2150149345398,30,0.0,41.63,36.83,36.07,,36.07,30.0,3.68,3.58,3.36
635.7134747505188,30,0.0,41.63,36.83,36.07,,36.07,30.0,3.68,3.58,3.36
636.2121138572693,30,0.0,41.63,36.83,36.07,,36.07,30.0,3.68,3.58,3.36
636.7130351066589,30,0.0,41.63,36.83,36.07,,36.07,30.0,3.68,3.58,3.36
637.2271327972412,30,0.0,41.59,36.83,36.07,,36.07,30.0,3.68,3.58,3.36
637.7255160808563,30,0.0,41.63,36.83,36.07,,36.07,30.0,3.68,3.58,3.36
638.226567029953,30,0.0,41.63,36.83,36.07,,36.07,30.0,3.68,3.58,3.36
638.7252569198608,30,0.0,41.63,36.83,36.07,,36.07,30.0,3.68,3.58,3.36
639.2267198562622,30,0.0,41.63,36.83,36.07,,36.07,30.0,3.68,3.58,3.36
639.7218179702759,30,0.0,41.63,36.83,36.07,,36.07,30.0,3.68,3.58,3.36
640.2332928180695,30,0.0,41.63,36.83,36.07,,36.07,30.0,3.68,3.58,3.36
640.7324497699738,30,0.0,41.63,36.83,36.07,,36.07,30.0,3.68,3.58,3.36
641.2322309017181,30,0.0,41.63,36.83,36.07,,36.07,30.0,3.68,3.58,3.36
641.7329692840576,30,0.0,41.63,36.83,36.07,,36.07,30.0,3.68,3.58,3.36
642.2288892269135,30,0.0,41.63,36.83,36.07,,36.07,30.0,3.68,3.58,3.36
642.731299161911,30,0.0,41.63,36.83,36.07,,36.07,30.0,3.68,3.58,3.36
643.2304084300995,30,0.0,41.59,36.83,36.07,,36.07,30.0,3.68,3.58,3.36
643.7452290058136,30,0.0,41.63,36.83,36.07,,36.07,30.0,3.68,3.58,3.36
644.2422604560852,30,0.0,41.63,36.83,36.07,,36.07,30.0,3.68,3.58,3.36
644.7423141002655,30,0.0,41.63,36.83,36.07,,36.07,30.0,3.68,3.58,3.36
645.2396175861359,30,0.0,41.63,36.83,36.07,,36.07,30.0,3.68,3.58,3.36
645.7354609966278,30,0.0,41.63,36.83,36.07,,36.07,30.0,3.68,3.58,3.36
646.2496237754822,30,0.0,41.63,36.83,36.07,,36.07,30.0,3.68,3.58,3.36
646.7527887821198,30,0.0,41.63,36.83,36.07,,36.07,30.0,3.68,3.58,3.36
647.2480330467224,30,0.0,41.63,36.83,36.07,,36.07,30.0,3.68,3.58,3.36
647.7442348003387,30,0.0,41.63,36.83,36.07,,36.07,30.0,3.68,3.58,3.36
648.2444496154785,30,0.0,41.63,36.83,36.07,,36.07,30.0,3.68,3.58,3.36
648.7568302154541,30,0.0,41.63,36.83,36.03,,36.03,30.0,3.68,3.58,3.36
649.2521545886993,30,0.0,41.63,36.83,36.03,,36.03,30.0,3.68,3.59,3.36
649.7515766620636,30,0.0,41.63,36.86,36.03,,36.03,30.0,3.68,3.59,3.36
650.2507810592651,30,0.0,41.63,36.83,36.03,,36.03,30.0,3.68,3.58,3.36
650.7645840644836,30,0.0,41.63,36.86,36.03,,36.03,30.0,3.68,3.59,3.36
651.2641682624817,30,0.0,41.63,36.83,36.03,,36.03,30.0,3.68,3.59,3.36
651.7639224529266,30,0.0,41.63,36.86,36.03,,36.03,30.0,3.68,3.58,3.36
652.2611312866211,30,0.0,41.63,36.86,36.03,,36.03,30.0,3.68,3.59,3.36
652.7583520412445,30,0.0,41.63,36.86,36.03,,36.03,30.0,3.68,3.59,3.36
653.2582807540894,30,0.0,41.63,36.86,36.07,,36.07,30.0,3.68,3.59,3.36
653.7713842391968,30,0.0,41.63,36.86,36.07,,36.07,30.0,3.69,3.59,3.36
654.2725915908813,30,0.0,41.63,36.86,36.07,,36.07,30.0,3.69,3.59,3.36
654.7734181880951,30,0.0,41.63,36.86,36.07,,36.07,30.0,3.68,3.59,3.36
655.2687094211578,30,0.0,41.63,36.86,36.07,,36.07,30.0,3.68,3.59,3.36
655.7681996822357,30,0.0,41.63,36.86,36.07,,36.07,30.0,3.68,3.59,3.36
656.2668566703796,30,0.0,41.63,36.86,36.07,,36.07,30.0,3.68,3.59,3.36
656.7647967338562,30,0.0,41.63,36.86,36.07,,36.07,30.0,3.69,3.59,3.36
657.2786893844604,30,0.0,41.63,36.86,36.07,,36.07,30.0,3.69,3.59,3.36
657.7772223949432,30,0.0,41.63,36.86,36.07,,36.07,30.0,3.69,3.59,3.36
658.2769393920898,30,0.0,41.63,36.86,36.07,,36.07,30.0,3.69,3.59,3.36
658.777202129364,30,0.0,41.63,36.86,36.07,,36.07,30.0,3.69,3.59,3.36
659.279269695282,30,0.0,41.68,36.86,36.07,,36.07,30.0,3.69,3.59,3.36
659.7763206958771,30,0.0,41.68,36.86,36.07,,36.07,30.0,3.69,3.59,3.36
660.2906477451324,30,0.0,41.68,36.86,36.07,,36.07,30.0,3.69,3.59,3.36
660.7908756732941,30,0.0,41.68,36.86,36.07,,36.07,30.0,3.69,3.59,3.36
661.2924926280975,30,0.0,41.68,36.86,36.07,,36.07,30.0,3.69,3.59,3.36
661.7907817363739,30,0.0,41.68,36.86,36.07,,36.07,30.0,3.69,3.59,3.36
662.287859916687,30,0.0,41.68,36.86,36.07,,36.07,30.0,3.69,3.59,3.36
662.7872135639191,30,0.0,41.68,36.86,36.07,,36.07,30.0,3.69,3.59,3.36
663.2838361263275,30,0.0,41.68,36.86,36.07,,36.07,30.0,3.69,3.59,3.36
663.7975702285767,30,0.0,41.68,36.86,36.07,,36.07,30.0,3.69,3.59,3.36
664.2964849472046,30,0.0,41.68,36.86,36.07,,36.07,30.0,3.69,3.59,3.36
664.7977287769318,30,0.0,41.68,36.86,36.07,,36.07,30.0,3.69,3.59,3.36
665.2986822128296,30,0.0,41.68,36.86,36.07,,36.07,30.0,3.69,3.59,3.36
665.7979233264923,30,0.0,41.68,36.86,36.07,,36.07,30.0,3.69,3.59,3.36
666.296745300293,30,0.0,41.68,36.86,36.07,,36.07,30.0,3.69,3.59,3.36
666.7959794998169,30,0.0,41.68,36.83,36.07,,36.07,30.0,3.69,3.58,3.36
667.2975375652313,30,0.0,41.68,36.83,36.07,,36.07,30.0,3.69,3.58,3.36
667.7987699508667,30,0.0,41.68,36.83,36.07,,36.07,30.0,3.69,3.58,3.36
668.3005616664886,30,0.0,41.68,36.86,36.07,,36.07,30.0,3.69,3.59,3.36
668.7996165752411,30,0.0,41.68,36.86,36.07,,36.07,30.0,3.69,3.59,3.36
669.2987282276154,30,0.0,41.68,36.86,36.07,,36.07,30.0,3.69,3.58,3.36
669.8113911151886,30,0.0,41.68,36.86,36.07,,36.07,30.0,3.69,3.59,3.36
670.3130912780762,30,0.0,41.68,36.86,36.07,,36.07,30.0,3.69,3.59,3.36
670.8120853900909,30,0.0,41.68,36.86,36.07,,36.07,30.0,3.69,3.59,3.36
671.3141024112701,30,0.0,41.68,36.86,36.07,,36.07,30.0,3.69,3.59,3.36
671.8097670078278,30,0.0,41.68,36.86,36.07,,36.07,30.0,3.69,3.59,3.36
672.3110630512238,30,0.0,41.68,36.86,36.1,,36.1,30.0,3.69,3.59,3.37
672.8090379238129,30,0.0,41.68,36.86,36.1,,36.1,30.0,3.69,3.59,3.37
673.3219320774078,30,0.0,41.68,36.86,36.1,,36.1,30.0,3.69,3.59,3.37
673.8224844932556,30,0.0,41.68,36.86,36.1,,36.1,30.0,3.69,3.59,3.37
674.3230149745941,30,0.0,41.68,36.86,36.1,,36.1,30.0,3.69,3.59,3.37
674.8197655677795,30,0.0,41.68,36.86,36.1,,36.1,30.0,3.69,3.59,3.37
675.3202283382416,30,0.0,41.68,36.86,36.1,,36.1,30.0,3.69,3.59,3.37
675.8164031505585,30,0.0,41.68,36.86,36.14,,36.14,30.0,3.69,3.59,3.37
676.3302309513092,30,0.0,41.68,36.86,36.14,,36.14,30.0,3.69,3.59,3.37
676.8307273387909,30,0.0,41.68,36.86,36.14,,36.14,30.0,3.69,3.59,3.37
677.3288989067078,30,0.0,41.68,36.86,36.14,,36.14,30.0,3.69,3.59,3.37
677.8255620002747,30,0.0,41.68,36.86,36.14,,36.14,30.0,3.69,3.59,3.37
678.3246970176697,30,0.0,41.68,36.86,36.14,,36.14,30.0,3.69,3.59,3.37
678.8258669376373,30,0.0,41.68,36.86,36.14,,36.14,30.0,3.69,3.59,3.37
679.325430393219,30,0.0,41.68,36.86,36.1,,36.1,30.0,3.69,3.59,3.37
679.8388903141022,30,0.0,41.68,36.86,36.1,,36.1,30.0,3.69,3.59,3.37
680.337140083313,30,0.0,41.68,36.86,36.1,,36.1,30.0,3.69,3.59,3.37
680.8349497318268,30,0.0,41.68,36.86,36.1,,36.1,30.0,3.69,3.59,3.37
681.3340933322906,30,0.0,41.68,36.86,36.1,,36.1,30.0,3.69,3.59,3.37
681.835287809372,30,0.0,41.68,36.86,36.1,,36.1,30.0,3.69,3.59,3.37
682.3358671665192,30,0.0,41.72,36.83,36.1,,36.1,30.0,3.69,3.58,3.37
682.8463361263275,30,0.0,41.68,36.83,36.1,,36.1,30.0,3.69,3.58,3.37
683.3431203365326,30,0.0,41.68,36.83,36.1,,36.1,30.0,3.69,3.58,3.37
683.8422145843506,30,0.0,41.72,36.83,36.14,,36.14,30.0,3.69,3.58,3.37
684.3419151306152,30,0.0,41.68,36.86,36.14,,36.14,30.0,3.69,3.58,3.37
684.8538963794708,30,0.0,41.72,36.83,36.14,,36.14,30.0,3.69,3.58,3.37
685.3518748283386,30,0.0,41.68,36.83,36.14,,36.14,30.0,3.69,3.58,3.37
685.8521137237549,30,0.0,41.72,36.83,36.14,,36.14,30.0,3.69,3.58,3.37
686.3541188240051,30,0.0,41.72,36.83,36.14,,36.14,30.0,3.69,3.58,3.37
686.8552238941193,30,0.0,41.72,36.83,36.14,,36.14,30.0,3.69,3.58,3.37
687.3563656806946,30,0.0,41.72,36.83,36.14,,36.14,30.0,3.69,3.58,3.37
687.8519608974457,30,0.0,41.72,36.83,36.14,,36.14,30.0,3.69,3.58,3.37
688.3531630039215,30,0.0,41.72,36.83,36.14,,36.14,30.0,3.69,3.58,3.37
688.8515329360962,30,0.0,41.72,36.83,36.14,,36.14,30.0,3.69,3.58,3.37
689.3657715320587,30,0.0,41.72,36.83,36.14,,36.14,30.0,3.69,3.58,3.37
689.8653297424316,30,0.0,41.72,36.83,36.14,,36.14,30.0,3.69,3.58,3.38
690.3621518611908,30,0.0,41.72,36.83,36.14,,36.14,30.0,3.69,3.58,3.38
690.8644652366638,30,0.0,41.68,36.83,36.14,,36.14,30.0,3.69,3.58,3.38
691.360437631607,30,0.0,41.68,36.83,36.14,,36.14,30.0,3.69,3.58,3.37
691.873916387558,30,0.0,41.68,36.8,36.14,,36.14,30.0,3.69,3.58,3.37
692.3736090660095,30,0.0,41.68,36.83,36.14,,36.14,30.0,3.69,3.58,3.37
692.8692681789398,30,0.0,41.68,36.8,36.14,,36.14,30.0,3.69,3.58,3.37
693.3652212619781,30,0.0,41.68,36.83,36.14,,36.14,30.0,3.69,3.58,3.37
693.8641653060913,30,0.0,41.68,36.8,36.14,,36.14,30.0,3.69,3.58,3.37
694.3734292984009,30,0.0,41.68,36.83,36.14,,36.14,30.0,3.69,3.58,3.37
694.8756737709045,30,0.0,41.68,36.83,36.14,,36.14,30.0,3.69,3.58,3.37
695.3737735748291,30,0.0,41.68,36.83,36.14,,36.14,30.0,3.69,3.58,3.37
695.8746953010559,30,0.0,41.68,36.83,36.14,,36.14,30.0,3.69,3.58,3.37
696.3720650672913,30,0.0,41.68,36.83,36.14,,36.14,30.0,3.69,3.58,3.37
696.8728079795837,30,0.0,41.68,36.83,36.14,,36.14,30.0,3.69,3.58,3.37
697.3741443157196,30,0.0,41.68,36.83,36.14,,36.14,30.0,3.69,3.58,3.37
697.8860681056976,30,0.0,41.68,36.83,36.14,,36.14,30.0,3.69,3.58,3.37
698.381992816925,30,0.0,41.68,36.83,36.14,,36.14,30.0,3.69,3.58,3.37
698.8854250907898,30,0.0,41.68,36.83,36.14,,36.14,30.0,3.69,3.58,3.37
699.391535282135,30,0.0,41.68,36.83,36.14,,36.14,30.0,3.69,3.58,3.37
699.8914272785187,30,0.0,41.68,36.83,36.14,,36.14,30.0,3.69,3.58,3.37
700.3956520557404,30,0.0,41.68,36.83,36.14,,36.14,30.0,3.69,3.58,3.37
700.8977236747742,30,0.0,41.68,36.83,36.14,,36.14,30.0,3.68,3.58,3.37
701.3986442089081,30,0.0,41.68,36.83,36.14,,36.14,30.0,3.68,3.58,3.37
701.8983232975006,30,0.0,41.63,36.83,36.14,,36.14,30.0,3.69,3.58,3.37
702.3967599868774,30,0.0,41.68,36.83,36.14,,36.14,30.0,3.69,3.58,3.37
702.8996167182922,30,0.0,41.63,36.83,36.14,,36.14,30.0,3.69,3.58,3.37
703.3998808860779,30,0.0,41.63,36.83,36.14,,36.14,30.0,3.69,3.58,3.37
703.8978290557861,30,0.0,41.63,36.83,36.14,,36.14,30.0,3.69,3.58,3.37
704.3981409072876,30,0.0,41.68,36.83,36.14,,36.14,30.0,3.68,3.58,3.37
704.896800994873,30,0.0,41.63,36.83,36.14,,36.14,30.0,3.68,3.58,3.37
705.3957760334015,30,0.0,41.68,36.83,36.14,,36.14,30.0,3.69,3.58,3.37
705.9110436439514,30,0.0,41.63,36.83,36.14,,36.14,30.0,3.69,3.58,3.37
706.411542892456,30,0.0,41.68,36.83,36.14,,36.14,30.0,3.69,3.58,3.38
706.9145846366882,30,0.0,41.68,36.83,36.17,,36.17,30.0,3.69,3.58,3.38
707.4156763553619,30,0.0,41.68,36.83,36.17,,36.17,30.0,3.69,3.58,3.38
707.9089851379395,30,0.0,41.68,36.83,36.17,,36.17,30.0,3.69,3.58,3.38
708.407888174057,30,0.0,41.68,36.83,36.17,,36.17,30.0,3.69,3.58,3.38
708.9074974060059,30,0.0,41.68,36.83,36.17,,36.17,30.0,3.69,3.58,3.38
709.4064922332764,30,0.0,41.68,36.83,36.17,,36.17,30.0,3.69,3.59,3.38
709.9310777187347,30,0.0,41.63,36.86,36.17,,36.17,30.0,3.69,3.59,3.38
710.4084551334381,30,0.0,41.63,36.86,36.17,,36.17,30.0,3.69,3.59,3.38
710.9231369495392,30,0.0,41.68,36.86,36.17,,36.17,30.0,3.69,3.59,3.38
711.4183747768402,30,0.0,41.63,36.86,36.17,,36.17,30.0,3.69,3.59,3.38
711.918378829956,30,0.0,41.68,36.86,36.21,,36.21,30.0,3.69,3.59,3.38
712.4177618026733,30,0.0,41.68,36.86,36.21,,36.21,30.0,3.69,3.59,3.38
712.9255928993225,30,0.0,41.68,36.86,36.21,,36.21,30.0,3.69,3.59,3.38
713.4231851100922,30,0.0,41.68,36.86,36.21,,36.21,30.0,3.69,3.59,3.38
713.9182035923004,30,0.0,41.68,36.86,36.17,,36.17,30.0,3.69,3.59,3.38
714.4191842079163,30,0.0,41.68,36.86,36.17,,36.17,30.0,3.69,3.59,3.38
714.9344727993011,30,0.0,41.68,36.86,36.17,,36.17,30.0,3.69,3.59,3.38
715.434032201767,30,0.0,41.68,36.86,36.17,,36.17,30.0,3.69,3.59,3.38
715.9339203834534,30,0.0,41.68,36.86,36.17,,36.17,30.0,3.69,3.59,3.38
716.4349403381348,30,0.0,41.68,36.86,36.17,,36.17,30.0,3.69,3.59,3.38
716.934583902359,30,0.0,41.68,36.9,36.17,,36.17,30.0,3.69,3.59,3.38
717.4322023391724,30,0.0,41.68,36.9,36.17,,36.17,30.0,3.69,3.59,3.38
717.9318745136261,30,0.0,41.68,36.9,36.17,,36.17,30.0,3.69,3.59,3.38
718.4341337680817,30,0.0,41.68,36.9,36.17,,36.17,30.0,3.69,3.59,3.38
718.9360978603363,30,0.0,41.68,36.93,36.17,,36.17,30.0,3.69,3.59,3.38
719.4340562820435,30,0.0,41.68,36.93,36.17,,36.17,30.0,3.69,3.6,3.38
719.9349894523621,30,0.0,41.68,36.93,36.17,,36.17,30.0,3.69,3.6,3.38
720.4489800930023,30,0.0,41.68,36.93,36.21,,36.21,30.0,3.69,3.6,3.38
720.9435727596283,30,0.0,41.68,36.96,36.21,,36.21,30.0,3.69,3.6,3.38
721.4445068836212,30,0.0,41.68,36.96,36.21,,36.21,30.0,3.69,3.6,3.38
721.9392304420471,30,0.0,41.68,36.96,36.21,,36.21,30.0,3.69,3.6,3.38
722.4450876712799,30,0.0,41.68,36.96,36.21,,36.21,30.0,3.69,3.6,3.38
722.9434762001038,30,0.0,41.72,36.96,36.21,,36.21,30.0,3.69,3.6,3.38
723.4550049304962,30,0.0,41.72,36.96,36.21,,36.21,30.0,3.69,3.6,3.38
723.9568758010864,30,0.0,41.72,36.96,36.17,,36.17,30.0,3.69,3.6,3.38
724.4543135166168,30,0.0,41.72,36.93,36.17,,36.17,30.0,3.69,3.6,3.38
724.9505355358124,30,0.0,41.72,36.96,36.17,,36.17,30.0,3.69,3.6,3.38
725.4493803977966,30,0.0,41.72,36.96,36.17,,36.17,30.0,3.69,3.6,3.38
725.9516205787659,30,0.0,41.72,36.96,36.17,,36.17,30.0,3.69,3.6,3.38
726.4648339748383,30,0.0,41.72,36.96,36.17,,36.17,30.0,3.69,3.6,3.38
726.9628767967224,30,0.0,41.72,36.96,36.17,,36.17,30.0,3.69,3.6,3.38
727.4650604724884,30,0.0,41.72,36.96,36.17,,36.17,30.0,3.69,3.6,3.38
727.9638998508453,30,0.0,41.72,36.96,36.17,,36.17,30.0,3.69,3.6,3.38
728.4644131660461,30,0.0,41.72,36.96,36.17,,36.17,30.0,3.69,3.6,3.38
728.960615158081,30,0.0,41.72,36.96,36.17,,36.17,30.0,3.69,3.6,3.38
729.4587802886963,30,0.0,41.72,36.96,36.21,,36.21,30.0,3.69,3.6,3.38
729.9608776569366,30,0.0,41.72,36.96,36.21,,36.21,30.0,3.69,3.6,3.38
730.473819732666,30,0.0,41.72,36.96,36.21,,36.21,30.0,3.69,3.6,3.38
730.9718663692474,30,0.0,41.72,36.96,36.21,,36.21,30.0,3.69,3.6,3.38
731.4655961990356,30,0.0,41.72,36.96,36.21,,36.21,30.0,3.69,3.6,3.38
731.9767498970032,30,0.0,41.72,36.96,36.21,,36.21,30.0,3.69,3.6,3.38
732.4779822826385,30,0.0,41.72,36.96,36.21,,36.21,30.0,3.69,3.6,3.38
732.9792973995209,30,0.0,41.72,36.93,36.21,,36.21,30.0,3.69,3.6,3.38
733.4788990020752,30,0.0,41.72,36.93,36.21,,36.21,30.0,3.69,3.6,3.38
733.9787881374359,30,0.0,41.72,36.93,36.21,,36.21,30.0,3.69,3.6,3.38
734.4743089675903,30,0.0,41.72,36.93,36.21,,36.21,30.0,3.69,3.6,3.38
734.9750587940216,30,0.0,41.77,36.93,36.21,,36.21,30.0,3.7,3.6,3.38
735.4890418052673,30,0.0,41.77,36.93,36.17,,36.17,30.0,3.7,3.6,3.38
735.9762222766876,30,0.0,41.77,36.93,36.17,,36.17,30.0,3.7,3.6,3.38
736.4779167175293,30,0.0,41.77,36.93,36.17,,36.17,30.0,3.7,3.6,3.38
736.9906053543091,30,0.0,41.77,36.93,36.17,,36.17,30.0,3.7,3.6,3.38
737.4913325309753,30,0.0,41.72,36.93,36.17,,36.17,30.0,3.7,3.6,3.38
737.9888803958893,30,0.0,41.72,36.93,36.17,,36.17,30.0,3.7,3.6,3.38
738.4856951236725,30,0.0,41.72,36.96,36.17,,36.17,30.0,3.69,3.6,3.38
738.9866743087769,30,0.0,41.72,36.96,36.17,,36.17,30.0,3.69,3.6,3.38
739.4983062744141,30,0.0,41.72,36.96,36.17,,36.17,30.0,3.69,3.6,3.38
739.9969096183777,30,0.0,41.72,36.93,36.17,,36.17,30.0,3.69,3.6,3.38
740.4918208122253,30,0.0,41.72,36.93,36.17,,36.17,30.0,3.69,3.6,3.38
740.9896137714386,30,0.0,41.72,36.93,36.17,,36.17,30.0,3.69,3.6,3.38
741.5028367042542,30,0.0,41.72,36.93,36.17,,36.17,30.0,3.69,3.6,3.38
742.0010130405426,30,0.0,41.72,36.93,36.17,,36.17,30.0,3.69,3.6,3.38
742.5013477802277,30,0.0,41.72,36.93,36.17,,36.17,30.0,3.69,3.6,3.38
742.9998397827148,30,0.0,41.72,36.93,36.17,,36.17,30.0,3.69,3.6,3.38
743.4975693225861,30,0.0,41.72,36.93,36.17,,36.17,30.0,3.69,3.6,3.38
744.0107970237732,30,0.0,41.72,36.93,36.17,,36.17,30.0,3.69,3.6,3.38
744.5072546005249,30,0.0,41.72,36.93,36.17,,36.17,30.0,3.69,3.6,3.38
745.0059041976929,30,0.0,41.77,36.93,36.17,,36.17,30.0,3.7,3.6,3.38
745.50443983078,30,0.0,41.77,36.93,36.17,,36.17,30.0,3.7,3.6,3.38
746.0059268474579,30,0.0,41.77,36.93,36.17,,36.17,30.0,3.7,3.6,3.38
746.5064601898193,30,0.0,41.77,36.9,36.14,,36.14,30.0,3.7,3.6,3.38
747.0070757865906,30,0.0,41.77,36.9,36.14,,36.14,30.0,3.7,3.6,3.37
747.5080759525299,30,0.0,41.77,36.93,36.14,,36.14,30.0,3.7,3.6,3.37
748.0078446865082,30,0.0,41.77,36.93,36.14,,36.14,30.0,3.7,3.6,3.37
748.5236792564392,30,0.0,41.72,36.93,36.14,,36.14,30.0,3.7,3.6,3.37
749.0242772102356,30,0.0,41.72,36.93,36.14,,36.14,30.0,3.7,3.6,3.37
749.5250141620636,30,0.0,41.77,36.93,36.14,,36.14,30.0,3.7,3.6,3.37
750.023175239563,30,0.0,41.77,36.93,36.14,,36.14,30.0,3.7,3.6,3.37
750.5206098556519,30,0.0,41.77,36.93,36.14,,36.14,30.0,3.7,3.6,3.37
751.0247852802277,30,0.0,41.77,36.93,36.14,,36.14,30.0,3.7,3.59,3.37
751.5225186347961,30,0.0,41.77,36.9,36.14,,36.14,30.0,3.7,3.6,3.37
752.02232670784,30,0.0,41.72,36.93,36.14,,36.14,30.0,3.69,3.6,3.37
752.5239851474762,30,0.0,41.72,36.93,36.14,,36.14,30.0,3.7,3.6,3.37
753.0223214626312,30,0.0,41.72,36.93,36.14,,36.14,30.0,3.69,3.6,3.37
753.5231735706329,30,0.0,41.72,36.93,36.14,,36.14,30.0,3.69,3.6,3.37
754.0364084243774,30,0.0,41.72,36.93,36.14,,36.14,30.0,3.69,3.6,3.37
754.5368275642395,30,0.0,41.72,36.93,36.14,,36.14,30.0,3.69,3.6,3.37
755.0339210033417,30,0.0,41.72,36.9,36.14,,36.14,30.0,3.69,3.6,3.37
755.5331161022186,30,0.0,41.72,36.93,36.14,,36.14,30.0,3.69,3.6,3.37
756.0334544181824,30,0.0,41.72,36.93,36.14,,36.14,30.0,3.7,3.6,3.37
756.5338463783264,30,0.0,41.72,36.93,36.14,,36.14,30.0,3.7,3.6,3.37
757.0321891307831,30,0.0,41.72,36.93,36.14,,36.14,30.0,3.69,3.6,3.37
757.5442342758179,30,0.0,41.72,36.93,36.1,,36.1,30.0,3.69,3.6,3.37
758.0436692237854,30,0.0,41.72,36.93,36.1,,36.1,30.0,3.69,3.6,3.37
758.5440402030945,30,0.0,41.77,36.93,36.1,,36.1,30.0,3.69,3.6,3.37
759.0428931713104,30,0.0,41.77,36.9,36.1,,36.1,30.0,3.7,3.6,3.37
759.5420677661896,30,0.0,41.72,36.93,36.1,,36.1,30.0,3.69,3.6,3.37
760.0393464565277,30,0.0,41.72,36.93,36.1,,36.1,30.0,3.69,3.6,3.37
760.556004524231,30,0.0,41.72,36.93,36.1,,36.1,30.0,3.69,3.6,3.37
761.0551669597626,30,0.0,41.72,36.93,36.1,,36.1,30.0,3.69,3.6,3.37
761.5511085987091,30,0.0,41.72,36.9,36.1,,36.1,30.0,3.69,3.6,3.37
762.0491070747375,30,0.0,41.72,36.93,36.14,,36.14,30.0,3.69,3.6,3.37
762.5510232448578,30,0.0,41.72,36.93,36.14,,36.14,30.0,3.69,3.6,3.37
763.047664642334,30,0.0,41.72,36.9,36.14,,36.14,30.0,3.69,3.6,3.37
763.5618164539337,30,0.0,41.72,36.9,36.14,,36.14,30.0,3.69,3.6,3.37
764.0631351470947,30,0.0,41.72,36.9,36.14,,36.14,30.0,3.69,3.59,3.37
764.5614223480225,30,0.0,41.72,36.9,36.14,,36.14,30.0,3.69,3.59,3.37
765.0579805374146,30,0.0,41.72,36.9,36.14,,36.14,30.0,3.69,3.59,3.37
765.5584261417389,30,0.0,41.72,36.93,36.14,,36.14,30.0,3.69,3.6,3.37
766.0569832324982,30,0.0,41.72,36.93,36.14,,36.14,30.0,3.69,3.6,3.37
766.5730302333832,30,0.0,41.72,36.93,36.14,,36.14,30.0,3.69,3.6,3.37
767.0732908248901,30,0.0,41.72,36.9,36.14,,36.14,30.0,3.69,3.59,3.37
767.5702860355377,30,0.0,41.72,36.9,36.14,,36.14,30.0,3.69,3.59,3.37
768.068681716919,30,0.0,41.72,36.9,36.14,,36.14,30.0,3.69,3.59,3.37
768.5699262619019,30,0.0,41.72,36.9,36.14,,36.14,30.0,3.69,3.59,3.37
769.0755519866943,30,0.0,41.72,36.9,36.14,,36.14,30.0,3.69,3.59,3.37
769.571802854538,30,0.0,41.72,36.9,36.14,,36.14,30.0,3.69,3.59,3.37
770.0732967853546,30,0.0,41.72,36.9,36.14,,36.14,30.0,3.69,3.59,3.37
770.5739579200745,30,0.0,41.72,36.9,36.14,,36.14,30.0,3.69,3.59,3.37
771.073769569397,30,0.0,41.72,36.9,36.14,,36.14,30.0,3.69,3.59,3.37
771.5740015506744,30,0.0,41.72,36.9,36.14,,36.14,30.0,3.69,3.59,3.37
772.0733256340027,30,0.0,41.72,36.9,36.14,,36.14,30.0,3.69,3.59,3.37
772.5843238830566,30,0.0,41.72,36.9,36.14,,36.14,30.0,3.69,3.59,3.37
773.0797250270844,30,0.0,41.72,36.9,36.14,,36.14,30.0,3.69,3.59,3.37
773.5769937038422,30,0.0,41.72,36.9,36.14,,36.14,30.0,3.69,3.59,3.37
774.078999042511,30,0.0,41.72,36.9,36.14,,36.14,30.0,3.69,3.59,3.37
774.5779430866241,30,0.0,41.72,36.9,36.14,,36.14,30.0,3.69,3.59,3.37
775.0913593769073,30,0.0,41.72,36.9,36.14,,36.14,30.0,3.69,3.59,3.37
775.5904061794281,30,0.0,41.72,36.9,36.14,,36.14,30.0,3.69,3.59,3.37
776.0854880809784,30,0.0,41.72,36.9,36.14,,36.14,30.0,3.69,3.59,3.37
776.5837712287903,30,0.0,41.72,36.9,36.14,,36.14,30.0,3.69,3.59,3.37
777.0976805686951,30,0.0,41.72,36.9,36.14,,36.14,30.0,3.69,3.59,3.37
777.5961308479309,30,0.0,41.72,36.9,36.17,,36.17,30.0,3.69,3.59,3.38
778.0948994159698,30,0.0,41.68,36.93,36.17,,36.17,30.0,3.69,3.59,3.38
778.5915412902832,30,0.0,41.68,36.93,36.17,,36.17,30.0,3.69,3.6,3.38
779.1031665802002,30,0.0,41.68,36.93,36.17,,36.17,30.0,3.69,3.6,3.38
779.6007258892059,30,0.0,41.68,36.93,36.17,,36.17,30.0,3.69,3.6,3.38
780.1020016670227,30,0.0,41.68,36.93,36.17,,36.17,30.0,3.69,3.6,3.38
780.6033227443695,30,0.0,41.68,36.96,36.17,,36.17,30.0,3.69,3.6,3.38
781.1015202999115,30,0.0,41.68,36.96,36.17,,36.17,30.0,3.69,3.6,3.38
781.5979599952698,30,0.0,41.68,36.96,36.17,,36.17,30.0,3.69,3.6,3.38
782.1104083061218,30,0.0,41.68,36.96,36.17,,36.17,30.0,3.69,3.6,3.38
782.6067490577698,30,0.0,41.68,36.96,36.17,,36.17,30.0,3.69,3.6,3.38
783.1044919490814,30,0.0,41.68,36.96,36.17,,36.17,30.0,3.69,3.6,3.38
783.6061451435089,30,0.0,41.72,36.96,36.17,,36.17,30.0,3.69,3.6,3.38
784.1060633659363,30,0.0,41.68,36.96,36.17,,36.17,30.0,3.69,3.6,3.38
784.6052670478821,30,0.0,41.72,36.96,36.17,,36.17,30.0,3.69,3.6,3.38
785.1184701919556,30,0.0,41.68,36.96,36.17,,36.17,30.0,3.69,3.6,3.38
785.6213409900665,30,0.0,41.68,36.96,36.17,,36.17,30.0,3.69,3.6,3.38
786.1206502914429,30,0.0,41.72,36.96,36.17,,36.17,30.0,3.69,3.6,3.38
786.621077299118,30,0.0,41.68,36.99,36.17,,36.17,30.0,3.69,3.61,3.38
787.1184718608856,30,0.0,41.72,36.96,36.17,,36.17,30.0,3.69,3.61,3.38
787.6205630302429,30,0.0,41.72,36.96,36.21,,36.21,30.0,3.69,3.6,3.38
788.1168236732483,30,0.0,41.72,36.96,36.21,,36.21,30.0,3.69,3.6,3.38
788.616129398346,30,0.0,41.72,36.96,36.21,,36.21,30.0,3.69,3.6,3.38
789.1300747394562,30,0.0,41.72,36.96,36.21,,36.21,30.0,3.69,3.6,3.38
789.6298005580902,30,0.0,41.72,36.96,36.21,,36.21,30.0,3.69,3.6,3.38
790.1292099952698,30,0.0,41.72,36.93,36.21,,36.21,30.0,3.69,3.6,3.38
790.6288514137268,30,0.0,41.68,36.93,36.21,,36.21,30.0,3.69,3.6,3.38
791.1322045326233,30,0.0,41.68,36.93,36.21,,36.21,30.0,3.69,3.6,3.38
791.6309878826141,30,0.0,41.68,36.93,36.21,,36.21,30.0,3.69,3.6,3.38
792.1311256885529,30,0.0,41.68,36.93,36.21,,36.21,30.0,3.69,3.6,3.38
792.6328248977661,30,0.0,41.68,36.96,36.21,,36.21,30.0,3.69,3.6,3.38
793.1288995742798,30,0.0,41.68,36.96,36.21,,36.21,30.0,3.69,3.6,3.38
793.6292145252228,30,0.0,41.68,36.96,36.21,,36.21,30.0,3.69,3.6,3.38
794.1432971954346,30,0.0,41.68,36.96,36.24,,36.24,30.0,3.69,3.6,3.39
794.6404383182526,30,0.0,41.68,36.96,36.24,,36.24,30.0,3.69,3.6,3.39
795.139981508255,30,0.0,41.68,36.96,36.24,,36.24,30.0,3.69,3.6,3.39
795.6396503448486,30,0.0,41.68,36.96,36.24,,36.24,30.0,3.69,3.6,3.39
796.1358158588409,30,0.0,41.68,36.96,36.24,,36.24,30.0,3.69,3.6,3.39
796.6534113883972,30,0.0,41.68,36.96,36.21,,36.21,30.0,3.69,3.6,3.39
797.1496710777283,30,0.0,41.68,36.96,36.21,,36.21,30.0,3.69,3.6,3.38
797.6484501361847,30,0.0,41.72,36.96,36.21,,36.21,30.0,3.69,3.6,3.38
798.1477584838867,30,0.0,41.72,36.96,36.21,,36.21,30.0,3.69,3.6,3.38
798.6497774124146,30,0.0,41.72,36.93,36.21,,36.21,30.0,3.69,3.6,3.38
799.1448230743408,30,0.0,41.72,36.93,36.21,,36.21,30.0,3.69,3.6,3.38
799.6455006599426,30,0.0,41.72,36.93,36.21,,36.21,30.0,3.69,3.6,3.38
800.1586635112762,30,0.0,41.72,36.93,36.21,,36.21,30.0,3.69,3.6,3.38
800.6618611812592,30,0.0,41.72,36.9,36.21,,36.21,30.0,3.69,3.6,3.38
801.1606149673462,30,0.0,41.72,36.9,36.21,,36.21,30.0,3.69,3.59,3.38
801.6606163978577,30,0.0,41.72,36.9,36.21,,36.21,30.0,3.7,3.59,3.38
802.1608755588531,30,0.0,41.77,36.9,36.17,,36.17,30.0,3.7,3.59,3.38
802.6621613502502,30,0.0,41.77,36.9,36.17,,36.17,30.0,3.7,3.59,3.38
803.1624438762665,30,0.0,41.77,36.9,36.17,,36.17,30.0,3.7,3.59,3.38
803.6606242656708,30,0.0,41.77,36.9,36.17,,36.17,30.0,3.7,3.59,3.38
804.1572639942169,30,0.0,41.77,36.9,36.17,,36.17,30.0,3.7,3.59,3.38
804.657684803009,30,0.0,41.77,36.9,36.17,,36.17,30.0,3.7,3.59,3.38
805.1734681129456,30,0.0,41.77,36.9,36.17,,36.17,30.0,3.7,3.59,3.38
805.6727831363678,30,0.0,41.77,36.9,36.17,,36.17,30.0,3.7,3.59,3.38
806.1732609272003,30,0.0,41.77,36.9,36.21,,36.21,30.0,3.69,3.59,3.38
806.6725907325745,30,0.0,41.72,36.9,36.21,,36.21,30.0,3.69,3.59,3.38
807.1726245880127,30,0.0,41.72,36.9,36.21,,36.21,30.0,3.7,3.59,3.38
807.6738338470459,30,0.0,41.72,36.9,36.21,,36.21,30.0,3.69,3.59,3.38
808.1754503250122,30,0.0,41.72,36.9,36.21,,36.21,30.0,3.69,3.59,3.38
808.6767315864563,30,0.0,41.72,36.9,36.21,,36.21,30.0,3.69,3.59,3.38
809.1743140220642,30,0.0,41.72,36.9,36.21,,36.21,30.0,3.69,3.59,3.38
809.677232503891,30,0.0,41.72,36.93,36.21,,36.21,30.0,3.69,3.6,3.38
810.173821926117,30,0.0,41.72,36.93,36.21,,36.21,30.0,3.69,3.6,3.38
810.6896486282349,30,0.0,41.72,36.93,36.24,,36.24,30.0,3.69,3.6,3.39
811.189502954483,30,0.0,41.72,36.93,36.24,,36.24,30.0,3.69,3.6,3.39
811.6871438026428,30,0.0,41.72,36.93,36.24,,36.24,30.0,3.69,3.6,3.39
812.182653427124,30,0.0,41.72,36.93,36.24,,36.24,30.0,3.69,3.6,3.39
812.6846332550049,30,0.0,41.72,36.93,36.24,,36.24,30.0,3.69,3.6,3.39
813.1817872524261,30,0.0,41.72,36.93,36.21,,36.21,30.0,3.69,3.6,3.39
813.6829144954681,30,0.0,41.72,36.93,36.21,,36.21,30.0,3.69,3.6,3.39
814.1962261199951,30,0.0,41.72,36.93,36.21,,36.21,30.0,3.69,3.6,3.39
814.6963896751404,30,0.0,41.72,36.96,36.21,,36.21,30.0,3.69,3.6,3.38
815.1963231563568,30,0.0,41.72,36.96,36.24,,36.24,30.0,3.69,3.6,3.39
815.6941194534302,30,0.0,41.68,36.96,36.21,,36.21,30.0,3.69,3.6,3.38
816.1910083293915,30,0.0,41.68,36.93,36.21,,36.21,30.0,3.69,3.6,3.39
816.6909692287445,30,0.0,41.68,36.93,36.21,,36.21,30.0,3.69,3.6,3.39
817.2041177749634,30,0.0,41.68,36.96,36.21,,36.21,30.0,3.69,3.6,3.38
817.701908826828,30,0.0,41.68,36.96,36.21,,36.21,30.0,3.69,3.6,3.38
818.2024264335632,30,0.0,41.68,36.96,36.21,,36.21,30.0,3.69,3.6,3.38
818.697035074234,30,0.0,41.68,36.96,36.21,,36.21,30.0,3.69,3.6,3.38
819.2094571590424,30,0.0,41.68,36.96,36.21,,36.21,30.0,3.69,3.6,3.38
819.7099244594574,30,0.0,41.68,36.96,36.21,,36.21,30.0,3.69,3.6,3.38
820.2071335315704,30,0.0,41.68,36.96,36.21,,36.21,30.0,3.69,3.6,3.38
820.7065081596375,30,0.0,41.68,36.93,36.21,,36.21,30.0,3.69,3.6,3.38
821.205075263977,30,0.0,41.68,36.93,36.17,,36.17,30.0,3.69,3.6,3.38
821.7045874595642,30,0.0,41.68,36.93,36.17,,36.17,30.0,3.69,3.6,3.38
822.2179481983185,30,0.0,41.63,36.93,36.17,,36.17,30.0,3.69,3.6,3.38
822.714084148407,30,0.0,41.68,36.93,36.17,,36.17,30.0,3.69,3.6,3.38
823.2121429443359,30,0.0,41.63,36.9,36.17,,36.17,30.0,3.69,3.59,3.38
823.7090654373169,30,0.0,41.63,36.9,36.17,,36.17,30.0,3.69,3.59,3.38
824.2095794677734,30,0.0,41.68,36.9,36.17,,36.17,30.0,3.69,3.59,3.38
824.7228879928589,30,0.0,41.68,36.9,36.17,,36.17,30.0,3.69,3.59,3.38
825.2218940258026,30,0.0,41.68,36.9,36.17,,36.17,30.0,3.69,3.59,3.38
825.7222900390625,30,0.0,41.68,36.9,36.17,,36.17,30.0,3.69,3.59,3.38
826.2220590114594,30,0.0,41.68,36.9,36.17,,36.17,30.0,3.69,3.59,3.38
826.7181265354156,30,0.0,41.68,36.86,36.17,,36.17,30.0,3.69,3.59,3.38
827.2206482887268,30,0.0,41.68,36.86,36.17,,36.17,30.0,3.69,3.59,3.38
827.7211062908173,30,0.0,41.68,36.9,36.17,,36.17,30.0,3.69,3.59,3.38
828.2211153507233,30,0.0,41.68,36.9,36.17,,36.17,30.0,3.69,3.59,3.38
828.7242200374603,30,0.0,41.68,36.86,36.17,,36.17,30.0,3.69,3.59,3.38
829.2386701107025,30,0.0,41.68,36.9,36.17,,36.17,30.0,3.69,3.59,3.38
829.739232301712,30,0.0,41.72,36.9,36.14,,36.14,30.0,3.69,3.59,3.38
830.2399451732635,30,0.0,41.72,36.9,36.14,,36.14,30.0,3.69,3.59,3.38
830.7288997173309,30,0.0,41.72,36.9,36.14,,36.14,30.0,3.69,3.59,3.37
831.2420403957367,30,0.0,41.68,36.9,36.14,,36.14,30.0,3.69,3.59,3.37
831.7402458190918,30,0.0,41.72,36.9,36.14,,36.14,30.0,3.69,3.59,3.37
832.2379307746887,30,0.0,41.72,36.9,36.14,,36.14,30.0,3.69,3.59,3.37
832.7388389110565,30,0.0,41.72,36.9,36.14,,36.14,30.0,3.69,3.59,3.37
833.2393021583557,30,0.0,41.72,36.9,36.14,,36.14,30.0,3.69,3.59,3.37
833.7519030570984,30,0.0,41.72,36.9,36.14,,36.14,30.0,3.69,3.59,3.37
834.2512717247009,30,0.0,41.72,36.9,36.14,,36.14,30.0,3.69,3.59,3.37
834.749559879303,30,0.0,41.72,36.9,36.14,,36.14,30.0,3.69,3.59,3.37
835.2495341300964,30,0.0,41.72,36.9,36.14,,36.14,30.0,3.69,3.59,3.37
835.7556350231171,30,0.0,41.72,36.86,36.14,,36.14,30.0,3.69,3.59,3.37
836.2479298114777,30,0.0,41.72,36.9,36.14,,36.14,30.0,3.69,3.59,3.37
836.747828245163,30,0.0,41.72,36.9,36.14,,36.14,30.0,3.69,3.59,3.37
837.2468602657318,30,0.0,41.68,36.9,36.14,,36.14,30.0,3.69,3.59,3.37
837.7465989589691,30,0.0,41.68,36.9,36.14,,36.14,30.0,3.69,3.59,3.37
838.2628242969513,30,0.0,41.68,36.9,36.14,,36.14,30.0,3.69,3.59,3.37
838.7596137523651,30,0.0,41.68,36.9,36.14,,36.14,30.0,3.69,3.59,3.37
839.2585082054138,30,0.0,41.72,36.9,36.14,,36.14,30.0,3.69,3.59,3.37
839.7578420639038,30,0.0,41.72,36.9,36.14,,36.14,30.0,3.69,3.59,3.37
840.2576150894165,30,0.0,41.68,36.9,36.14,,36.14,30.0,3.69,3.59,3.37
840.7551550865173,30,0.0,41.72,36.9,36.14,,36.14,30.0,3.69,3.59,3.37
841.2700848579407,30,0.0,41.72,36.9,36.14,,36.14,30.0,3.69,3.6,3.37
841.7728567123413,30,0.0,41.72,36.93,36.14,,36.14,30.0,3.69,3.6,3.37
842.2673149108887,30,0.0,41.72,36.93,36.14,,36.14,30.0,3.69,3.6,3.37
842.772134065628,30,0.0,41.72,36.93,36.14,,36.14,30.0,3.69,3.6,3.37
843.2690222263336,30,0.0,41.72,36.93,36.1,,36.1,30.0,3.69,3.6,3.37
843.7705552577972,30,0.0,41.72,36.93,36.1,,36.1,30.0,3.69,3.6,3.37
844.2723863124847,30,0.0,41.72,36.93,36.1,,36.1,30.0,3.69,3.6,3.37
844.7672333717346,30,0.0,41.72,36.93,36.1,,36.1,30.0,3.69,3.6,3.37
845.280081987381,30,0.0,41.72,36.93,36.1,,36.1,30.0,3.69,3.59,3.37
845.7774274349213,30,0.0,41.72,36.9,36.14,,36.14,30.0,3.69,3.59,3.37
846.2782938480377,30,0.0,41.72,36.9,36.14,,36.14,30.0,3.69,3.59,3.37
846.7786264419556,30,0.0,41.72,36.9,36.14,,36.14,30.0,3.69,3.59,3.37
847.2782444953918,30,0.0,41.72,36.9,36.14,,36.14,30.0,3.69,3.59,3.37
847.7777924537659,30,0.0,41.72,36.9,36.14,,36.14,30.0,3.69,3.59,3.37
848.2770485877991,30,0.0,41.72,36.9,36.14,,36.14,30.0,3.69,3.59,3.37
848.7880957126617,30,0.0,41.72,36.9,36.14,,36.14,30.0,3.69,3.59,3.37
849.2917399406433,30,0.0,41.72,36.9,36.14,,36.14,30.0,3.69,3.59,3.38
849.7896044254303,30,0.0,41.72,36.9,36.17,,36.17,30.0,3.69,3.59,3.38
850.2859718799591,30,0.0,41.72,36.9,36.17,,36.17,30.0,3.69,3.59,3.38
850.7859048843384,30,0.0,41.72,36.9,36.17,,36.17,30.0,3.69,3.59,3.38
851.282689332962,30,0.0,41.72,36.9,36.17,,36.17,30.0,3.69,3.59,3.38
851.7858254909515,30,0.0,41.72,36.9,36.14,,36.14,30.0,3.69,3.59,3.38
852.2999794483185,30,0.0,41.72,36.9,36.14,,36.14,30.0,3.69,3.6,3.37
852.7996423244476,30,0.0,41.72,36.9,36.14,,36.14,30.0,3.69,3.59,3.37
853.299150466919,30,0.0,41.72,36.93,36.14,,36.14,30.0,3.69,3.6,3.37
853.7933688163757,30,0.0,41.72,36.93,36.14,,36.14,30.0,3.69,3.59,3.37
854.2900722026825,30,0.0,41.72,36.93,36.14,,36.14,30.0,3.69,3.6,3.37
854.7913382053375,30,0.0,41.72,36.93,36.14,,36.14,30.0,3.69,3.6,3.37
855.3039019107819,30,0.0,41.72,36.9,36.14,,36.14,30.0,3.69,3.59,3.37
855.8047804832458,30,0.0,41.72,36.9,36.14,,36.14,30.0,3.69,3.59,3.37
856.3063242435455,30,0.0,41.72,36.9,36.14,,36.14,30.0,3.69,3.59,3.37
856.8065159320831,30,0.0,41.72,36.9,36.14,,36.14,30.0,3.69,3.59,3.37
857.3048944473267,30,0.0,41.72,36.9,36.14,,36.14,30.0,3.69,3.59,3.37
857.8070731163025,30,0.0,41.72,36.9,36.14,,36.14,30.0,3.69,3.59,3.37
858.3053205013275,30,0.0,41.72,36.9,36.1,,36.1,30.0,3.69,3.59,3.37
858.8168549537659,30,0.0,41.72,36.9,36.1,,36.1,30.0,3.69,3.59,3.37
859.3145205974579,30,0.0,41.72,36.9,36.1,,36.1,30.0,3.69,3.59,3.37
859.813668012619,30,0.0,41.72,36.9,36.1,,36.1,30.0,3.7,3.59,3.37
860.3112125396729,30,0.0,41.72,36.9,36.1,,36.1,30.0,3.69,3.59,3.37
860.808965921402,30,0.0,41.72,36.9,36.1,,36.1,30.0,3.69,3.59,3.37
861.3096425533295,30,0.0,41.72,36.9,36.1,,36.1,30.0,3.69,3.59,3.37
861.8244504928589,30,0.0,41.72,36.9,36.1,,36.1,30.0,3.69,3.59,3.37
862.3230283260345,30,0.0,41.72,36.9,36.1,,36.1,30.0,3.69,3.59,3.37
862.8240518569946,30,0.0,41.72,36.9,36.1,,36.1,30.0,3.69,3.59,3.37
863.3294055461884,30,0.0,41.72,36.9,36.1,,36.1,30.0,3.69,3.59,3.37
863.8221817016602,30,0.0,41.72,36.9,36.1,,36.1,30.0,3.69,3.59,3.37
864.3198080062866,30,0.0,41.72,36.9,36.1,,36.1,30.0,3.69,3.59,3.37
864.8200390338898,30,0.0,41.72,36.9,36.1,,36.1,30.0,3.69,3.59,3.37
865.3218915462494,30,0.0,41.72,36.9,36.1,,36.1,30.0,3.69,3.59,3.37
865.833752155304,30,0.0,41.72,36.9,36.1,,36.1,30.0,3.69,3.59,3.37
866.3323481082916,30,0.0,41.72,36.9,36.1,,36.1,30.0,3.69,3.59,3.37
866.8270349502563,30,0.0,41.72,36.9,36.1,,36.1,30.0,3.69,3.59,3.37
867.3301115036011,30,0.0,41.72,36.9,36.1,,36.1,30.0,3.7,3.59,3.37
867.8273248672485,30,0.0,41.72,36.9,36.1,,36.1,30.0,3.69,3.59,3.37
868.3279409408569,30,0.0,41.72,36.9,36.1,,36.1,30.0,3.69,3.59,3.37
868.8401155471802,30,0.0,41.72,36.9,36.1,,36.1,30.0,3.69,3.59,3.37
869.3375332355499,30,0.0,41.72,36.9,36.1,,36.1,30.0,3.69,3.59,3.37
869.8365933895111,30,0.0,41.72,36.9,36.1,,36.1,30.0,3.69,3.59,3.37
870.3385772705078,30,0.0,41.72,36.9,36.1,,36.1,30.0,3.69,3.59,3.37
870.8359379768372,30,0.0,41.72,36.9,36.1,,36.1,30.0,3.69,3.59,3.37
871.3487010002136,30,0.0,41.72,36.9,36.1,,36.1,30.0,3.69,3.59,3.37
871.8482527732849,30,0.0,41.72,36.9,36.1,,36.1,30.0,3.69,3.59,3.37
872.350748538971,30,0.0,41.72,36.9,36.1,,36.1,30.0,3.69,3.59,3.37
872.8500416278839,30,0.0,41.72,36.9,36.1,,36.1,30.0,3.69,3.59,3.37
873.3443601131439,30,0.0,41.72,36.9,36.1,,36.1,30.0,3.69,3.59,3.37
873.84543800354,30,0.0,41.72,36.9,36.1,,36.1,30.0,3.69,3.59,3.37
874.3434200286865,30,0.0,41.72,36.9,36.1,,36.1,30.0,3.69,3.59,3.37
874.8590612411499,30,0.0,41.72,36.9,36.1,,36.1,30.0,3.69,3.59,3.37
875.3580164909363,30,0.0,41.72,36.9,36.1,,36.1,30.0,3.69,3.59,3.37
875.8548853397369,30,0.0,41.72,36.9,36.1,,36.1,30.0,3.69,3.59,3.37
876.3585069179535,30,0.0,41.72,36.9,36.1,,36.1,30.0,3.69,3.59,3.37
876.8600282669067,30,0.0,41.72,36.9,36.1,,36.1,30.0,3.69,3.59,3.37
877.3634617328644,30,0.0,41.72,36.9,36.1,,36.1,30.0,3.69,3.59,3.37
877.8597545623779,30,0.0,41.72,36.9,36.1,,36.1,30.0,3.69,3.59,3.37
878.3595230579376,30,0.0,41.72,36.9,36.1,,36.1,30.0,3.69,3.59,3.37
878.8610422611237,30,0.0,41.72,36.9,36.1,,36.1,30.0,3.69,3.59,3.37
879.365888595581,30,0.0,41.72,36.9,36.1,,36.1,30.0,3.69,3.59,3.37
879.8670229911804,30,0.0,41.72,36.9,36.1,,36.1,30.0,3.69,3.59,3.37
880.3639216423035,30,0.0,41.72,36.86,36.1,,36.1,30.0,3.69,3.59,3.37
880.8643534183502,30,0.0,41.72,36.86,36.1,,36.1,30.0,3.69,3.59,3.37
881.3630049228668,30,0.0,41.72,36.86,36.1,,36.1,30.0,3.69,3.59,3.37
881.8735411167145,30,0.0,41.72,36.9,36.1,,36.1,30.0,3.69,3.59,3.37
882.3747155666351,30,0.0,41.72,36.9,36.1,,36.1,30.0,3.69,3.59,3.37
882.8731465339661,30,0.0,41.72,36.9,36.1,,36.1,30.0,3.69,3.59,3.37
883.3742532730103,30,0.0,41.68,36.9,36.1,,36.1,30.0,3.69,3.59,3.37
883.8717408180237,30,0.0,41.72,36.9,36.1,,36.1,30.0,3.69,3.59,3.37
884.3749063014984,30,0.0,41.72,36.9,36.1,,36.1,30.0,3.69,3.59,3.37
884.873720407486,30,0.0,41.72,36.9,36.1,,36.1,30.0,3.69,3.59,3.37
885.3769047260284,30,0.0,41.72,36.9,36.1,,36.1,30.0,3.69,3.59,3.37
885.8756763935089,30,0.0,41.72,36.9,36.1,,36.1,30.0,3.69,3.59,3.37
886.3884973526001,30,0.0,41.72,36.9,36.1,,36.1,30.0,3.69,3.59,3.37
886.883204460144,30,0.0,41.72,36.9,36.1,,36.1,30.0,3.69,3.59,3.37
887.3811960220337,30,0.0,41.72,36.9,36.1,,36.1,30.0,3.69,3.59,3.37
887.8811702728271,30,0.0,41.72,36.9,36.1,,36.1,30.0,3.69,3.59,3.37
888.3816430568695,30,0.0,41.72,36.9,36.1,,36.1,30.0,3.69,3.59,3.37
888.8958213329315,30,0.0,41.72,36.9,36.1,,36.1,30.0,3.69,3.59,3.37
889.393185377121,30,0.0,41.72,36.9,36.1,,36.1,30.0,3.69,3.59,3.37
889.8922686576843,30,0.0,41.72,36.9,36.14,,36.14,30.0,3.69,3.59,3.37
890.3948204517365,30,0.0,41.72,36.9,36.14,,36.14,30.0,3.69,3.59,3.37
890.8919067382812,30,0.0,41.72,36.9,36.14,,36.14,30.0,3.69,3.59,3.37
891.404013633728,30,0.0,41.72,36.9,36.14,,36.14,30.0,3.69,3.59,3.37
891.9029474258423,30,0.0,41.72,36.9,36.14,,36.14,30.0,3.69,3.59,3.37
892.4021153450012,30,0.0,41.72,36.9,36.14,,36.14,30.0,3.69,3.59,3.37
892.9038798809052,30,0.0,41.72,36.9,36.14,,36.14,30.0,3.69,3.59,3.37
893.4057579040527,30,0.0,41.72,36.9,36.14,,36.14,30.0,3.69,3.59,3.37
893.9013504981995,30,0.0,41.77,36.9,36.14,,36.14,30.0,3.7,3.59,3.37
894.4017531871796,30,0.0,41.72,36.9,36.14,,36.14,30.0,3.7,3.59,3.37
894.8997375965118,30,0.0,41.77,36.9,36.14,,36.14,30.0,3.7,3.59,3.37
895.4061336517334,30,0.0,41.77,36.9,36.14,,36.14,30.0,3.7,3.59,3.37
895.904159784317,30,0.0,41.77,36.9,36.14,,36.14,30.0,3.69,3.59,3.37
896.4161808490753,30,0.0,41.77,36.9,36.14,,36.14,30.0,3.7,3.59,3.37
896.9133863449097,30,0.0,41.72,36.9,36.14,,36.14,30.0,3.7,3.59,3.37
897.411214351654,30,0.0,41.77,36.9,36.14,,36.14,30.0,3.7,3.59,3.37
897.9108991622925,30,0.0,41.72,36.9,36.14,,36.14,30.0,3.7,3.59,3.37
898.4099733829498,30,0.0,41.72,36.9,36.14,,36.14,30.0,3.69,3.59,3.37
898.9096128940582,30,0.0,41.72,36.9,36.14,,36.14,30.0,3.69,3.59,3.37
899.4242644309998,30,0.0,41.72,36.9,36.14,,36.14,30.0,3.69,3.59,3.37
899.9213254451752,30,0.0,41.72,36.9,36.14,,36.14,30.0,3.69,3.59,3.37
900.4215877056122,30,0.0,41.72,36.9,36.14,,36.14,30.0,3.69,3.59,3.37
900.920004606247,30,0.0,41.72,36.9,36.14,,36.14,30.0,3.69,3.59,3.37
901.4178612232208,30,0.0,41.72,36.9,36.14,,36.14,30.0,3.69,3.59,3.37
901.9219615459442,30,0.0,41.72,36.9,36.14,,36.14,30.0,3.69,3.59,3.37
902.4186720848083,30,0.0,41.72,36.9,36.14,,36.14,30.0,3.69,3.59,3.37
902.9293069839478,30,0.0,41.72,36.9,36.14,,36.14,30.0,3.69,3.59,3.37
903.4278573989868,30,0.0,41.72,36.9,36.1,,36.1,30.0,3.69,3.59,3.37
903.925208568573,30,0.0,41.72,36.9,36.1,,36.1,30.0,3.69,3.59,3.37
904.4239249229431,30,0.0,41.72,36.9,36.1,,36.1,30.0,3.69,3.59,3.37
904.936252117157,30,0.0,41.72,36.9,36.1,,36.1,30.0,3.69,3.59,3.37
905.4333393573761,30,0.0,41.72,36.9,36.1,,36.1,30.0,3.69,3.59,3.37
905.9311852455139,30,0.0,41.72,36.9,36.1,,36.1,30.0,3.69,3.59,3.37
906.4313356876373,30,0.0,41.72,36.9,36.1,,36.1,30.0,3.69,3.6,3.37
906.944144487381,30,0.0,41.72,36.93,36.1,,36.1,30.0,3.69,3.59,3.37
907.4411821365356,30,0.0,41.72,36.9,36.1,,36.1,30.0,3.69,3.6,3.37
907.9431204795837,30,0.0,41.72,36.93,36.1,,36.1,30.0,3.69,3.59,3.37
908.4407951831818,30,0.0,41.72,36.93,36.1,,36.1,30.0,3.69,3.6,3.37
908.9423644542694,30,0.0,41.72,36.93,36.1,,36.1,30.0,3.69,3.6,3.37
909.4390993118286,30,0.0,41.72,36.93,36.14,,36.14,30.0,3.69,3.6,3.37
909.9404628276825,30,0.0,41.72,36.93,36.14,,36.14,30.0,3.69,3.6,3.37
910.4532997608185,30,0.0,41.72,36.93,36.14,,36.14,30.0,3.69,3.6,3.37
910.9531939029694,30,0.0,41.72,36.93,36.14,,36.14,30.0,3.69,3.6,3.37
911.4493808746338,30,0.0,41.72,36.93,36.14,,36.14,30.0,3.69,3.6,3.37
911.9457392692566,30,0.0,41.72,36.93,36.14,,36.14,30.0,3.69,3.6,3.37
912.4576406478882,30,0.0,41.77,36.93,36.14,,36.14,30.0,3.7,3.6,3.37
912.9581258296967,30,0.0,41.72,36.93,36.14,,36.14,30.0,3.7,3.6,3.37
913.4578835964203,30,0.0,41.72,36.93,36.14,,36.14,30.0,3.69,3.6,3.37
913.9579999446869,30,0.0,41.77,36.93,36.14,,36.14,30.0,3.69,3.6,3.37
914.4546852111816,30,0.0,41.77,36.93,36.14,,36.14,30.0,3.7,3.6,3.37
914.9524245262146,30,0.0,41.77,36.93,36.14,,36.14,30.0,3.7,3.6,3.37
915.4675166606903,30,0.0,41.72,36.93,36.14,,36.14,30.0,3.7,3.6,3.37
915.9651980400085,30,0.0,41.72,36.93,36.14,,36.14,30.0,3.7,3.6,3.37
916.4682366847992,30,0.0,41.72,36.93,36.14,,36.14,30.0,3.69,3.6,3.37
916.9661314487457,30,0.0,41.72,36.93,36.14,,36.14,30.0,3.69,3.6,3.37
917.4670231342316,30,0.0,41.72,36.93,36.14,,36.14,30.0,3.69,3.6,3.37
917.9676933288574,30,0.0,41.72,36.93,36.14,,36.14,30.0,3.69,3.6,3.37
918.4644317626953,30,0.0,41.72,36.96,36.14,,36.14,30.0,3.69,3.6,3.37
918.9639718532562,30,0.0,41.72,36.96,36.14,,36.14,30.0,3.69,3.6,3.37
919.4638142585754,30,0.0,41.72,36.96,36.14,,36.14,30.0,3.7,3.6,3.37
919.965446472168,30,0.0,41.72,36.93,36.14,,36.14,30.0,3.69,3.6,3.37
920.4800071716309,30,0.0,41.72,36.96,36.14,,36.14,30.0,3.69,3.6,3.37
920.9811553955078,30,0.0,41.72,36.96,36.14,,36.14,30.0,3.7,3.6,3.37
921.4801096916199,30,0.0,41.72,36.93,36.14,,36.14,30.0,3.69,3.6,3.37
921.9771347045898,30,0.0,41.72,36.93,36.17,,36.17,30.0,3.7,3.6,3.37
922.4768388271332,30,0.0,41.72,36.93,36.17,,36.17,30.0,3.69,3.6,3.37
922.9772980213165,30,0.0,41.77,36.93,36.17,,36.17,30.0,3.7,3.6,3.37
923.4797055721283,30,0.0,41.77,36.96,36.17,,36.17,30.0,3.7,3.6,3.38
923.9798839092255,30,0.0,41.77,36.96,36.17,,36.17,30.0,3.7,3.6,3.38
924.481011390686,30,0.0,41.77,36.93,36.17,,36.17,30.0,3.7,3.6,3.38
924.9787721633911,30,0.0,41.72,36.96,36.17,,36.17,30.0,3.7,3.6,3.38
925.4813916683197,30,0.0,41.77,36.93,36.17,,36.17,30.0,3.69,3.6,3.38
925.9796221256256,30,0.0,41.72,36.93,36.17,,36.17,30.0,3.69,3.6,3.38
926.4941878318787,30,0.0,41.72,36.96,36.17,,36.17,30.0,3.7,3.6,3.38
926.9935131072998,30,0.0,41.72,36.96,36.17,,36.17,30.0,3.7,3.6,3.38
927.494546175003,30,0.0,41.72,36.96,36.17,,36.17,30.0,3.7,3.6,3.38
927.9942014217377,30,0.0,41.77,36.96,36.17,,36.17,30.0,3.7,3.6,3.38
928.4941577911377,30,0.0,41.72,36.96,36.17,,36.17,30.0,3.7,3.6,3.38
928.9923541545868,30,0.0,41.77,36.96,36.17,,36.17,30.0,3.7,3.6,3.38
929.4919903278351,30,0.0,41.77,36.96,36.17,,36.17,30.0,3.7,3.6,3.38
929.9911954402924,30,0.0,41.77,36.96,36.17,,36.17,30.0,3.7,3.6,3.38
930.5069875717163,30,0.0,41.77,36.96,36.17,,36.17,30.0,3.7,3.6,3.38
931.0059745311737,30,0.0,41.77,36.96,36.17,,36.17,30.0,3.7,3.6,3.38
931.5074803829193,30,0.0,41.77,36.96,36.17,,36.17,30.0,3.7,3.6,3.38
932.0093116760254,30,0.0,41.77,36.96,36.17,,36.17,30.0,3.7,3.6,3.38
932.5061299800873,30,0.0,41.72,36.96,36.17,,36.17,30.0,3.7,3.6,3.38
933.004380941391,30,0.0,41.72,36.96,36.17,,36.17,30.0,3.7,3.6,3.38
933.5035197734833,30,0.0,41.72,36.96,36.17,,36.17,30.0,3.69,3.6,3.38
934.0048358440399,30,0.0,41.72,36.96,36.17,,36.17,30.0,3.7,3.6,3.38
934.5035672187805,30,0.0,41.77,36.99,36.17,,36.17,30.0,3.69,3.6,3.38
935.0177772045135,30,0.0,41.77,36.96,36.17,,36.17,30.0,3.69,3.61,3.38
935.517299413681,30,0.0,41.72,36.99,36.17,,36.17,30.0,3.69,3.61,3.38
936.0162711143494,30,0.0,41.72,36.99,36.17,,36.17,30.0,3.69,3.61,3.38
936.5141043663025,30,0.0,41.72,36.99,36.17,,36.17,30.0,3.69,3.61,3.38
937.0100591182709,30,0.0,41.72,36.99,36.17,,36.17,30.0,3.69,3.61,3.38
937.5222363471985,30,0.0,41.72,36.99,36.17,,36.17,30.0,3.69,3.61,3.38
938.0242414474487,30,0.0,41.72,36.99,36.17,,36.17,30.0,3.69,3.61,3.38
938.5433385372162,30,0.0,41.72,36.99,36.17,,36.17,30.0,3.69,3.61,3.38
939.0322773456573,30,0.0,41.72,36.99,36.17,,36.17,30.0,3.69,3.61,3.38
939.5281887054443,30,0.0,41.72,36.99,36.17,,36.17,30.0,3.69,3.61,3.38
940.0273926258087,30,0.0,41.72,36.99,36.17,,36.17,30.0,3.69,3.61,3.38
940.5287020206451,30,0.0,41.72,36.99,36.17,,36.17,30.0,3.69,3.61,3.38
941.0283734798431,30,0.0,41.72,36.99,36.21,,36.21,30.0,3.69,3.61,3.38
941.5273532867432,30,0.0,41.72,37.03,36.21,,36.21,30.0,3.69,3.61,3.38
942.0234289169312,30,0.0,41.72,37.03,36.21,,36.21,30.0,3.69,3.61,3.38
942.5378420352936,30,0.0,41.72,37.03,36.21,,36.21,30.0,3.69,3.61,3.38
943.0361852645874,30,0.0,41.72,37.03,36.21,,36.21,30.0,3.69,3.61,3.38
943.5383219718933,30,0.0,41.72,37.03,36.21,,36.21,30.0,3.69,3.61,3.38
944.0377540588379,30,0.0,41.72,37.03,36.21,,36.21,30.0,3.69,3.61,3.38
944.536792755127,30,0.0,41.72,37.03,36.21,,36.21,30.0,3.69,3.61,3.38
945.0358128547668,30,0.0,41.72,37.03,36.21,,36.21,30.0,3.69,3.62,3.38
945.533970117569,30,0.0,41.72,37.06,36.21,,36.21,30.0,3.69,3.62,3.39
946.046968460083,30,0.0,41.72,37.06,36.24,,36.24,30.0,3.69,3.62,3.39
946.5448179244995,30,0.0,41.72,37.06,36.24,,36.24,30.0,3.69,3.62,3.39
947.0427901744843,30,0.0,41.72,37.06,36.24,,36.24,30.0,3.69,3.62,3.39
947.5420520305634,30,0.0,41.72,37.06,36.24,,36.24,30.0,3.69,3.62,3.39
948.0399346351624,30,0.0,41.72,37.06,36.24,,36.24,30.0,3.69,3.62,3.39
948.5405292510986,30,0.0,41.72,37.06,36.24,,36.24,30.0,3.69,3.62,3.39
949.053927898407,30,0.0,41.72,37.03,36.24,,36.24,30.0,3.69,3.61,3.39
949.5575785636902,30,0.0,41.72,37.03,36.24,,36.24,30.0,3.69,3.61,3.39
950.0449388027191,30,0.0,41.72,37.03,36.24,,36.24,30.0,3.69,3.61,3.39
950.546365737915,30,0.0,41.72,37.03,36.21,,36.21,30.0,3.69,3.61,3.39
951.0569338798523,30,0.0,41.72,37.03,36.21,,36.21,30.0,3.69,3.61,3.38
951.5543732643127,30,0.0,41.72,37.03,36.21,,36.21,30.0,3.69,3.61,3.38
952.0529079437256,30,0.0,41.72,37.03,36.21,,36.21,30.0,3.69,3.61,3.38
952.5524823665619,30,0.0,41.72,37.03,36.21,,36.21,30.0,3.69,3.61,3.38
953.0547239780426,30,0.0,41.72,37.03,36.21,,36.21,30.0,3.69,3.61,3.38
953.565614938736,30,0.0,41.72,36.99,36.21,,36.21,30.0,3.69,3.61,3.38
954.0653002262115,30,0.0,41.72,36.99,36.21,,36.21,30.0,3.69,3.61,3.38
954.5626635551453,30,0.0,41.72,36.99,36.21,,36.21,30.0,3.69,3.61,3.38
955.0641441345215,30,0.0,41.72,36.99,36.21,,36.21,30.0,3.69,3.61,3.38
955.5609266757965,30,0.0,41.72,36.99,36.21,,36.21,30.0,3.69,3.61,3.38
956.0729176998138,30,0.0,41.72,36.99,36.21,,36.21,30.0,3.69,3.61,3.38
956.573844909668,30,0.0,41.72,36.99,36.21,,36.21,30.0,3.69,3.61,3.38
957.0740392208099,30,0.0,41.72,36.99,36.21,,36.21,30.0,3.7,3.61,3.38
957.571804523468,30,0.0,41.72,36.99,36.21,,36.21,30.0,3.69,3.61,3.38
958.0713255405426,30,0.0,41.72,36.99,36.17,,36.17,30.0,3.69,3.61,3.38
958.5712556838989,30,0.0,41.72,36.99,36.17,,36.17,30.0,3.69,3.61,3.38
959.0727808475494,30,0.0,41.72,36.99,36.17,,36.17,30.0,3.7,3.61,3.38
959.5696287155151,30,0.0,41.77,36.99,36.17,,36.17,30.0,3.7,3.61,3.38
960.0705032348633,30,0.0,41.72,36.99,36.17,,36.17,30.0,3.7,3.61,3.38
960.5831406116486,30,0.0,41.72,36.99,36.17,,36.17,30.0,3.69,3.61,3.38
961.084709405899,30,0.0,41.72,36.99,36.17,,36.17,30.0,3.7,3.61,3.38
961.5851395130157,30,0.0,41.77,36.99,36.17,,36.17,30.0,3.7,3.61,3.38
962.0851831436157,30,0.0,41.77,36.99,36.17,,36.17,30.0,3.7,3.61,3.38
962.5822067260742,30,0.0,41.77,36.99,36.17,,36.17,30.0,3.7,3.61,3.38
963.0791862010956,30,0.0,41.77,36.99,36.17,,36.17,30.0,3.69,3.61,3.38
963.5800287723541,30,0.0,41.72,36.99,36.17,,36.17,30.0,3.7,3.61,3.38
964.0932221412659,30,0.0,41.72,36.96,36.17,,36.17,30.0,3.7,3.61,3.38
964.5919296741486,30,0.0,41.77,36.96,36.17,,36.17,30.0,3.7,3.6,3.38
965.089640378952,30,0.0,41.77,36.96,36.17,,36.17,30.0,3.7,3.6,3.38
965.5862894058228,30,0.0,41.77,36.96,36.17,,36.17,30.0,3.7,3.6,3.38
966.0888175964355,30,0.0,41.77,36.96,36.17,,36.17,30.0,3.7,3.6,3.38
966.5917060375214,30,0.0,41.77,36.96,36.17,,36.17,30.0,3.7,3.6,3.38
967.1039299964905,30,0.0,41.77,36.96,36.17,,36.17,30.0,3.7,3.6,3.38
967.6029186248779,30,0.0,41.77,36.96,36.17,,36.17,30.0,3.7,3.6,3.38
968.100741147995,30,0.0,41.77,36.96,36.17,,36.17,30.0,3.7,3.6,3.38
968.6018478870392,30,0.0,41.77,36.96,36.17,,36.17,30.0,3.7,3.6,3.38
969.0978903770447,30,0.0,41.77,36.96,36.17,,36.17,30.0,3.7,3.6,3.38
969.6011929512024,30,0.0,41.77,36.96,36.17,,36.17,30.0,3.7,3.6,3.38
970.0996658802032,30,0.0,41.77,36.96,36.17,,36.17,30.0,3.7,3.6,3.38
970.6117796897888,30,0.0,41.77,36.96,36.17,,36.17,30.0,3.7,3.6,3.38
971.1092414855957,30,0.0,41.77,36.96,36.17,,36.17,30.0,3.7,3.6,3.38
971.6108191013336,30,0.0,41.77,36.96,36.17,,36.17,30.0,3.7,3.6,3.38
972.1100473403931,30,0.0,41.77,36.96,36.17,,36.17,30.0,3.7,3.6,3.38
972.6119484901428,30,0.0,41.77,36.96,36.17,,36.17,30.0,3.7,3.6,3.38
973.1096110343933,30,0.0,41.77,36.93,36.17,,36.17,30.0,3.7,3.6,3.38
973.6126894950867,30,0.0,41.77,36.93,36.17,,36.17,30.0,3.7,3.6,3.38
974.1091845035553,30,0.0,41.77,36.93,36.17,,36.17,30.0,3.7,3.6,3.38
974.6212821006775,30,0.0,41.77,36.93,36.17,,36.17,30.0,3.7,3.6,3.38
975.1211123466492,30,0.0,41.77,36.93,36.17,,36.17,30.0,3.7,3.6,3.38
975.6187336444855,30,0.0,41.77,36.93,36.17,,36.17,30.0,3.7,3.6,3.38
976.1181161403656,30,0.0,41.77,36.93,36.17,,36.17,30.0,3.7,3.6,3.38
976.6150708198547,30,0.0,41.77,36.93,36.17,,36.17,30.0,3.7,3.6,3.38
977.1160292625427,30,0.0,41.77,36.93,36.21,,36.21,30.0,3.7,3.6,3.38
977.6197168827057,30,0.0,41.77,36.93,36.21,,36.21,30.0,3.7,3.6,3.38
978.1326549053192,30,0.0,41.77,36.93,36.21,,36.21,30.0,3.7,3.6,3.38
978.6326565742493,30,0.0,41.77,36.93,36.21,,36.21,30.0,3.7,3.6,3.38
979.1303851604462,30,0.0,41.77,36.93,36.21,,36.21,30.0,3.7,3.6,3.38
979.6297504901886,30,0.0,41.77,36.93,36.21,,36.21,30.0,3.7,3.6,3.38
980.1319596767426,30,0.0,41.77,36.93,36.21,,36.21,30.0,3.7,3.6,3.38
980.6281397342682,30,0.0,41.77,36.9,36.21,,36.21,30.0,3.7,3.59,3.38
981.140242099762,30,0.0,41.77,36.9,36.21,,36.21,30.0,3.7,3.59,3.38
981.6363151073456,30,0.0,41.77,36.9,36.21,,36.21,30.0,3.7,3.59,3.38
982.1395592689514,30,0.0,41.77,36.9,36.21,,36.21,30.0,3.7,3.59,3.38
982.635820388794,30,0.0,41.72,36.9,36.21,,36.21,30.0,3.69,3.6,3.38
983.1378540992737,30,0.0,41.72,36.93,36.21,,36.21,30.0,3.7,3.6,3.38
983.6387624740601,30,0.0,41.72,36.93,36.21,,36.21,30.0,3.7,3.6,3.38
984.1371967792511,30,0.0,41.72,36.93,36.21,,36.21,30.0,3.7,3.59,3.38
984.6362290382385,30,0.0,41.72,36.93,36.21,,36.21,30.0,3.69,3.6,3.38
985.152195930481,30,0.0,41.77,36.93,36.21,,36.21,30.0,3.69,3.6,3.38
985.6539649963379,30,0.0,41.77,36.93,36.21,,36.21,30.0,3.69,3.6,3.38
986.1519989967346,30,0.0,41.77,36.93,36.21,,36.21,30.0,3.69,3.6,3.38
986.6535043716431,30,0.0,41.72,36.93,36.21,,36.21,30.0,3.7,3.6,3.38
987.1531276702881,30,0.0,41.77,36.93,36.21,,36.21,30.0,3.7,3.6,3.38
987.6521971225739,30,0.0,41.77,36.93,36.21,,36.21,30.0,3.7,3.6,3.39
988.1495332717896,30,0.0,41.72,36.93,36.21,,36.21,30.0,3.7,3.6,3.38
988.6481833457947,30,0.0,41.72,36.93,36.21,,36.21,30.0,3.7,3.6,3.38
989.1634187698364,30,0.0,41.77,36.93,36.21,,36.21,30.0,3.7,3.6,3.38
989.6592376232147,30,0.0,41.77,36.93,36.21,,36.21,30.0,3.7,3.6,3.38
990.1589477062225,30,0.0,41.77,36.93,36.21,,36.21,30.0,3.7,3.6,3.38
990.6611227989197,30,0.0,41.72,36.93,36.21,,36.21,30.0,3.7,3.6,3.39
991.1606094837189,30,0.0,41.72,36.93,36.21,,36.21,30.0,3.69,3.6,3.39
991.6651923656464,30,0.0,41.72,36.93,36.21,,36.21,30.0,3.69,3.6,3.39
992.1649861335754,30,0.0,41.72,36.96,36.24,,36.24,30.0,3.69,3.6,3.39
992.6653249263763,30,0.0,41.72,36.96,36.21,,36.21,30.0,3.69,3.6,3.39
993.1640613079071,30,0.0,41.72,36.96,36.21,,36.21,30.0,3.69,3.6,3.39
993.6639413833618,30,0.0,41.72,36.96,36.21,,36.21,30.0,3.69,3.6,3.39
994.1643702983856,30,0.0,41.72,36.96,36.24,,36.24,30.0,3.69,3.6,3.39
994.6633470058441,30,0.0,41.72,36.96,36.24,,36.24,30.0,3.69,3.6,3.39
995.1761438846588,30,0.0,41.72,36.96,36.24,,36.24,30.0,3.69,3.6,3.39
995.6758205890656,30,0.0,41.72,36.96,36.24,,36.24,30.0,3.69,3.6,3.39
996.1748161315918,30,0.0,41.72,36.96,36.24,,36.24,30.0,3.69,3.6,3.39
996.6730718612671,30,0.0,41.72,36.96,36.24,,36.24,30.0,3.69,3.6,3.39
997.1704835891724,30,0.0,41.72,36.96,36.24,,36.24,30.0,3.69,3.6,3.39
997.6719324588776,30,0.0,41.72,36.96,36.24,,36.24,30.0,3.69,3.6,3.39
998.1736254692078,30,0.0,41.72,36.96,36.24,,36.24,30.0,3.69,3.6,3.38
998.6739287376404,30,0.0,41.72,36.96,36.24,,36.24,30.0,3.69,3.6,3.38
999.1746265888214,30,0.0,41.72,36.96,36.24,,36.24,30.0,3.69,3.6,3.39
999.6878998279572,30,0.0,41.72,36.96,36.24,,36.24,30.0,3.69,3.6,3.39
1000.1876428127289,30,0.0,41.72,36.96,36.21,,36.21,30.0,3.69,3.6,3.38
1000.6879684925079,30,0.0,41.72,36.96,36.21,,36.21,30.0,3.69,3.6,3.38
1001.184885263443,30,0.0,41.72,36.96,36.21,,36.21,30.0,3.69,3.6,3.38
1001.6852338314056,30,0.0,41.72,36.96,36.21,,36.21,30.0,3.69,3.6,3.38
1002.1852767467499,30,0.0,41.72,36.96,36.21,,36.21,30.0,3.69,3.6,3.38
1002.6852436065674,30,0.0,41.72,36.96,36.21,,36.21,30.0,3.69,3.6,3.38
1003.1996176242828,30,0.0,41.72,36.96,36.21,,36.21,30.0,3.69,3.6,3.38
